code,issue,details,source_excel_row,product
"Die Global Trade Item Number (GTIN) ist der GS1-Schlüssel zur eindeutigen Identifizierung von Artikeln (auch von Um- oder Transportverpackungen). Unter einem Artikel versteht man ein Produkt oder eine Dienstleistung, für die eine Reihe von vordefinierten Informationen gesammelt werden und die an jedem beliebigem Punkt der Beschaffungskette mit einem Preis ausgezeichnet, bestellt oder in Rechnung gestellt werden können. (gtin)",metadata_exported,Spreadsheet documentation exported as product,8,"Artikelkurzbezeichnung, d.h. kurze, möglichst vollständige Produktbezeichnung. Sie dient der eindeutigen Identifizierung des Produkts mit seinen charakteristischen Merkmalen, u.a. am Point-of-Sale."
GDSN_GlobalTradeItemNumber[14 CHAR],metadata_exported,Spreadsheet documentation exported as product,11,GDSN_DescriptionShort[40 CHAR]
GTIN der Artikeleinheit,metadata_exported,Spreadsheet documentation exported as product,7,Artikelkurzbezeichnung
Muss,metadata_exported,Spreadsheet documentation exported as product,10,Optional
Teil des GDSN Primärschlüssels GLN+GTIN+Zielmarkt.,metadata_exported,Spreadsheet documentation exported as product,9,
04104420081482,duplicate_nutrient_conflict,"CHOAVL: [('17.6', 'GRM', ''), ('64', 'GRM', '.9')]",19,Hafer Getreidebrei 250G
04104420081482,duplicate_nutrient_conflict,"PRO-: [('6.2', 'GRM', '.1'), ('14.3', 'GRM', '.10')]",19,Hafer Getreidebrei 250G
04104420081482,duplicate_nutrient_conflict,"SUGAR-: [('4.9', 'GRM', '.2'), ('0.9', 'GRM', '.14')]",19,Hafer Getreidebrei 250G
04104420081482,duplicate_nutrient_conflict,"FAT: [('4.7', 'GRM', '.3'), ('6.2', 'GRM', '.12')]",19,Hafer Getreidebrei 250G
04104420081482,duplicate_nutrient_conflict,"FASAT: [('2.5', 'GRM', '.4'), ('1.7', 'GRM', '.13')]",19,Hafer Getreidebrei 250G
04104420081482,duplicate_nutrient_conflict,"FIBTG: [('2', 'GRM', '.5'), ('10', 'GRM', '.11')]",19,Hafer Getreidebrei 250G
04104420081482,duplicate_nutrient_conflict,"SALTEQ: [('0.12', 'GRM', '.6'), ('0.01', 'GRM', '.15')]",19,Hafer Getreidebrei 250G
04104420081482,nutrition_basis_lost,Source basis: 1 PTN; omitted from CSV,19,Hafer Getreidebrei 250G
04104420082069,duplicate_nutrient_conflict,"FAT: [('2.5', 'GRM', ''), ('6.3', 'GRM', '.9')]",21,"Karotten, Kartoffeln, Rind 250G"
04104420082069,duplicate_nutrient_conflict,"CHOAVL: [('5.2', 'GRM', '.1'), ('13', 'GRM', '.10')]",21,"Karotten, Kartoffeln, Rind 250G"
04104420082069,duplicate_nutrient_conflict,"FASAT: [('0.5', 'GRM', '.2'), ('1.3', 'GRM', '.11')]",21,"Karotten, Kartoffeln, Rind 250G"
04104420082069,duplicate_nutrient_conflict,"FIBTG: [('2', 'GRM', '.3'), ('5', 'GRM', '.12')]",21,"Karotten, Kartoffeln, Rind 250G"
04104420082069,duplicate_nutrient_conflict,"PRO-: [('2.5', 'GRM', '.4'), ('6.3', 'GRM', '.13')]",21,"Karotten, Kartoffeln, Rind 250G"
04104420082069,duplicate_nutrient_conflict,"SALTEQ: [('0.08', 'GRM', '.5'), ('0.2', 'GRM', '.14')]",21,"Karotten, Kartoffeln, Rind 250G"
04104420082069,duplicate_nutrient_conflict,"SUGAR-: [('2.4', 'GRM', '.6'), ('6', 'GRM', '.15')]",21,"Karotten, Kartoffeln, Rind 250G"
04104420082441,duplicate_nutrient_conflict,"CHOAVL: [('6.4', 'GRM', ''), ('14.1', 'GRM', '.9')]",25,Karotten-Brok-Tomat-Dinkeln. 220G
04104420082441,duplicate_nutrient_conflict,"SUGAR-: [('2.2', 'GRM', '.1'), ('4.8', 'GRM', '.10')]",25,Karotten-Brok-Tomat-Dinkeln. 220G
04104420082441,duplicate_nutrient_conflict,"FAT: [('1.9', 'GRM', '.2'), ('4.2', 'GRM', '.11')]",25,Karotten-Brok-Tomat-Dinkeln. 220G
04104420082441,duplicate_nutrient_conflict,"FIBTG: [('1.9', 'GRM', '.3'), ('4.2', 'GRM', '.12')]",25,Karotten-Brok-Tomat-Dinkeln. 220G
04104420082441,duplicate_nutrient_conflict,"PRO-: [('1.7', 'GRM', '.4'), ('3.7', 'GRM', '.13')]",25,Karotten-Brok-Tomat-Dinkeln. 220G
04104420082441,duplicate_nutrient_conflict,"FASAT: [('0.2', 'GRM', '.5'), ('0.4', 'GRM', '.14')]",25,Karotten-Brok-Tomat-Dinkeln. 220G
04104420082441,duplicate_nutrient_conflict,"SALTEQ: [('0.03', 'GRM', '.6'), ('0.07', 'GRM', '.15')]",25,Karotten-Brok-Tomat-Dinkeln. 220G
04104420137448,duplicate_nutrient_conflict,"CHOAVL: [('5.6', 'GRM', ''), ('10.6', 'GRM', '.9')]",39,Gemüse mit Süßkart. & Huhn 190G
04104420137448,duplicate_nutrient_conflict,"SUGAR-: [('2.8', 'GRM', '.1'), ('5.3', 'GRM', '.10')]",39,Gemüse mit Süßkart. & Huhn 190G
04104420137448,duplicate_nutrient_conflict,"PRO-: [('2.5', 'GRM', '.2'), ('4.8', 'GRM', '.11')]",39,Gemüse mit Süßkart. & Huhn 190G
04104420137448,duplicate_nutrient_conflict,"FAT: [('2.4', 'GRM', '.3'), ('4.6', 'GRM', '.12')]",39,Gemüse mit Süßkart. & Huhn 190G
04104420137448,duplicate_nutrient_conflict,"FIBTG: [('2.4', 'GRM', '.4'), ('4.6', 'GRM', '.13')]",39,Gemüse mit Süßkart. & Huhn 190G
04104420137448,duplicate_nutrient_conflict,"FASAT: [('0.5', 'GRM', '.5'), ('1', 'GRM', '.14')]",39,Gemüse mit Süßkart. & Huhn 190G
04104420137448,duplicate_nutrient_conflict,"SALTEQ: [('0.06', 'GRM', '.6'), ('0.11', 'GRM', '.15')]",39,Gemüse mit Süßkart. & Huhn 190G
04104420137882,duplicate_nutrient_conflict,"CHOAVL: [('26.2', 'GRM', ''), ('62.1', 'GRM', '.9')]",40,Kinder Bircher Müsli 250G
04104420137882,duplicate_nutrient_conflict,"SUGAR-: [('8.4', 'GRM', '.1'), ('11.5', 'GRM', '.11')]",40,Kinder Bircher Müsli 250G
04104420137882,duplicate_nutrient_conflict,"PRO-: [('7', 'GRM', '.2'), ('11.5', 'GRM', '.10')]",40,Kinder Bircher Müsli 250G
04104420137882,duplicate_nutrient_conflict,"FAT: [('5.3', 'GRM', '.3'), ('5.5', 'GRM', '.13')]",40,Kinder Bircher Müsli 250G
04104420137882,duplicate_nutrient_conflict,"FIBTG: [('3.5', 'GRM', '.4'), ('9.9', 'GRM', '.12')]",40,Kinder Bircher Müsli 250G
04104420137882,duplicate_nutrient_conflict,"FASAT: [('2.3', 'GRM', '.5'), ('1', 'GRM', '.14')]",40,Kinder Bircher Müsli 250G
04104420137882,duplicate_nutrient_conflict,"SALTEQ: [('0.12', 'GRM', '.6'), ('0.01', 'GRM', '.15')]",40,Kinder Bircher Müsli 250G
04104420137882,nutrition_basis_lost,Source basis: 1 PTN; omitted from CSV,40,Kinder Bircher Müsli 250G
04104420137905,duplicate_nutrient_conflict,"CHOAVL: [('26.8', 'GRM', ''), ('63.9', 'GRM', '.9')]",41,Müsli & Dinkelflakes 250G
04104420137905,duplicate_nutrient_conflict,"PRO-: [('7.5', 'GRM', '.1'), ('12.8', 'GRM', '.10')]",41,Müsli & Dinkelflakes 250G
04104420137905,duplicate_nutrient_conflict,"SUGAR-: [('4.7', 'GRM', '.2'), ('0.8', 'GRM', '.14')]",41,Müsli & Dinkelflakes 250G
04104420137905,duplicate_nutrient_conflict,"FAT: [('4.6', 'GRM', '.3'), ('3.9', 'GRM', '.12')]",41,Müsli & Dinkelflakes 250G
04104420137905,duplicate_nutrient_conflict,"FIBTG: [('3.3', 'GRM', '.4'), ('9.4', 'GRM', '.11')]",41,Müsli & Dinkelflakes 250G
04104420137905,duplicate_nutrient_conflict,"FASAT: [('2.3', 'GRM', '.5'), ('0.8', 'GRM', '.13')]",41,Müsli & Dinkelflakes 250G
04104420137905,duplicate_nutrient_conflict,"SALTEQ: [('0.12', 'GRM', '.6'), ('0.01', 'GRM', '.15')]",41,Müsli & Dinkelflakes 250G
04104420137905,nutrition_basis_lost,Source basis: 1 PTN; omitted from CSV,41,Müsli & Dinkelflakes 250G
04104420016088,duplicate_nutrient_conflict,"CHOAVL: [('66', 'GRM', ''), ('6.3', 'GRM', '.9')]",46,Knäckebrot Roggen & Dinkel 250G
04104420016088,duplicate_nutrient_conflict,"FIBTG: [('15', 'GRM', '.1'), ('1.4', 'GRM', '.10')]",46,Knäckebrot Roggen & Dinkel 250G
04104420016088,duplicate_nutrient_conflict,"PRO-: [('8.4', 'GRM', '.2'), ('0.8', 'GRM', '.11')]",46,Knäckebrot Roggen & Dinkel 250G
04104420016088,duplicate_nutrient_conflict,"SUGAR-: [('2.4', 'GRM', '.3'), ('0.5', 'GRM', '.13')]",46,Knäckebrot Roggen & Dinkel 250G
04104420016088,duplicate_nutrient_conflict,"FAT: [('2', 'GRM', '.4'), ('0.5', 'GRM', '.12')]",46,Knäckebrot Roggen & Dinkel 250G
04104420016088,duplicate_nutrient_conflict,"SALTEQ: [('1.3', 'GRM', '.5'), ('0.12', 'GRM', '.14')]",46,Knäckebrot Roggen & Dinkel 250G
04104420016088,duplicate_nutrient_conflict,"FASAT: [('0.4', 'GRM', '.6'), ('0.1', 'GRM', '.15')]",46,Knäckebrot Roggen & Dinkel 250G
04104420134607,duplicate_nutrient_conflict,"CHOAVL: [('65.7', 'GRM', ''), ('1.6', 'GRM', '.9')]",69,Müsli Kekse 125G
04104420134607,duplicate_nutrient_conflict,"SUGAR-: [('15', 'GRM', '.1'), ('0.4', 'GRM', '.11')]",69,Müsli Kekse 125G
04104420134607,duplicate_nutrient_conflict,"FAT: [('14.2', 'GRM', '.2'), ('0.4', 'GRM', '.10')]",69,Müsli Kekse 125G
04104420134607,duplicate_nutrient_conflict,"PRO-: [('9.3', 'GRM', '.3'), ('0.2', 'GRM', '.12')]",69,Müsli Kekse 125G
04104420134607,duplicate_nutrient_conflict,"FIBTG: [('6.1', 'GRM', '.4'), ('0.2', 'GRM', '.13')]",69,Müsli Kekse 125G
04104420134607,duplicate_nutrient_conflict,"FASAT: [('5.9', 'GRM', '.5'), ('0.2', 'GRM', '.14')]",69,Müsli Kekse 125G
04104420134607,duplicate_nutrient_conflict,"SALTEQ: [('0.3', 'GRM', '.6'), ('0.01', 'GRM', '.15')]",69,Müsli Kekse 125G
04104420038462,duplicate_nutrient,"FAT: [('8.4', 'GRM', ''), ('8.4', 'GRM', '.9')]",75,Trinkkakao 400G
04104420038462,duplicate_nutrient_conflict,"FASAT: [('5.3', 'GRM', '.1'), ('5.6', 'GRM', '.10')]",75,Trinkkakao 400G
04104420038462,duplicate_nutrient_conflict,"CHOAVL: [('65', 'GRM', '.2'), ('16', 'GRM', '.11')]",75,Trinkkakao 400G
04104420038462,duplicate_nutrient_conflict,"SUGAR-: [('60', 'GRM', '.3'), ('15', 'GRM', '.12')]",75,Trinkkakao 400G
04104420038462,duplicate_nutrient_conflict,"FIBTG: [('13', 'GRM', '.4'), ('1.3', 'GRM', '.13')]",75,Trinkkakao 400G
04104420038462,duplicate_nutrient_conflict,"PRO-: [('8.9', 'GRM', '.5'), ('7.6', 'GRM', '.14')]",75,Trinkkakao 400G
04104420038462,duplicate_nutrient_conflict,"SALTEQ: [('0.02', 'GRM', '.6'), ('0.24', 'GRM', '.15')]",75,Trinkkakao 400G
04104420021167,nutrition_basis_lost,Source basis: 100 MLT; omitted from CSV,86,"Mango-Fruchtsauce 0,25L"
04104420095120,nutrition_basis_lost,Source basis: 100 MLT; omitted from CSV,103,Soja Drink Vanille 1L
04104420095205,nutrition_basis_lost,Source basis: 100 MLT; omitted from CSV,104,Soja Cuisine 200ML
04104420135321,nutrition_basis_lost,Source basis: 100 MLT; omitted from CSV,105,Caffe Latte Macchiato 230ML
04104420072589,nutrition_basis_lost,Source basis: 100 MLT; omitted from CSV,108,"Zitronensaft 0,2L"
04104420071728,nutrition_basis_lost,Source basis: 100 MLT; omitted from CSV,110,Apfelsaft naturtrüb 1L
04104420071766,nutrition_basis_lost,Source basis: 100 MLT; omitted from CSV,111,Traubensaft naturtrüb 1L
04104420071803,nutrition_basis_lost,Source basis: 100 MLT; omitted from CSV,112,"Apfel Mango Saft 0,33L"
04104420071940,nutrition_basis_lost,Source basis: 100 MLT; omitted from CSV,113,"Pink Grapefruitsaft 0,75L"
04104420071841,nutrition_basis_lost,Source basis: 100 MLT; omitted from CSV,114,"Apfel Mango Saft 0,75L"
04104420071667,nutrition_basis_lost,Source basis: 100 MLT; omitted from CSV,117,"Traubensaft naturtrüb 0,33L"
04104420070240,nutrition_basis_lost,Source basis: 100 MLT; omitted from CSV,126,Coco Drink natur 330ML
04104420133648,nutrition_basis_lost,Source basis: 100 MLT; omitted from CSV,130,"Milder Apfelsaft naturtrüb 0,33L"
04104420031609,nutrition_basis_lost,Source basis: 100 MLT; omitted from CSV,133,Gemüsebouillon Würfel 66G
04104420031746,nutrition_basis_lost,Source basis: 100 MLT; omitted from CSV,134,"Gemüsebouillon, NFP 250G"
04104420016644,nutrition_basis_lost,Source basis: 100 MLT; omitted from CSV,135,Tomatencreme Suppe 46G
04104420017023,nutrition_basis_lost,Source basis: 100 MLT; omitted from CSV,137,Gemüse Nudel Suppe 40G
04104420030947,nutrition_basis_lost,Source basis: 100 MLT; omitted from CSV,138,"Hühnerbouillon, Würfel 66G"
04104420017986,nutrition_basis_lost,Source basis: 100 MLT; omitted from CSV,140,Kartoffel Lauch Suppe 58G
04104420032927,nutrition_basis_lost,Source basis: 100 MLT; omitted from CSV,145,"Rinderbouillon, Würfel 66G"
04104420028586,nutrition_basis_lost,Source basis: 100 MLT; omitted from CSV,146,"Gemüsebouillon hefefrei, Würfel 66G"
04104420133747,nutrition_basis_lost,Source basis: 100 MLT; omitted from CSV,148,"Gemüsebouillon hefefrei, NFP 290G"
04104420137264,nutrition_basis_lost,Source basis: 100 MLT; omitted from CSV,149,Gemüsebouillon hefefrei 290g
04104420031500,nutrition_basis_lost,Source basis: 100 MLT; omitted from CSV,185,"Tomaten Ketchup 0,5L"
04104420072848,nutrition_basis_lost,Source basis: 100 MLT; omitted from CSV,191,"Karottensaft milchsauer vergoren 0,"
04104420072862,nutrition_basis_lost,Source basis: 100 MLT; omitted from CSV,192,"Gemüsesaft 0,5L"
04104420072787,nutrition_basis_lost,Source basis: 100 MLT; omitted from CSV,193,"Tomatensaft mit Meersalz 0,5L"
04104420072800,nutrition_basis_lost,Source basis: 100 MLT; omitted from CSV,194,"Sauerkrautsaft 0,5L"
04104420070189,nutrition_basis_lost,Source basis: 100 MLT; omitted from CSV,198,Karottensaft feldfrisch 330ML
04104420031012,nutrition_basis_lost,Source basis: 100 MLT; omitted from CSV,208,"Apfelessig 0,5L"
04104420030923,nutrition_basis_lost,Source basis: 100 MLT; omitted from CSV,209,"Aceto Balsamico 0,5L"
04104420031722,nutrition_basis_lost,Source basis: 100 MLT; omitted from CSV,211,"Soja Sauce Shoyu 0,25L"
04104420030220,nutrition_basis_lost,Source basis: 100 MLT; omitted from CSV,217,"Italienisches Olivenöl 0,5L"
04104420030961,nutrition_basis_lost,Source basis: 100 MLT; omitted from CSV,220,"Condimento Bianco 0,5L"
04104420034327,nutrition_basis_lost,Source basis: 100 MLT; omitted from CSV,221,Kokosmilch 400ML
04104420078024,nutrition_basis_lost,Source basis: 100 MLT; omitted from CSV,225,"Haltbare Alpenmilch 3,5% 1L"
04104420078000,nutrition_basis_lost,Source basis: 100 MLT; omitted from CSV,226,"Haltbare Alpenmilch 1,5% 1L"
04104420025929,nutrition_basis_lost,Source basis: 100 MLT; omitted from CSV,229,Leinöl 250ML
04104420033641,nutrition_basis_lost,Source basis: 100 MLT; omitted from CSV,237,Kokosmilch 200ML
04104420094987,nutrition_basis_lost,Source basis: 100 MLT; omitted from CSV,238,Soja Drink Natur 1L
04104420095045,nutrition_basis_lost,Source basis: 100 MLT; omitted from CSV,239,Soja Reis Drink Natur 1L
04104420143746,nutrition_basis_lost,Source basis: 100 MLT; omitted from CSV,282,"Holunderblütensirup 0,33L"
04104420143647,duplicate_nutrient_conflict,"CHOAVL: [('82.9', 'GRM', ''), ('1.2', 'GRM', '.9')]",283,Apfel Mango Reiswaffeln 35G
04104420143647,duplicate_nutrient_conflict,"SUGAR-: [('10.3', 'GRM', '.1'), ('0.2', 'GRM', '.10')]",283,Apfel Mango Reiswaffeln 35G
04104420143647,duplicate_nutrient_conflict,"PRO-: [('7.4', 'GRM', '.2'), ('0.1', 'GRM', '.11')]",283,Apfel Mango Reiswaffeln 35G
04104420143647,duplicate_nutrient_conflict,"FAT: [('1', 'GRM', '.3'), ('0.1', 'GRM', '.13')]",283,Apfel Mango Reiswaffeln 35G
04104420143647,duplicate_nutrient_conflict,"FIBTG: [('0.9', 'GRM', '.4'), ('0.1', 'GRM', '.14')]",283,Apfel Mango Reiswaffeln 35G
04104420143647,duplicate_nutrient_conflict,"FASAT: [('0.2', 'GRM', '.5'), ('0.1', 'GRM', '.12')]",283,Apfel Mango Reiswaffeln 35G
04104420143647,duplicate_nutrient_conflict,"SALTEQ: [('0.02', 'GRM', '.6'), ('0.01', 'GRM', '.15')]",283,Apfel Mango Reiswaffeln 35G
04104420007840,nutrition_basis_lost,Source basis: 100 MLT; omitted from CSV,284,*Frucht Punsch Holunder 750ML*
04104420137783,duplicate_nutrient_conflict,"FAT: [('1.1', 'GRM', ''), ('2.1', 'GRM', '.9')]",307,Mango-Bananen-Müsli 190G
04104420137783,duplicate_nutrient_conflict,"FASAT: [('0.5', 'GRM', '.1'), ('1', 'GRM', '.10')]",307,Mango-Bananen-Müsli 190G
04104420137783,duplicate_nutrient_conflict,"CHOAVL: [('11.6', 'GRM', '.2'), ('22', 'GRM', '.11')]",307,Mango-Bananen-Müsli 190G
04104420137783,duplicate_nutrient_conflict,"SUGAR-: [('7', 'GRM', '.3'), ('13.3', 'GRM', '.12')]",307,Mango-Bananen-Müsli 190G
04104420137783,duplicate_nutrient_conflict,"FIBTG: [('1.5', 'GRM', '.4'), ('2.9', 'GRM', '.13')]",307,Mango-Bananen-Müsli 190G
04104420137783,duplicate_nutrient_conflict,"PRO-: [('2.1', 'GRM', '.5'), ('4', 'GRM', '.14')]",307,Mango-Bananen-Müsli 190G
04104420137783,duplicate_nutrient_conflict,"SALTEQ: [('0.03', 'GRM', '.6'), ('0.06', 'GRM', '.15')]",307,Mango-Bananen-Müsli 190G
04104420137844,duplicate_nutrient_conflict,"CHOAVL: [('7.4', 'GRM', ''), ('14.1', 'GRM', '.9')]",308,Linsengemüse mit Couscous 190G
04104420137844,duplicate_nutrient_conflict,"SUGAR-: [('2.5', 'GRM', '.1'), ('4.8', 'GRM', '.10')]",308,Linsengemüse mit Couscous 190G
04104420137844,duplicate_nutrient_conflict,"FIBTG: [('2.1', 'GRM', '.2'), ('4', 'GRM', '.11')]",308,Linsengemüse mit Couscous 190G
04104420137844,duplicate_nutrient_conflict,"PRO-: [('2.1', 'GRM', '.3'), ('4', 'GRM', '.12')]",308,Linsengemüse mit Couscous 190G
04104420137844,duplicate_nutrient_conflict,"FAT: [('1.3', 'GRM', '.4'), ('2.5', 'GRM', '.13')]",308,Linsengemüse mit Couscous 190G
04104420137844,duplicate_nutrient_conflict,"FASAT: [('0.1', 'GRM', '.5'), ('0.2', 'GRM', '.14')]",308,Linsengemüse mit Couscous 190G
04104420137844,duplicate_nutrient_conflict,"SALTEQ: [('0.03', 'GRM', '.6'), ('0.06', 'GRM', '.15')]",308,Linsengemüse mit Couscous 190G
04104420071704,nutrition_basis_lost,Source basis: 100 MLT; omitted from CSV,309,"Prosecco D.O.C. 0,75L"
04104420091146,nutrition_basis_lost,Source basis: 100 MLT; omitted from CSV,310,"Sekt brut 0,75L"
04104420091245,nutrition_basis_lost,Source basis: 100 MLT; omitted from CSV,311,"Rose Secco 0,75L"
04104420135284,nutrition_basis_lost,Source basis: 100 MLT; omitted from CSV,312,Rose Secco Piccolo 200ML
04104420016057,duplicate_nutrient_conflict,"CHOAVL: [('63', 'GRM', ''), ('5.9', 'GRM', '.9')]",316,Knäckebrot Delikatess 250G
04104420016057,duplicate_nutrient_conflict,"FIBTG: [('16', 'GRM', '.1'), ('1.5', 'GRM', '.10')]",316,Knäckebrot Delikatess 250G
04104420016057,duplicate_nutrient_conflict,"PRO-: [('8.6', 'GRM', '.2'), ('0.8', 'GRM', '.11')]",316,Knäckebrot Delikatess 250G
04104420016057,duplicate_nutrient_conflict,"SUGAR-: [('2.4', 'GRM', '.3'), ('0.5', 'GRM', '.13')]",316,Knäckebrot Delikatess 250G
04104420016057,duplicate_nutrient_conflict,"FAT: [('1.8', 'GRM', '.4'), ('0.5', 'GRM', '.12')]",316,Knäckebrot Delikatess 250G
04104420016057,duplicate_nutrient_conflict,"SALTEQ: [('1.3', 'GRM', '.5'), ('0.12', 'GRM', '.14')]",316,Knäckebrot Delikatess 250G
04104420016057,duplicate_nutrient_conflict,"FASAT: [('0.3', 'GRM', '.6'), ('0.1', 'GRM', '.15')]",316,Knäckebrot Delikatess 250G
04104420020405,nutrition_basis_lost,Source basis: 100 MLT; omitted from CSV,320,Hühner Nudel Suppe 38G
04104420070202,nutrition_basis_lost,Source basis: 100 MLT; omitted from CSV,326,Rote Bete Saft feldfrisch 330ML
04104420071926,nutrition_basis_lost,Source basis: 100 MLT; omitted from CSV,327,"Frühstückssaft 0,75L"
04104420072084,nutrition_basis_lost,Source basis: 100 MLT; omitted from CSV,328,"Orangensaft 0,33L"
04104420072121,nutrition_basis_lost,Source basis: 100 MLT; omitted from CSV,329,"Limettensaft 0,2L"
04104420133365,nutrition_basis_lost,Source basis: 100 MLT; omitted from CSV,330,Gemüsesaft feldfrisch 330ML
04104420142107,nutrition_basis_lost,Source basis: 100 MLT; omitted from CSV,331,"Eistee Zitronengras 0,5l"
04104420142121,nutrition_basis_lost,Source basis: 100 MLT; omitted from CSV,332,"Eistee Pfirsich-Maracuja 0,5l"
04104420025905,nutrition_basis_lost,Source basis: 100 MLT; omitted from CSV,336,Hühnerbouillon 140G
04104420028142,nutrition_basis_lost,Source basis: 100 MLT; omitted from CSV,339,Curry Gewürz Ketchup 500ML
04104420028166,nutrition_basis_lost,Source basis: 100 MLT; omitted from CSV,340,Delikatess Mayonnaise 250ML
04104420145382,duplicate_nutrient_conflict,"CHOAVL: [('1.6', 'GRM', ''), ('81', 'GRM', '.9')]",369,Malzkaffee 100G
04104420145382,duplicate_nutrient_conflict,"SUGAR-: [('0.5', 'GRM', '.1'), ('3.9', 'GRM', '.12')]",369,Malzkaffee 100G
04104420145382,duplicate_nutrient_conflict,"FAT: [('0.5', 'GRM', '.2'), ('1', 'GRM', '.13')]",369,Malzkaffee 100G
04104420145382,duplicate_nutrient_conflict,"FIBTG: [('0.5', 'GRM', '.3'), ('6.3', 'GRM', '.10')]",369,Malzkaffee 100G
04104420145382,duplicate_nutrient_conflict,"PRO-: [('0.5', 'GRM', '.4'), ('5.6', 'GRM', '.11')]",369,Malzkaffee 100G
04104420145382,duplicate_nutrient_conflict,"FASAT: [('0.1', 'GRM', '.5'), ('0.5', 'GRM', '.14')]",369,Malzkaffee 100G
04104420145382,duplicate_nutrient_conflict,"SALTEQ: [('0.01', 'GRM', '.6'), ('0.3', 'GRM', '.15')]",369,Malzkaffee 100G
04104420145382,nutrition_basis_lost,Source basis: 1 PTN; omitted from CSV,369,Malzkaffee 100G
04104420141285,duplicate_nutrient_conflict,"CHOAVL: [('6.8', 'GRM', ''), ('12.9', 'GRM', '.9')]",370,Karotten-Fenchelge.-Dinkeln. 190G
04104420141285,duplicate_nutrient_conflict,"FIBTG: [('2.4', 'GRM', '.1'), ('4.6', 'GRM', '.10')]",370,Karotten-Fenchelge.-Dinkeln. 190G
04104420141285,duplicate_nutrient_conflict,"SUGAR-: [('2.4', 'GRM', '.2'), ('4.6', 'GRM', '.11')]",370,Karotten-Fenchelge.-Dinkeln. 190G
04104420141285,duplicate_nutrient_conflict,"PRO-: [('1.7', 'GRM', '.3'), ('3.2', 'GRM', '.12')]",370,Karotten-Fenchelge.-Dinkeln. 190G
04104420141285,duplicate_nutrient_conflict,"FAT: [('1.4', 'GRM', '.4'), ('2.7', 'GRM', '.13')]",370,Karotten-Fenchelge.-Dinkeln. 190G
04104420141285,duplicate_nutrient_conflict,"FASAT: [('0.1', 'GRM', '.5'), ('0.2', 'GRM', '.14')]",370,Karotten-Fenchelge.-Dinkeln. 190G
04104420141285,duplicate_nutrient_conflict,"SALTEQ: [('0.04', 'GRM', '.6'), ('0.08', 'GRM', '.15')]",370,Karotten-Fenchelge.-Dinkeln. 190G
04104420080768,duplicate_nutrient_conflict,"CHOAVL: [('6.7', 'GRM', ''), ('12.7', 'GRM', '.9')]",371,Karotten-Kartoffeln-Rind 190G
04104420080768,duplicate_nutrient_conflict,"PRO-: [('2.7', 'GRM', '.1'), ('5.1', 'GRM', '.10')]",371,Karotten-Kartoffeln-Rind 190G
04104420080768,duplicate_nutrient_conflict,"SUGAR-: [('2.5', 'GRM', '.2'), ('4.8', 'GRM', '.11')]",371,Karotten-Kartoffeln-Rind 190G
04104420080768,duplicate_nutrient_conflict,"FAT: [('2', 'GRM', '.3'), ('3.8', 'GRM', '.12')]",371,Karotten-Kartoffeln-Rind 190G
04104420080768,duplicate_nutrient_conflict,"FIBTG: [('1.7', 'GRM', '.4'), ('3.2', 'GRM', '.13')]",371,Karotten-Kartoffeln-Rind 190G
04104420080768,duplicate_nutrient_conflict,"FASAT: [('0.4', 'GRM', '.5'), ('0.8', 'GRM', '.14')]",371,Karotten-Kartoffeln-Rind 190G
04104420080768,duplicate_nutrient_conflict,"SALTEQ: [('0.07', 'GRM', '.6'), ('0.13', 'GRM', '.15')]",371,Karotten-Kartoffeln-Rind 190G
04104420056244,duplicate_nutrient_conflict,"CHOAVL: [('59', 'GRM', ''), ('5.9', 'GRM', '.9')]",377,Knäckebrot Sesam 250G
04104420056244,duplicate_nutrient_conflict,"FIBTG: [('16', 'GRM', '.1'), ('1.6', 'GRM', '.10')]",377,Knäckebrot Sesam 250G
04104420056244,duplicate_nutrient_conflict,"PRO-: [('10', 'GRM', '.2'), ('1', 'GRM', '.11')]",377,Knäckebrot Sesam 250G
04104420056244,duplicate_nutrient_conflict,"FAT: [('5.4', 'GRM', '.3'), ('0.5', 'GRM', '.13')]",377,Knäckebrot Sesam 250G
04104420056244,duplicate_nutrient_conflict,"SUGAR-: [('3.4', 'GRM', '.4'), ('0.5', 'GRM', '.12')]",377,Knäckebrot Sesam 250G
04104420056244,duplicate_nutrient_conflict,"SALTEQ: [('1.3', 'GRM', '.5'), ('0.13', 'GRM', '.14')]",377,Knäckebrot Sesam 250G
04104420056244,duplicate_nutrient_conflict,"FASAT: [('0.9', 'GRM', '.6'), ('0.1', 'GRM', '.15')]",377,Knäckebrot Sesam 250G
04104420071629,nutrition_basis_lost,Source basis: 100 MLT; omitted from CSV,378,Eistee Apfel-Zitrone 1L
04104420145467,duplicate_nutrient_conflict,"CHOAVL: [('7.9', 'GRM', ''), ('19.8', 'GRM', '.9')]",381,Linseneintopf mit Gemüse und Rind 2
04104420145467,duplicate_nutrient_conflict,"PRO-: [('3.6', 'GRM', '.1'), ('9', 'GRM', '.10')]",381,Linseneintopf mit Gemüse und Rind 2
04104420145467,duplicate_nutrient_conflict,"FAT: [('2.8', 'GRM', '.2'), ('7', 'GRM', '.11')]",381,Linseneintopf mit Gemüse und Rind 2
04104420145467,duplicate_nutrient_conflict,"FIBTG: [('1.9', 'GRM', '.3'), ('4.8', 'GRM', '.12')]",381,Linseneintopf mit Gemüse und Rind 2
04104420145467,duplicate_nutrient_conflict,"SUGAR-: [('1.7', 'GRM', '.4'), ('4.3', 'GRM', '.13')]",381,Linseneintopf mit Gemüse und Rind 2
04104420145467,duplicate_nutrient_conflict,"FASAT: [('0.6', 'GRM', '.5'), ('1.5', 'GRM', '.14')]",381,Linseneintopf mit Gemüse und Rind 2
04104420145467,duplicate_nutrient_conflict,"SALTEQ: [('0.04', 'GRM', '.6'), ('0.1', 'GRM', '.15')]",381,Linseneintopf mit Gemüse und Rind 2
04104420146020,nutrition_basis_lost,Source basis: 100 MLT; omitted from CSV,393,"Griechisches natives Olivenöl extra 0,5L"
04104420170544,nutrition_basis_lost,Source basis: 100 MLT; omitted from CSV,397,"Sekt brut Piccolo 0,2L"
04104420073524,nutrition_basis_lost,Source basis: 100 MLT; omitted from CSV,432,"Frische Weidemilch 3,7% 1L"
04104420073548,nutrition_basis_lost,Source basis: 100 MLT; omitted from CSV,433,"Frische Weidemilch 1,5% 1L"
04104420143609,nutrition_basis_lost,Source basis: 100 MLT; omitted from CSV,464,"Ziegen Heumilch 0,5L"
04104420143623,nutrition_basis_lost,Source basis: 100 MLT; omitted from CSV,465,"Frische Schafmilch 0,5L"
04104420146747,duplicate_nutrient_conflict,"CHOAVL: [('6', 'GRM', ''), ('11.4', 'GRM', '.9')]",467,Pastinaken-Kartoffeln-Rind 190G
04104420146747,duplicate_nutrient_conflict,"PRO-: [('2.4', 'GRM', '.1'), ('4.6', 'GRM', '.10')]",467,Pastinaken-Kartoffeln-Rind 190G
04104420146747,duplicate_nutrient_conflict,"FAT: [('2.3', 'GRM', '.2'), ('4.4', 'GRM', '.11')]",467,Pastinaken-Kartoffeln-Rind 190G
04104420146747,duplicate_nutrient_conflict,"FIBTG: [('1.5', 'GRM', '.3'), ('2.9', 'GRM', '.12')]",467,Pastinaken-Kartoffeln-Rind 190G
04104420146747,duplicate_nutrient_conflict,"SUGAR-: [('0.6', 'GRM', '.4'), ('1.1', 'GRM', '.13')]",467,Pastinaken-Kartoffeln-Rind 190G
04104420146747,duplicate_nutrient_conflict,"FASAT: [('0.5', 'GRM', '.5'), ('1', 'GRM', '.14')]",467,Pastinaken-Kartoffeln-Rind 190G
04104420146747,duplicate_nutrient_conflict,"SALTEQ: [('0.03', 'GRM', '.6'), ('0.06', 'GRM', '.15')]",467,Pastinaken-Kartoffeln-Rind 190G
04104420179677,nutrition_basis_lost,Source basis: 100 MLT; omitted from CSV,479,Milder Apfelsaft naturtrüb 1L
04104420180833,nutrition_basis_lost,Source basis: 100 MLT; omitted from CSV,497,Kokosöl nativ 220ML
04104420138681,duplicate_nutrient_conflict,"CHOAVL: [('18.3', 'GRM', ''), ('68.2', 'GRM', '.9')]",506,Grieß Getreidebrei 250G
04104420138681,duplicate_nutrient_conflict,"PRO-: [('5.6', 'GRM', '.1'), ('11.3', 'GRM', '.11')]",506,Grieß Getreidebrei 250G
04104420138681,duplicate_nutrient_conflict,"SUGAR-: [('4.9', 'GRM', '.2'), ('1.1', 'GRM', '.13')]",506,Grieß Getreidebrei 250G
04104420138681,duplicate_nutrient_conflict,"FAT: [('4.3', 'GRM', '.3'), ('2.4', 'GRM', '.12')]",506,Grieß Getreidebrei 250G
04104420138681,duplicate_nutrient_conflict,"FIBTG: [('2.4', 'GRM', '.4'), ('12.1', 'GRM', '.10')]",506,Grieß Getreidebrei 250G
04104420138681,duplicate_nutrient_conflict,"FASAT: [('2.4', 'GRM', '.5'), ('0.8', 'GRM', '.14')]",506,Grieß Getreidebrei 250G
04104420138681,duplicate_nutrient_conflict,"SALTEQ: [('0.13', 'GRM', '.6'), ('0.05', 'GRM', '.15')]",506,Grieß Getreidebrei 250G
04104420138681,nutrition_basis_lost,Source basis: 1 PTN; omitted from CSV,506,Grieß Getreidebrei 250G
04104420168794,duplicate_nutrient_conflict,"CHOAVL: [('4.9', 'GRM', ''), ('10.8', 'GRM', '.9')]",507,Karotte-Zucchini-Süßk.-Rind 220G
04104420168794,duplicate_nutrient_conflict,"PRO-: [('2.5', 'GRM', '.1'), ('5.5', 'GRM', '.10')]",507,Karotte-Zucchini-Süßk.-Rind 220G
04104420168794,duplicate_nutrient_conflict,"SUGAR-: [('2.2', 'GRM', '.2'), ('4.8', 'GRM', '.11')]",507,Karotte-Zucchini-Süßk.-Rind 220G
04104420168794,duplicate_nutrient_conflict,"FAT: [('2.1', 'GRM', '.3'), ('4.6', 'GRM', '.12')]",507,Karotte-Zucchini-Süßk.-Rind 220G
04104420168794,duplicate_nutrient_conflict,"FIBTG: [('1.9', 'GRM', '.4'), ('4.2', 'GRM', '.13')]",507,Karotte-Zucchini-Süßk.-Rind 220G
04104420168794,duplicate_nutrient_conflict,"FASAT: [('0.4', 'GRM', '.5'), ('0.9', 'GRM', '.14')]",507,Karotte-Zucchini-Süßk.-Rind 220G
04104420168794,duplicate_nutrient_conflict,"SALTEQ: [('0.05', 'GRM', '.6'), ('0.11', 'GRM', '.15')]",507,Karotte-Zucchini-Süßk.-Rind 220G
04104420178656,nutrition_basis_lost,Source basis: 100 MLT; omitted from CSV,514,Steirisches Kürbiskernöl g.g.A. 100
04104420182967,duplicate_nutrient_conflict,"CHOAVL: [('64.3', 'GRM', ''), ('1.6', 'GRM', '.9')]",519,Dinkel Kekse 125G
04104420182967,duplicate_nutrient_conflict,"SUGAR-: [('14.4', 'GRM', '.1'), ('0.4', 'GRM', '.10')]",519,Dinkel Kekse 125G
04104420182967,duplicate_nutrient_conflict,"FAT: [('13.8', 'GRM', '.2'), ('0.3', 'GRM', '.11')]",519,Dinkel Kekse 125G
04104420182967,duplicate_nutrient_conflict,"PRO-: [('8.6', 'GRM', '.3'), ('0.2', 'GRM', '.14')]",519,Dinkel Kekse 125G
04104420182967,duplicate_nutrient_conflict,"FASAT: [('6.5', 'GRM', '.4'), ('0.2', 'GRM', '.13')]",519,Dinkel Kekse 125G
04104420182967,duplicate_nutrient_conflict,"FIBTG: [('6.1', 'GRM', '.5'), ('0.2', 'GRM', '.12')]",519,Dinkel Kekse 125G
04104420182967,duplicate_nutrient_conflict,"SALTEQ: [('0.32', 'GRM', '.6'), ('0.01', 'GRM', '.15')]",519,Dinkel Kekse 125G
04104420183384,nutrition_basis_lost,Source basis: 100 MLT; omitted from CSV,524,Crema con Aceto Balsamico 250ML
04104420185470,nutrition_basis_lost,Source basis: 100 MLT; omitted from CSV,534,"Pinot Grigio 0,75L"
04104420185074,nutrition_basis_lost,Source basis: 100 MLT; omitted from CSV,535,"La Mancha Tinto 0,75L"
04104420185111,nutrition_basis_lost,Source basis: 100 MLT; omitted from CSV,536,La Mancha Tinto 250ML
04104420185159,nutrition_basis_lost,Source basis: 100 MLT; omitted from CSV,544,"Monastrell 0,75L"
04104420202962,duplicate_nutrient_conflict,"CHOAVL: [('66.3', 'GRM', ''), ('4.6', 'GRM', '.9')]",546,Dinkel Löffel Kekse 125G
04104420202962,duplicate_nutrient_conflict,"FAT: [('14.5', 'GRM', '.1'), ('1', 'GRM', '.10')]",546,Dinkel Löffel Kekse 125G
04104420202962,duplicate_nutrient_conflict,"SUGAR-: [('10.4', 'GRM', '.2'), ('0.7', 'GRM', '.11')]",546,Dinkel Löffel Kekse 125G
04104420202962,duplicate_nutrient_conflict,"PRO-: [('8.9', 'GRM', '.3'), ('0.6', 'GRM', '.12')]",546,Dinkel Löffel Kekse 125G
04104420202962,duplicate_nutrient_conflict,"FASAT: [('6.4', 'GRM', '.4'), ('0.5', 'GRM', '.13')]",546,Dinkel Löffel Kekse 125G
04104420202962,duplicate_nutrient_conflict,"FIBTG: [('3.3', 'GRM', '.5'), ('0.2', 'GRM', '.14')]",546,Dinkel Löffel Kekse 125G
04104420202962,duplicate_nutrient_conflict,"SALTEQ: [('0.67', 'GRM', '.6'), ('0.05', 'GRM', '.15')]",546,Dinkel Löffel Kekse 125G
04104420204225,nutrition_basis_lost,Source basis: 100 MLT; omitted from CSV,560,Kokos Drink Natur 1L
04104420204263,nutrition_basis_lost,Source basis: 100 MLT; omitted from CSV,561,Hafer Drink Cappuccino 230 ml
04104420205444,nutrition_basis_lost,Source basis: 100 MLT; omitted from CSV,562,Karotten Kokos Suppe 375ML
04104420205482,nutrition_basis_lost,Source basis: 100 MLT; omitted from CSV,563,Rote Linsen Suppe 375ML
04104420112346,duplicate_nutrient_conflict,"CHOAVL: [('27', 'GRM', ''), ('94', 'GRM', '.9')]",567,Pizza Spinat (TK) 350G
04104420112346,duplicate_nutrient_conflict,"PRO-: [('7.1', 'GRM', '.1'), ('25', 'GRM', '.10')]",567,Pizza Spinat (TK) 350G
04104420112346,duplicate_nutrient_conflict,"FAT: [('5.4', 'GRM', '.2'), ('19', 'GRM', '.11')]",567,Pizza Spinat (TK) 350G
04104420112346,duplicate_nutrient_conflict,"SUGAR-: [('2.8', 'GRM', '.3'), ('9.8', 'GRM', '.12')]",567,Pizza Spinat (TK) 350G
04104420112346,duplicate_nutrient_conflict,"FIBTG: [('2.6', 'GRM', '.4'), ('9.1', 'GRM', '.13')]",567,Pizza Spinat (TK) 350G
04104420112346,duplicate_nutrient_conflict,"FASAT: [('2.1', 'GRM', '.5'), ('7.4', 'GRM', '.14')]",567,Pizza Spinat (TK) 350G
04104420112346,duplicate_nutrient_conflict,"SALTEQ: [('0.99', 'GRM', '.6'), ('3.5', 'GRM', '.15')]",567,Pizza Spinat (TK) 350G
04104420186194,nutrition_basis_lost,Source basis: 100 MLT; omitted from CSV,575,Dinkel Drink Natur 1L
04104420186279,nutrition_basis_lost,Source basis: 100 MLT; omitted from CSV,576,Hafer Drink Natur 1L
04104420186316,nutrition_basis_lost,Source basis: 100 MLT; omitted from CSV,577,Mandel Drink Natur 1L
04104420206274,nutrition_basis_lost,Source basis: 100 MLT; omitted from CSV,586,"Birnensaft 0,75l"
04104420205963,duplicate_nutrient_conflict,"CHOAVL: [('7.3', 'GRM', ''), ('16.1', 'GRM', '.9')]",589,Dinkelspaghetti Bolognese 220g
04104420205963,duplicate_nutrient_conflict,"PRO-: [('2.9', 'GRM', '.1'), ('6.4', 'GRM', '.10')]",589,Dinkelspaghetti Bolognese 220g
04104420205963,duplicate_nutrient_conflict,"FAT: [('2.7', 'GRM', '.2'), ('5.9', 'GRM', '.11')]",589,Dinkelspaghetti Bolognese 220g
04104420205963,duplicate_nutrient_conflict,"SUGAR-: [('2.4', 'GRM', '.3'), ('5.3', 'GRM', '.12')]",589,Dinkelspaghetti Bolognese 220g
04104420205963,duplicate_nutrient_conflict,"FIBTG: [('1.7', 'GRM', '.4'), ('3.7', 'GRM', '.13')]",589,Dinkelspaghetti Bolognese 220g
04104420205963,duplicate_nutrient_conflict,"FASAT: [('0.6', 'GRM', '.5'), ('1.3', 'GRM', '.14')]",589,Dinkelspaghetti Bolognese 220g
04104420205963,duplicate_nutrient_conflict,"SALTEQ: [('0.05', 'GRM', '.6'), ('0.11', 'GRM', '.15')]",589,Dinkelspaghetti Bolognese 220g
04104420206694,nutrition_basis_lost,Source basis: 100 MLT; omitted from CSV,590,"Baby-Fenchel-Tee Btl. 20x1,75g 35G"
04104420206366,duplicate_nutrient_conflict,"CHOAVL: [('6.2', 'GRM', ''), ('13.6', 'GRM', '.9')]",591,Karot.-Fench-Dinkelsp.-Lachs 220G
04104420206366,duplicate_nutrient_conflict,"PRO-: [('3', 'GRM', '.1'), ('6.6', 'GRM', '.10')]",591,Karot.-Fench-Dinkelsp.-Lachs 220G
04104420206366,duplicate_nutrient_conflict,"FAT: [('2.3', 'GRM', '.2'), ('5.1', 'GRM', '.11')]",591,Karot.-Fench-Dinkelsp.-Lachs 220G
04104420206366,duplicate_nutrient_conflict,"FIBTG: [('1.9', 'GRM', '.3'), ('4.2', 'GRM', '.12')]",591,Karot.-Fench-Dinkelsp.-Lachs 220G
04104420206366,duplicate_nutrient_conflict,"SUGAR-: [('1.6', 'GRM', '.4'), ('3.5', 'GRM', '.13')]",591,Karot.-Fench-Dinkelsp.-Lachs 220G
04104420206366,duplicate_nutrient_conflict,"FASAT: [('0.3', 'GRM', '.5'), ('0.7', 'GRM', '.14')]",591,Karot.-Fench-Dinkelsp.-Lachs 220G
04104420206366,duplicate_nutrient_conflict,"SALTEQ: [('0.05', 'GRM', '.6'), ('0.11', 'GRM', '.15')]",591,Karot.-Fench-Dinkelsp.-Lachs 220G
04104420206779,nutrition_basis_lost,Source basis: 100 MLT; omitted from CSV,592,Kokosöl nativ 620ML
04104420209237,nutrition_basis_lost,Source basis: 100 MLT; omitted from CSV,602,"*Glühwein 0,75L*"
04104420204041,nutrition_basis_lost,Source basis: 100 MLT; omitted from CSV,606,"Baby-Früchte-Tee Btl. 20x2,25g 45G"
04104420206571,nutrition_basis_lost,Source basis: 100 MLT; omitted from CSV,609,Vegane Mayo 250ML
04104420209152,nutrition_basis_lost,Source basis: 100 MLT; omitted from CSV,610,Mittelscharfer Senf 185ML
04104420208735,nutrition_basis_lost,Source basis: 100 MLT; omitted from CSV,612,Apfelsaft naturtrüb 1L
04104420210608,nutrition_basis_lost,Source basis: 100 MLT; omitted from CSV,613,"Multi Saft 0,75L"
04104420212435,duplicate_nutrient_conflict,"CHOAVL: [('23.3', 'GRM', ''), ('64', 'GRM', '.9')]",621,Kinder Porridge Hafer-Banane 250G
04104420212435,duplicate_nutrient_conflict,"SUGAR-: [('7.3', 'GRM', '.1'), ('9.1', 'GRM', '.11')]",621,Kinder Porridge Hafer-Banane 250G
04104420212435,duplicate_nutrient_conflict,"PRO-: [('6.5', 'GRM', '.2'), ('11.4', 'GRM', '.10')]",621,Kinder Porridge Hafer-Banane 250G
04104420212435,duplicate_nutrient_conflict,"FAT: [('5', 'GRM', '.3'), ('5.4', 'GRM', '.13')]",621,Kinder Porridge Hafer-Banane 250G
04104420212435,duplicate_nutrient_conflict,"FIBTG: [('2.6', 'GRM', '.4'), ('9', 'GRM', '.12')]",621,Kinder Porridge Hafer-Banane 250G
04104420212435,duplicate_nutrient_conflict,"FASAT: [('2.4', 'GRM', '.5'), ('1', 'GRM', '.14')]",621,Kinder Porridge Hafer-Banane 250G
04104420212435,duplicate_nutrient_conflict,"SALTEQ: [('0.12', 'GRM', '.6'), ('0.01', 'GRM', '.15')]",621,Kinder Porridge Hafer-Banane 250G
04104420212435,nutrition_basis_lost,Source basis: 1 PTN; omitted from CSV,621,Kinder Porridge Hafer-Banane 250G
04104420211551,duplicate_nutrient_conflict,"CHOAVL: [('7.1', 'GRM', ''), ('13.5', 'GRM', '.9')]",629,Grünes Gemüse mit Hirse 190G
04104420211551,duplicate_nutrient_conflict,"FIBTG: [('1.9', 'GRM', '.1'), ('3.6', 'GRM', '.10')]",629,Grünes Gemüse mit Hirse 190G
04104420211551,duplicate_nutrient_conflict,"PRO-: [('1.9', 'GRM', '.2'), ('3.6', 'GRM', '.11')]",629,Grünes Gemüse mit Hirse 190G
04104420211551,duplicate_nutrient_conflict,"FAT: [('1.2', 'GRM', '.3'), ('2.3', 'GRM', '.12')]",629,Grünes Gemüse mit Hirse 190G
04104420211551,duplicate_nutrient_conflict,"SUGAR-: [('0.6', 'GRM', '.4'), ('1.1', 'GRM', '.13')]",629,Grünes Gemüse mit Hirse 190G
04104420211551,duplicate_nutrient_conflict,"FASAT: [('0.2', 'GRM', '.5'), ('0.4', 'GRM', '.14')]",629,Grünes Gemüse mit Hirse 190G
04104420211551,duplicate_nutrient_conflict,"SALTEQ: [('0.02', 'GRM', '.6'), ('0.04', 'GRM', '.15')]",629,Grünes Gemüse mit Hirse 190G
04104420212831,duplicate_nutrient_conflict,"CHOAVL: [('24', 'GRM', ''), ('18', 'GRM', '.9')]",630,Rote Linsen Burger 200G
04104420212831,duplicate_nutrient_conflict,"PRO-: [('8.1', 'GRM', '.1'), ('6.1', 'GRM', '.10')]",630,Rote Linsen Burger 200G
04104420212831,duplicate_nutrient_conflict,"FAT: [('4.7', 'GRM', '.2'), ('3.6', 'GRM', '.11')]",630,Rote Linsen Burger 200G
04104420212831,duplicate_nutrient_conflict,"FIBTG: [('3.5', 'GRM', '.3'), ('2.6', 'GRM', '.12')]",630,Rote Linsen Burger 200G
04104420212831,duplicate_nutrient_conflict,"SUGAR-: [('2.2', 'GRM', '.4'), ('1.7', 'GRM', '.13')]",630,Rote Linsen Burger 200G
04104420212831,duplicate_nutrient_conflict,"SALTEQ: [('0.97', 'GRM', '.5'), ('0.73', 'GRM', '.14')]",630,Rote Linsen Burger 200G
04104420212831,duplicate_nutrient_conflict,"FASAT: [('0.5', 'GRM', '.6'), ('0.3', 'GRM', '.15')]",630,Rote Linsen Burger 200G
04104420213357,nutrition_basis_lost,Source basis: 100 MLT; omitted from CSV,635,Tomatensauce Arrabbiata 350ML
04104420213395,nutrition_basis_lost,Source basis: 100 MLT; omitted from CSV,636,Bolognese Sauce 330ML
04104420213470,nutrition_basis_lost,Source basis: 100 MLT; omitted from CSV,637,Tomatensauce Basilikum 350ML
04104420213517,nutrition_basis_lost,Source basis: 100 MLT; omitted from CSV,638,Tomatensauce Kräuter 350ML
04104420213555,nutrition_basis_lost,Source basis: 100 MLT; omitted from CSV,639,Tomatensauce Gegrilltes Gemüse 350M
04104420213593,nutrition_basis_lost,Source basis: 100 MLT; omitted from CSV,640,Tomatensauce Klassik 350ML
04104420212794,nutrition_basis_lost,Source basis: 100 MLT; omitted from CSV,646,Thai Kokos Curry 325ML
04104420214385,nutrition_basis_lost,Source basis: 100 MLT; omitted from CSV,647,"Secco 0,75L"
04104420213128,nutrition_basis_lost,Source basis: 100 MLT; omitted from CSV,648,Indisches Curry 325ML
04104420213296,nutrition_basis_lost,Source basis: 100 MLT; omitted from CSV,650,"Pflaumen Trunk 0,75l"
04104420216785,nutrition_basis_lost,Source basis: 100 MLT; omitted from CSV,660,Hanföl nativ 250ML
04104420216709,duplicate_nutrient_conflict,"FIBTG: [('65', 'GRM', ''), ('3.3', 'GRM', '.9')]",668,Flohsamen 250g
04104420216709,duplicate_nutrient_conflict,"PRO-: [('16', 'GRM', '.1'), ('0.8', 'GRM', '.10')]",668,Flohsamen 250g
04104420216709,duplicate_nutrient_conflict,"FAT: [('7', 'GRM', '.2'), ('0.4', 'GRM', '.13')]",668,Flohsamen 250g
04104420216709,duplicate_nutrient_conflict,"CHOAVL: [('3.5', 'GRM', '.3'), ('0.5', 'GRM', '.12')]",668,Flohsamen 250g
04104420216709,duplicate_nutrient_conflict,"FASAT: [('1.2', 'GRM', '.4'), ('0.1', 'GRM', '.14')]",668,Flohsamen 250g
04104420216709,duplicate_nutrient,"SUGAR-: [('0.5', 'GRM', '.5'), ('0.5', 'GRM', '.11')]",668,Flohsamen 250g
04104420216709,duplicate_nutrient_conflict,"SALTEQ: [('0.09', 'GRM', '.6'), ('0.01', 'GRM', '.15')]",668,Flohsamen 250g
04104420220676,duplicate_nutrient_conflict,"CHOAVL: [('5.8', 'GRM', ''), ('12.8', 'GRM', '.9')]",683,Buttergemüse-Couscous-Huhn 220G
04104420220676,duplicate_nutrient_conflict,"PRO-: [('2.6', 'GRM', '.1'), ('5.7', 'GRM', '.10')]",683,Buttergemüse-Couscous-Huhn 220G
04104420220676,duplicate_nutrient_conflict,"SUGAR-: [('2.2', 'GRM', '.2'), ('4.8', 'GRM', '.11')]",683,Buttergemüse-Couscous-Huhn 220G
04104420220676,duplicate_nutrient_conflict,"FAT: [('2.2', 'GRM', '.3'), ('4.8', 'GRM', '.12')]",683,Buttergemüse-Couscous-Huhn 220G
04104420220676,duplicate_nutrient_conflict,"FIBTG: [('1.4', 'GRM', '.4'), ('3.1', 'GRM', '.13')]",683,Buttergemüse-Couscous-Huhn 220G
04104420220676,duplicate_nutrient_conflict,"FASAT: [('1', 'GRM', '.5'), ('2.2', 'GRM', '.14')]",683,Buttergemüse-Couscous-Huhn 220G
04104420220676,duplicate_nutrient_conflict,"SALTEQ: [('0.05', 'GRM', '.6'), ('0.11', 'GRM', '.15')]",683,Buttergemüse-Couscous-Huhn 220G
04104420213890,duplicate_nutrient_conflict,"CHOAVL: [('6.4', 'GRM', ''), ('16', 'GRM', '.9')]",697,Couscous Gemüse mediterran 250G
04104420213890,duplicate_nutrient_conflict,"SUGAR-: [('2.4', 'GRM', '.1'), ('6', 'GRM', '.10')]",697,Couscous Gemüse mediterran 250G
04104420213890,duplicate_nutrient_conflict,"FIBTG: [('1.9', 'GRM', '.2'), ('4.8', 'GRM', '.11')]",697,Couscous Gemüse mediterran 250G
04104420213890,duplicate_nutrient_conflict,"PRO-: [('1.9', 'GRM', '.3'), ('4.8', 'GRM', '.12')]",697,Couscous Gemüse mediterran 250G
04104420213890,duplicate_nutrient_conflict,"FAT: [('1.1', 'GRM', '.4'), ('2.8', 'GRM', '.13')]",697,Couscous Gemüse mediterran 250G
04104420213890,duplicate_nutrient_conflict,"FASAT: [('0.1', 'GRM', '.5'), ('0.3', 'GRM', '.14')]",697,Couscous Gemüse mediterran 250G
04104420213890,duplicate_nutrient_conflict,"SALTEQ: [('0.03', 'GRM', '.6'), ('0.09', 'GRM', '.15')]",697,Couscous Gemüse mediterran 250G
04104420221833,duplicate_nutrient_conflict,"CHOAVL: [('67', 'GRM', ''), ('17', 'GRM', '.9')]",698,Müsli Riegel Ahorn-Dattel 150G
04104420221833,duplicate_nutrient_conflict,"SUGAR-: [('20', 'GRM', '.1'), ('5', 'GRM', '.10')]",698,Müsli Riegel Ahorn-Dattel 150G
04104420221833,duplicate_nutrient_conflict,"FAT: [('11', 'GRM', '.2'), ('2.8', 'GRM', '.11')]",698,Müsli Riegel Ahorn-Dattel 150G
04104420221833,duplicate_nutrient_conflict,"PRO-: [('6', 'GRM', '.3'), ('1.5', 'GRM', '.12')]",698,Müsli Riegel Ahorn-Dattel 150G
04104420221833,duplicate_nutrient_conflict,"FIBTG: [('4.8', 'GRM', '.4'), ('1.2', 'GRM', '.13')]",698,Müsli Riegel Ahorn-Dattel 150G
04104420221833,duplicate_nutrient_conflict,"FASAT: [('1.2', 'GRM', '.5'), ('0.5', 'GRM', '.14')]",698,Müsli Riegel Ahorn-Dattel 150G
04104420221833,duplicate_nutrient_conflict,"SALTEQ: [('0.17', 'GRM', '.6'), ('0.04', 'GRM', '.15')]",698,Müsli Riegel Ahorn-Dattel 150G
04104420221000,nutrition_basis_lost,Source basis: 100 MLT; omitted from CSV,704,"Baby-Kräuter-Tee Btl. 20x1,75g 35G"
04104420213937,duplicate_nutrient_conflict,"CHOAVL: [('5.3', 'GRM', ''), ('10.1', 'GRM', '.9')]",709,Karotten m. Kartoff. & Lachs 190G
04104420213937,duplicate_nutrient_conflict,"PRO-: [('2.3', 'GRM', '.1'), ('4.4', 'GRM', '.10')]",709,Karotten m. Kartoff. & Lachs 190G
04104420213937,duplicate_nutrient_conflict,"FAT: [('2.1', 'GRM', '.2'), ('4', 'GRM', '.11')]",709,Karotten m. Kartoff. & Lachs 190G
04104420213937,duplicate_nutrient_conflict,"FIBTG: [('1.9', 'GRM', '.3'), ('3.4', 'GRM', '.12')]",709,Karotten m. Kartoff. & Lachs 190G
04104420213937,duplicate_nutrient_conflict,"SUGAR-: [('1.2', 'GRM', '.4'), ('2.3', 'GRM', '.13')]",709,Karotten m. Kartoff. & Lachs 190G
04104420213937,duplicate_nutrient_conflict,"FASAT: [('0.3', 'GRM', '.5'), ('0.6', 'GRM', '.14')]",709,Karotten m. Kartoff. & Lachs 190G
04104420213937,duplicate_nutrient_conflict,"SALTEQ: [('0.05', 'GRM', '.6'), ('0.09', 'GRM', '.15')]",709,Karotten m. Kartoff. & Lachs 190G
04104420221970,nutrition_basis_lost,Source basis: 100 MLT; omitted from CSV,731,Karottensaft 1L
04104420222984,nutrition_basis_lost,Source basis: 100 MLT; omitted from CSV,732,"Coco Drink Natur 0,75L"
04104420225336,nutrition_basis_lost,Source basis: 100 MLT; omitted from CSV,746,"Sauvignon Blanc 0,75L"
04104420224384,duplicate_nutrient_conflict,"CHOAVL: [('27', 'GRM', ''), ('16', 'GRM', '.9')]",747,Sandwich Eis (Multipack) 440ML (TK)
04104420224384,duplicate_nutrient_conflict,"SUGAR-: [('23', 'GRM', '.1'), ('14', 'GRM', '.10')]",747,Sandwich Eis (Multipack) 440ML (TK)
04104420224384,duplicate_nutrient_conflict,"FAT: [('18', 'GRM', '.2'), ('11', 'GRM', '.11')]",747,Sandwich Eis (Multipack) 440ML (TK)
04104420224384,duplicate_nutrient_conflict,"FASAT: [('11', 'GRM', '.3'), ('6.5', 'GRM', '.12')]",747,Sandwich Eis (Multipack) 440ML (TK)
04104420224384,duplicate_nutrient_conflict,"PRO-: [('4.8', 'GRM', '.4'), ('2.8', 'GRM', '.13')]",747,Sandwich Eis (Multipack) 440ML (TK)
04104420224384,duplicate_nutrient_conflict,"FIBTG: [('1.5', 'GRM', '.5'), ('0.9', 'GRM', '.14')]",747,Sandwich Eis (Multipack) 440ML (TK)
04104420224384,duplicate_nutrient_conflict,"SALTEQ: [('0.15', 'GRM', '.6'), ('0.09', 'GRM', '.15')]",747,Sandwich Eis (Multipack) 440ML (TK)
04104420224414,duplicate_nutrient_conflict,"FAT: [('11', 'GRM', ''), ('12', 'GRM', '.9')]",748,Sandwich Eis (TK) 110ML
04104420224414,duplicate_nutrient_conflict,"CHOAVL: [('16', 'GRM', '.1'), ('18', 'GRM', '.10')]",748,Sandwich Eis (TK) 110ML
04104420224414,duplicate_nutrient_conflict,"FASAT: [('6.5', 'GRM', '.2'), ('7.1', 'GRM', '.11')]",748,Sandwich Eis (TK) 110ML
04104420224414,duplicate_nutrient_conflict,"FIBTG: [('0.9', 'GRM', '.3'), ('1', 'GRM', '.12')]",748,Sandwich Eis (TK) 110ML
04104420224414,duplicate_nutrient_conflict,"PRO-: [('2.8', 'GRM', '.4'), ('3.1', 'GRM', '.13')]",748,Sandwich Eis (TK) 110ML
04104420224414,duplicate_nutrient_conflict,"SALTEQ: [('0.09', 'GRM', '.5'), ('0.1', 'GRM', '.14')]",748,Sandwich Eis (TK) 110ML
04104420224414,duplicate_nutrient_conflict,"SUGAR-: [('14', 'GRM', '.6'), ('15', 'GRM', '.15')]",748,Sandwich Eis (TK) 110ML
04104420224414,nutrition_basis_lost,Source basis: 100 MLT; omitted from CSV,748,Sandwich Eis (TK) 110ML
04104420224551,nutrition_basis_lost,Source basis: 100 MLT; omitted from CSV,758,Süßer Senf 175ML
04104420224599,nutrition_basis_lost,Source basis: 100 MLT; omitted from CSV,759,Scharfer Senf 175ML
04104420225107,duplicate_nutrient_conflict,"CHOAVL: [('21', 'GRM', ''), ('14', 'GRM', '.9')]",773,Kokos Eis vegan (TK) 500ML
04104420225107,duplicate_nutrient_conflict,"SUGAR-: [('18', 'GRM', '.1'), ('12', 'GRM', '.10')]",773,Kokos Eis vegan (TK) 500ML
04104420225107,duplicate_nutrient_conflict,"FAT: [('11', 'GRM', '.2'), ('7.1', 'GRM', '.11')]",773,Kokos Eis vegan (TK) 500ML
04104420225107,duplicate_nutrient_conflict,"FASAT: [('8.9', 'GRM', '.3'), ('6.1', 'GRM', '.12')]",773,Kokos Eis vegan (TK) 500ML
04104420225107,duplicate_nutrient_conflict,"PRO-: [('1.2', 'GRM', '.4'), ('0.8', 'GRM', '.13')]",773,Kokos Eis vegan (TK) 500ML
04104420225107,duplicate_nutrient,"FIBTG: [('0.5', 'GRM', '.5'), ('0.5', 'GRM', '.14')]",773,Kokos Eis vegan (TK) 500ML
04104420225107,duplicate_nutrient_conflict,"SALTEQ: [('0.05', 'GRM', '.6'), ('0.04', 'GRM', '.15')]",773,Kokos Eis vegan (TK) 500ML
04104420225671,nutrition_basis_lost,Source basis: 100 MLT; omitted from CSV,777,"Rhabarbertrunk 0,75L"
04104420223738,duplicate_nutrient_conflict,"CHOAVL: [('21', 'GRM', ''), ('15', 'GRM', '.9')]",780,Chocolat Eiscreme (TK) 500ML
04104420223738,duplicate_nutrient_conflict,"SUGAR-: [('19', 'GRM', '.1'), ('13', 'GRM', '.10')]",780,Chocolat Eiscreme (TK) 500ML
04104420223738,duplicate_nutrient_conflict,"FAT: [('14', 'GRM', '.2'), ('9.7', 'GRM', '.11')]",780,Chocolat Eiscreme (TK) 500ML
04104420223738,duplicate_nutrient_conflict,"FASAT: [('8.3', 'GRM', '.3'), ('5.8', 'GRM', '.12')]",780,Chocolat Eiscreme (TK) 500ML
04104420223738,duplicate_nutrient_conflict,"PRO-: [('4.3', 'GRM', '.4'), ('3', 'GRM', '.13')]",780,Chocolat Eiscreme (TK) 500ML
04104420223738,duplicate_nutrient_conflict,"FIBTG: [('2', 'GRM', '.5'), ('1.4', 'GRM', '.14')]",780,Chocolat Eiscreme (TK) 500ML
04104420223738,duplicate_nutrient_conflict,"SALTEQ: [('0.11', 'GRM', '.6'), ('0.07', 'GRM', '.15')]",780,Chocolat Eiscreme (TK) 500ML
04104420223769,duplicate_nutrient_conflict,"CHOAVL: [('24', 'GRM', ''), ('17', 'GRM', '.9')]",781,Macadamia Caramel Eiscreme (TK) 500
04104420223769,duplicate_nutrient_conflict,"SUGAR-: [('21', 'GRM', '.1'), ('15', 'GRM', '.10')]",781,Macadamia Caramel Eiscreme (TK) 500
04104420223769,duplicate_nutrient_conflict,"FAT: [('15', 'GRM', '.2'), ('11', 'GRM', '.11')]",781,Macadamia Caramel Eiscreme (TK) 500
04104420223769,duplicate_nutrient_conflict,"FASAT: [('7.4', 'GRM', '.3'), ('5.2', 'GRM', '.12')]",781,Macadamia Caramel Eiscreme (TK) 500
04104420223769,duplicate_nutrient_conflict,"PRO-: [('3.8', 'GRM', '.4'), ('2.7', 'GRM', '.13')]",781,Macadamia Caramel Eiscreme (TK) 500
04104420223769,duplicate_nutrient_conflict,"FIBTG: [('0.6', 'GRM', '.5'), ('0.5', 'GRM', '.14')]",781,Macadamia Caramel Eiscreme (TK) 500
04104420223769,duplicate_nutrient_conflict,"SALTEQ: [('0.2', 'GRM', '.6'), ('0.14', 'GRM', '.15')]",781,Macadamia Caramel Eiscreme (TK) 500
04104420223820,duplicate_nutrient_conflict,"CHOAVL: [('27', 'GRM', ''), ('19', 'GRM', '.9')]",783,Himbeer Sorbet (TK) 500ML
04104420223820,duplicate_nutrient_conflict,"SUGAR-: [('21', 'GRM', '.1'), ('15', 'GRM', '.10')]",783,Himbeer Sorbet (TK) 500ML
04104420223820,duplicate_nutrient_conflict,"FIBTG: [('0.9', 'GRM', '.2'), ('0.6', 'GRM', '.11')]",783,Himbeer Sorbet (TK) 500ML
04104420223820,duplicate_nutrient,"PRO-: [('0.5', 'GRM', '.3'), ('0.5', 'GRM', '.12')]",783,Himbeer Sorbet (TK) 500ML
04104420223820,duplicate_nutrient,"FAT: [('0.5', 'GRM', '.4'), ('0.5', 'GRM', '.13')]",783,Himbeer Sorbet (TK) 500ML
04104420223820,duplicate_nutrient,"FASAT: [('0.1', 'GRM', '.5'), ('0.1', 'GRM', '.14')]",783,Himbeer Sorbet (TK) 500ML
04104420223820,duplicate_nutrient,"SALTEQ: [('0.01', 'GRM', '.6'), ('0.01', 'GRM', '.15')]",783,Himbeer Sorbet (TK) 500ML
04104420225251,nutrition_basis_lost,Source basis: 100 MLT; omitted from CSV,785,"La Mancha Rosado 0,75L"
04104420225497,duplicate_nutrient_conflict,"CHOAVL: [('7.2', 'GRM', ''), ('18', 'GRM', '.9')]",789,Gemüsereis mit Mango & Huhn 250G
04104420225497,duplicate_nutrient_conflict,"SUGAR-: [('2.6', 'GRM', '.1'), ('6.5', 'GRM', '.10')]",789,Gemüsereis mit Mango & Huhn 250G
04104420225497,duplicate_nutrient_conflict,"PRO-: [('2.4', 'GRM', '.2'), ('6', 'GRM', '.11')]",789,Gemüsereis mit Mango & Huhn 250G
04104420225497,duplicate_nutrient_conflict,"FAT: [('2', 'GRM', '.3'), ('5', 'GRM', '.12')]",789,Gemüsereis mit Mango & Huhn 250G
04104420225497,duplicate_nutrient_conflict,"FIBTG: [('1.6', 'GRM', '.4'), ('4', 'GRM', '.13')]",789,Gemüsereis mit Mango & Huhn 250G
04104420225497,duplicate_nutrient_conflict,"FASAT: [('0.5', 'GRM', '.5'), ('1.3', 'GRM', '.14')]",789,Gemüsereis mit Mango & Huhn 250G
04104420225497,duplicate_nutrient_conflict,"SALTEQ: [('0.04', 'GRM', '.6'), ('0.1', 'GRM', '.15')]",789,Gemüsereis mit Mango & Huhn 250G
04104420225565,nutrition_basis_lost,Source basis: 100 MLT; omitted from CSV,790,"Riesling 0,75L"
04104420224841,nutrition_basis_lost,Source basis: 100 MLT; omitted from CSV,801,Hafer Mandel Drink Natur 1L
04104420225299,nutrition_basis_lost,Source basis: 100 MLT; omitted from CSV,803,"La Mancha Blanco 0,75L"
04104420219588,nutrition_basis_lost,Source basis: 100 MLT; omitted from CSV,808,Kokos Drink 750ML (gekühlt)
04104420224889,nutrition_basis_lost,Source basis: 100 MLT; omitted from CSV,811,Barista Hafer mit Soja 1L
04104420228986,nutrition_basis_lost,Source basis: 100 MLT; omitted from CSV,817,"Zitronensaft 0,75L"
04104420221383,duplicate_nutrient_conflict,"CHOAVL: [('42', 'GRM', ''), ('11', 'GRM', '.9')]",821,Sesam Krokant Riegel 4er 108G
04104420221383,duplicate_nutrient_conflict,"FAT: [('35', 'GRM', '.1'), ('9.5', 'GRM', '.10')]",821,Sesam Krokant Riegel 4er 108G
04104420221383,duplicate_nutrient_conflict,"SUGAR-: [('23', 'GRM', '.2'), ('6.2', 'GRM', '.11')]",821,Sesam Krokant Riegel 4er 108G
04104420221383,duplicate_nutrient_conflict,"PRO-: [('14', 'GRM', '.3'), ('3.8', 'GRM', '.12')]",821,Sesam Krokant Riegel 4er 108G
04104420221383,duplicate_nutrient_conflict,"FASAT: [('5.3', 'GRM', '.4'), ('1.4', 'GRM', '.13')]",821,Sesam Krokant Riegel 4er 108G
04104420221383,duplicate_nutrient_conflict,"FIBTG: [('4.6', 'GRM', '.5'), ('1.2', 'GRM', '.14')]",821,Sesam Krokant Riegel 4er 108G
04104420221383,duplicate_nutrient_conflict,"SALTEQ: [('0.17', 'GRM', '.6'), ('0.05', 'GRM', '.15')]",821,Sesam Krokant Riegel 4er 108G
04104420224780,duplicate_nutrient,"FAT: [('0.5', 'GRM', ''), ('0.5', 'GRM', '.9')]",822,Dinkelkaffee 100g
04104420224780,duplicate_nutrient,"FASAT: [('0.1', 'GRM', '.1'), ('0.1', 'GRM', '.10')]",822,Dinkelkaffee 100g
04104420224780,duplicate_nutrient_conflict,"CHOAVL: [('68', 'GRM', '.2'), ('1.4', 'GRM', '.11')]",822,Dinkelkaffee 100g
04104420224780,duplicate_nutrient_conflict,"SUGAR-: [('28', 'GRM', '.3'), ('0.6', 'GRM', '.12')]",822,Dinkelkaffee 100g
04104420224780,duplicate_nutrient_conflict,"FIBTG: [('21', 'GRM', '.4'), ('0.5', 'GRM', '.13')]",822,Dinkelkaffee 100g
04104420224780,duplicate_nutrient_conflict,"PRO-: [('5.5', 'GRM', '.5'), ('0.5', 'GRM', '.14')]",822,Dinkelkaffee 100g
04104420224780,duplicate_nutrient_conflict,"SALTEQ: [('0.2', 'GRM', '.6'), ('0.01', 'GRM', '.15')]",822,Dinkelkaffee 100g
04104420143364,duplicate_nutrient_conflict,"CHOAVL: [('17.6', 'GRM', ''), ('64', 'GRM', '.9')]",836,Give away Hafer-Getreidebrei 20G
04104420143364,duplicate_nutrient_conflict,"PRO-: [('6.2', 'GRM', '.1'), ('14.3', 'GRM', '.10')]",836,Give away Hafer-Getreidebrei 20G
04104420143364,duplicate_nutrient_conflict,"SUGAR-: [('4.9', 'GRM', '.2'), ('0.9', 'GRM', '.14')]",836,Give away Hafer-Getreidebrei 20G
04104420143364,duplicate_nutrient_conflict,"FAT: [('4.7', 'GRM', '.3'), ('6.2', 'GRM', '.12')]",836,Give away Hafer-Getreidebrei 20G
04104420143364,duplicate_nutrient_conflict,"FASAT: [('2.5', 'GRM', '.4'), ('1.7', 'GRM', '.13')]",836,Give away Hafer-Getreidebrei 20G
04104420143364,duplicate_nutrient_conflict,"FIBTG: [('2', 'GRM', '.5'), ('10', 'GRM', '.11')]",836,Give away Hafer-Getreidebrei 20G
04104420143364,duplicate_nutrient_conflict,"SALTEQ: [('0.12', 'GRM', '.6'), ('0.01', 'GRM', '.15')]",836,Give away Hafer-Getreidebrei 20G
04104420143364,nutrition_basis_lost,Source basis: 1 PTN; omitted from CSV,836,Give away Hafer-Getreidebrei 20G
04104420231214,nutrition_basis_lost,Source basis: 100 MLT; omitted from CSV,848,Orangensaft 1L
04104420231696,duplicate_nutrient_conflict,"CHOAVL: [('28', 'GRM', ''), ('20', 'GRM', '.9')]",857,Haselnusseis vegan 500ML (TK)
04104420231696,duplicate_nutrient_conflict,"SUGAR-: [('22', 'GRM', '.1'), ('16', 'GRM', '.10')]",857,Haselnusseis vegan 500ML (TK)
04104420231696,duplicate_nutrient_conflict,"FAT: [('8', 'GRM', '.2'), ('5.7', 'GRM', '.11')]",857,Haselnusseis vegan 500ML (TK)
04104420231696,duplicate_nutrient_conflict,"PRO-: [('4.4', 'GRM', '.3'), ('3.2', 'GRM', '.12')]",857,Haselnusseis vegan 500ML (TK)
04104420231696,duplicate_nutrient_conflict,"FIBTG: [('2.1', 'GRM', '.4'), ('1.5', 'GRM', '.13')]",857,Haselnusseis vegan 500ML (TK)
04104420231696,duplicate_nutrient_conflict,"FASAT: [('0.8', 'GRM', '.5'), ('0.6', 'GRM', '.14')]",857,Haselnusseis vegan 500ML (TK)
04104420231696,duplicate_nutrient_conflict,"SALTEQ: [('0.02', 'GRM', '.6'), ('0.01', 'GRM', '.15')]",857,Haselnusseis vegan 500ML (TK)
04104420228597,duplicate_nutrient_conflict,"CHOAVL: [('22', 'GRM', ''), ('14', 'GRM', '.9')]",860,Vanille Eiscreme (TK) 500ML
04104420228597,duplicate_nutrient_conflict,"SUGAR-: [('20', 'GRM', '.1'), ('13', 'GRM', '.10')]",860,Vanille Eiscreme (TK) 500ML
04104420228597,duplicate_nutrient_conflict,"FAT: [('12', 'GRM', '.2'), ('7.4', 'GRM', '.11')]",860,Vanille Eiscreme (TK) 500ML
04104420228597,duplicate_nutrient_conflict,"FASAT: [('6.8', 'GRM', '.3'), ('4.4', 'GRM', '.12')]",860,Vanille Eiscreme (TK) 500ML
04104420228597,duplicate_nutrient_conflict,"PRO-: [('3.9', 'GRM', '.4'), ('2.5', 'GRM', '.13')]",860,Vanille Eiscreme (TK) 500ML
04104420228597,duplicate_nutrient,"FIBTG: [('0.5', 'GRM', '.5'), ('0.5', 'GRM', '.14')]",860,Vanille Eiscreme (TK) 500ML
04104420228597,duplicate_nutrient_conflict,"SALTEQ: [('0.14', 'GRM', '.6'), ('0.09', 'GRM', '.15')]",860,Vanille Eiscreme (TK) 500ML
04104420227620,nutrition_basis_lost,Source basis: 100 MLT; omitted from CSV,861,Kinder Tomatensauce 350ML
04104420231542,nutrition_basis_lost,Source basis: 100 MLT; omitted from CSV,865,Himbeeressig 250ML
04104420229891,duplicate_nutrient_conflict,"CHOAVL: [('7.7', 'GRM', ''), ('16.9', 'GRM', '.9')]",866,Kürbis-Risotto mit Karotten 220g
04104420229891,duplicate_nutrient_conflict,"PRO-: [('1.9', 'GRM', '.1'), ('4.2', 'GRM', '.10')]",866,Kürbis-Risotto mit Karotten 220g
04104420229891,duplicate_nutrient_conflict,"SUGAR-: [('1.9', 'GRM', '.2'), ('4.2', 'GRM', '.11')]",866,Kürbis-Risotto mit Karotten 220g
04104420229891,duplicate_nutrient_conflict,"FIBTG: [('1.7', 'GRM', '.3'), ('3.7', 'GRM', '.12')]",866,Kürbis-Risotto mit Karotten 220g
04104420229891,duplicate_nutrient_conflict,"FAT: [('1.4', 'GRM', '.4'), ('3.1', 'GRM', '.13')]",866,Kürbis-Risotto mit Karotten 220g
04104420229891,duplicate_nutrient_conflict,"FASAT: [('0.3', 'GRM', '.5'), ('0.7', 'GRM', '.14')]",866,Kürbis-Risotto mit Karotten 220g
04104420229891,duplicate_nutrient_conflict,"SALTEQ: [('0.02', 'GRM', '.6'), ('0.04', 'GRM', '.15')]",866,Kürbis-Risotto mit Karotten 220g
04104420228627,duplicate_nutrient_conflict,"CHOAVL: [('21', 'GRM', ''), ('13', 'GRM', '.9')]",870,Schoko Eiscreme (TK) 500ML
04104420228627,duplicate_nutrient_conflict,"SUGAR-: [('18', 'GRM', '.1'), ('12', 'GRM', '.10')]",870,Schoko Eiscreme (TK) 500ML
04104420228627,duplicate_nutrient_conflict,"FAT: [('12', 'GRM', '.2'), ('7.7', 'GRM', '.11')]",870,Schoko Eiscreme (TK) 500ML
04104420228627,duplicate_nutrient_conflict,"FASAT: [('7.1', 'GRM', '.3'), ('4.5', 'GRM', '.12')]",870,Schoko Eiscreme (TK) 500ML
04104420228627,duplicate_nutrient_conflict,"PRO-: [('4.2', 'GRM', '.4'), ('2.7', 'GRM', '.13')]",870,Schoko Eiscreme (TK) 500ML
04104420228627,duplicate_nutrient_conflict,"FIBTG: [('1.4', 'GRM', '.5'), ('0.9', 'GRM', '.14')]",870,Schoko Eiscreme (TK) 500ML
04104420228627,duplicate_nutrient_conflict,"SALTEQ: [('0.11', 'GRM', '.6'), ('0.07', 'GRM', '.15')]",870,Schoko Eiscreme (TK) 500ML
04104420234666,duplicate_nutrient_conflict,"CHOAVL: [('58.3', 'GRM', ''), ('1.6', 'GRM', '.9')]",871,Hafer-Kakao-Kekse 125G
04104420234666,duplicate_nutrient_conflict,"FAT: [('20.6', 'GRM', '.1'), ('0.6', 'GRM', '.10')]",871,Hafer-Kakao-Kekse 125G
04104420234666,duplicate_nutrient_conflict,"SUGAR-: [('12.9', 'GRM', '.2'), ('0.4', 'GRM', '.11')]",871,Hafer-Kakao-Kekse 125G
04104420234666,duplicate_nutrient_conflict,"FASAT: [('9', 'GRM', '.3'), ('0.3', 'GRM', '.12')]",871,Hafer-Kakao-Kekse 125G
04104420234666,duplicate_nutrient_conflict,"PRO-: [('7.7', 'GRM', '.4'), ('0.2', 'GRM', '.14')]",871,Hafer-Kakao-Kekse 125G
04104420234666,duplicate_nutrient_conflict,"FIBTG: [('6.3', 'GRM', '.5'), ('0.2', 'GRM', '.13')]",871,Hafer-Kakao-Kekse 125G
04104420234666,duplicate_nutrient_conflict,"SALTEQ: [('0.09', 'GRM', '.6'), ('0.01', 'GRM', '.15')]",871,Hafer-Kakao-Kekse 125G
04104420234529,duplicate_nutrient_conflict,"CHOAVL: [('18', 'GRM', ''), ('66.4', 'GRM', '.9')]",881,5-Korn-Getreidebrei 250G
04104420234529,duplicate_nutrient_conflict,"PRO-: [('5.6', 'GRM', '.1'), ('11.5', 'GRM', '.10')]",881,5-Korn-Getreidebrei 250G
04104420234529,duplicate_nutrient_conflict,"SUGAR-: [('4.9', 'GRM', '.2'), ('1', 'GRM', '.13')]",881,5-Korn-Getreidebrei 250G
04104420234529,duplicate_nutrient_conflict,"FAT: [('4.4', 'GRM', '.3'), ('3.2', 'GRM', '.12')]",881,5-Korn-Getreidebrei 250G
04104420234529,duplicate_nutrient_conflict,"FASAT: [('2.4', 'GRM', '.4'), ('0.8', 'GRM', '.14')]",881,5-Korn-Getreidebrei 250G
04104420234529,duplicate_nutrient_conflict,"FIBTG: [('2.2', 'GRM', '.5'), ('10.8', 'GRM', '.11')]",881,5-Korn-Getreidebrei 250G
04104420234529,duplicate_nutrient_conflict,"SALTEQ: [('0.12', 'GRM', '.6'), ('0.02', 'GRM', '.15')]",881,5-Korn-Getreidebrei 250G
04104420234529,nutrition_basis_lost,Source basis: 1 PTN; omitted from CSV,881,5-Korn-Getreidebrei 250G
04104420233836,duplicate_nutrient_conflict,"CHOAVL: [('8.8', 'GRM', ''), ('16.7', 'GRM', '.9')]",884,Erdbeere-Apfel Porridge 190G
04104420233836,duplicate_nutrient_conflict,"SUGAR-: [('3.4', 'GRM', '.1'), ('6.5', 'GRM', '.10')]",884,Erdbeere-Apfel Porridge 190G
04104420233836,duplicate_nutrient_conflict,"PRO-: [('2.4', 'GRM', '.2'), ('4.6', 'GRM', '.11')]",884,Erdbeere-Apfel Porridge 190G
04104420233836,duplicate_nutrient_conflict,"FAT: [('1', 'GRM', '.3'), ('1.9', 'GRM', '.12')]",884,Erdbeere-Apfel Porridge 190G
04104420233836,duplicate_nutrient_conflict,"FIBTG: [('0.8', 'GRM', '.4'), ('1.5', 'GRM', '.13')]",884,Erdbeere-Apfel Porridge 190G
04104420233836,duplicate_nutrient_conflict,"FASAT: [('0.4', 'GRM', '.5'), ('0.8', 'GRM', '.14')]",884,Erdbeere-Apfel Porridge 190G
04104420233836,duplicate_nutrient_conflict,"SALTEQ: [('0.08', 'GRM', '.6'), ('0.15', 'GRM', '.15')]",884,Erdbeere-Apfel Porridge 190G
04104420234383,nutrition_basis_lost,Source basis: 100 MLT; omitted from CSV,886,Cashew Drink Natur 1L
04104420232969,nutrition_basis_lost,Source basis: 100 MLT; omitted from CSV,893,"Stilltee Btl. 20x1,75g 35G"
04104420217386,duplicate_nutrient_conflict,"FAT: [('91.7', 'GRM', ''), ('2.3', 'GRM', '.9')]",894,"Rapsöl 0,25L"
04104420217386,duplicate_nutrient_conflict,"FASAT: [('7', 'GRM', '.1'), ('0.2', 'GRM', '.10')]",894,"Rapsöl 0,25L"
04104420217386,duplicate_nutrient,"CHOAVL: [('0', 'GRM', '.2'), ('0', 'GRM', '.11')]",894,"Rapsöl 0,25L"
04104420217386,duplicate_nutrient,"PRO-: [('0', 'GRM', '.3'), ('0', 'GRM', '.12')]",894,"Rapsöl 0,25L"
04104420217386,duplicate_nutrient,"SALTEQ: [('0', 'GRM', '.4'), ('0', 'GRM', '.13')]",894,"Rapsöl 0,25L"
04104420217386,duplicate_nutrient,"SUGAR-: [('0', 'GRM', '.5'), ('0', 'GRM', '.14')]",894,"Rapsöl 0,25L"
04104420217386,nutrition_basis_lost,Source basis: 100 MLT; omitted from CSV,894,"Rapsöl 0,25L"
04104420232167,duplicate_nutrient_conflict,"CHOAVL: [('31', 'GRM', ''), ('86', 'GRM', '.9')]",902,Flammkuchen Käse Lauch (TK) 275G
04104420232167,duplicate_nutrient_conflict,"FAT: [('8.3', 'GRM', '.1'), ('23', 'GRM', '.10')]",902,Flammkuchen Käse Lauch (TK) 275G
04104420232167,duplicate_nutrient_conflict,"PRO-: [('7.8', 'GRM', '.2'), ('22', 'GRM', '.11')]",902,Flammkuchen Käse Lauch (TK) 275G
04104420232167,duplicate_nutrient_conflict,"FASAT: [('4.5', 'GRM', '.3'), ('12', 'GRM', '.12')]",902,Flammkuchen Käse Lauch (TK) 275G
04104420232167,duplicate_nutrient_conflict,"SUGAR-: [('2.3', 'GRM', '.4'), ('6.3', 'GRM', '.14')]",902,Flammkuchen Käse Lauch (TK) 275G
04104420232167,duplicate_nutrient_conflict,"FIBTG: [('1.9', 'GRM', '.5'), ('6.3', 'GRM', '.13')]",902,Flammkuchen Käse Lauch (TK) 275G
04104420232167,duplicate_nutrient_conflict,"SALTEQ: [('1.3', 'GRM', '.6'), ('3.5', 'GRM', '.15')]",902,Flammkuchen Käse Lauch (TK) 275G
04104420237490,nutrition_basis_lost,Source basis: 100 MLT; omitted from CSV,906,Brat- und Backöl 750ML
04104420236097,duplicate_nutrient_conflict,"CHOAVL: [('67', 'GRM', ''), ('1.6', 'GRM', '.9')]",917,Hafer-Dinkel-Herzen 125G
04104420236097,duplicate_nutrient_conflict,"FAT: [('14.6', 'GRM', '.1'), ('0.4', 'GRM', '.10')]",917,Hafer-Dinkel-Herzen 125G
04104420236097,duplicate_nutrient_conflict,"SUGAR-: [('13', 'GRM', '.2'), ('0.3', 'GRM', '.11')]",917,Hafer-Dinkel-Herzen 125G
04104420236097,duplicate_nutrient_conflict,"PRO-: [('8.6', 'GRM', '.3'), ('0.2', 'GRM', '.12')]",917,Hafer-Dinkel-Herzen 125G
04104420236097,duplicate_nutrient_conflict,"FASAT: [('5.9', 'GRM', '.4'), ('0.1', 'GRM', '.14')]",917,Hafer-Dinkel-Herzen 125G
04104420236097,duplicate_nutrient_conflict,"FIBTG: [('4', 'GRM', '.5'), ('0.1', 'GRM', '.13')]",917,Hafer-Dinkel-Herzen 125G
04104420236097,duplicate_nutrient_conflict,"SALTEQ: [('0.29', 'GRM', '.6'), ('0.01', 'GRM', '.15')]",917,Hafer-Dinkel-Herzen 125G
04104420238282,duplicate_nutrient_conflict,"CHOAVL: [('66.1', 'GRM', ''), ('1.5', 'GRM', '.9')]",939,Dinkel Knabber Stangen 80G
04104420238282,duplicate_nutrient_conflict,"PRO-: [('13', 'GRM', '.1'), ('0.3', 'GRM', '.11')]",939,Dinkel Knabber Stangen 80G
04104420238282,duplicate_nutrient_conflict,"FAT: [('11.4', 'GRM', '.2'), ('0.3', 'GRM', '.10')]",939,Dinkel Knabber Stangen 80G
04104420238282,duplicate_nutrient_conflict,"FIBTG: [('4.3', 'GRM', '.3'), ('0.1', 'GRM', '.13')]",939,Dinkel Knabber Stangen 80G
04104420238282,duplicate_nutrient_conflict,"SUGAR-: [('2.4', 'GRM', '.4'), ('0.1', 'GRM', '.12')]",939,Dinkel Knabber Stangen 80G
04104420238282,duplicate_nutrient_conflict,"FASAT: [('1.1', 'GRM', '.5'), ('0.1', 'GRM', '.14')]",939,Dinkel Knabber Stangen 80G
04104420238282,duplicate_nutrient,"SALTEQ: [('0.01', 'GRM', '.6'), ('0.01', 'GRM', '.15')]",939,Dinkel Knabber Stangen 80G
04104420237452,duplicate_nutrient_conflict,"CHOAVL: [('8', 'GRM', ''), ('20', 'GRM', '.9')]",941,Dinkelspaghetti Linsen-Bolognese 25
04104420237452,duplicate_nutrient_conflict,"PRO-: [('2.7', 'GRM', '.1'), ('6.8', 'GRM', '.10')]",941,Dinkelspaghetti Linsen-Bolognese 25
04104420237452,duplicate_nutrient_conflict,"SUGAR-: [('2.1', 'GRM', '.2'), ('5.3', 'GRM', '.11')]",941,Dinkelspaghetti Linsen-Bolognese 25
04104420237452,duplicate_nutrient_conflict,"FAT: [('1.9', 'GRM', '.3'), ('4.8', 'GRM', '.12')]",941,Dinkelspaghetti Linsen-Bolognese 25
04104420237452,duplicate_nutrient_conflict,"FIBTG: [('1.8', 'GRM', '.4'), ('4.5', 'GRM', '.13')]",941,Dinkelspaghetti Linsen-Bolognese 25
04104420237452,duplicate_nutrient_conflict,"FASAT: [('0.2', 'GRM', '.5'), ('0.5', 'GRM', '.14')]",941,Dinkelspaghetti Linsen-Bolognese 25
04104420237452,duplicate_nutrient_conflict,"SALTEQ: [('0.03', 'GRM', '.6'), ('0.08', 'GRM', '.15')]",941,Dinkelspaghetti Linsen-Bolognese 25
04104420237292,nutrition_basis_lost,Source basis: 100 MLT; omitted from CSV,947,Haselnuss Drink Natur 1L
04104420236196,nutrition_basis_lost,Source basis: 100 MLT; omitted from CSV,948,Hafer Drink Vanille 1L
04104420239302,nutrition_basis_lost,Source basis: 100 MLT; omitted from CSV,949,Barista Erbse 1L
04104420235922,nutrition_basis_lost,Source basis: 100 MLT; omitted from CSV,952,"Sonnenblumenöl nativ 0,5L"
04104420235960,nutrition_basis_lost,Source basis: 100 MLT; omitted from CSV,954,"Rapsöl nativ 0,5L"
04104420241336,duplicate_nutrient_conflict,"CHOAVL: [('70.4', 'GRM', ''), ('7', 'GRM', '.9')]",971,Baby Dinkel Zwieback 200G
04104420241336,duplicate_nutrient_conflict,"PRO-: [('12', 'GRM', '.1'), ('1.2', 'GRM', '.10')]",971,Baby Dinkel Zwieback 200G
04104420241336,duplicate_nutrient_conflict,"FAT: [('6.6', 'GRM', '.2'), ('0.7', 'GRM', '.11')]",971,Baby Dinkel Zwieback 200G
04104420241336,duplicate_nutrient_conflict,"FIBTG: [('4.2', 'GRM', '.3'), ('0.4', 'GRM', '.12')]",971,Baby Dinkel Zwieback 200G
04104420241336,duplicate_nutrient_conflict,"SUGAR-: [('3.3', 'GRM', '.4'), ('0.3', 'GRM', '.13')]",971,Baby Dinkel Zwieback 200G
04104420241336,duplicate_nutrient_conflict,"FASAT: [('1.2', 'GRM', '.5'), ('0.1', 'GRM', '.14')]",971,Baby Dinkel Zwieback 200G
04104420241336,duplicate_nutrient,"SALTEQ: [('0.01', 'GRM', '.6'), ('0.01', 'GRM', '.15')]",971,Baby Dinkel Zwieback 200G
04104420237414,nutrition_basis_lost,Source basis: 100 MLT; omitted from CSV,974,Kokosöl neutral im Geschmack 400ML
04104420237339,nutrition_basis_lost,Source basis: 100 MLT; omitted from CSV,975,Kokosöl nativ 400ML
00000040045160,duplicate_nutrient_conflict,"CHOAVL: [('65.3', 'GRM', ''), ('15', 'GRM', '.9')]",980,Früchteriegel Fruchtallerlei 23G
00000040045160,duplicate_nutrient_conflict,"SUGAR-: [('41.8', 'GRM', '.1'), ('9.6', 'GRM', '.10')]",980,Früchteriegel Fruchtallerlei 23G
00000040045160,duplicate_nutrient_conflict,"FAT: [('8.1', 'GRM', '.2'), ('1.9', 'GRM', '.11')]",980,Früchteriegel Fruchtallerlei 23G
00000040045160,duplicate_nutrient_conflict,"FIBTG: [('5.2', 'GRM', '.3'), ('1.2', 'GRM', '.12')]",980,Früchteriegel Fruchtallerlei 23G
00000040045160,duplicate_nutrient_conflict,"PRO-: [('4.8', 'GRM', '.4'), ('1.1', 'GRM', '.13')]",980,Früchteriegel Fruchtallerlei 23G
00000040045160,duplicate_nutrient_conflict,"FASAT: [('3.6', 'GRM', '.5'), ('0.8', 'GRM', '.14')]",980,Früchteriegel Fruchtallerlei 23G
00000040045160,duplicate_nutrient_conflict,"SALTEQ: [('0.03', 'GRM', '.6'), ('0.01', 'GRM', '.15')]",980,Früchteriegel Fruchtallerlei 23G
04104420242043,nutrition_basis_lost,Source basis: 100 MLT; omitted from CSV,981,Tomatensauce Ricotta 350ML
00000040045122,nutrition_basis_lost,Source basis: 100 MLT; omitted from CSV,983,Passata 690G
00000040045146,duplicate_nutrient_conflict,"CHOAVL: [('62.3', 'GRM', ''), ('14.3', 'GRM', '.9')]",985,Früchteriegel Mango-Apfel 23G
00000040045146,duplicate_nutrient_conflict,"SUGAR-: [('38.4', 'GRM', '.1'), ('8.8', 'GRM', '.10')]",985,Früchteriegel Mango-Apfel 23G
00000040045146,duplicate_nutrient_conflict,"FAT: [('9.5', 'GRM', '.2'), ('2.2', 'GRM', '.11')]",985,Früchteriegel Mango-Apfel 23G
00000040045146,duplicate_nutrient_conflict,"FIBTG: [('5.4', 'GRM', '.3'), ('1.2', 'GRM', '.12')]",985,Früchteriegel Mango-Apfel 23G
00000040045146,duplicate_nutrient_conflict,"PRO-: [('5.4', 'GRM', '.4'), ('1.2', 'GRM', '.13')]",985,Früchteriegel Mango-Apfel 23G
00000040045146,duplicate_nutrient_conflict,"FASAT: [('4.1', 'GRM', '.5'), ('0.9', 'GRM', '.14')]",985,Früchteriegel Mango-Apfel 23G
00000040045146,duplicate_nutrient_conflict,"SALTEQ: [('0.03', 'GRM', '.6'), ('0.01', 'GRM', '.15')]",985,Früchteriegel Mango-Apfel 23G
00000040045153,duplicate_nutrient_conflict,"CHOAVL: [('64.9', 'GRM', ''), ('14.9', 'GRM', '.9')]",986,Früchteriegel Traube-Himbeere 23G
00000040045153,duplicate_nutrient_conflict,"SUGAR-: [('41.2', 'GRM', '.1'), ('9.5', 'GRM', '.10')]",986,Früchteriegel Traube-Himbeere 23G
00000040045153,duplicate_nutrient_conflict,"FAT: [('7', 'GRM', '.2'), ('1.6', 'GRM', '.11')]",986,Früchteriegel Traube-Himbeere 23G
00000040045153,duplicate_nutrient_conflict,"FIBTG: [('5.3', 'GRM', '.3'), ('1.2', 'GRM', '.12')]",986,Früchteriegel Traube-Himbeere 23G
00000040045153,duplicate_nutrient_conflict,"PRO-: [('5.3', 'GRM', '.4'), ('1.2', 'GRM', '.13')]",986,Früchteriegel Traube-Himbeere 23G
00000040045153,duplicate_nutrient_conflict,"FASAT: [('3', 'GRM', '.5'), ('0.7', 'GRM', '.14')]",986,Früchteriegel Traube-Himbeere 23G
00000040045153,duplicate_nutrient_conflict,"SALTEQ: [('0.02', 'GRM', '.6'), ('0.01', 'GRM', '.15')]",986,Früchteriegel Traube-Himbeere 23G
04104420240940,nutrition_basis_lost,Source basis: 100 MLT; omitted from CSV,987,Kokos Cuisine 200ml
00000040045184,duplicate_nutrient_conflict,"CHOAVL: [('62.8', 'GRM', ''), ('14.4', 'GRM', '.9')]",988,Früchteriegel Birne-Blaubeere 23G
00000040045184,duplicate_nutrient_conflict,"SUGAR-: [('37.8', 'GRM', '.1'), ('8.7', 'GRM', '.10')]",988,Früchteriegel Birne-Blaubeere 23G
00000040045184,duplicate_nutrient_conflict,"FAT: [('6.4', 'GRM', '.2'), ('1.5', 'GRM', '.11')]",988,Früchteriegel Birne-Blaubeere 23G
00000040045184,duplicate_nutrient_conflict,"PRO-: [('5.9', 'GRM', '.3'), ('1.4', 'GRM', '.12')]",988,Früchteriegel Birne-Blaubeere 23G
00000040045184,duplicate_nutrient_conflict,"FIBTG: [('4.3', 'GRM', '.4'), ('1', 'GRM', '.13')]",988,Früchteriegel Birne-Blaubeere 23G
00000040045184,duplicate_nutrient_conflict,"FASAT: [('2.7', 'GRM', '.5'), ('0.6', 'GRM', '.14')]",988,Früchteriegel Birne-Blaubeere 23G
00000040045184,duplicate_nutrient_conflict,"SALTEQ: [('0.03', 'GRM', '.6'), ('0.01', 'GRM', '.15')]",988,Früchteriegel Birne-Blaubeere 23G
00000040045177,duplicate_nutrient_conflict,"CHOAVL: [('63.6', 'GRM', ''), ('14.6', 'GRM', '.9')]",989,Früchteriegel Banane-Apfel 23G
00000040045177,duplicate_nutrient_conflict,"SUGAR-: [('39.1', 'GRM', '.1'), ('9', 'GRM', '.10')]",989,Früchteriegel Banane-Apfel 23G
00000040045177,duplicate_nutrient_conflict,"FAT: [('9.1', 'GRM', '.2'), ('2.1', 'GRM', '.11')]",989,Früchteriegel Banane-Apfel 23G
00000040045177,duplicate_nutrient_conflict,"FIBTG: [('5.1', 'GRM', '.3'), ('1.2', 'GRM', '.12')]",989,Früchteriegel Banane-Apfel 23G
00000040045177,duplicate_nutrient_conflict,"PRO-: [('5.1', 'GRM', '.4'), ('1.2', 'GRM', '.13')]",989,Früchteriegel Banane-Apfel 23G
00000040045177,duplicate_nutrient_conflict,"FASAT: [('4.1', 'GRM', '.5'), ('0.9', 'GRM', '.14')]",989,Früchteriegel Banane-Apfel 23G
00000040045177,duplicate_nutrient_conflict,"SALTEQ: [('0.03', 'GRM', '.6'), ('0.01', 'GRM', '.15')]",989,Früchteriegel Banane-Apfel 23G
04104420240841,duplicate_nutrient_conflict,"CHOAVL: [('53', 'GRM', ''), ('1.3', 'GRM', '.9')]",990,Dinkel Käse Sticks 80G
04104420240841,duplicate_nutrient_conflict,"PRO-: [('19', 'GRM', '.1'), ('0.5', 'GRM', '.11')]",990,Dinkel Käse Sticks 80G
04104420240841,duplicate_nutrient_conflict,"FAT: [('13', 'GRM', '.2'), ('0.3', 'GRM', '.13')]",990,Dinkel Käse Sticks 80G
04104420240841,duplicate_nutrient_conflict,"FASAT: [('4.5', 'GRM', '.3'), ('0.1', 'GRM', '.14')]",990,Dinkel Käse Sticks 80G
04104420240841,duplicate_nutrient_conflict,"FIBTG: [('3.5', 'GRM', '.4'), ('0.5', 'GRM', '.10')]",990,Dinkel Käse Sticks 80G
04104420240841,duplicate_nutrient_conflict,"SALTEQ: [('0.99', 'GRM', '.5'), ('0.02', 'GRM', '.15')]",990,Dinkel Käse Sticks 80G
04104420240841,duplicate_nutrient_conflict,"SUGAR-: [('0.7', 'GRM', '.6'), ('0.5', 'GRM', '.12')]",990,Dinkel Käse Sticks 80G
04104420241213,duplicate_nutrient_conflict,"CHOAVL: [('28', 'GRM', ''), ('20', 'GRM', '.9'), ('27', 'GRM', '.17'), ('18', 'GRM', '.25')]",991,Classic & Mandel Eis (TK) 440ML
04104420241213,duplicate_nutrient_conflict,"FAT: [('25', 'GRM', '.1'), ('17', 'GRM', '.11'), ('22', 'GRM', '.19'), ('15', 'GRM', '.27')]",991,Classic & Mandel Eis (TK) 440ML
04104420241213,duplicate_nutrient_conflict,"SUGAR-: [('20', 'GRM', '.2'), ('18', 'GRM', '.10'), ('25', 'GRM', '.18'), ('17', 'GRM', '.26')]",991,Classic & Mandel Eis (TK) 440ML
04104420241213,duplicate_nutrient_conflict,"FASAT: [('13', 'GRM', '.3'), ('9.1', 'GRM', '.12'), ('13', 'GRM', '.20'), ('9.1', 'GRM', '.28')]",991,Classic & Mandel Eis (TK) 440ML
04104420241213,duplicate_nutrient_conflict,"PRO-: [('5.3', 'GRM', '.4'), ('3.7', 'GRM', '.13'), ('4.9', 'GRM', '.21'), ('3.3', 'GRM', '.29')]",991,Classic & Mandel Eis (TK) 440ML
04104420241213,duplicate_nutrient_conflict,"FIBTG: [('1.2', 'GRM', '.5'), ('0.8', 'GRM', '.14'), ('1.9', 'GRM', '.22'), ('1.3', 'GRM', '.30')]",991,Classic & Mandel Eis (TK) 440ML
04104420241213,duplicate_nutrient_conflict,"SALTEQ: [('0.14', 'GRM', '.6'), ('0.1', 'GRM', '.15'), ('0.08', 'GRM', '.23'), ('0.06', 'GRM', '.31')]",991,Classic & Mandel Eis (TK) 440ML
04104420241176,nutrition_basis_lost,Source basis: 100 MLT; omitted from CSV,992,Hafer Cuisine 200ml
04104420239524,duplicate_nutrient_conflict,"CHOAVL: [('5.6', 'GRM', ''), ('10.6', 'GRM', '.9')]",1010,Gartengemüse mit Reis & Huhn 190G
04104420239524,duplicate_nutrient_conflict,"PRO-: [('2.7', 'GRM', '.1'), ('5.1', 'GRM', '.10')]",1010,Gartengemüse mit Reis & Huhn 190G
04104420239524,duplicate_nutrient_conflict,"FAT: [('2.3', 'GRM', '.2'), ('4.4', 'GRM', '.11')]",1010,Gartengemüse mit Reis & Huhn 190G
04104420239524,duplicate_nutrient_conflict,"SUGAR-: [('1.8', 'GRM', '.3'), ('3.4', 'GRM', '.12')]",1010,Gartengemüse mit Reis & Huhn 190G
04104420239524,duplicate_nutrient_conflict,"FIBTG: [('1.6', 'GRM', '.4'), ('3', 'GRM', '.13')]",1010,Gartengemüse mit Reis & Huhn 190G
04104420239524,duplicate_nutrient_conflict,"FASAT: [('0.5', 'GRM', '.5'), ('1', 'GRM', '.14')]",1010,Gartengemüse mit Reis & Huhn 190G
04104420239524,duplicate_nutrient_conflict,"SALTEQ: [('0.05', 'GRM', '.6'), ('0.1', 'GRM', '.15')]",1010,Gartengemüse mit Reis & Huhn 190G
04104420244092,duplicate_nutrient_conflict,"FIBTG: [('35', 'GRM', ''), ('5.2', 'GRM', '.9'), ('5.2', 'GRM', '.17')]",1027,Chiasamen 200G
04104420244092,duplicate_nutrient_conflict,"FAT: [('33', 'GRM', '.1'), ('4.9', 'GRM', '.10'), ('4.9', 'GRM', '.18')]",1027,Chiasamen 200G
04104420244092,duplicate_nutrient_conflict,"FAPUCIS: [('26', 'GRM', '.2'), ('3.9', 'GRM', '.11'), ('3.9', 'GRM', '.19')]",1027,Chiasamen 200G
04104420244092,duplicate_nutrient_conflict,"PRO-: [('22', 'GRM', '.3'), ('3.3', 'GRM', '.12'), ('3.3', 'GRM', '.20')]",1027,Chiasamen 200G
04104420244092,duplicate_nutrient_conflict,"FASAT: [('3.4', 'GRM', '.4'), ('0.5', 'GRM', '.13'), ('0.5', 'GRM', '.21')]",1027,Chiasamen 200G
04104420244092,duplicate_nutrient_conflict,"CHOAVL: [('2', 'GRM', '.5'), ('0.5', 'GRM', '.14'), ('0.5', 'GRM', '.22')]",1027,Chiasamen 200G
04104420244092,duplicate_nutrient_conflict,"SUGAR-: [('0.6', 'GRM', '.6'), ('0.5', 'GRM', '.15'), ('0.5', 'GRM', '.23')]",1027,Chiasamen 200G
04104420244092,duplicate_nutrient_conflict,"SALTEQ: [('0.05', 'GRM', '.7'), ('0.01', 'GRM', '.16'), ('0.01', 'GRM', '.24')]",1027,Chiasamen 200G
04104420241749,duplicate_nutrient_conflict,"CHOAVL: [('25', 'GRM', ''), ('87', 'GRM', '.9')]",1037,Pizza Grillgemüse Hummus (TK) 350G
04104420241749,duplicate_nutrient_conflict,"PRO-: [('5.2', 'GRM', '.1'), ('18', 'GRM', '.10')]",1037,Pizza Grillgemüse Hummus (TK) 350G
04104420241749,duplicate_nutrient_conflict,"FAT: [('3.6', 'GRM', '.2'), ('13', 'GRM', '.11')]",1037,Pizza Grillgemüse Hummus (TK) 350G
04104420241749,duplicate_nutrient_conflict,"SUGAR-: [('2.3', 'GRM', '.3'), ('7.9', 'GRM', '.12')]",1037,Pizza Grillgemüse Hummus (TK) 350G
04104420241749,duplicate_nutrient_conflict,"FIBTG: [('1.9', 'GRM', '.4'), ('6.5', 'GRM', '.13')]",1037,Pizza Grillgemüse Hummus (TK) 350G
04104420241749,duplicate_nutrient_conflict,"SALTEQ: [('1.1', 'GRM', '.5'), ('3.8', 'GRM', '.14')]",1037,Pizza Grillgemüse Hummus (TK) 350G
04104420241749,duplicate_nutrient_conflict,"FASAT: [('0.5', 'GRM', '.6'), ('1.9', 'GRM', '.15')]",1037,Pizza Grillgemüse Hummus (TK) 350G
04104420241770,duplicate_nutrient_conflict,"CHOAVL: [('26', 'GRM', ''), ('81', 'GRM', '.9'), ('81', 'GRM', '.17')]",1038,Pizza Büffelmozzarella (TK) 315G
04104420241770,duplicate_nutrient_conflict,"PRO-: [('6.7', 'GRM', '.1'), ('21', 'GRM', '.10'), ('21', 'GRM', '.18')]",1038,Pizza Büffelmozzarella (TK) 315G
04104420241770,duplicate_nutrient_conflict,"FAT: [('4.3', 'GRM', '.2'), ('14', 'GRM', '.11'), ('14', 'GRM', '.19')]",1038,Pizza Büffelmozzarella (TK) 315G
04104420241770,duplicate_nutrient_conflict,"FASAT: [('2', 'GRM', '.3'), ('6.4', 'GRM', '.12'), ('6.4', 'GRM', '.20')]",1038,Pizza Büffelmozzarella (TK) 315G
04104420241770,duplicate_nutrient_conflict,"SUGAR-: [('1.8', 'GRM', '.4'), ('5.8', 'GRM', '.13'), ('5.8', 'GRM', '.21')]",1038,Pizza Büffelmozzarella (TK) 315G
04104420241770,duplicate_nutrient_conflict,"FIBTG: [('1.7', 'GRM', '.5'), ('5.3', 'GRM', '.14'), ('5.3', 'GRM', '.22')]",1038,Pizza Büffelmozzarella (TK) 315G
04104420241770,duplicate_nutrient_conflict,"SALTEQ: [('1.2', 'GRM', '.6'), ('3.8', 'GRM', '.15'), ('3.8', 'GRM', '.23')]",1038,Pizza Büffelmozzarella (TK) 315G
04104420241800,duplicate_nutrient_conflict,"CHOAVL: [('25', 'GRM', ''), ('88', 'GRM', '.9')]",1039,Pizza Thunfisch (TK) 350G
04104420241800,duplicate_nutrient_conflict,"PRO-: [('9', 'GRM', '.1'), ('32', 'GRM', '.10')]",1039,Pizza Thunfisch (TK) 350G
04104420241800,duplicate_nutrient_conflict,"FAT: [('3.6', 'GRM', '.2'), ('13', 'GRM', '.11')]",1039,Pizza Thunfisch (TK) 350G
04104420241800,duplicate_nutrient_conflict,"FASAT: [('2', 'GRM', '.3'), ('7', 'GRM', '.12')]",1039,Pizza Thunfisch (TK) 350G
04104420241800,duplicate_nutrient_conflict,"SUGAR-: [('1.6', 'GRM', '.4'), ('5.5', 'GRM', '.13')]",1039,Pizza Thunfisch (TK) 350G
04104420241800,duplicate_nutrient_conflict,"FIBTG: [('1.5', 'GRM', '.5'), ('5.4', 'GRM', '.14')]",1039,Pizza Thunfisch (TK) 350G
04104420241800,duplicate_nutrient_conflict,"SALTEQ: [('1.3', 'GRM', '.6'), ('4.4', 'GRM', '.15')]",1039,Pizza Thunfisch (TK) 350G
00000040045238,nutrition_basis_lost,Source basis: 100 MLT; omitted from CSV,1043,Passata 690G
04104420244160,duplicate_nutrient_conflict,"CHOAVL: [('33', 'GRM', ''), ('99', 'GRM', '.9')]",1045,Pizza Margherita (TK) 300G
04104420244160,duplicate_nutrient_conflict,"PRO-: [('8.7', 'GRM', '.1'), ('26', 'GRM', '.10')]",1045,Pizza Margherita (TK) 300G
04104420244160,duplicate_nutrient_conflict,"FAT: [('5.9', 'GRM', '.2'), ('18', 'GRM', '.11')]",1045,Pizza Margherita (TK) 300G
04104420244160,duplicate_nutrient_conflict,"SUGAR-: [('3.1', 'GRM', '.3'), ('9.3', 'GRM', '.12')]",1045,Pizza Margherita (TK) 300G
04104420244160,duplicate_nutrient_conflict,"FASAT: [('2.6', 'GRM', '.4'), ('7.8', 'GRM', '.13')]",1045,Pizza Margherita (TK) 300G
04104420244160,duplicate_nutrient_conflict,"FIBTG: [('2.1', 'GRM', '.5'), ('6.3', 'GRM', '.14')]",1045,Pizza Margherita (TK) 300G
04104420244160,duplicate_nutrient_conflict,"SALTEQ: [('1.2', 'GRM', '.6'), ('3.6', 'GRM', '.15')]",1045,Pizza Margherita (TK) 300G
04104420244191,duplicate_nutrient_conflict,"CHOAVL: [('28', 'GRM', ''), ('96', 'GRM', '.9')]",1046,Pizza Vegetale (TK) 340G
04104420244191,duplicate_nutrient_conflict,"PRO-: [('7.6', 'GRM', '.1'), ('26', 'GRM', '.10')]",1046,Pizza Vegetale (TK) 340G
04104420244191,duplicate_nutrient_conflict,"FAT: [('5.2', 'GRM', '.2'), ('18', 'GRM', '.11')]",1046,Pizza Vegetale (TK) 340G
04104420244191,duplicate_nutrient_conflict,"SUGAR-: [('3.2', 'GRM', '.3'), ('11', 'GRM', '.12')]",1046,Pizza Vegetale (TK) 340G
04104420244191,duplicate_nutrient_conflict,"FIBTG: [('2.5', 'GRM', '.4'), ('8.5', 'GRM', '.13')]",1046,Pizza Vegetale (TK) 340G
04104420244191,duplicate_nutrient_conflict,"FASAT: [('2.3', 'GRM', '.5'), ('7.8', 'GRM', '.14')]",1046,Pizza Vegetale (TK) 340G
04104420244191,duplicate_nutrient_conflict,"SALTEQ: [('0.98', 'GRM', '.6'), ('3.3', 'GRM', '.15')]",1046,Pizza Vegetale (TK) 340G
04104420244252,duplicate_nutrient_conflict,"CHOAVL: [('30', 'GRM', ''), ('96', 'GRM', '.9')]",1047,Pizza Salami (TK) 320G
04104420244252,duplicate_nutrient_conflict,"PRO-: [('9.6', 'GRM', '.1'), ('31', 'GRM', '.10')]",1047,Pizza Salami (TK) 320G
04104420244252,duplicate_nutrient_conflict,"FAT: [('8.1', 'GRM', '.2'), ('26', 'GRM', '.11')]",1047,Pizza Salami (TK) 320G
04104420244252,duplicate_nutrient_conflict,"FASAT: [('3.2', 'GRM', '.3'), ('10', 'GRM', '.12')]",1047,Pizza Salami (TK) 320G
04104420244252,duplicate_nutrient_conflict,"SUGAR-: [('3', 'GRM', '.4'), ('10', 'GRM', '.13')]",1047,Pizza Salami (TK) 320G
04104420244252,duplicate_nutrient_conflict,"FIBTG: [('2.2', 'GRM', '.5'), ('7', 'GRM', '.14')]",1047,Pizza Salami (TK) 320G
04104420244252,duplicate_nutrient_conflict,"SALTEQ: [('1.3', 'GRM', '.6'), ('4.2', 'GRM', '.15')]",1047,Pizza Salami (TK) 320G
04104420242531,duplicate_nutrient_conflict,"CHOAVL: [('27', 'GRM', ''), ('21', 'GRM', '.9')]",1049,Stieleis Classic Vegan 4 Stück 440M
04104420242531,duplicate_nutrient_conflict,"SUGAR-: [('19', 'GRM', '.1'), ('15', 'GRM', '.10')]",1049,Stieleis Classic Vegan 4 Stück 440M
04104420242531,duplicate_nutrient_conflict,"FAT: [('19', 'GRM', '.2'), ('15', 'GRM', '.11')]",1049,Stieleis Classic Vegan 4 Stück 440M
04104420242531,duplicate_nutrient_conflict,"FASAT: [('9.1', 'GRM', '.3'), ('7', 'GRM', '.12')]",1049,Stieleis Classic Vegan 4 Stück 440M
04104420242531,duplicate_nutrient_conflict,"FIBTG: [('2.7', 'GRM', '.4'), ('2.1', 'GRM', '.13')]",1049,Stieleis Classic Vegan 4 Stück 440M
04104420242531,duplicate_nutrient_conflict,"PRO-: [('2.6', 'GRM', '.5'), ('2', 'GRM', '.14')]",1049,Stieleis Classic Vegan 4 Stück 440M
04104420242531,duplicate_nutrient_conflict,"SALTEQ: [('0.04', 'GRM', '.6'), ('0.03', 'GRM', '.15')]",1049,Stieleis Classic Vegan 4 Stück 440M
04104420242562,duplicate_nutrient_conflict,"CHOAVL: [('21', 'GRM', ''), ('23', 'GRM', '.9')]",1050,Stieleis Classic Vegan 1 Stück 110M
04104420242562,duplicate_nutrient_conflict,"SUGAR-: [('15', 'GRM', '.1'), ('17', 'GRM', '.10')]",1050,Stieleis Classic Vegan 1 Stück 110M
04104420242562,duplicate_nutrient_conflict,"FAT: [('15', 'GRM', '.2'), ('17', 'GRM', '.11')]",1050,Stieleis Classic Vegan 1 Stück 110M
04104420242562,duplicate_nutrient_conflict,"FASAT: [('7', 'GRM', '.3'), ('7.7', 'GRM', '.12')]",1050,Stieleis Classic Vegan 1 Stück 110M
04104420242562,duplicate_nutrient_conflict,"FIBTG: [('2.1', 'GRM', '.4'), ('2.3', 'GRM', '.13')]",1050,Stieleis Classic Vegan 1 Stück 110M
04104420242562,duplicate_nutrient_conflict,"PRO-: [('2', 'GRM', '.5'), ('2.2', 'GRM', '.14')]",1050,Stieleis Classic Vegan 1 Stück 110M
04104420242562,duplicate_nutrient,"SALTEQ: [('0.03', 'GRM', '.6'), ('0.03', 'GRM', '.15')]",1050,Stieleis Classic Vegan 1 Stück 110M
04104420242562,nutrition_basis_lost,Source basis: 100 MLT; omitted from CSV,1050,Stieleis Classic Vegan 1 Stück 110M
04104420244504,nutrition_basis_lost,Source basis: 100 MLT; omitted from CSV,1051,Hafer Alge Drink 1L
04104420238633,nutrition_basis_lost,Source basis: 100 MLT; omitted from CSV,1064,Mildes Leinöl nativ 250ML
04104420242760,duplicate_nutrient_conflict,"CHOAVL: [('18', 'GRM', ''), ('20', 'GRM', '.9')]",1067,Classic Eis am Stiel (TK) 110ML
04104420242760,duplicate_nutrient_conflict,"SUGAR-: [('17', 'GRM', '.1'), ('19', 'GRM', '.10')]",1067,Classic Eis am Stiel (TK) 110ML
04104420242760,duplicate_nutrient_conflict,"FAT: [('15', 'GRM', '.2'), ('17', 'GRM', '.11')]",1067,Classic Eis am Stiel (TK) 110ML
04104420242760,duplicate_nutrient_conflict,"FASAT: [('9.1', 'GRM', '.3'), ('10', 'GRM', '.12')]",1067,Classic Eis am Stiel (TK) 110ML
04104420242760,duplicate_nutrient_conflict,"PRO-: [('3.3', 'GRM', '.4'), ('3.7', 'GRM', '.13')]",1067,Classic Eis am Stiel (TK) 110ML
04104420242760,duplicate_nutrient_conflict,"FIBTG: [('1.3', 'GRM', '.5'), ('1.5', 'GRM', '.14')]",1067,Classic Eis am Stiel (TK) 110ML
04104420242760,duplicate_nutrient_conflict,"SALTEQ: [('0.06', 'GRM', '.6'), ('0.07', 'GRM', '.15')]",1067,Classic Eis am Stiel (TK) 110ML
04104420242760,nutrition_basis_lost,Source basis: 100 MLT; omitted from CSV,1067,Classic Eis am Stiel (TK) 110ML
04104420242791,duplicate_nutrient_conflict,"CHOAVL: [('20', 'GRM', ''), ('22', 'GRM', '.9')]",1068,Mandel Eis am Stiel (TK) 110ML
04104420242791,duplicate_nutrient_conflict,"SUGAR-: [('18', 'GRM', '.1'), ('20', 'GRM', '.10')]",1068,Mandel Eis am Stiel (TK) 110ML
04104420242791,duplicate_nutrient_conflict,"FAT: [('17', 'GRM', '.2'), ('19', 'GRM', '.11')]",1068,Mandel Eis am Stiel (TK) 110ML
04104420242791,duplicate_nutrient_conflict,"FASAT: [('9.1', 'GRM', '.3'), ('10', 'GRM', '.12')]",1068,Mandel Eis am Stiel (TK) 110ML
04104420242791,duplicate_nutrient_conflict,"PRO-: [('3.7', 'GRM', '.4'), ('4.1', 'GRM', '.13')]",1068,Mandel Eis am Stiel (TK) 110ML
04104420242791,duplicate_nutrient_conflict,"FIBTG: [('0.8', 'GRM', '.5'), ('0.9', 'GRM', '.14')]",1068,Mandel Eis am Stiel (TK) 110ML
04104420242791,duplicate_nutrient_conflict,"SALTEQ: [('0.1', 'GRM', '.6'), ('0.11', 'GRM', '.15')]",1068,Mandel Eis am Stiel (TK) 110ML
04104420242791,nutrition_basis_lost,Source basis: 100 MLT; omitted from CSV,1068,Mandel Eis am Stiel (TK) 110ML
04104420249226,duplicate_nutrient_conflict,"CHOAVL: [('81', 'GRM', ''), ('1.2', 'GRM', '.9')]",1078,Apfel Beeren Reiswaffeln 35G
04104420249226,duplicate_nutrient_conflict,"PRO-: [('7.2', 'GRM', '.1'), ('0.1', 'GRM', '.10')]",1078,Apfel Beeren Reiswaffeln 35G
04104420249226,duplicate_nutrient_conflict,"SUGAR-: [('6.9', 'GRM', '.2'), ('0.1', 'GRM', '.11')]",1078,Apfel Beeren Reiswaffeln 35G
04104420249226,duplicate_nutrient_conflict,"FIBTG: [('0.8', 'GRM', '.3'), ('0.1', 'GRM', '.14')]",1078,Apfel Beeren Reiswaffeln 35G
04104420249226,duplicate_nutrient_conflict,"FAT: [('0.7', 'GRM', '.4'), ('0.1', 'GRM', '.13')]",1078,Apfel Beeren Reiswaffeln 35G
04104420249226,duplicate_nutrient_conflict,"FASAT: [('0.2', 'GRM', '.5'), ('0.1', 'GRM', '.12')]",1078,Apfel Beeren Reiswaffeln 35G
04104420249226,duplicate_nutrient_conflict,"SALTEQ: [('0.03', 'GRM', '.6'), ('0.01', 'GRM', '.15')]",1078,Apfel Beeren Reiswaffeln 35G
04104420248823,nutrition_basis_lost,Source basis: 100 MLT; omitted from CSV,1081,"Olivenöl 0,5L"
04104420250062,duplicate_nutrient_conflict,"CHOAVL: [('21.5', 'GRM', ''), ('84.1', 'GRM', '.9')]",1093,Reisflocken 250G
04104420250062,duplicate_nutrient_conflict,"PRO-: [('4.9', 'GRM', '.1'), ('8', 'GRM', '.10')]",1093,Reisflocken 250G
04104420250062,duplicate_nutrient_conflict,"SUGAR-: [('4.7', 'GRM', '.2'), ('0.2', 'GRM', '.14')]",1093,Reisflocken 250G
04104420250062,duplicate_nutrient_conflict,"FAT: [('3.7', 'GRM', '.3'), ('0.8', 'GRM', '.12')]",1093,Reisflocken 250G
04104420250062,duplicate_nutrient_conflict,"FASAT: [('2.2', 'GRM', '.4'), ('0.2', 'GRM', '.13')]",1093,Reisflocken 250G
04104420250062,duplicate_nutrient_conflict,"FIBTG: [('0.3', 'GRM', '.5'), ('2.8', 'GRM', '.11')]",1093,Reisflocken 250G
04104420250062,duplicate_nutrient_conflict,"SALTEQ: [('0.11', 'GRM', '.6'), ('0.01', 'GRM', '.15')]",1093,Reisflocken 250G
04104420250062,nutrition_basis_lost,Source basis: 1 PTN; omitted from CSV,1093,Reisflocken 250G
04104420245396,nutrition_basis_lost,Source basis: 100 MLT; omitted from CSV,1094,"Orangensaft mit Fruchtfleisch 0,75L"
04104420249189,nutrition_basis_lost,Source basis: 100 MLT; omitted from CSV,1097,"Vegetarische Soja Bolognese 0,35L"
04104420249967,duplicate_nutrient_conflict,"FAT: [('33', 'GRM', ''), ('5', 'GRM', '.9')]",1119,Chiasamen 500g
04104420249967,duplicate_nutrient_conflict,"FIBTG: [('28', 'GRM', '.1'), ('4.2', 'GRM', '.10')]",1119,Chiasamen 500g
04104420249967,duplicate_nutrient_conflict,"FAPUCIS: [('26', 'GRM', '.2'), ('3.9', 'GRM', '.11')]",1119,Chiasamen 500g
04104420249967,duplicate_nutrient_conflict,"PRO-: [('23', 'GRM', '.3'), ('3.5', 'GRM', '.12')]",1119,Chiasamen 500g
04104420249967,duplicate_nutrient_conflict,"CHOAVL: [('5.5', 'GRM', '.4'), ('0.8', 'GRM', '.13')]",1119,Chiasamen 500g
04104420249967,duplicate_nutrient_conflict,"FASAT: [('4.1', 'GRM', '.5'), ('0.6', 'GRM', '.14')]",1119,Chiasamen 500g
04104420249967,duplicate_nutrient_conflict,"SUGAR-: [('1', 'GRM', '.6'), ('0.2', 'GRM', '.15')]",1119,Chiasamen 500g
04104420249967,duplicate_nutrient,"SALTEQ: [('0', 'GRM', '.7'), ('0', 'GRM', '.16')]",1119,Chiasamen 500g
04104420251939,duplicate_nutrient_conflict,"CHOAVL: [('18.3', 'GRM', ''), ('68.1', 'GRM', '.9')]",1121,Dinkel Getreidebrei 250G
04104420251939,duplicate_nutrient_conflict,"PRO-: [('6.2', 'GRM', '.1'), ('14', 'GRM', '.10')]",1121,Dinkel Getreidebrei 250G
04104420251939,duplicate_nutrient_conflict,"SUGAR-: [('4.8', 'GRM', '.2'), ('0.5', 'GRM', '.13')]",1121,Dinkel Getreidebrei 250G
04104420251939,duplicate_nutrient_conflict,"FAT: [('4.1', 'GRM', '.3'), ('2.7', 'GRM', '.12')]",1121,Dinkel Getreidebrei 250G
04104420251939,duplicate_nutrient_conflict,"FASAT: [('2.3', 'GRM', '.4'), ('0.3', 'GRM', '.14')]",1121,Dinkel Getreidebrei 250G
04104420251939,duplicate_nutrient_conflict,"FIBTG: [('1.7', 'GRM', '.5'), ('8.7', 'GRM', '.11')]",1121,Dinkel Getreidebrei 250G
04104420251939,duplicate_nutrient_conflict,"SALTEQ: [('0.12', 'GRM', '.6'), ('0.01', 'GRM', '.15')]",1121,Dinkel Getreidebrei 250G
04104420251939,nutrition_basis_lost,Source basis: 1 PTN; omitted from CSV,1121,Dinkel Getreidebrei 250G
04104420251892,duplicate_nutrient_conflict,"CHOAVL: [('19.3', 'GRM', ''), ('55.2', 'GRM', '.9')]",1123,Grieß Milchbrei 250G
04104420251892,duplicate_nutrient_conflict,"PRO-: [('6.7', 'GRM', '.1'), ('19.1', 'GRM', '.10')]",1123,Grieß Milchbrei 250G
04104420251892,duplicate_nutrient_conflict,"SUGAR-: [('6.6', 'GRM', '.2'), ('18.8', 'GRM', '.11')]",1123,Grieß Milchbrei 250G
04104420251892,duplicate_nutrient_conflict,"FAT: [('3.4', 'GRM', '.3'), ('9.6', 'GRM', '.12')]",1123,Grieß Milchbrei 250G
04104420251892,duplicate_nutrient_conflict,"FIBTG: [('2', 'GRM', '.4'), ('5.6', 'GRM', '.13')]",1123,Grieß Milchbrei 250G
04104420251892,duplicate_nutrient_conflict,"FASAT: [('1.9', 'GRM', '.5'), ('5.3', 'GRM', '.14')]",1123,Grieß Milchbrei 250G
04104420251892,duplicate_nutrient_conflict,"SALTEQ: [('0.13', 'GRM', '.6'), ('0.37', 'GRM', '.15')]",1123,Grieß Milchbrei 250G
04104420251892,nutrition_basis_lost,Source basis: 1 PTN; omitted from CSV,1123,Grieß Milchbrei 250G
04104420252011,duplicate_nutrient_conflict,"CHOAVL: [('20.4', 'GRM', ''), ('58.2', 'GRM', '.9')]",1124,Hafer Milchbrei 250G
04104420252011,duplicate_nutrient_conflict,"PRO-: [('6.4', 'GRM', '.1'), ('18.4', 'GRM', '.10')]",1124,Hafer Milchbrei 250G
04104420252011,duplicate_nutrient_conflict,"SUGAR-: [('6', 'GRM', '.2'), ('17', 'GRM', '.11')]",1124,Hafer Milchbrei 250G
04104420252011,duplicate_nutrient_conflict,"FAT: [('4.3', 'GRM', '.3'), ('12.4', 'GRM', '.12')]",1124,Hafer Milchbrei 250G
04104420252011,duplicate_nutrient_conflict,"FASAT: [('2', 'GRM', '.4'), ('5.8', 'GRM', '.13')]",1124,Hafer Milchbrei 250G
04104420252011,duplicate_nutrient_conflict,"FIBTG: [('0.9', 'GRM', '.5'), ('2.5', 'GRM', '.14')]",1124,Hafer Milchbrei 250G
04104420252011,duplicate_nutrient_conflict,"SALTEQ: [('0.13', 'GRM', '.6'), ('0.37', 'GRM', '.15')]",1124,Hafer Milchbrei 250G
04104420252011,nutrition_basis_lost,Source basis: 1 PTN; omitted from CSV,1124,Hafer Milchbrei 250G
04104420251977,duplicate_nutrient_conflict,"CHOAVL: [('23.4', 'GRM', ''), ('63.1', 'GRM', '.9')]",1125,Hafer Beeren Porridge 250G
04104420251977,duplicate_nutrient_conflict,"SUGAR-: [('7', 'GRM', '.1'), ('8.5', 'GRM', '.11')]",1125,Hafer Beeren Porridge 250G
04104420251977,duplicate_nutrient_conflict,"PRO-: [('6.7', 'GRM', '.2'), ('11.6', 'GRM', '.10')]",1125,Hafer Beeren Porridge 250G
04104420251977,duplicate_nutrient_conflict,"FAT: [('5.2', 'GRM', '.3'), ('5.9', 'GRM', '.13')]",1125,Hafer Beeren Porridge 250G
04104420251977,duplicate_nutrient_conflict,"FIBTG: [('2.3', 'GRM', '.4'), ('7.7', 'GRM', '.12')]",1125,Hafer Beeren Porridge 250G
04104420251977,duplicate_nutrient_conflict,"FASAT: [('2.2', 'GRM', '.5'), ('0.3', 'GRM', '.14')]",1125,Hafer Beeren Porridge 250G
04104420251977,duplicate_nutrient_conflict,"SALTEQ: [('0.01', 'GRM', '.6'), ('0.03', 'GRM', '.15')]",1125,Hafer Beeren Porridge 250G
04104420251977,nutrition_basis_lost,Source basis: 1 PTN; omitted from CSV,1125,Hafer Beeren Porridge 250G
04104420251380,nutrition_basis_lost,Source basis: 100 MLT; omitted from CSV,1131,Remoulade 250ML
04104420242722,duplicate_nutrient_conflict,"CHOAVL: [('7.4', 'GRM', ''), ('16.3', 'GRM', '.9')]",1134,Ratatouille mit Kartoffeln 220G
04104420242722,duplicate_nutrient_conflict,"SUGAR-: [('2.4', 'GRM', '.1'), ('5.3', 'GRM', '.10')]",1134,Ratatouille mit Kartoffeln 220G
04104420242722,duplicate_nutrient_conflict,"FIBTG: [('2.1', 'GRM', '.2'), ('4.6', 'GRM', '.11')]",1134,Ratatouille mit Kartoffeln 220G
04104420242722,duplicate_nutrient_conflict,"PRO-: [('1.9', 'GRM', '.3'), ('4.2', 'GRM', '.12')]",1134,Ratatouille mit Kartoffeln 220G
04104420242722,duplicate_nutrient_conflict,"FAT: [('1.3', 'GRM', '.4'), ('2.9', 'GRM', '.13')]",1134,Ratatouille mit Kartoffeln 220G
04104420242722,duplicate_nutrient_conflict,"FASAT: [('0.1', 'GRM', '.5'), ('0.2', 'GRM', '.14')]",1134,Ratatouille mit Kartoffeln 220G
04104420242722,duplicate_nutrient_conflict,"SALTEQ: [('0.03', 'GRM', '.6'), ('0.07', 'GRM', '.15')]",1134,Ratatouille mit Kartoffeln 220G
04104420253551,duplicate_nutrient_conflict,"CHOAVL: [('19.9', 'GRM', ''), ('75.8', 'GRM', '.9')]",1139,Hirse-Getreidebrei 250G
04104420253551,duplicate_nutrient_conflict,"PRO-: [('5.6', 'GRM', '.1'), ('11.5', 'GRM', '.10')]",1139,Hirse-Getreidebrei 250G
04104420253551,duplicate_nutrient_conflict,"SUGAR-: [('4.8', 'GRM', '.2'), ('0.4', 'GRM', '.14')]",1139,Hirse-Getreidebrei 250G
04104420253551,duplicate_nutrient_conflict,"FAT: [('4.6', 'GRM', '.3'), ('4', 'GRM', '.11')]",1139,Hirse-Getreidebrei 250G
04104420253551,duplicate_nutrient_conflict,"FASAT: [('2.4', 'GRM', '.4'), ('0.6', 'GRM', '.13')]",1139,Hirse-Getreidebrei 250G
04104420253551,duplicate_nutrient_conflict,"FIBTG: [('0.7', 'GRM', '.5'), ('3.5', 'GRM', '.12')]",1139,Hirse-Getreidebrei 250G
04104420253551,duplicate_nutrient_conflict,"SALTEQ: [('0.13', 'GRM', '.6'), ('0.02', 'GRM', '.15')]",1139,Hirse-Getreidebrei 250G
04104420253551,nutrition_basis_lost,Source basis: 1 PTN; omitted from CSV,1139,Hirse-Getreidebrei 250G
04104420252264,nutrition_basis_lost,Source basis: 100 MLT; omitted from CSV,1143,"*Weißer Glühwein 0,75L*"
00000040045382,duplicate_nutrient_conflict,"CHOAVL: [('68.1', 'GRM', ''), ('15.7', 'GRM', '.9')]",1150,Banane Beere Hafer Riegel 23G
00000040045382,duplicate_nutrient_conflict,"SUGAR-: [('35.9', 'GRM', '.1'), ('8.3', 'GRM', '.10')]",1150,Banane Beere Hafer Riegel 23G
00000040045382,duplicate_nutrient_conflict,"FAT: [('10.3', 'GRM', '.2'), ('2.4', 'GRM', '.11')]",1150,Banane Beere Hafer Riegel 23G
00000040045382,duplicate_nutrient_conflict,"FIBTG: [('5', 'GRM', '.3'), ('1.2', 'GRM', '.12')]",1150,Banane Beere Hafer Riegel 23G
00000040045382,duplicate_nutrient_conflict,"PRO-: [('4.6', 'GRM', '.4'), ('1.1', 'GRM', '.13')]",1150,Banane Beere Hafer Riegel 23G
00000040045382,duplicate_nutrient_conflict,"FASAT: [('0.9', 'GRM', '.5'), ('0.2', 'GRM', '.14')]",1150,Banane Beere Hafer Riegel 23G
00000040045382,duplicate_nutrient_conflict,"SALTEQ: [('0.02', 'GRM', '.6'), ('0.01', 'GRM', '.15')]",1150,Banane Beere Hafer Riegel 23G
04104420254510,nutrition_basis_lost,Source basis: 100 MLT; omitted from CSV,1152,Brat Olivenöl 750ML
04104420253742,nutrition_basis_lost,Source basis: 100 MLT; omitted from CSV,1154,Voll Drink 1L
04104420253445,duplicate_nutrient_conflict,"CHOAVL: [('8.5', 'GRM', ''), ('16.2', 'GRM', '.9')]",1164,Abendbrei Hafer-Dinkel 190g
04104420253445,duplicate_nutrient_conflict,"PRO-: [('3', 'GRM', '.1'), ('5.7', 'GRM', '.10')]",1164,Abendbrei Hafer-Dinkel 190g
04104420253445,duplicate_nutrient_conflict,"SUGAR-: [('3', 'GRM', '.2'), ('5.7', 'GRM', '.11')]",1164,Abendbrei Hafer-Dinkel 190g
04104420253445,duplicate_nutrient_conflict,"FAT: [('1.7', 'GRM', '.3'), ('3.2', 'GRM', '.12')]",1164,Abendbrei Hafer-Dinkel 190g
04104420253445,duplicate_nutrient_conflict,"FIBTG: [('0.6', 'GRM', '.4'), ('1.1', 'GRM', '.13')]",1164,Abendbrei Hafer-Dinkel 190g
04104420253445,duplicate_nutrient_conflict,"FASAT: [('0.2', 'GRM', '.5'), ('0.4', 'GRM', '.14')]",1164,Abendbrei Hafer-Dinkel 190g
04104420253445,duplicate_nutrient_conflict,"SALTEQ: [('0.08', 'GRM', '.6'), ('0.15', 'GRM', '.15')]",1164,Abendbrei Hafer-Dinkel 190g
04104420253476,duplicate_nutrient_conflict,"CHOAVL: [('58.3', 'GRM', ''), ('1.5', 'GRM', '.9')]",1170,Dinkel Butterkekse 125g
04104420253476,duplicate_nutrient_conflict,"FAT: [('12.2', 'GRM', '.1'), ('0.3', 'GRM', '.10')]",1170,Dinkel Butterkekse 125g
04104420253476,duplicate_nutrient_conflict,"PRO-: [('9.8', 'GRM', '.2'), ('0.3', 'GRM', '.11')]",1170,Dinkel Butterkekse 125g
04104420253476,duplicate_nutrient_conflict,"SUGAR-: [('9.8', 'GRM', '.3'), ('0.3', 'GRM', '.12')]",1170,Dinkel Butterkekse 125g
04104420253476,duplicate_nutrient_conflict,"FASAT: [('7.5', 'GRM', '.4'), ('0.2', 'GRM', '.13')]",1170,Dinkel Butterkekse 125g
04104420253476,duplicate_nutrient_conflict,"FIBTG: [('5', 'GRM', '.5'), ('0.1', 'GRM', '.14')]",1170,Dinkel Butterkekse 125g
04104420253476,duplicate_nutrient_conflict,"SALTEQ: [('0.08', 'GRM', '.6'), ('0.01', 'GRM', '.15')]",1170,Dinkel Butterkekse 125g
04104420253896,duplicate_nutrient_conflict,"CHOAVL: [('8.8', 'GRM', ''), ('16.7', 'GRM', '.9')]",1173,Abendbrei Grießbrei pur 190G
04104420253896,duplicate_nutrient_conflict,"PRO-: [('3.1', 'GRM', '.1'), ('5.9', 'GRM', '.10')]",1173,Abendbrei Grießbrei pur 190G
04104420253896,duplicate_nutrient_conflict,"SUGAR-: [('3', 'GRM', '.2'), ('5.7', 'GRM', '.11')]",1173,Abendbrei Grießbrei pur 190G
04104420253896,duplicate_nutrient_conflict,"FAT: [('1.8', 'GRM', '.3'), ('3.4', 'GRM', '.12')]",1173,Abendbrei Grießbrei pur 190G
04104420253896,duplicate_nutrient_conflict,"FIBTG: [('1.3', 'GRM', '.4'), ('2.5', 'GRM', '.13')]",1173,Abendbrei Grießbrei pur 190G
04104420253896,duplicate_nutrient_conflict,"FASAT: [('0.7', 'GRM', '.5'), ('1.3', 'GRM', '.14')]",1173,Abendbrei Grießbrei pur 190G
04104420253896,duplicate_nutrient_conflict,"SALTEQ: [('0.08', 'GRM', '.6'), ('0.15', 'GRM', '.15')]",1173,Abendbrei Grießbrei pur 190G
04104420253926,duplicate_nutrient_conflict,"CHOAVL: [('9.3', 'GRM', ''), ('17.7', 'GRM', '.9')]",1174,Abendbrei Mehrkornbrei 190G
04104420253926,duplicate_nutrient_conflict,"PRO-: [('3.2', 'GRM', '.1'), ('6.1', 'GRM', '.10')]",1174,Abendbrei Mehrkornbrei 190G
04104420253926,duplicate_nutrient_conflict,"SUGAR-: [('3', 'GRM', '.2'), ('5.7', 'GRM', '.11')]",1174,Abendbrei Mehrkornbrei 190G
04104420253926,duplicate_nutrient_conflict,"FAT: [('1.9', 'GRM', '.3'), ('3.6', 'GRM', '.12')]",1174,Abendbrei Mehrkornbrei 190G
04104420253926,duplicate_nutrient_conflict,"FIBTG: [('1.1', 'GRM', '.4'), ('2.1', 'GRM', '.13')]",1174,Abendbrei Mehrkornbrei 190G
04104420253926,duplicate_nutrient_conflict,"FASAT: [('0.2', 'GRM', '.5'), ('0.4', 'GRM', '.14')]",1174,Abendbrei Mehrkornbrei 190G
04104420253926,duplicate_nutrient_conflict,"SALTEQ: [('0.08', 'GRM', '.6'), ('0.15', 'GRM', '.15')]",1174,Abendbrei Mehrkornbrei 190G
04104420252882,duplicate_nutrient_conflict,"CHOAVL: [('7.5', 'GRM', ''), ('18.8', 'GRM', '.9')]",1177,Gemüse m. Kartoffeln und Kokosmilch
04104420252882,duplicate_nutrient_conflict,"FIBTG: [('2.2', 'GRM', '.1'), ('5.5', 'GRM', '.10')]",1177,Gemüse m. Kartoffeln und Kokosmilch
04104420252882,duplicate_nutrient_conflict,"SUGAR-: [('2.2', 'GRM', '.2'), ('5.5', 'GRM', '.11')]",1177,Gemüse m. Kartoffeln und Kokosmilch
04104420252882,duplicate_nutrient_conflict,"PRO-: [('1.8', 'GRM', '.3'), ('4.5', 'GRM', '.12')]",1177,Gemüse m. Kartoffeln und Kokosmilch
04104420252882,duplicate_nutrient_conflict,"FAT: [('1.5', 'GRM', '.4'), ('3.8', 'GRM', '.13')]",1177,Gemüse m. Kartoffeln und Kokosmilch
04104420252882,duplicate_nutrient_conflict,"FASAT: [('0.6', 'GRM', '.5'), ('1.5', 'GRM', '.14')]",1177,Gemüse m. Kartoffeln und Kokosmilch
04104420252882,duplicate_nutrient_conflict,"SALTEQ: [('0.03', 'GRM', '.6'), ('0.08', 'GRM', '.15')]",1177,Gemüse m. Kartoffeln und Kokosmilch
04104420255609,nutrition_basis_lost,Source basis: 100 MLT; omitted from CSV,1182,"Johannisbeer Nektar 0,75L"
04104420255388,nutrition_basis_lost,Source basis: 100 MLT; omitted from CSV,1184,Ingwer Shot 250ML
04104420255340,nutrition_basis_lost,Source basis: 100 MLT; omitted from CSV,1185,Kurkuma Shot 250ML
04104420250383,nutrition_basis_lost,Source basis: 100 MLT; omitted from CSV,1191,"Frische Kuh&Kalb Heumilch 3,8% 1L V"
04104420256569,duplicate_nutrient_conflict,"CHOAVL: [('57', 'GRM', ''), ('13.1', 'GRM', '.9')]",1204,Hafer&Frucht Apfel-Erdbeere 138G
04104420256569,duplicate_nutrient_conflict,"SUGAR-: [('24', 'GRM', '.1'), ('5.5', 'GRM', '.10')]",1204,Hafer&Frucht Apfel-Erdbeere 138G
04104420256569,duplicate_nutrient_conflict,"FAT: [('14', 'GRM', '.2'), ('3.2', 'GRM', '.11')]",1204,Hafer&Frucht Apfel-Erdbeere 138G
04104420256569,duplicate_nutrient_conflict,"PRO-: [('7.9', 'GRM', '.3'), ('1.8', 'GRM', '.12')]",1204,Hafer&Frucht Apfel-Erdbeere 138G
04104420256569,duplicate_nutrient_conflict,"FIBTG: [('6.8', 'GRM', '.4'), ('1.6', 'GRM', '.13')]",1204,Hafer&Frucht Apfel-Erdbeere 138G
04104420256569,duplicate_nutrient_conflict,"FASAT: [('1.8', 'GRM', '.5'), ('0.4', 'GRM', '.14')]",1204,Hafer&Frucht Apfel-Erdbeere 138G
04104420256569,duplicate_nutrient_conflict,"SALTEQ: [('0.05', 'GRM', '.6'), ('0.01', 'GRM', '.15')]",1204,Hafer&Frucht Apfel-Erdbeere 138G
04104420253827,duplicate_nutrient_conflict,"CHOAVL: [('65', 'GRM', ''), ('16', 'GRM', '.9')]",1218,Müsli Riegel Schoko 150G
04104420253827,duplicate_nutrient_conflict,"SUGAR-: [('21', 'GRM', '.1'), ('5.3', 'GRM', '.10')]",1218,Müsli Riegel Schoko 150G
04104420253827,duplicate_nutrient_conflict,"FAT: [('14', 'GRM', '.2'), ('3.5', 'GRM', '.11')]",1218,Müsli Riegel Schoko 150G
04104420253827,duplicate_nutrient_conflict,"PRO-: [('6.2', 'GRM', '.3'), ('1.6', 'GRM', '.12')]",1218,Müsli Riegel Schoko 150G
04104420253827,duplicate_nutrient_conflict,"FIBTG: [('4.7', 'GRM', '.4'), ('1.2', 'GRM', '.13')]",1218,Müsli Riegel Schoko 150G
04104420253827,duplicate_nutrient_conflict,"FASAT: [('4.4', 'GRM', '.5'), ('1.1', 'GRM', '.14')]",1218,Müsli Riegel Schoko 150G
04104420253827,duplicate_nutrient_conflict,"SALTEQ: [('0.16', 'GRM', '.6'), ('0.04', 'GRM', '.15')]",1218,Müsli Riegel Schoko 150G
04104420256071,duplicate_nutrient_conflict,"CHOAVL: [('20', 'GRM', ''), ('13', 'GRM', '.9')]",1219,Kindereis Vanille Schoko (TK) 4 St
04104420256071,duplicate_nutrient_conflict,"SUGAR-: [('17', 'GRM', '.1'), ('12', 'GRM', '.10')]",1219,Kindereis Vanille Schoko (TK) 4 St
04104420256071,duplicate_nutrient_conflict,"FAT: [('12', 'GRM', '.2'), ('7.7', 'GRM', '.11')]",1219,Kindereis Vanille Schoko (TK) 4 St
04104420256071,duplicate_nutrient_conflict,"FASAT: [('7', 'GRM', '.3'), ('4.6', 'GRM', '.12')]",1219,Kindereis Vanille Schoko (TK) 4 St
04104420256071,duplicate_nutrient_conflict,"PRO-: [('3.8', 'GRM', '.4'), ('2.5', 'GRM', '.13')]",1219,Kindereis Vanille Schoko (TK) 4 St
04104420256071,duplicate_nutrient_conflict,"FIBTG: [('0.7', 'GRM', '.5'), ('0.5', 'GRM', '.14')]",1219,Kindereis Vanille Schoko (TK) 4 St
04104420256071,duplicate_nutrient_conflict,"SALTEQ: [('0.11', 'GRM', '.6'), ('0.08', 'GRM', '.15')]",1219,Kindereis Vanille Schoko (TK) 4 St
04104420256606,duplicate_nutrient_conflict,"CHOAVL: [('13', 'GRM', ''), ('8.7', 'GRM', '.9')]",1220,Kindereis Vanille Schoko (TK) 1 St
04104420256606,duplicate_nutrient_conflict,"SUGAR-: [('12', 'GRM', '.1'), ('7.5', 'GRM', '.10')]",1220,Kindereis Vanille Schoko (TK) 1 St
04104420256606,duplicate_nutrient_conflict,"FAT: [('7.7', 'GRM', '.2'), ('5', 'GRM', '.11')]",1220,Kindereis Vanille Schoko (TK) 1 St
04104420256606,duplicate_nutrient_conflict,"FASAT: [('4.6', 'GRM', '.3'), ('3', 'GRM', '.12')]",1220,Kindereis Vanille Schoko (TK) 1 St
04104420256606,duplicate_nutrient_conflict,"PRO-: [('2.5', 'GRM', '.4'), ('1.6', 'GRM', '.13')]",1220,Kindereis Vanille Schoko (TK) 1 St
04104420256606,duplicate_nutrient,"FIBTG: [('0.5', 'GRM', '.5'), ('0.5', 'GRM', '.14')]",1220,Kindereis Vanille Schoko (TK) 1 St
04104420256606,duplicate_nutrient_conflict,"SALTEQ: [('0.08', 'GRM', '.6'), ('0.05', 'GRM', '.15')]",1220,Kindereis Vanille Schoko (TK) 1 St
04104420256606,nutrition_basis_lost,Source basis: 100 MLT; omitted from CSV,1220,Kindereis Vanille Schoko (TK) 1 St
04104420257801,duplicate_nutrient_conflict,"CHOAVL: [('14', 'GRM', ''), ('62', 'GRM', '.9')]",1253,Reis Pfanne Asiatische Art 450G(TK)
04104420257801,duplicate_nutrient_conflict,"SUGAR-: [('1.9', 'GRM', '.1'), ('8.6', 'GRM', '.10')]",1253,Reis Pfanne Asiatische Art 450G(TK)
04104420257801,duplicate_nutrient_conflict,"PRO-: [('1.9', 'GRM', '.2'), ('8.6', 'GRM', '.11')]",1253,Reis Pfanne Asiatische Art 450G(TK)
04104420257801,duplicate_nutrient_conflict,"FAT: [('1.6', 'GRM', '.3'), ('7.2', 'GRM', '.12')]",1253,Reis Pfanne Asiatische Art 450G(TK)
04104420257801,duplicate_nutrient_conflict,"FIBTG: [('1.6', 'GRM', '.4'), ('7.2', 'GRM', '.13')]",1253,Reis Pfanne Asiatische Art 450G(TK)
04104420257801,duplicate_nutrient_conflict,"SALTEQ: [('0.68', 'GRM', '.5'), ('3.1', 'GRM', '.14')]",1253,Reis Pfanne Asiatische Art 450G(TK)
04104420257801,duplicate_nutrient_conflict,"FASAT: [('0.3', 'GRM', '.6'), ('1.4', 'GRM', '.15')]",1253,Reis Pfanne Asiatische Art 450G(TK)
04104420257771,duplicate_nutrient_conflict,"CHOAVL: [('16', 'GRM', ''), ('70', 'GRM', '.9')]",1254,Pasta Pfanne Tomate Spinat 450G(TK)
04104420257771,duplicate_nutrient_conflict,"PRO-: [('3.4', 'GRM', '.1'), ('15', 'GRM', '.10')]",1254,Pasta Pfanne Tomate Spinat 450G(TK)
04104420257771,duplicate_nutrient_conflict,"FAT: [('3.1', 'GRM', '.2'), ('14', 'GRM', '.11')]",1254,Pasta Pfanne Tomate Spinat 450G(TK)
04104420257771,duplicate_nutrient_conflict,"FIBTG: [('1.4', 'GRM', '.3'), ('6.3', 'GRM', '.12')]",1254,Pasta Pfanne Tomate Spinat 450G(TK)
04104420257771,duplicate_nutrient_conflict,"FASAT: [('1.4', 'GRM', '.4'), ('6.3', 'GRM', '.13')]",1254,Pasta Pfanne Tomate Spinat 450G(TK)
04104420257771,duplicate_nutrient_conflict,"SUGAR-: [('1.4', 'GRM', '.5'), ('6.3', 'GRM', '.14')]",1254,Pasta Pfanne Tomate Spinat 450G(TK)
04104420257771,duplicate_nutrient_conflict,"SALTEQ: [('0.73', 'GRM', '.6'), ('3.3', 'GRM', '.15')]",1254,Pasta Pfanne Tomate Spinat 450G(TK)
04104420259690,duplicate_nutrient_conflict,"CHOAVL: [('19', 'GRM', ''), ('20', 'GRM', '.9'), ('9.2', 'GRM', '.17')]",1259,Fruchteis Mango 4 Stk 184ml (TK)
04104420259690,duplicate_nutrient_conflict,"SUGAR-: [('19', 'GRM', '.1'), ('20', 'GRM', '.10'), ('9.1', 'GRM', '.18')]",1259,Fruchteis Mango 4 Stk 184ml (TK)
04104420259690,duplicate_nutrient_conflict,"FIBTG: [('1.1', 'GRM', '.2'), ('1.2', 'GRM', '.11'), ('0.6', 'GRM', '.19')]",1259,Fruchteis Mango 4 Stk 184ml (TK)
04104420259690,duplicate_nutrient,"PRO-: [('0.5', 'GRM', '.3'), ('0.5', 'GRM', '.12'), ('0.5', 'GRM', '.20')]",1259,Fruchteis Mango 4 Stk 184ml (TK)
04104420259690,duplicate_nutrient,"FAT: [('0.5', 'GRM', '.4'), ('0.5', 'GRM', '.13'), ('0.5', 'GRM', '.21')]",1259,Fruchteis Mango 4 Stk 184ml (TK)
04104420259690,duplicate_nutrient,"FASAT: [('0.1', 'GRM', '.5'), ('0.1', 'GRM', '.14'), ('0.1', 'GRM', '.22')]",1259,Fruchteis Mango 4 Stk 184ml (TK)
04104420259690,duplicate_nutrient,"SALTEQ: [('0.01', 'GRM', '.6'), ('0.01', 'GRM', '.15'), ('0.01', 'GRM', '.23')]",1259,Fruchteis Mango 4 Stk 184ml (TK)
04104420259751,duplicate_nutrient_conflict,"CHOAVL: [('18', 'GRM', ''), ('19', 'GRM', '.9'), ('8.8', 'GRM', '.17')]",1260,Fruchteis Himb. 4 Stk 184ml (TK)
04104420259751,duplicate_nutrient_conflict,"SUGAR-: [('18', 'GRM', '.1'), ('19', 'GRM', '.10'), ('8.7', 'GRM', '.18')]",1260,Fruchteis Himb. 4 Stk 184ml (TK)
04104420259751,duplicate_nutrient_conflict,"FIBTG: [('2.7', 'GRM', '.2'), ('2.9', 'GRM', '.11'), ('1.3', 'GRM', '.19')]",1260,Fruchteis Himb. 4 Stk 184ml (TK)
04104420259751,duplicate_nutrient_conflict,"PRO-: [('1', 'GRM', '.3'), ('1.1', 'GRM', '.12'), ('0.5', 'GRM', '.20')]",1260,Fruchteis Himb. 4 Stk 184ml (TK)
04104420259751,duplicate_nutrient,"FAT: [('0.5', 'GRM', '.4'), ('0.5', 'GRM', '.13'), ('0.5', 'GRM', '.21')]",1260,Fruchteis Himb. 4 Stk 184ml (TK)
04104420259751,duplicate_nutrient,"FASAT: [('0.1', 'GRM', '.5'), ('0.1', 'GRM', '.14'), ('0.1', 'GRM', '.22')]",1260,Fruchteis Himb. 4 Stk 184ml (TK)
04104420259751,duplicate_nutrient,"SALTEQ: [('0.01', 'GRM', '.6'), ('0.01', 'GRM', '.15'), ('0.01', 'GRM', '.23')]",1260,Fruchteis Himb. 4 Stk 184ml (TK)
04104420259720,duplicate_nutrient_conflict,"CHOAVL: [('19', 'GRM', ''), ('20', 'GRM', '.9')]",1261,"Fruchteis Mango 1 Stück, 46 ml (TK)"
04104420259720,duplicate_nutrient_conflict,"SUGAR-: [('19', 'GRM', '.1'), ('20', 'GRM', '.10')]",1261,"Fruchteis Mango 1 Stück, 46 ml (TK)"
04104420259720,duplicate_nutrient_conflict,"FIBTG: [('1.1', 'GRM', '.2'), ('1.2', 'GRM', '.11')]",1261,"Fruchteis Mango 1 Stück, 46 ml (TK)"
04104420259720,duplicate_nutrient,"PRO-: [('0.5', 'GRM', '.3'), ('0.5', 'GRM', '.12')]",1261,"Fruchteis Mango 1 Stück, 46 ml (TK)"
04104420259720,duplicate_nutrient,"FAT: [('0.5', 'GRM', '.4'), ('0.5', 'GRM', '.13')]",1261,"Fruchteis Mango 1 Stück, 46 ml (TK)"
04104420259720,duplicate_nutrient,"FASAT: [('0.1', 'GRM', '.5'), ('0.1', 'GRM', '.14')]",1261,"Fruchteis Mango 1 Stück, 46 ml (TK)"
04104420259720,duplicate_nutrient,"SALTEQ: [('0.01', 'GRM', '.6'), ('0.01', 'GRM', '.15')]",1261,"Fruchteis Mango 1 Stück, 46 ml (TK)"
04104420259782,duplicate_nutrient_conflict,"CHOAVL: [('18', 'GRM', ''), ('19', 'GRM', '.9')]",1262,"Fruchteis Himbeere 1 Stk, 46 ml"
04104420259782,duplicate_nutrient_conflict,"SUGAR-: [('18', 'GRM', '.1'), ('19', 'GRM', '.10')]",1262,"Fruchteis Himbeere 1 Stk, 46 ml"
04104420259782,duplicate_nutrient_conflict,"FIBTG: [('2.7', 'GRM', '.2'), ('2.9', 'GRM', '.11')]",1262,"Fruchteis Himbeere 1 Stk, 46 ml"
04104420259782,duplicate_nutrient_conflict,"PRO-: [('1', 'GRM', '.3'), ('1.1', 'GRM', '.12')]",1262,"Fruchteis Himbeere 1 Stk, 46 ml"
04104420259782,duplicate_nutrient,"FAT: [('0.5', 'GRM', '.4'), ('0.5', 'GRM', '.13')]",1262,"Fruchteis Himbeere 1 Stk, 46 ml"
04104420259782,duplicate_nutrient,"FASAT: [('0.1', 'GRM', '.5'), ('0.1', 'GRM', '.14')]",1262,"Fruchteis Himbeere 1 Stk, 46 ml"
04104420259782,duplicate_nutrient,"SALTEQ: [('0.01', 'GRM', '.6'), ('0.01', 'GRM', '.15')]",1262,"Fruchteis Himbeere 1 Stk, 46 ml"
04104420259980,nutrition_basis_lost,Source basis: 100 MLT; omitted from CSV,1263,Rote Bete Saft milchsauer vergoren
04104420261020,nutrition_basis_lost,Source basis: 100 MLT; omitted from CSV,1270,Sesamöl nativ 250ML
04104420261136,nutrition_basis_lost,Source basis: 100 MLT; omitted from CSV,1278,Rote Bete Saft 1L
04104420260139,nutrition_basis_lost,Source basis: 100 MLT; omitted from CSV,1281,Hafer Drink Natur 1L
04104420260337,nutrition_basis_lost,Source basis: 100 MLT; omitted from CSV,1282,Reis Drink Natur 1L
04104420259652,nutrition_basis_lost,Source basis: 100 MLT; omitted from CSV,1287,Baby-Früchte-Tee Btl. 20x2G 40G
04104420028586,energy_pair_outlier,"kcal=4.0, kJ=15.0, relative deviation=10.4%; review source, not automatic correction",146,"Gemüsebouillon hefefrei, Würfel 66G"
04104420031746,energy_pair_outlier,"kcal=2.0, kJ=10.0, relative deviation=19.5%; review source, not automatic correction",134,"Gemüsebouillon, NFP 250G"
04104420206694,energy_pair_outlier,"kcal=1.0, kJ=3.0, relative deviation=28.3%; review source, not automatic correction",590,"Baby-Fenchel-Tee Btl. 20x1,75g 35G"
04104420259652,energy_pair_outlier,"kcal=1.0, kJ=3.0, relative deviation=28.3%; review source, not automatic correction",1287,Baby-Früchte-Tee Btl. 20x2G 40G
00000040045481,energy_macro_review,"kcal=243.0, basic 9/4/4 estimate=142.50, deviation=70.5%; fiber/alcohol/polyols may explain differences",1258,Pflanzliches Geliermittel 6G
00000042256205,energy_macro_review,"kcal=283.0, basic 9/4/4 estimate=201.40, deviation=40.5%; fiber/alcohol/polyols may explain differences",291,Zitronenschale ger. 5G
04104420016781,energy_macro_review,"kcal=268.0, basic 9/4/4 estimate=178.30, deviation=50.3%; fiber/alcohol/polyols may explain differences",319,Dinkel Kleie 250G
04104420181380,energy_macro_review,"kcal=222.0, basic 9/4/4 estimate=63.50, deviation=249.6%; fiber/alcohol/polyols may explain differences",518,Flohsamenschalen 200g
04104420216709,energy_macro_review,"kcal=271.0, basic 9/4/4 estimate=141.00, deviation=92.2%; fiber/alcohol/polyols may explain differences",668,Flohsamen 250g
04104420217072,energy_macro_review,"kcal=63.0, basic 9/4/4 estimate=46.90, deviation=34.3%; fiber/alcohol/polyols may explain differences",661,Brombeeren (TK) 300G
04104420230934,energy_macro_review,"kcal=268.0, basic 9/4/4 estimate=178.30, deviation=50.3%; fiber/alcohol/polyols may explain differences",850,Weizenkleie grob 250G
04104420257498,energy_macro_review,"kcal=320.0, basic 9/4/4 estimate=235.80, deviation=35.7%; fiber/alcohol/polyols may explain differences",1285,Himbeeren gefriergetrocknet 20G
04104420073685,brand_mapping,Exported description as brand: 'Hessischer Handkäse Minis 125G'; source TIDBrandName='Alnatura',12,Hessischer Handkäse Minis 125G
04104420073685,market_country_mapping,CSV blank; source TargetMarketCountryCode=276; lowercase targetMarketCountryCode is empty,12,Hessischer Handkäse Minis 125G
04104420073685,nutrition_basis_lost_100g,Source basis 100 GRM omitted from CSV,12,Hessischer Handkäse Minis 125G
04104420073685,less_than_qualifier_lost,"CHOAVL < 0.5 GRM, slot .2, group preparationState; CSV has no qualifier",12,Hessischer Handkäse Minis 125G
04104420073685,less_than_qualifier_lost,"FAT < 0.5 GRM, slot .3, group preparationState; CSV has no qualifier",12,Hessischer Handkäse Minis 125G
04104420073685,less_than_qualifier_lost,"FIBTG < 0.5 GRM, slot .4, group preparationState; CSV has no qualifier",12,Hessischer Handkäse Minis 125G
04104420073685,less_than_qualifier_lost,"SUGAR- < 0.5 GRM, slot .5, group preparationState; CSV has no qualifier",12,Hessischer Handkäse Minis 125G
04104420083325,brand_mapping,Exported description as brand: 'Birne pur 125G'; source TIDBrandName='Alnatura',13,Birne pur 125G
04104420083325,market_country_mapping,CSV blank; source TargetMarketCountryCode=276; lowercase targetMarketCountryCode is empty,13,Birne pur 125G
04104420083325,nutrition_basis_lost_100g,Source basis 100 GRM omitted from CSV,13,Birne pur 125G
04104420083325,less_than_qualifier_lost,"FASAT < 0.1 GRM, slot .4, group preparationState; CSV has no qualifier",13,Birne pur 125G
04104420083325,less_than_qualifier_lost,"SALTEQ < 0.01 GRM, slot .6, group preparationState; CSV has no qualifier",13,Birne pur 125G
04104420031081,brand_mapping,Exported description as brand: 'Tomatensauce Toscana 325ML'; source TIDBrandName='Alnatura',14,Tomatensauce Toscana 325ML
04104420031081,market_country_mapping,CSV blank; source TargetMarketCountryCode=276; lowercase targetMarketCountryCode is empty,14,Tomatensauce Toscana 325ML
04104420031081,nutrition_basis_lost_100g,Source basis 100 GRM omitted from CSV,14,Tomatensauce Toscana 325ML
04104420031081,less_than_qualifier_lost,"FAT < 0.5 GRM, slot .5, group preparationState; CSV has no qualifier",14,Tomatensauce Toscana 325ML
04104420031081,less_than_qualifier_lost,"FASAT < 0.1 GRM, slot .6, group preparationState; CSV has no qualifier",14,Tomatensauce Toscana 325ML
04104420130005,brand_mapping,"Exported description as brand: 'Sugo Basilico 0,325L'; source TIDBrandName='Alnatura'",15,"Sugo Basilico 0,325L"
04104420130005,market_country_mapping,CSV blank; source TargetMarketCountryCode=276; lowercase targetMarketCountryCode is empty,15,"Sugo Basilico 0,325L"
04104420130005,nutrition_basis_lost_100g,Source basis 100 GRM omitted from CSV,15,"Sugo Basilico 0,325L"
04104420129627,brand_mapping,"Exported description as brand: 'Sugo Piccante 0,325L'; source TIDBrandName='Alnatura'",16,"Sugo Piccante 0,325L"
04104420129627,market_country_mapping,CSV blank; source TargetMarketCountryCode=276; lowercase targetMarketCountryCode is empty,16,"Sugo Piccante 0,325L"
04104420129627,nutrition_basis_lost_100g,Source basis 100 GRM omitted from CSV,16,"Sugo Piccante 0,325L"
04104420129627,less_than_qualifier_lost,"FASAT < 0.1 GRM, slot .6, group preparationState; CSV has no qualifier",16,"Sugo Piccante 0,325L"
04104420080201,brand_mapping,Exported description as brand: 'Karotte pur 125G'; source TIDBrandName='Alnatura',17,Karotte pur 125G
04104420080201,market_country_mapping,CSV blank; source TargetMarketCountryCode=276; lowercase targetMarketCountryCode is empty,17,Karotte pur 125G
04104420080201,nutrition_basis_lost_100g,Source basis 100 GRM omitted from CSV,17,Karotte pur 125G
04104420081147,brand_mapping,Exported description as brand: 'Bircher Müsli 190G'; source TIDBrandName='Alnatura',18,Bircher Müsli 190G
04104420081147,market_country_mapping,CSV blank; source TargetMarketCountryCode=276; lowercase targetMarketCountryCode is empty,18,Bircher Müsli 190G
04104420081147,nutrition_basis_lost_100g,Source basis 100 GRM omitted from CSV,18,Bircher Müsli 190G
04104420081147,less_than_qualifier_lost,"SALTEQ < 0.03 GRM, slot .6, group preparationState; CSV has no qualifier",18,Bircher Müsli 190G
04104420081482,brand_mapping,Exported description as brand: 'Hafer Getreidebrei 250G'; source TIDBrandName='Alnatura',19,Hafer Getreidebrei 250G
04104420081482,market_country_mapping,CSV blank; source TargetMarketCountryCode=276; lowercase targetMarketCountryCode is empty,19,Hafer Getreidebrei 250G
04104420081901,brand_mapping,Exported description as brand: 'Früchteallerlei mit Vollkorn 190G'; source TIDBrandName='Alnatura',20,Früchteallerlei mit Vollkorn 190G
04104420081901,market_country_mapping,CSV blank; source TargetMarketCountryCode=276; lowercase targetMarketCountryCode is empty,20,Früchteallerlei mit Vollkorn 190G
04104420081901,nutrition_basis_lost_100g,Source basis 100 GRM omitted from CSV,20,Früchteallerlei mit Vollkorn 190G
04104420081901,less_than_qualifier_lost,"SALTEQ < 0.01 GRM, slot .6, group preparationState; CSV has no qualifier",20,Früchteallerlei mit Vollkorn 190G
04104420082069,brand_mapping,"Exported description as brand: 'Karotten, Kartoffeln, Rind 250G'; source TIDBrandName='Alnatura'",21,"Karotten, Kartoffeln, Rind 250G"
04104420082069,market_country_mapping,CSV blank; source TargetMarketCountryCode=276; lowercase targetMarketCountryCode is empty,21,"Karotten, Kartoffeln, Rind 250G"
04104420082069,nutrition_basis_lost_100g,Source basis 100 GRM omitted from CSV,21,"Karotten, Kartoffeln, Rind 250G"
04104420082069,secondary_serving_size_lost,{'servingSizeValue.1': '250'},21,"Karotten, Kartoffeln, Rind 250G"
04104420082281,brand_mapping,Exported description as brand: 'Apfel mit Mango 190G'; source TIDBrandName='Alnatura',22,Apfel mit Mango 190G
04104420082281,market_country_mapping,CSV blank; source TargetMarketCountryCode=276; lowercase targetMarketCountryCode is empty,22,Apfel mit Mango 190G
04104420082281,nutrition_basis_lost_100g,Source basis 100 GRM omitted from CSV,22,Apfel mit Mango 190G
04104420082281,less_than_qualifier_lost,"FASAT < 0.1 GRM, slot .4, group preparationState; CSV has no qualifier",22,Apfel mit Mango 190G
04104420082281,less_than_qualifier_lost,"FAT < 0.1 GRM, slot .5, group preparationState; CSV has no qualifier",22,Apfel mit Mango 190G
04104420082281,less_than_qualifier_lost,"SALTEQ < 0.01 GRM, slot .6, group preparationState; CSV has no qualifier",22,Apfel mit Mango 190G
04104420082380,brand_mapping,Exported description as brand: 'Apfel mit Banane & Dinkel 190G'; source TIDBrandName='Alnatura',23,Apfel mit Banane & Dinkel 190G
04104420082380,market_country_mapping,CSV blank; source TargetMarketCountryCode=276; lowercase targetMarketCountryCode is empty,23,Apfel mit Banane & Dinkel 190G
04104420082380,nutrition_basis_lost_100g,Source basis 100 GRM omitted from CSV,23,Apfel mit Banane & Dinkel 190G
04104420082380,less_than_qualifier_lost,"SALTEQ < 0.01 GRM, slot .5, group preparationState; CSV has no qualifier",23,Apfel mit Banane & Dinkel 190G
04104420082427,brand_mapping,Exported description as brand: 'Rindfleisch-Zubereitung 125G'; source TIDBrandName='Alnatura',24,Rindfleisch-Zubereitung 125G
04104420082427,market_country_mapping,CSV blank; source TargetMarketCountryCode=276; lowercase targetMarketCountryCode is empty,24,Rindfleisch-Zubereitung 125G
04104420082427,nutrition_basis_lost_100g,Source basis 100 GRM omitted from CSV,24,Rindfleisch-Zubereitung 125G
04104420082427,less_than_qualifier_lost,"SUGAR- < 0.3 GRM, slot .5, group preparationState; CSV has no qualifier",24,Rindfleisch-Zubereitung 125G
04104420082441,brand_mapping,Exported description as brand: 'Karotten-Brok-Tomat-Dinkeln. 220G'; source TIDBrandName='Alnatura',25,Karotten-Brok-Tomat-Dinkeln. 220G
04104420082441,market_country_mapping,CSV blank; source TargetMarketCountryCode=276; lowercase targetMarketCountryCode is empty,25,Karotten-Brok-Tomat-Dinkeln. 220G
04104420082441,nutrition_basis_lost_100g,Source basis 100 GRM omitted from CSV,25,Karotten-Brok-Tomat-Dinkeln. 220G
04104420082441,secondary_serving_size_lost,{'servingSizeValue.1': '220'},25,Karotten-Brok-Tomat-Dinkeln. 220G
04104420082809,brand_mapping,Exported description as brand: 'Pastinake pur 125G'; source TIDBrandName='Alnatura',26,Pastinake pur 125G
04104420082809,market_country_mapping,CSV blank; source TargetMarketCountryCode=276; lowercase targetMarketCountryCode is empty,26,Pastinake pur 125G
04104420082809,nutrition_basis_lost_100g,Source basis 100 GRM omitted from CSV,26,Pastinake pur 125G
04104420082809,less_than_qualifier_lost,"FAT < 0.3 GRM, slot .4, group preparationState; CSV has no qualifier",26,Pastinake pur 125G
04104420082809,less_than_qualifier_lost,"FASAT < 0.1 GRM, slot .5, group preparationState; CSV has no qualifier",26,Pastinake pur 125G
04104420083042,brand_mapping,Exported description as brand: 'Birne mit Apfel 190G'; source TIDBrandName='Alnatura',27,Birne mit Apfel 190G
04104420083042,market_country_mapping,CSV blank; source TargetMarketCountryCode=276; lowercase targetMarketCountryCode is empty,27,Birne mit Apfel 190G
04104420083042,nutrition_basis_lost_100g,Source basis 100 GRM omitted from CSV,27,Birne mit Apfel 190G
04104420083042,less_than_qualifier_lost,"FASAT < 0.1 GRM, slot .4, group preparationState; CSV has no qualifier",27,Birne mit Apfel 190G
04104420083042,less_than_qualifier_lost,"FAT < 0.1 GRM, slot .5, group preparationState; CSV has no qualifier",27,Birne mit Apfel 190G
04104420083042,less_than_qualifier_lost,"SALTEQ < 0.01 GRM, slot .6, group preparationState; CSV has no qualifier",27,Birne mit Apfel 190G
04104420083387,brand_mapping,Exported description as brand: 'Birne mit Heidelbeere 190G'; source TIDBrandName='Alnatura',28,Birne mit Heidelbeere 190G
04104420083387,market_country_mapping,CSV blank; source TargetMarketCountryCode=276; lowercase targetMarketCountryCode is empty,28,Birne mit Heidelbeere 190G
04104420083387,nutrition_basis_lost_100g,Source basis 100 GRM omitted from CSV,28,Birne mit Heidelbeere 190G
04104420083387,less_than_qualifier_lost,"SALTEQ < 0.01 GRM, slot .5, group preparationState; CSV has no qualifier",28,Birne mit Heidelbeere 190G
04104420083400,brand_mapping,Exported description as brand: 'Milder Apfel pur 125G'; source TIDBrandName='Alnatura',29,Milder Apfel pur 125G
04104420083400,market_country_mapping,CSV blank; source TargetMarketCountryCode=276; lowercase targetMarketCountryCode is empty,29,Milder Apfel pur 125G
04104420083400,nutrition_basis_lost_100g,Source basis 100 GRM omitted from CSV,29,Milder Apfel pur 125G
04104420083400,less_than_qualifier_lost,"FASAT < 0.1 GRM, slot .4, group preparationState; CSV has no qualifier",29,Milder Apfel pur 125G
04104420083400,less_than_qualifier_lost,"SALTEQ < 0.01 GRM, slot .6, group preparationState; CSV has no qualifier",29,Milder Apfel pur 125G
04104420083660,brand_mapping,Exported description as brand: 'Apfel mit Banane & Hirse 190G'; source TIDBrandName='Alnatura',30,Apfel mit Banane & Hirse 190G
04104420083660,market_country_mapping,CSV blank; source TargetMarketCountryCode=276; lowercase targetMarketCountryCode is empty,30,Apfel mit Banane & Hirse 190G
04104420083660,nutrition_basis_lost_100g,Source basis 100 GRM omitted from CSV,30,Apfel mit Banane & Hirse 190G
04104420083660,less_than_qualifier_lost,"SALTEQ < 0.01 GRM, slot .5, group preparationState; CSV has no qualifier",30,Apfel mit Banane & Hirse 190G
04104420083707,brand_mapping,Exported description as brand: 'Apfel-Heidelbeere 125G'; source TIDBrandName='Alnatura',31,Apfel-Heidelbeere 125G
04104420083707,market_country_mapping,CSV blank; source TargetMarketCountryCode=276; lowercase targetMarketCountryCode is empty,31,Apfel-Heidelbeere 125G
04104420083707,nutrition_basis_lost_100g,Source basis 100 GRM omitted from CSV,31,Apfel-Heidelbeere 125G
04104420083707,less_than_qualifier_lost,"FASAT < 0.1 GRM, slot .5, group preparationState; CSV has no qualifier",31,Apfel-Heidelbeere 125G
04104420083707,less_than_qualifier_lost,"SALTEQ < 0.01 GRM, slot .6, group preparationState; CSV has no qualifier",31,Apfel-Heidelbeere 125G
04104420083684,brand_mapping,Exported description as brand: 'Apfel-Aprikose 125G'; source TIDBrandName='Alnatura',32,Apfel-Aprikose 125G
04104420083684,market_country_mapping,CSV blank; source TargetMarketCountryCode=276; lowercase targetMarketCountryCode is empty,32,Apfel-Aprikose 125G
04104420083684,nutrition_basis_lost_100g,Source basis 100 GRM omitted from CSV,32,Apfel-Aprikose 125G
04104420083684,less_than_qualifier_lost,"FASAT < 0.1 GRM, slot .4, group preparationState; CSV has no qualifier",32,Apfel-Aprikose 125G
04104420083684,less_than_qualifier_lost,"FAT < 0.1 GRM, slot .5, group preparationState; CSV has no qualifier",32,Apfel-Aprikose 125G
04104420083684,less_than_qualifier_lost,"SALTEQ < 0.01 GRM, slot .6, group preparationState; CSV has no qualifier",32,Apfel-Aprikose 125G
04104420083721,brand_mapping,Exported description as brand: 'Hühnchenfleisch-Zubereitung 125G'; source TIDBrandName='Alnatura',33,Hühnchenfleisch-Zubereitung 125G
04104420083721,market_country_mapping,CSV blank; source TargetMarketCountryCode=276; lowercase targetMarketCountryCode is empty,33,Hühnchenfleisch-Zubereitung 125G
04104420083721,nutrition_basis_lost_100g,Source basis 100 GRM omitted from CSV,33,Hühnchenfleisch-Zubereitung 125G
04104420083721,less_than_qualifier_lost,"FIBTG < 1 GRM, slot .3, group preparationState; CSV has no qualifier",33,Hühnchenfleisch-Zubereitung 125G
04104420083721,less_than_qualifier_lost,"SUGAR- < 0.3 GRM, slot .5, group preparationState; CSV has no qualifier",33,Hühnchenfleisch-Zubereitung 125G
04104420083745,brand_mapping,Exported description as brand: 'Kürbis mit Kartoffeln 190G'; source TIDBrandName='Alnatura',34,Kürbis mit Kartoffeln 190G
04104420083745,market_country_mapping,CSV blank; source TargetMarketCountryCode=276; lowercase targetMarketCountryCode is empty,34,Kürbis mit Kartoffeln 190G
04104420083745,nutrition_basis_lost_100g,Source basis 100 GRM omitted from CSV,34,Kürbis mit Kartoffeln 190G
04104420083745,less_than_qualifier_lost,"SALTEQ < 0.01 GRM, slot .6, group preparationState; CSV has no qualifier",34,Kürbis mit Kartoffeln 190G
04104420083943,brand_mapping,Exported description as brand: 'Brokkoli mit Kartoffeln 190G'; source TIDBrandName='Alnatura',35,Brokkoli mit Kartoffeln 190G
04104420083943,market_country_mapping,CSV blank; source TargetMarketCountryCode=276; lowercase targetMarketCountryCode is empty,35,Brokkoli mit Kartoffeln 190G
04104420083943,nutrition_basis_lost_100g,Source basis 100 GRM omitted from CSV,35,Brokkoli mit Kartoffeln 190G
04104420084063,brand_mapping,Exported description as brand: 'Kürbis pur 125G'; source TIDBrandName='Alnatura',36,Kürbis pur 125G
04104420084063,market_country_mapping,CSV blank; source TargetMarketCountryCode=276; lowercase targetMarketCountryCode is empty,36,Kürbis pur 125G
04104420084063,nutrition_basis_lost_100g,Source basis 100 GRM omitted from CSV,36,Kürbis pur 125G
04104420084063,less_than_qualifier_lost,"PRO- < 0.5 GRM, slot .3, group preparationState; CSV has no qualifier",36,Kürbis pur 125G
04104420084063,less_than_qualifier_lost,"FAT < 0.3 GRM, slot .4, group preparationState; CSV has no qualifier",36,Kürbis pur 125G
04104420084063,less_than_qualifier_lost,"SALTEQ < 0.03 GRM, slot .5, group preparationState; CSV has no qualifier",36,Kürbis pur 125G
04104420131767,brand_mapping,Exported description as brand: 'Pflaumen-Birnen-Müsli 190G'; source TIDBrandName='Alnatura',37,Pflaumen-Birnen-Müsli 190G
04104420131767,market_country_mapping,CSV blank; source TargetMarketCountryCode=276; lowercase targetMarketCountryCode is empty,37,Pflaumen-Birnen-Müsli 190G
04104420131767,nutrition_basis_lost_100g,Source basis 100 GRM omitted from CSV,37,Pflaumen-Birnen-Müsli 190G
04104420131767,less_than_qualifier_lost,"SALTEQ < 0.01 GRM, slot .6, group preparationState; CSV has no qualifier",37,Pflaumen-Birnen-Müsli 190G
04104420133402,brand_mapping,Exported description as brand: 'Gemüse mit Süßkartoffeln 190G'; source TIDBrandName='Alnatura',38,Gemüse mit Süßkartoffeln 190G
04104420133402,market_country_mapping,CSV blank; source TargetMarketCountryCode=276; lowercase targetMarketCountryCode is empty,38,Gemüse mit Süßkartoffeln 190G
04104420133402,nutrition_basis_lost_100g,Source basis 100 GRM omitted from CSV,38,Gemüse mit Süßkartoffeln 190G
04104420137448,brand_mapping,Exported description as brand: 'Gemüse mit Süßkart. & Huhn 190G'; source TIDBrandName='Alnatura',39,Gemüse mit Süßkart. & Huhn 190G
04104420137448,market_country_mapping,CSV blank; source TargetMarketCountryCode=276; lowercase targetMarketCountryCode is empty,39,Gemüse mit Süßkart. & Huhn 190G
04104420137448,nutrition_basis_lost_100g,Source basis 100 GRM omitted from CSV,39,Gemüse mit Süßkart. & Huhn 190G
04104420137448,secondary_serving_size_lost,{'servingSizeValue.1': '190'},39,Gemüse mit Süßkart. & Huhn 190G
04104420137882,brand_mapping,Exported description as brand: 'Kinder Bircher Müsli 250G'; source TIDBrandName='Alnatura',40,Kinder Bircher Müsli 250G
04104420137882,market_country_mapping,CSV blank; source TargetMarketCountryCode=276; lowercase targetMarketCountryCode is empty,40,Kinder Bircher Müsli 250G
04104420137905,brand_mapping,Exported description as brand: 'Müsli & Dinkelflakes 250G'; source TIDBrandName='Alnatura',41,Müsli & Dinkelflakes 250G
04104420137905,market_country_mapping,CSV blank; source TargetMarketCountryCode=276; lowercase targetMarketCountryCode is empty,41,Müsli & Dinkelflakes 250G
04104420137905,less_than_qualifier_lost,"SALTEQ < 0.12 GRM, slot .6, group preparationState; CSV has no qualifier",41,Müsli & Dinkelflakes 250G
04104420137905,less_than_qualifier_lost,"SALTEQ < 0.01 GRM, slot .15, group preparationState.1; CSV has no qualifier",41,Müsli & Dinkelflakes 250G
04104420052321,brand_mapping,Exported description as brand: 'Vollkorn Brezeln 125G'; source TIDBrandName='Alnatura',42,Vollkorn Brezeln 125G
04104420052321,market_country_mapping,CSV blank; source TargetMarketCountryCode=276; lowercase targetMarketCountryCode is empty,42,Vollkorn Brezeln 125G
04104420052321,nutrition_basis_lost_100g,Source basis 100 GRM omitted from CSV,42,Vollkorn Brezeln 125G
04104420052345,brand_mapping,Exported description as brand: 'Dinkel Brezeln 125G'; source TIDBrandName='Alnatura',43,Dinkel Brezeln 125G
04104420052345,market_country_mapping,CSV blank; source TargetMarketCountryCode=276; lowercase targetMarketCountryCode is empty,43,Dinkel Brezeln 125G
04104420052345,nutrition_basis_lost_100g,Source basis 100 GRM omitted from CSV,43,Dinkel Brezeln 125G
04104420052369,brand_mapping,Exported description as brand: 'Dinkel-Stangen 75G'; source TIDBrandName='Alnatura',44,Dinkel-Stangen 75G
04104420052369,market_country_mapping,CSV blank; source TargetMarketCountryCode=276; lowercase targetMarketCountryCode is empty,44,Dinkel-Stangen 75G
04104420052369,nutrition_basis_lost_100g,Source basis 100 GRM omitted from CSV,44,Dinkel-Stangen 75G
04104420052529,brand_mapping,Exported description as brand: 'Salzsticks 100G'; source TIDBrandName='Alnatura',45,Salzsticks 100G
04104420052529,market_country_mapping,CSV blank; source TargetMarketCountryCode=276; lowercase targetMarketCountryCode is empty,45,Salzsticks 100G
04104420052529,nutrition_basis_lost_100g,Source basis 100 GRM omitted from CSV,45,Salzsticks 100G
04104420016088,brand_mapping,Exported description as brand: 'Knäckebrot Roggen & Dinkel 250G'; source TIDBrandName='Alnatura',46,Knäckebrot Roggen & Dinkel 250G
04104420016088,market_country_mapping,CSV blank; source TargetMarketCountryCode=276; lowercase targetMarketCountryCode is empty,46,Knäckebrot Roggen & Dinkel 250G
04104420016088,nutrition_basis_lost_100g,Source basis 100 GRM omitted from CSV,46,Knäckebrot Roggen & Dinkel 250G
04104420016088,less_than_qualifier_lost,"FAT < 0.5 GRM, slot .12, group preparationState.1; CSV has no qualifier",46,Knäckebrot Roggen & Dinkel 250G
04104420016088,less_than_qualifier_lost,"SUGAR- < 0.5 GRM, slot .13, group preparationState.1; CSV has no qualifier",46,Knäckebrot Roggen & Dinkel 250G
04104420016088,less_than_qualifier_lost,"FASAT < 0.1 GRM, slot .15, group preparationState.1; CSV has no qualifier",46,Knäckebrot Roggen & Dinkel 250G
04104420016088,secondary_serving_size_lost,{'servingSizeValue.1': '9.6'},46,Knäckebrot Roggen & Dinkel 250G
04104420053069,brand_mapping,Exported description as brand: 'Vollmilch Schoko Reiswaffeln 100G'; source TIDBrandName='Alnatura',47,Vollmilch Schoko Reiswaffeln 100G
04104420053069,market_country_mapping,CSV blank; source TargetMarketCountryCode=276; lowercase targetMarketCountryCode is empty,47,Vollmilch Schoko Reiswaffeln 100G
04104420053069,nutrition_basis_lost_100g,Source basis 100 GRM omitted from CSV,47,Vollmilch Schoko Reiswaffeln 100G
04104420053083,brand_mapping,Exported description as brand: 'Schoko Orangen Kekse 150G'; source TIDBrandName='Alnatura',48,Schoko Orangen Kekse 150G
04104420053083,market_country_mapping,CSV blank; source TargetMarketCountryCode=276; lowercase targetMarketCountryCode is empty,48,Schoko Orangen Kekse 150G
04104420053083,nutrition_basis_lost_100g,Source basis 100 GRM omitted from CSV,48,Schoko Orangen Kekse 150G
04104420053120,brand_mapping,Exported description as brand: 'Hafer Dinkel Kekse 150G'; source TIDBrandName='Alnatura',49,Hafer Dinkel Kekse 150G
04104420053120,market_country_mapping,CSV blank; source TargetMarketCountryCode=276; lowercase targetMarketCountryCode is empty,49,Hafer Dinkel Kekse 150G
04104420053120,nutrition_basis_lost_100g,Source basis 100 GRM omitted from CSV,49,Hafer Dinkel Kekse 150G
04104420053342,brand_mapping,Exported description as brand: 'Knusper-Mix 250G'; source TIDBrandName='Alnatura',50,Knusper-Mix 250G
04104420053342,market_country_mapping,CSV blank; source TargetMarketCountryCode=276; lowercase targetMarketCountryCode is empty,50,Knusper-Mix 250G
04104420053342,nutrition_basis_lost_100g,Source basis 100 GRM omitted from CSV,50,Knusper-Mix 250G
04104420053366,brand_mapping,Exported description as brand: 'Mandel Dinkel Taler VM 100G'; source TIDBrandName='Alnatura',51,Mandel Dinkel Taler VM 100G
04104420053366,market_country_mapping,CSV blank; source TargetMarketCountryCode=276; lowercase targetMarketCountryCode is empty,51,Mandel Dinkel Taler VM 100G
04104420053366,nutrition_basis_lost_100g,Source basis 100 GRM omitted from CSV,51,Mandel Dinkel Taler VM 100G
04104420053786,brand_mapping,Exported description as brand: 'Mandel Dinkel Taler ZB 100G'; source TIDBrandName='Alnatura',52,Mandel Dinkel Taler ZB 100G
04104420053786,market_country_mapping,CSV blank; source TargetMarketCountryCode=276; lowercase targetMarketCountryCode is empty,52,Mandel Dinkel Taler ZB 100G
04104420053786,nutrition_basis_lost_100g,Source basis 100 GRM omitted from CSV,52,Mandel Dinkel Taler ZB 100G
04104420053809,brand_mapping,Exported description as brand: 'Dinkel Kräcker Sesam 175G'; source TIDBrandName='Alnatura',53,Dinkel Kräcker Sesam 175G
04104420053809,market_country_mapping,CSV blank; source TargetMarketCountryCode=276; lowercase targetMarketCountryCode is empty,53,Dinkel Kräcker Sesam 175G
04104420053809,nutrition_basis_lost_100g,Source basis 100 GRM omitted from CSV,53,Dinkel Kräcker Sesam 175G
04104420053922,brand_mapping,Exported description as brand: 'Dinkel Doppelkeks 330G'; source TIDBrandName='Alnatura',54,Dinkel Doppelkeks 330G
04104420053922,market_country_mapping,CSV blank; source TargetMarketCountryCode=276; lowercase targetMarketCountryCode is empty,54,Dinkel Doppelkeks 330G
04104420053922,nutrition_basis_lost_100g,Source basis 100 GRM omitted from CSV,54,Dinkel Doppelkeks 330G
04104420053861,brand_mapping,Exported description as brand: 'Dinkel Mini Brezeln 75G'; source TIDBrandName='Alnatura',55,Dinkel Mini Brezeln 75G
04104420053861,market_country_mapping,CSV blank; source TargetMarketCountryCode=276; lowercase targetMarketCountryCode is empty,55,Dinkel Mini Brezeln 75G
04104420053861,nutrition_basis_lost_100g,Source basis 100 GRM omitted from CSV,55,Dinkel Mini Brezeln 75G
04104420053960,brand_mapping,Exported description as brand: 'Schoko Butterkeks Vollmilch 130G'; source TIDBrandName='Alnatura',56,Schoko Butterkeks Vollmilch 130G
04104420053960,market_country_mapping,CSV blank; source TargetMarketCountryCode=276; lowercase targetMarketCountryCode is empty,56,Schoko Butterkeks Vollmilch 130G
04104420053960,nutrition_basis_lost_100g,Source basis 100 GRM omitted from CSV,56,Schoko Butterkeks Vollmilch 130G
04104420054004,brand_mapping,Exported description as brand: 'Maiswaffeln 110G'; source TIDBrandName='Alnatura',57,Maiswaffeln 110G
04104420054004,market_country_mapping,CSV blank; source TargetMarketCountryCode=276; lowercase targetMarketCountryCode is empty,57,Maiswaffeln 110G
04104420054004,nutrition_basis_lost_100g,Source basis 100 GRM omitted from CSV,57,Maiswaffeln 110G
04104420054004,less_than_qualifier_lost,"FASAT < 0.1 GRM, slot .6, group preparationState; CSV has no qualifier",57,Maiswaffeln 110G
04104420054165,brand_mapping,Exported description as brand: 'Dinkel Waffelblätter VM 125G'; source TIDBrandName='Alnatura',58,Dinkel Waffelblätter VM 125G
04104420054165,market_country_mapping,CSV blank; source TargetMarketCountryCode=276; lowercase targetMarketCountryCode is empty,58,Dinkel Waffelblätter VM 125G
04104420054165,nutrition_basis_lost_100g,Source basis 100 GRM omitted from CSV,58,Dinkel Waffelblätter VM 125G
04104420054509,brand_mapping,Exported description as brand: 'Schoko Dinkel Kugeln VM 125G'; source TIDBrandName='Alnatura',59,Schoko Dinkel Kugeln VM 125G
04104420054509,market_country_mapping,CSV blank; source TargetMarketCountryCode=276; lowercase targetMarketCountryCode is empty,59,Schoko Dinkel Kugeln VM 125G
04104420054509,nutrition_basis_lost_100g,Source basis 100 GRM omitted from CSV,59,Schoko Dinkel Kugeln VM 125G
04104420054363,brand_mapping,Exported description as brand: 'Reiswaffeln VM Cocos 100G'; source TIDBrandName='Alnatura',60,Reiswaffeln VM Cocos 100G
04104420054363,market_country_mapping,CSV blank; source TargetMarketCountryCode=276; lowercase targetMarketCountryCode is empty,60,Reiswaffeln VM Cocos 100G
04104420054363,nutrition_basis_lost_100g,Source basis 100 GRM omitted from CSV,60,Reiswaffeln VM Cocos 100G
04104420056220,brand_mapping,Exported description as brand: 'Dinkel Cracker natur 100G'; source TIDBrandName='Alnatura',61,Dinkel Cracker natur 100G
04104420056220,market_country_mapping,CSV blank; source TargetMarketCountryCode=276; lowercase targetMarketCountryCode is empty,61,Dinkel Cracker natur 100G
04104420056220,nutrition_basis_lost_100g,Source basis 100 GRM omitted from CSV,61,Dinkel Cracker natur 100G
04104420054769,brand_mapping,Exported description as brand: 'Dinkel Doppelkeks Zartbitter 330G'; source TIDBrandName='Alnatura',62,Dinkel Doppelkeks Zartbitter 330G
04104420054769,market_country_mapping,CSV blank; source TargetMarketCountryCode=276; lowercase targetMarketCountryCode is empty,62,Dinkel Doppelkeks Zartbitter 330G
04104420054769,nutrition_basis_lost_100g,Source basis 100 GRM omitted from CSV,62,Dinkel Doppelkeks Zartbitter 330G
04104420056268,brand_mapping,Exported description as brand: 'Dinkel Cracker Sesam 100G'; source TIDBrandName='Alnatura',63,Dinkel Cracker Sesam 100G
04104420056268,market_country_mapping,CSV blank; source TargetMarketCountryCode=276; lowercase targetMarketCountryCode is empty,63,Dinkel Cracker Sesam 100G
04104420056268,nutrition_basis_lost_100g,Source basis 100 GRM omitted from CSV,63,Dinkel Cracker Sesam 100G
04104420056046,brand_mapping,Exported description as brand: 'Knabber Igel 100G'; source TIDBrandName='Alnatura',64,Knabber Igel 100G
04104420056046,market_country_mapping,CSV blank; source TargetMarketCountryCode=276; lowercase targetMarketCountryCode is empty,64,Knabber Igel 100G
04104420056046,nutrition_basis_lost_100g,Source basis 100 GRM omitted from CSV,64,Knabber Igel 100G
04104420056343,brand_mapping,Exported description as brand: 'Dinkel Zwieback 200G'; source TIDBrandName='Alnatura',65,Dinkel Zwieback 200G
04104420056343,market_country_mapping,CSV blank; source TargetMarketCountryCode=276; lowercase targetMarketCountryCode is empty,65,Dinkel Zwieback 200G
04104420056343,nutrition_basis_lost_100g,Source basis 100 GRM omitted from CSV,65,Dinkel Zwieback 200G
04104420056961,brand_mapping,Exported description as brand: 'Dinkel Löffelbiskuits 125G'; source TIDBrandName='Alnatura',66,Dinkel Löffelbiskuits 125G
04104420056961,market_country_mapping,CSV blank; source TargetMarketCountryCode=276; lowercase targetMarketCountryCode is empty,66,Dinkel Löffelbiskuits 125G
04104420056961,nutrition_basis_lost_100g,Source basis 100 GRM omitted from CSV,66,Dinkel Löffelbiskuits 125G
04104420057326,brand_mapping,Exported description as brand: 'Honig Reiswaffel 96G'; source TIDBrandName='Alnatura',67,Honig Reiswaffel 96G
04104420057326,market_country_mapping,CSV blank; source TargetMarketCountryCode=276; lowercase targetMarketCountryCode is empty,67,Honig Reiswaffel 96G
04104420057326,nutrition_basis_lost_100g,Source basis 100 GRM omitted from CSV,67,Honig Reiswaffel 96G
04104420057326,less_than_qualifier_lost,"SALTEQ < 0.01 GRM, slot .6, group preparationState; CSV has no qualifier",67,Honig Reiswaffel 96G
00000042247111,brand_mapping,Exported description as brand: 'Dinkel Doppelkeks mini 90G'; source TIDBrandName='Alnatura',68,Dinkel Doppelkeks mini 90G
00000042247111,market_country_mapping,CSV blank; source TargetMarketCountryCode=276; lowercase targetMarketCountryCode is empty,68,Dinkel Doppelkeks mini 90G
00000042247111,nutrition_basis_lost_100g,Source basis 100 GRM omitted from CSV,68,Dinkel Doppelkeks mini 90G
04104420134607,brand_mapping,Exported description as brand: 'Müsli Kekse 125G'; source TIDBrandName='Alnatura',69,Müsli Kekse 125G
04104420134607,market_country_mapping,CSV blank; source TargetMarketCountryCode=276; lowercase targetMarketCountryCode is empty,69,Müsli Kekse 125G
04104420134607,nutrition_basis_lost_100g,Source basis 100 GRM omitted from CSV,69,Müsli Kekse 125G
04104420134607,secondary_serving_size_lost,{'servingSizeValue.1': '2.5'},69,Müsli Kekse 125G
04104420134829,brand_mapping,Exported description as brand: 'Knabber Drachen Paprika 100G'; source TIDBrandName='Alnatura',70,Knabber Drachen Paprika 100G
04104420134829,market_country_mapping,CSV blank; source TargetMarketCountryCode=276; lowercase targetMarketCountryCode is empty,70,Knabber Drachen Paprika 100G
04104420134829,nutrition_basis_lost_100g,Source basis 100 GRM omitted from CSV,70,Knabber Drachen Paprika 100G
04104420135222,brand_mapping,Exported description as brand: 'Mais Minis à la Sour Cream & Onion'; source TIDBrandName='Alnatura',71,Mais Minis à la Sour Cream & Onion
04104420135222,market_country_mapping,CSV blank; source TargetMarketCountryCode=276; lowercase targetMarketCountryCode is empty,71,Mais Minis à la Sour Cream & Onion
04104420135222,nutrition_basis_lost_100g,Source basis 100 GRM omitted from CSV,71,Mais Minis à la Sour Cream & Onion
04104420139565,brand_mapping,Exported description as brand: 'Mais-Amaranth Waffeln 115G'; source TIDBrandName='Alnatura',72,Mais-Amaranth Waffeln 115G
04104420139565,market_country_mapping,CSV blank; source TargetMarketCountryCode=276; lowercase targetMarketCountryCode is empty,72,Mais-Amaranth Waffeln 115G
04104420139565,nutrition_basis_lost_100g,Source basis 100 GRM omitted from CSV,72,Mais-Amaranth Waffeln 115G
04104420140608,brand_mapping,Exported description as brand: 'Vanillepudding 3x40g'; source TIDBrandName='Alnatura',73,Vanillepudding 3x40g
04104420140608,market_country_mapping,CSV blank; source TargetMarketCountryCode=276; lowercase targetMarketCountryCode is empty,73,Vanillepudding 3x40g
04104420140608,nutrition_basis_lost_100g,Source basis 100 GRM omitted from CSV,73,Vanillepudding 3x40g
04104420140608,less_than_qualifier_lost,"FIBTG < 0.5 GRM, slot .5, group preparationState; CSV has no qualifier",73,Vanillepudding 3x40g
04104420140622,brand_mapping,Exported description as brand: 'Schokopudding 3x46g'; source TIDBrandName='Alnatura',74,Schokopudding 3x46g
04104420140622,market_country_mapping,CSV blank; source TargetMarketCountryCode=276; lowercase targetMarketCountryCode is empty,74,Schokopudding 3x46g
04104420140622,nutrition_basis_lost_100g,Source basis 100 GRM omitted from CSV,74,Schokopudding 3x46g
04104420140622,less_than_qualifier_lost,"FIBTG < 0.5 GRM, slot .5, group preparationState; CSV has no qualifier",74,Schokopudding 3x46g
04104420038462,brand_mapping,Exported description as brand: 'Trinkkakao 400G'; source TIDBrandName='Alnatura',75,Trinkkakao 400G
04104420038462,market_country_mapping,CSV blank; source TargetMarketCountryCode=276; lowercase targetMarketCountryCode is empty,75,Trinkkakao 400G
04104420038462,nutrition_basis_lost_100g,Source basis 100 GRM omitted from CSV,75,Trinkkakao 400G
04104420038462,secondary_serving_size_lost,{'servingSizeValue.1': '210'},75,Trinkkakao 400G
04104420024625,brand_mapping,Exported description as brand: 'Apfel Chips 70G'; source TIDBrandName='Alnatura',76,Apfel Chips 70G
04104420024625,market_country_mapping,CSV blank; source TargetMarketCountryCode=276; lowercase targetMarketCountryCode is empty,76,Apfel Chips 70G
04104420024625,nutrition_basis_lost_100g,Source basis 100 GRM omitted from CSV,76,Apfel Chips 70G
04104420024625,less_than_qualifier_lost,"FAMSCIS < 0.1 GRM, slot .7, group preparationState; CSV has no qualifier",76,Apfel Chips 70G
04104420024625,less_than_qualifier_lost,"SALTEQ < 0.01 GRM, slot .8, group preparationState; CSV has no qualifier",76,Apfel Chips 70G
04104420024847,brand_mapping,Exported description as brand: 'Bananen Chips 150G'; source TIDBrandName='Alnatura',77,Bananen Chips 150G
04104420024847,market_country_mapping,CSV blank; source TargetMarketCountryCode=276; lowercase targetMarketCountryCode is empty,77,Bananen Chips 150G
04104420024847,nutrition_basis_lost_100g,Source basis 100 GRM omitted from CSV,77,Bananen Chips 150G
04104420037366,brand_mapping,Exported description as brand: 'Nuss Nougat Creme 400G'; source TIDBrandName='Alnatura',78,Nuss Nougat Creme 400G
04104420037366,market_country_mapping,CSV blank; source TargetMarketCountryCode=276; lowercase targetMarketCountryCode is empty,78,Nuss Nougat Creme 400G
04104420037366,nutrition_basis_lost_100g,Source basis 100 GRM omitted from CSV,78,Nuss Nougat Creme 400G
04104420022782,brand_mapping,Exported description as brand: 'Kakao schwach entölt 125G'; source TIDBrandName='Alnatura',79,Kakao schwach entölt 125G
04104420022782,market_country_mapping,CSV blank; source TargetMarketCountryCode=276; lowercase targetMarketCountryCode is empty,79,Kakao schwach entölt 125G
04104420022782,nutrition_basis_lost_100g,Source basis 100 GRM omitted from CSV,79,Kakao schwach entölt 125G
04104420022782,less_than_qualifier_lost,"SUGAR- < 0.5 GRM, slot .5, group preparationState; CSV has no qualifier",79,Kakao schwach entölt 125G
04104420056909,brand_mapping,Exported description as brand: 'Kartoffelchips Meersalz 125G'; source TIDBrandName='Alnatura',80,Kartoffelchips Meersalz 125G
04104420056909,market_country_mapping,CSV blank; source TargetMarketCountryCode=276; lowercase targetMarketCountryCode is empty,80,Kartoffelchips Meersalz 125G
04104420056909,nutrition_basis_lost_100g,Source basis 100 GRM omitted from CSV,80,Kartoffelchips Meersalz 125G
04104420056923,brand_mapping,Exported description as brand: 'Kartoffelchips Paprika 125G'; source TIDBrandName='Alnatura',81,Kartoffelchips Paprika 125G
04104420056923,market_country_mapping,CSV blank; source TargetMarketCountryCode=276; lowercase targetMarketCountryCode is empty,81,Kartoffelchips Paprika 125G
04104420056923,nutrition_basis_lost_100g,Source basis 100 GRM omitted from CSV,81,Kartoffelchips Paprika 125G
04104420057227,brand_mapping,Exported description as brand: 'Hirsebällchen 75G'; source TIDBrandName='Alnatura',82,Hirsebällchen 75G
04104420057227,market_country_mapping,CSV blank; source TargetMarketCountryCode=276; lowercase targetMarketCountryCode is empty,82,Hirsebällchen 75G
04104420057227,nutrition_basis_lost_100g,Source basis 100 GRM omitted from CSV,82,Hirsebällchen 75G
04104420028647,brand_mapping,Exported description as brand: 'Rote Thai Curry-Paste 135G'; source TIDBrandName='Alnatura',83,Rote Thai Curry-Paste 135G
04104420028647,market_country_mapping,CSV blank; source TargetMarketCountryCode=276; lowercase targetMarketCountryCode is empty,83,Rote Thai Curry-Paste 135G
04104420028647,nutrition_basis_lost_100g,Source basis 100 GRM omitted from CSV,83,Rote Thai Curry-Paste 135G
04104420131828,brand_mapping,Exported description as brand: 'Hirsebällchen Erdnuss 75G'; source TIDBrandName='Alnatura',84,Hirsebällchen Erdnuss 75G
04104420131828,market_country_mapping,CSV blank; source TargetMarketCountryCode=276; lowercase targetMarketCountryCode is empty,84,Hirsebällchen Erdnuss 75G
04104420131828,nutrition_basis_lost_100g,Source basis 100 GRM omitted from CSV,84,Hirsebällchen Erdnuss 75G
04104420139947,brand_mapping,Exported description as brand: 'Chips im Kessel gebacken Rosm. 125G'; source TIDBrandName='Alnatura',85,Chips im Kessel gebacken Rosm. 125G
04104420139947,market_country_mapping,CSV blank; source TargetMarketCountryCode=276; lowercase targetMarketCountryCode is empty,85,Chips im Kessel gebacken Rosm. 125G
04104420139947,nutrition_basis_lost_100g,Source basis 100 GRM omitted from CSV,85,Chips im Kessel gebacken Rosm. 125G
04104420021167,brand_mapping,"Exported description as brand: 'Mango-Fruchtsauce 0,25L'; source TIDBrandName='Alnatura'",86,"Mango-Fruchtsauce 0,25L"
04104420021167,market_country_mapping,CSV blank; source TargetMarketCountryCode=276; lowercase targetMarketCountryCode is empty,86,"Mango-Fruchtsauce 0,25L"
04104420021167,less_than_qualifier_lost,"FAT < 0.9 GRM, slot .3, group preparationState; CSV has no qualifier",86,"Mango-Fruchtsauce 0,25L"
04104420021167,less_than_qualifier_lost,"FASAT < 0.5 GRM, slot .5, group preparationState; CSV has no qualifier",86,"Mango-Fruchtsauce 0,25L"
04104420021167,less_than_qualifier_lost,"SALTEQ < 0.06 GRM, slot .6, group preparationState; CSV has no qualifier",86,"Mango-Fruchtsauce 0,25L"
04104420016569,brand_mapping,Exported description as brand: 'Polenta 500G'; source TIDBrandName='Alnatura',87,Polenta 500G
04104420016569,market_country_mapping,CSV blank; source TargetMarketCountryCode=276; lowercase targetMarketCountryCode is empty,87,Polenta 500G
04104420016569,nutrition_basis_lost_100g,Source basis 100 GRM omitted from CSV,87,Polenta 500G
04104420016569,less_than_qualifier_lost,"SALTEQ < 0.01 GRM, slot .6, group preparationState; CSV has no qualifier",87,Polenta 500G
04104420016521,brand_mapping,Exported description as brand: 'Dinkelgrieß 500G'; source TIDBrandName='Alnatura',88,Dinkelgrieß 500G
04104420016521,market_country_mapping,CSV blank; source TargetMarketCountryCode=276; lowercase targetMarketCountryCode is empty,88,Dinkelgrieß 500G
04104420016521,nutrition_basis_lost_100g,Source basis 100 GRM omitted from CSV,88,Dinkelgrieß 500G
04104420016521,less_than_qualifier_lost,"SALTEQ < 0.01 GRM, slot .6, group preparationState; CSV has no qualifier",88,Dinkelgrieß 500G
04104420024601,brand_mapping,Exported description as brand: 'Apfel Ringe 125G'; source TIDBrandName='Alnatura',89,Apfel Ringe 125G
04104420024601,market_country_mapping,CSV blank; source TargetMarketCountryCode=276; lowercase targetMarketCountryCode is empty,89,Apfel Ringe 125G
04104420024601,nutrition_basis_lost_100g,Source basis 100 GRM omitted from CSV,89,Apfel Ringe 125G
04104420024601,less_than_qualifier_lost,"FAT < 0.5 GRM, slot .4, group preparationState; CSV has no qualifier",89,Apfel Ringe 125G
04104420024601,less_than_qualifier_lost,"FAMSCIS < 0.1 GRM, slot .6, group preparationState; CSV has no qualifier",89,Apfel Ringe 125G
04104420024601,less_than_qualifier_lost,"FAPUCIS < 0.1 GRM, slot .7, group preparationState; CSV has no qualifier",89,Apfel Ringe 125G
04104420024601,less_than_qualifier_lost,"FASAT < 0.1 GRM, slot .8, group preparationState; CSV has no qualifier",89,Apfel Ringe 125G
04104420024908,brand_mapping,Exported description as brand: 'Mango Stücke 100G'; source TIDBrandName='Alnatura',90,Mango Stücke 100G
04104420024908,market_country_mapping,CSV blank; source TargetMarketCountryCode=276; lowercase targetMarketCountryCode is empty,90,Mango Stücke 100G
04104420024908,nutrition_basis_lost_100g,Source basis 100 GRM omitted from CSV,90,Mango Stücke 100G
04104420024908,less_than_qualifier_lost,"FAPUCIS < 0.1 GRM, slot .7, group preparationState; CSV has no qualifier",90,Mango Stücke 100G
04104420024908,less_than_qualifier_lost,"SALTEQ < 0.01 GRM, slot .8, group preparationState; CSV has no qualifier",90,Mango Stücke 100G
04104420024922,brand_mapping,Exported description as brand: 'Ingwer Würfel 100G'; source TIDBrandName='Alnatura',91,Ingwer Würfel 100G
04104420024922,market_country_mapping,CSV blank; source TargetMarketCountryCode=276; lowercase targetMarketCountryCode is empty,91,Ingwer Würfel 100G
04104420024922,nutrition_basis_lost_100g,Source basis 100 GRM omitted from CSV,91,Ingwer Würfel 100G
04104420024922,less_than_qualifier_lost,"FAT < 0.5 GRM, slot .3, group preparationState; CSV has no qualifier",91,Ingwer Würfel 100G
04104420024922,less_than_qualifier_lost,"PRO- < 0.5 GRM, slot .4, group preparationState; CSV has no qualifier",91,Ingwer Würfel 100G
04104420024922,less_than_qualifier_lost,"FAMSCIS < 0.1 GRM, slot .5, group preparationState; CSV has no qualifier",91,Ingwer Würfel 100G
04104420024922,less_than_qualifier_lost,"FAPUCIS < 0.1 GRM, slot .6, group preparationState; CSV has no qualifier",91,Ingwer Würfel 100G
04104420024922,less_than_qualifier_lost,"FASAT < 0.1 GRM, slot .7, group preparationState; CSV has no qualifier",91,Ingwer Würfel 100G
04104420024885,brand_mapping,Exported description as brand: 'Kokos Chips 100G'; source TIDBrandName='Alnatura',92,Kokos Chips 100G
04104420024885,market_country_mapping,CSV blank; source TargetMarketCountryCode=276; lowercase targetMarketCountryCode is empty,92,Kokos Chips 100G
04104420024885,nutrition_basis_lost_100g,Source basis 100 GRM omitted from CSV,92,Kokos Chips 100G
04104420024762,brand_mapping,Exported description as brand: 'Rosinen 500G'; source TIDBrandName='Alnatura',93,Rosinen 500G
04104420024762,market_country_mapping,CSV blank; source TargetMarketCountryCode=276; lowercase targetMarketCountryCode is empty,93,Rosinen 500G
04104420024762,nutrition_basis_lost_100g,Source basis 100 GRM omitted from CSV,93,Rosinen 500G
04104420024762,less_than_qualifier_lost,"SALTEQ < 0.01 GRM, slot .8, group preparationState; CSV has no qualifier",93,Rosinen 500G
04104420024687,brand_mapping,Exported description as brand: 'Feigen 250G'; source TIDBrandName='Alnatura',94,Feigen 250G
04104420024687,market_country_mapping,CSV blank; source TargetMarketCountryCode=276; lowercase targetMarketCountryCode is empty,94,Feigen 250G
04104420024687,nutrition_basis_lost_100g,Source basis 100 GRM omitted from CSV,94,Feigen 250G
04104420024663,brand_mapping,Exported description as brand: 'Datteln entsteint 200G'; source TIDBrandName='Alnatura',95,Datteln entsteint 200G
04104420024663,market_country_mapping,CSV blank; source TargetMarketCountryCode=276; lowercase targetMarketCountryCode is empty,95,Datteln entsteint 200G
04104420024663,nutrition_basis_lost_100g,Source basis 100 GRM omitted from CSV,95,Datteln entsteint 200G
04104420024663,less_than_qualifier_lost,"FAT < 0.5 GRM, slot .4, group preparationState; CSV has no qualifier",95,Datteln entsteint 200G
04104420024663,less_than_qualifier_lost,"FAPUCIS < 0.1 GRM, slot .7, group preparationState; CSV has no qualifier",95,Datteln entsteint 200G
04104420025226,brand_mapping,Exported description as brand: 'Studentenfutter 200G'; source TIDBrandName='Alnatura',96,Studentenfutter 200G
04104420025226,market_country_mapping,CSV blank; source TargetMarketCountryCode=276; lowercase targetMarketCountryCode is empty,96,Studentenfutter 200G
04104420025226,nutrition_basis_lost_100g,Source basis 100 GRM omitted from CSV,96,Studentenfutter 200G
04104420024649,brand_mapping,Exported description as brand: 'Aprikosen 200G'; source TIDBrandName='Alnatura',97,Aprikosen 200G
04104420024649,market_country_mapping,CSV blank; source TargetMarketCountryCode=276; lowercase targetMarketCountryCode is empty,97,Aprikosen 200G
04104420024649,nutrition_basis_lost_100g,Source basis 100 GRM omitted from CSV,97,Aprikosen 200G
04104420024649,less_than_qualifier_lost,"FAPUCIS < 0.1 GRM, slot .6, group preparationState; CSV has no qualifier",97,Aprikosen 200G
04104420024649,less_than_qualifier_lost,"FASAT < 0.1 GRM, slot .7, group preparationState; CSV has no qualifier",97,Aprikosen 200G
04104420025486,brand_mapping,Exported description as brand: 'Cranberries 100G'; source TIDBrandName='Alnatura',98,Cranberries 100G
04104420025486,market_country_mapping,CSV blank; source TargetMarketCountryCode=276; lowercase targetMarketCountryCode is empty,98,Cranberries 100G
04104420025486,nutrition_basis_lost_100g,Source basis 100 GRM omitted from CSV,98,Cranberries 100G
04104420025486,less_than_qualifier_lost,"SALTEQ < 0.03 GRM, slot .8, group preparationState; CSV has no qualifier",98,Cranberries 100G
04104420021884,brand_mapping,Exported description as brand: 'Dinkelmehl Type 630 1.000G'; source TIDBrandName='Alnatura',99,Dinkelmehl Type 630 1.000G
04104420021884,market_country_mapping,CSV blank; source TargetMarketCountryCode=276; lowercase targetMarketCountryCode is empty,99,Dinkelmehl Type 630 1.000G
04104420021884,nutrition_basis_lost_100g,Source basis 100 GRM omitted from CSV,99,Dinkelmehl Type 630 1.000G
04104420021884,less_than_qualifier_lost,"FASAT < 0.1 GRM, slot .5, group preparationState; CSV has no qualifier",99,Dinkelmehl Type 630 1.000G
04104420021884,less_than_qualifier_lost,"SALTEQ < 0.01 GRM, slot .6, group preparationState; CSV has no qualifier",99,Dinkelmehl Type 630 1.000G
04104420033764,brand_mapping,Exported description as brand: 'Apfelmark m. Mango 360G'; source TIDBrandName='Alnatura',100,Apfelmark m. Mango 360G
04104420033764,market_country_mapping,CSV blank; source TargetMarketCountryCode=276; lowercase targetMarketCountryCode is empty,100,Apfelmark m. Mango 360G
04104420033764,nutrition_basis_lost_100g,Source basis 100 GRM omitted from CSV,100,Apfelmark m. Mango 360G
04104420033764,less_than_qualifier_lost,"PRO- < 0.5 GRM, slot .3, group preparationState; CSV has no qualifier",100,Apfelmark m. Mango 360G
04104420033764,less_than_qualifier_lost,"FAT < 0.5 GRM, slot .4, group preparationState; CSV has no qualifier",100,Apfelmark m. Mango 360G
04104420033764,less_than_qualifier_lost,"FASAT < 0.1 GRM, slot .5, group preparationState; CSV has no qualifier",100,Apfelmark m. Mango 360G
04104420033764,less_than_qualifier_lost,"SALTEQ < 0.01 GRM, slot .6, group preparationState; CSV has no qualifier",100,Apfelmark m. Mango 360G
04104420033788,brand_mapping,Exported description as brand: 'Apfelmark m. Banane 360G'; source TIDBrandName='Alnatura',101,Apfelmark m. Banane 360G
04104420033788,market_country_mapping,CSV blank; source TargetMarketCountryCode=276; lowercase targetMarketCountryCode is empty,101,Apfelmark m. Banane 360G
04104420033788,nutrition_basis_lost_100g,Source basis 100 GRM omitted from CSV,101,Apfelmark m. Banane 360G
04104420033788,less_than_qualifier_lost,"PRO- < 0.5 GRM, slot .3, group preparationState; CSV has no qualifier",101,Apfelmark m. Banane 360G
04104420033788,less_than_qualifier_lost,"FAT < 0.5 GRM, slot .4, group preparationState; CSV has no qualifier",101,Apfelmark m. Banane 360G
04104420033788,less_than_qualifier_lost,"FASAT < 0.1 GRM, slot .5, group preparationState; CSV has no qualifier",101,Apfelmark m. Banane 360G
04104420033788,less_than_qualifier_lost,"SALTEQ < 0.01 GRM, slot .6, group preparationState; CSV has no qualifier",101,Apfelmark m. Banane 360G
04104420026681,brand_mapping,Exported description as brand: 'Cashew Cranberry Mix 150G'; source TIDBrandName='Alnatura',102,Cashew Cranberry Mix 150G
04104420026681,market_country_mapping,CSV blank; source TargetMarketCountryCode=276; lowercase targetMarketCountryCode is empty,102,Cashew Cranberry Mix 150G
04104420026681,nutrition_basis_lost_100g,Source basis 100 GRM omitted from CSV,102,Cashew Cranberry Mix 150G
04104420095120,brand_mapping,Exported description as brand: 'Soja Drink Vanille 1L'; source TIDBrandName='Alnatura',103,Soja Drink Vanille 1L
04104420095120,market_country_mapping,CSV blank; source TargetMarketCountryCode=276; lowercase targetMarketCountryCode is empty,103,Soja Drink Vanille 1L
04104420095120,less_than_qualifier_lost,"FIBTG < 0.5 GRM, slot .4, group preparationState; CSV has no qualifier",103,Soja Drink Vanille 1L
04104420095205,brand_mapping,Exported description as brand: 'Soja Cuisine 200ML'; source TIDBrandName='Alnatura',104,Soja Cuisine 200ML
04104420095205,market_country_mapping,CSV blank; source TargetMarketCountryCode=276; lowercase targetMarketCountryCode is empty,104,Soja Cuisine 200ML
04104420095205,less_than_qualifier_lost,"FIBTG < 0.6 GRM, slot .5, group preparationState; CSV has no qualifier",104,Soja Cuisine 200ML
04104420135321,brand_mapping,Exported description as brand: 'Caffe Latte Macchiato 230ML'; source TIDBrandName='Alnatura',105,Caffe Latte Macchiato 230ML
04104420135321,market_country_mapping,CSV blank; source TargetMarketCountryCode=276; lowercase targetMarketCountryCode is empty,105,Caffe Latte Macchiato 230ML
04104420140707,brand_mapping,Exported description as brand: 'Roggenvollkornmehl 1.000G'; source TIDBrandName='Alnatura',106,Roggenvollkornmehl 1.000G
04104420140707,market_country_mapping,CSV blank; source TargetMarketCountryCode=276; lowercase targetMarketCountryCode is empty,106,Roggenvollkornmehl 1.000G
04104420140707,nutrition_basis_lost_100g,Source basis 100 GRM omitted from CSV,106,Roggenvollkornmehl 1.000G
04104420140707,less_than_qualifier_lost,"SALTEQ < 0.01 GRM, slot .6, group preparationState; CSV has no qualifier",106,Roggenvollkornmehl 1.000G
04104420011625,brand_mapping,Exported description as brand: 'Hafer 500G'; source TIDBrandName='Alnatura',107,Hafer 500G
04104420011625,market_country_mapping,CSV blank; source TargetMarketCountryCode=276; lowercase targetMarketCountryCode is empty,107,Hafer 500G
04104420011625,nutrition_basis_lost_100g,Source basis 100 GRM omitted from CSV,107,Hafer 500G
04104420072589,brand_mapping,"Exported description as brand: 'Zitronensaft 0,2L'; source TIDBrandName='Alnatura'",108,"Zitronensaft 0,2L"
04104420072589,market_country_mapping,CSV blank; source TargetMarketCountryCode=276; lowercase targetMarketCountryCode is empty,108,"Zitronensaft 0,2L"
04104420072589,less_than_qualifier_lost,"FAT < 0.5 GRM, slot .2, group preparationState; CSV has no qualifier",108,"Zitronensaft 0,2L"
04104420072589,less_than_qualifier_lost,"FIBTG < 0.5 GRM, slot .3, group preparationState; CSV has no qualifier",108,"Zitronensaft 0,2L"
04104420072589,less_than_qualifier_lost,"PRO- < 0.5 GRM, slot .4, group preparationState; CSV has no qualifier",108,"Zitronensaft 0,2L"
04104420072589,less_than_qualifier_lost,"FASAT < 0.1 GRM, slot .5, group preparationState; CSV has no qualifier",108,"Zitronensaft 0,2L"
04104420072589,less_than_qualifier_lost,"SALTEQ < 0.01 GRM, slot .6, group preparationState; CSV has no qualifier",108,"Zitronensaft 0,2L"
04104420024441,brand_mapping,Exported description as brand: 'Feine Blüte 500G'; source TIDBrandName='Alnatura',109,Feine Blüte 500G
04104420024441,market_country_mapping,CSV blank; source TargetMarketCountryCode=276; lowercase targetMarketCountryCode is empty,109,Feine Blüte 500G
04104420071728,brand_mapping,Exported description as brand: 'Apfelsaft naturtrüb 1L'; source TIDBrandName='Alnatura',110,Apfelsaft naturtrüb 1L
04104420071728,market_country_mapping,CSV blank; source TargetMarketCountryCode=276; lowercase targetMarketCountryCode is empty,110,Apfelsaft naturtrüb 1L
04104420071728,less_than_qualifier_lost,"FAT < 0.5 GRM, slot .2, group preparationState; CSV has no qualifier",110,Apfelsaft naturtrüb 1L
04104420071728,less_than_qualifier_lost,"FIBTG < 0.5 GRM, slot .3, group preparationState; CSV has no qualifier",110,Apfelsaft naturtrüb 1L
04104420071728,less_than_qualifier_lost,"PRO- < 0.5 GRM, slot .4, group preparationState; CSV has no qualifier",110,Apfelsaft naturtrüb 1L
04104420071728,less_than_qualifier_lost,"FASAT < 0.1 GRM, slot .5, group preparationState; CSV has no qualifier",110,Apfelsaft naturtrüb 1L
04104420071728,less_than_qualifier_lost,"SALTEQ < 0.01 GRM, slot .6, group preparationState; CSV has no qualifier",110,Apfelsaft naturtrüb 1L
04104420071766,brand_mapping,Exported description as brand: 'Traubensaft naturtrüb 1L'; source TIDBrandName='Alnatura',111,Traubensaft naturtrüb 1L
04104420071766,market_country_mapping,CSV blank; source TargetMarketCountryCode=276; lowercase targetMarketCountryCode is empty,111,Traubensaft naturtrüb 1L
04104420071766,less_than_qualifier_lost,"FAT < 0.5 GRM, slot .2, group preparationState; CSV has no qualifier",111,Traubensaft naturtrüb 1L
04104420071766,less_than_qualifier_lost,"FIBTG < 0.5 GRM, slot .3, group preparationState; CSV has no qualifier",111,Traubensaft naturtrüb 1L
04104420071766,less_than_qualifier_lost,"PRO- < 0.5 GRM, slot .4, group preparationState; CSV has no qualifier",111,Traubensaft naturtrüb 1L
04104420071766,less_than_qualifier_lost,"FASAT < 0.1 GRM, slot .5, group preparationState; CSV has no qualifier",111,Traubensaft naturtrüb 1L
04104420071803,brand_mapping,"Exported description as brand: 'Apfel Mango Saft 0,33L'; source TIDBrandName='Alnatura'",112,"Apfel Mango Saft 0,33L"
04104420071803,market_country_mapping,CSV blank; source TargetMarketCountryCode=276; lowercase targetMarketCountryCode is empty,112,"Apfel Mango Saft 0,33L"
04104420071803,less_than_qualifier_lost,"FAT < 0.5 GRM, slot .2, group preparationState; CSV has no qualifier",112,"Apfel Mango Saft 0,33L"
04104420071803,less_than_qualifier_lost,"FIBTG < 0.5 GRM, slot .3, group preparationState; CSV has no qualifier",112,"Apfel Mango Saft 0,33L"
04104420071803,less_than_qualifier_lost,"PRO- < 0.5 GRM, slot .4, group preparationState; CSV has no qualifier",112,"Apfel Mango Saft 0,33L"
04104420071803,less_than_qualifier_lost,"FASAT < 0.1 GRM, slot .5, group preparationState; CSV has no qualifier",112,"Apfel Mango Saft 0,33L"
04104420071803,less_than_qualifier_lost,"SALTEQ < 0.01 GRM, slot .6, group preparationState; CSV has no qualifier",112,"Apfel Mango Saft 0,33L"
04104420071940,brand_mapping,"Exported description as brand: 'Pink Grapefruitsaft 0,75L'; source TIDBrandName='Alnatura'",113,"Pink Grapefruitsaft 0,75L"
04104420071940,market_country_mapping,CSV blank; source TargetMarketCountryCode=276; lowercase targetMarketCountryCode is empty,113,"Pink Grapefruitsaft 0,75L"
04104420071940,less_than_qualifier_lost,"FAT < 0.5 GRM, slot .3, group preparationState; CSV has no qualifier",113,"Pink Grapefruitsaft 0,75L"
04104420071940,less_than_qualifier_lost,"FIBTG < 0.5 GRM, slot .4, group preparationState; CSV has no qualifier",113,"Pink Grapefruitsaft 0,75L"
04104420071940,less_than_qualifier_lost,"FASAT < 0.1 GRM, slot .5, group preparationState; CSV has no qualifier",113,"Pink Grapefruitsaft 0,75L"
04104420071940,less_than_qualifier_lost,"SALTEQ < 0.01 GRM, slot .6, group preparationState; CSV has no qualifier",113,"Pink Grapefruitsaft 0,75L"
04104420071841,brand_mapping,"Exported description as brand: 'Apfel Mango Saft 0,75L'; source TIDBrandName='Alnatura'",114,"Apfel Mango Saft 0,75L"
04104420071841,market_country_mapping,CSV blank; source TargetMarketCountryCode=276; lowercase targetMarketCountryCode is empty,114,"Apfel Mango Saft 0,75L"
04104420071841,less_than_qualifier_lost,"PRO- < 0.5 GRM, slot .3, group preparationState; CSV has no qualifier",114,"Apfel Mango Saft 0,75L"
04104420071841,less_than_qualifier_lost,"FAT < 0.5 GRM, slot .4, group preparationState; CSV has no qualifier",114,"Apfel Mango Saft 0,75L"
04104420071841,less_than_qualifier_lost,"FASAT < 0.1 GRM, slot .5, group preparationState; CSV has no qualifier",114,"Apfel Mango Saft 0,75L"
04104420071841,less_than_qualifier_lost,"SALTEQ < 0.01 GRM, slot .6, group preparationState; CSV has no qualifier",114,"Apfel Mango Saft 0,75L"
04104420037281,brand_mapping,Exported description as brand: 'Fruchtaufstrich Waldfrucht 250G'; source TIDBrandName='Alnatura',115,Fruchtaufstrich Waldfrucht 250G
04104420037281,market_country_mapping,CSV blank; source TargetMarketCountryCode=276; lowercase targetMarketCountryCode is empty,115,Fruchtaufstrich Waldfrucht 250G
04104420037281,nutrition_basis_lost_100g,Source basis 100 GRM omitted from CSV,115,Fruchtaufstrich Waldfrucht 250G
04104420037281,less_than_qualifier_lost,"FAT < 0.5 GRM, slot .4, group preparationState; CSV has no qualifier",115,Fruchtaufstrich Waldfrucht 250G
04104420037281,less_than_qualifier_lost,"FASAT < 0.1 GRM, slot .5, group preparationState; CSV has no qualifier",115,Fruchtaufstrich Waldfrucht 250G
04104420024489,brand_mapping,Exported description as brand: 'Vielblütenhonig 500G'; source TIDBrandName='Alnatura',116,Vielblütenhonig 500G
04104420024489,market_country_mapping,CSV blank; source TargetMarketCountryCode=276; lowercase targetMarketCountryCode is empty,116,Vielblütenhonig 500G
04104420071667,brand_mapping,"Exported description as brand: 'Traubensaft naturtrüb 0,33L'; source TIDBrandName='Alnatura'",117,"Traubensaft naturtrüb 0,33L"
04104420071667,market_country_mapping,CSV blank; source TargetMarketCountryCode=276; lowercase targetMarketCountryCode is empty,117,"Traubensaft naturtrüb 0,33L"
04104420071667,less_than_qualifier_lost,"FASAT < 0.5 GRM, slot .2, group preparationState; CSV has no qualifier",117,"Traubensaft naturtrüb 0,33L"
04104420071667,less_than_qualifier_lost,"FAT < 0.5 GRM, slot .3, group preparationState; CSV has no qualifier",117,"Traubensaft naturtrüb 0,33L"
04104420071667,less_than_qualifier_lost,"FIBTG < 0.5 GRM, slot .4, group preparationState; CSV has no qualifier",117,"Traubensaft naturtrüb 0,33L"
04104420071667,less_than_qualifier_lost,"PRO- < 0.5 GRM, slot .5, group preparationState; CSV has no qualifier",117,"Traubensaft naturtrüb 0,33L"
04104420071667,less_than_qualifier_lost,"SALTEQ < 0.01 GRM, slot .6, group preparationState; CSV has no qualifier",117,"Traubensaft naturtrüb 0,33L"
04104420037441,brand_mapping,Exported description as brand: 'Fruchtaufstrich Erdbeere 420G'; source TIDBrandName='Alnatura',118,Fruchtaufstrich Erdbeere 420G
04104420037441,market_country_mapping,CSV blank; source TargetMarketCountryCode=276; lowercase targetMarketCountryCode is empty,118,Fruchtaufstrich Erdbeere 420G
04104420037441,nutrition_basis_lost_100g,Source basis 100 GRM omitted from CSV,118,Fruchtaufstrich Erdbeere 420G
04104420037441,less_than_qualifier_lost,"PRO- < 0.5 GRM, slot .3, group preparationState; CSV has no qualifier",118,Fruchtaufstrich Erdbeere 420G
04104420037441,less_than_qualifier_lost,"FAT < 0.5 GRM, slot .4, group preparationState; CSV has no qualifier",118,Fruchtaufstrich Erdbeere 420G
04104420037441,less_than_qualifier_lost,"FASAT < 0.1 GRM, slot .5, group preparationState; CSV has no qualifier",118,Fruchtaufstrich Erdbeere 420G
04104420037465,brand_mapping,Exported description as brand: 'Fruchtaufstrich Himbeere 420G'; source TIDBrandName='Alnatura',119,Fruchtaufstrich Himbeere 420G
04104420037465,market_country_mapping,CSV blank; source TargetMarketCountryCode=276; lowercase targetMarketCountryCode is empty,119,Fruchtaufstrich Himbeere 420G
04104420037465,nutrition_basis_lost_100g,Source basis 100 GRM omitted from CSV,119,Fruchtaufstrich Himbeere 420G
04104420037465,less_than_qualifier_lost,"FAT < 0.5 GRM, slot .4, group preparationState; CSV has no qualifier",119,Fruchtaufstrich Himbeere 420G
04104420037465,less_than_qualifier_lost,"FASAT < 0.1 GRM, slot .5, group preparationState; CSV has no qualifier",119,Fruchtaufstrich Himbeere 420G
04104420024403,brand_mapping,Exported description as brand: 'Blütenhonig 350G'; source TIDBrandName='Alnatura',120,Blütenhonig 350G
04104420024403,market_country_mapping,CSV blank; source TargetMarketCountryCode=276; lowercase targetMarketCountryCode is empty,120,Blütenhonig 350G
04104420024526,brand_mapping,Exported description as brand: 'Waldhonig 500G'; source TIDBrandName='Alnatura',121,Waldhonig 500G
04104420024526,market_country_mapping,CSV blank; source TargetMarketCountryCode=276; lowercase targetMarketCountryCode is empty,121,Waldhonig 500G
04104420024588,brand_mapping,Exported description as brand: 'Deutscher Blütenhonig 500G'; source TIDBrandName='Alnatura',122,Deutscher Blütenhonig 500G
04104420024588,market_country_mapping,CSV blank; source TargetMarketCountryCode=276; lowercase targetMarketCountryCode is empty,122,Deutscher Blütenhonig 500G
04104420045804,brand_mapping,Exported description as brand: 'Fruchtaufstr. Sauerkirschen 420G'; source TIDBrandName='Alnatura',123,Fruchtaufstr. Sauerkirschen 420G
04104420045804,market_country_mapping,CSV blank; source TargetMarketCountryCode=276; lowercase targetMarketCountryCode is empty,123,Fruchtaufstr. Sauerkirschen 420G
04104420045804,nutrition_basis_lost_100g,Source basis 100 GRM omitted from CSV,123,Fruchtaufstr. Sauerkirschen 420G
04104420045804,less_than_qualifier_lost,"PRO- < 0.5 GRM, slot .3, group preparationState; CSV has no qualifier",123,Fruchtaufstr. Sauerkirschen 420G
04104420045804,less_than_qualifier_lost,"FAT < 0.5 GRM, slot .4, group preparationState; CSV has no qualifier",123,Fruchtaufstr. Sauerkirschen 420G
04104420045804,less_than_qualifier_lost,"FASAT < 0.1 GRM, slot .5, group preparationState; CSV has no qualifier",123,Fruchtaufstr. Sauerkirschen 420G
04104420045828,brand_mapping,Exported description as brand: 'Fruchtaufstrich Hagebutte 260G'; source TIDBrandName='Alnatura',124,Fruchtaufstrich Hagebutte 260G
04104420045828,market_country_mapping,CSV blank; source TargetMarketCountryCode=276; lowercase targetMarketCountryCode is empty,124,Fruchtaufstrich Hagebutte 260G
04104420045828,nutrition_basis_lost_100g,Source basis 100 GRM omitted from CSV,124,Fruchtaufstrich Hagebutte 260G
04104420045828,less_than_qualifier_lost,"FAT < 0.5 GRM, slot .4, group preparationState; CSV has no qualifier",124,Fruchtaufstrich Hagebutte 260G
04104420045828,less_than_qualifier_lost,"FASAT < 0.1 GRM, slot .5, group preparationState; CSV has no qualifier",124,Fruchtaufstrich Hagebutte 260G
04104420024045,brand_mapping,Exported description as brand: 'Waldhonig flüssig 350G'; source TIDBrandName='Alnatura',125,Waldhonig flüssig 350G
04104420024045,market_country_mapping,CSV blank; source TargetMarketCountryCode=276; lowercase targetMarketCountryCode is empty,125,Waldhonig flüssig 350G
04104420070240,brand_mapping,Exported description as brand: 'Coco Drink natur 330ML'; source TIDBrandName='Alnatura',126,Coco Drink natur 330ML
04104420070240,market_country_mapping,CSV blank; source TargetMarketCountryCode=276; lowercase targetMarketCountryCode is empty,126,Coco Drink natur 330ML
04104420070240,less_than_qualifier_lost,"FAT < 0.5 GRM, slot .2, group preparationState; CSV has no qualifier",126,Coco Drink natur 330ML
04104420070240,less_than_qualifier_lost,"FIBTG < 0.5 GRM, slot .3, group preparationState; CSV has no qualifier",126,Coco Drink natur 330ML
04104420070240,less_than_qualifier_lost,"PRO- < 0.5 GRM, slot .4, group preparationState; CSV has no qualifier",126,Coco Drink natur 330ML
04104420070240,less_than_qualifier_lost,"FASAT < 0.1 GRM, slot .5, group preparationState; CSV has no qualifier",126,Coco Drink natur 330ML
04104420045927,brand_mapping,Exported description as brand: 'Fruchtaufstrich Himbeere 200G'; source TIDBrandName='Alnatura',127,Fruchtaufstrich Himbeere 200G
04104420045927,market_country_mapping,CSV blank; source TargetMarketCountryCode=276; lowercase targetMarketCountryCode is empty,127,Fruchtaufstrich Himbeere 200G
04104420045927,nutrition_basis_lost_100g,Source basis 100 GRM omitted from CSV,127,Fruchtaufstrich Himbeere 200G
04104420045927,less_than_qualifier_lost,"FAT < 0.5 GRM, slot .4, group preparationState; CSV has no qualifier",127,Fruchtaufstrich Himbeere 200G
04104420045927,less_than_qualifier_lost,"FASAT < 0.1 GRM, slot .5, group preparationState; CSV has no qualifier",127,Fruchtaufstrich Himbeere 200G
04104420045941,brand_mapping,Exported description as brand: 'Fruchtaufstrich Erdbeere 200G'; source TIDBrandName='Alnatura',128,Fruchtaufstrich Erdbeere 200G
04104420045941,market_country_mapping,CSV blank; source TargetMarketCountryCode=276; lowercase targetMarketCountryCode is empty,128,Fruchtaufstrich Erdbeere 200G
04104420045941,nutrition_basis_lost_100g,Source basis 100 GRM omitted from CSV,128,Fruchtaufstrich Erdbeere 200G
04104420093201,brand_mapping,Exported description as brand: 'Akazienhonig 350G'; source TIDBrandName='Alnatura',129,Akazienhonig 350G
04104420093201,market_country_mapping,CSV blank; source TargetMarketCountryCode=276; lowercase targetMarketCountryCode is empty,129,Akazienhonig 350G
04104420133648,brand_mapping,"Exported description as brand: 'Milder Apfelsaft naturtrüb 0,33L'; source TIDBrandName='Alnatura'",130,"Milder Apfelsaft naturtrüb 0,33L"
04104420133648,market_country_mapping,CSV blank; source TargetMarketCountryCode=276; lowercase targetMarketCountryCode is empty,130,"Milder Apfelsaft naturtrüb 0,33L"
04104420133648,less_than_qualifier_lost,"FAT < 0.5 GRM, slot .2, group preparationState; CSV has no qualifier",130,"Milder Apfelsaft naturtrüb 0,33L"
04104420133648,less_than_qualifier_lost,"FIBTG < 0.5 GRM, slot .3, group preparationState; CSV has no qualifier",130,"Milder Apfelsaft naturtrüb 0,33L"
04104420133648,less_than_qualifier_lost,"PRO- < 0.5 GRM, slot .4, group preparationState; CSV has no qualifier",130,"Milder Apfelsaft naturtrüb 0,33L"
04104420133648,less_than_qualifier_lost,"FASAT < 0.1 GRM, slot .5, group preparationState; CSV has no qualifier",130,"Milder Apfelsaft naturtrüb 0,33L"
04104420133648,less_than_qualifier_lost,"SALTEQ < 0.01 GRM, slot .6, group preparationState; CSV has no qualifier",130,"Milder Apfelsaft naturtrüb 0,33L"
04104420140646,brand_mapping,Exported description as brand: 'Dinkel 1.000G'; source TIDBrandName='Alnatura',131,Dinkel 1.000G
04104420140646,market_country_mapping,CSV blank; source TargetMarketCountryCode=276; lowercase targetMarketCountryCode is empty,131,Dinkel 1.000G
04104420140646,nutrition_basis_lost_100g,Source basis 100 GRM omitted from CSV,131,Dinkel 1.000G
04104420140646,less_than_qualifier_lost,"SALTEQ < 0.01 GRM, slot .6, group preparationState; CSV has no qualifier",131,Dinkel 1.000G
04104420140660,brand_mapping,Exported description as brand: 'Roggen 1.000G'; source TIDBrandName='Alnatura',132,Roggen 1.000G
04104420140660,market_country_mapping,CSV blank; source TargetMarketCountryCode=276; lowercase targetMarketCountryCode is empty,132,Roggen 1.000G
04104420140660,nutrition_basis_lost_100g,Source basis 100 GRM omitted from CSV,132,Roggen 1.000G
04104420140660,less_than_qualifier_lost,"SALTEQ < 0.01 GRM, slot .6, group preparationState; CSV has no qualifier",132,Roggen 1.000G
04104420031609,brand_mapping,Exported description as brand: 'Gemüsebouillon Würfel 66G'; source TIDBrandName='Alnatura',133,Gemüsebouillon Würfel 66G
04104420031609,market_country_mapping,CSV blank; source TargetMarketCountryCode=276; lowercase targetMarketCountryCode is empty,133,Gemüsebouillon Würfel 66G
04104420031609,less_than_qualifier_lost,"CHOAVL < 0.5 GRM, slot .1, group preparationState; CSV has no qualifier",133,Gemüsebouillon Würfel 66G
04104420031609,less_than_qualifier_lost,"FAT < 0.5 GRM, slot .2, group preparationState; CSV has no qualifier",133,Gemüsebouillon Würfel 66G
04104420031609,less_than_qualifier_lost,"FIBTG < 0.5 GRM, slot .3, group preparationState; CSV has no qualifier",133,Gemüsebouillon Würfel 66G
04104420031609,less_than_qualifier_lost,"PRO- < 0.5 GRM, slot .4, group preparationState; CSV has no qualifier",133,Gemüsebouillon Würfel 66G
04104420031609,less_than_qualifier_lost,"SUGAR- < 0.5 GRM, slot .5, group preparationState; CSV has no qualifier",133,Gemüsebouillon Würfel 66G
04104420031746,brand_mapping,"Exported description as brand: 'Gemüsebouillon, NFP 250G'; source TIDBrandName='Alnatura'",134,"Gemüsebouillon, NFP 250G"
04104420031746,market_country_mapping,CSV blank; source TargetMarketCountryCode=276; lowercase targetMarketCountryCode is empty,134,"Gemüsebouillon, NFP 250G"
04104420031746,less_than_qualifier_lost,"FAT < 0.5 GRM, slot .2, group preparationState; CSV has no qualifier",134,"Gemüsebouillon, NFP 250G"
04104420031746,less_than_qualifier_lost,"FIBTG < 0.5 GRM, slot .3, group preparationState; CSV has no qualifier",134,"Gemüsebouillon, NFP 250G"
04104420031746,less_than_qualifier_lost,"PRO- < 0.5 GRM, slot .4, group preparationState; CSV has no qualifier",134,"Gemüsebouillon, NFP 250G"
04104420031746,less_than_qualifier_lost,"SUGAR- < 0.5 GRM, slot .5, group preparationState; CSV has no qualifier",134,"Gemüsebouillon, NFP 250G"
04104420031746,less_than_qualifier_lost,"FASAT < 0.1 GRM, slot .6, group preparationState; CSV has no qualifier",134,"Gemüsebouillon, NFP 250G"
04104420016644,brand_mapping,Exported description as brand: 'Tomatencreme Suppe 46G'; source TIDBrandName='Alnatura',135,Tomatencreme Suppe 46G
04104420016644,market_country_mapping,CSV blank; source TargetMarketCountryCode=276; lowercase targetMarketCountryCode is empty,135,Tomatencreme Suppe 46G
04104420016644,less_than_qualifier_lost,"FAT < 0.5 GRM, slot .5, group preparationState; CSV has no qualifier",135,Tomatencreme Suppe 46G
04104420016644,less_than_qualifier_lost,"FASAT < 0.1 GRM, slot .6, group preparationState; CSV has no qualifier",135,Tomatencreme Suppe 46G
04104420033849,brand_mapping,Exported description as brand: 'Sauerkraut 520G'; source TIDBrandName='Alnatura',136,Sauerkraut 520G
04104420033849,market_country_mapping,CSV blank; source TargetMarketCountryCode=276; lowercase targetMarketCountryCode is empty,136,Sauerkraut 520G
04104420033849,nutrition_basis_lost_100g,Source basis 100 GRM omitted from CSV,136,Sauerkraut 520G
04104420033849,less_than_qualifier_lost,"FAT < 0.5 GRM, slot .5, group preparationState; CSV has no qualifier",136,Sauerkraut 520G
04104420033849,less_than_qualifier_lost,"FASAT < 0.1 GRM, slot .6, group preparationState; CSV has no qualifier",136,Sauerkraut 520G
04104420017023,brand_mapping,Exported description as brand: 'Gemüse Nudel Suppe 40G'; source TIDBrandName='Alnatura',137,Gemüse Nudel Suppe 40G
04104420017023,market_country_mapping,CSV blank; source TargetMarketCountryCode=276; lowercase targetMarketCountryCode is empty,137,Gemüse Nudel Suppe 40G
04104420017023,less_than_qualifier_lost,"FAT < 0.5 GRM, slot .5, group preparationState; CSV has no qualifier",137,Gemüse Nudel Suppe 40G
04104420017023,less_than_qualifier_lost,"FASAT < 0.1 GRM, slot .6, group preparationState; CSV has no qualifier",137,Gemüse Nudel Suppe 40G
04104420030947,brand_mapping,"Exported description as brand: 'Hühnerbouillon, Würfel 66G'; source TIDBrandName='Alnatura'",138,"Hühnerbouillon, Würfel 66G"
04104420030947,market_country_mapping,CSV blank; source TargetMarketCountryCode=276; lowercase targetMarketCountryCode is empty,138,"Hühnerbouillon, Würfel 66G"
04104420030947,less_than_qualifier_lost,"SUGAR- < 0.5 GRM, slot .1, group preparationState; CSV has no qualifier",138,"Hühnerbouillon, Würfel 66G"
04104420030947,less_than_qualifier_lost,"CHOAVL < 0.5 GRM, slot .2, group preparationState; CSV has no qualifier",138,"Hühnerbouillon, Würfel 66G"
04104420030947,less_than_qualifier_lost,"FAT < 0.5 GRM, slot .3, group preparationState; CSV has no qualifier",138,"Hühnerbouillon, Würfel 66G"
04104420030947,less_than_qualifier_lost,"FIBTG < 0.5 GRM, slot .4, group preparationState; CSV has no qualifier",138,"Hühnerbouillon, Würfel 66G"
04104420030947,less_than_qualifier_lost,"PRO- < 0.5 GRM, slot .5, group preparationState; CSV has no qualifier",138,"Hühnerbouillon, Würfel 66G"
04104420034167,brand_mapping,Exported description as brand: 'Kichererbsen 350G'; source TIDBrandName='Alnatura',139,Kichererbsen 350G
04104420034167,market_country_mapping,CSV blank; source TargetMarketCountryCode=276; lowercase targetMarketCountryCode is empty,139,Kichererbsen 350G
04104420034167,nutrition_basis_lost_100g,Source basis 100 GRM omitted from CSV,139,Kichererbsen 350G
04104420017986,brand_mapping,Exported description as brand: 'Kartoffel Lauch Suppe 58G'; source TIDBrandName='Alnatura',140,Kartoffel Lauch Suppe 58G
04104420017986,market_country_mapping,CSV blank; source TargetMarketCountryCode=276; lowercase targetMarketCountryCode is empty,140,Kartoffel Lauch Suppe 58G
04104420017986,less_than_qualifier_lost,"FAT < 0.5 GRM, slot .5, group preparationState; CSV has no qualifier",140,Kartoffel Lauch Suppe 58G
04104420034365,brand_mapping,Exported description as brand: 'Mais 340G'; source TIDBrandName='Alnatura',141,Mais 340G
04104420034365,market_country_mapping,CSV blank; source TargetMarketCountryCode=276; lowercase targetMarketCountryCode is empty,141,Mais 340G
04104420034365,nutrition_basis_lost_100g,Source basis 100 GRM omitted from CSV,141,Mais 340G
04104420129702,brand_mapping,Exported description as brand: 'Tomatensuppe 340G'; source TIDBrandName='Alnatura',142,Tomatensuppe 340G
04104420129702,market_country_mapping,CSV blank; source TargetMarketCountryCode=276; lowercase targetMarketCountryCode is empty,142,Tomatensuppe 340G
04104420129702,nutrition_basis_lost_100g,Source basis 100 GRM omitted from CSV,142,Tomatensuppe 340G
04104420129849,brand_mapping,Exported description as brand: 'Grüne Oliven mit Stein in Lake 310G'; source TIDBrandName='Alnatura',143,Grüne Oliven mit Stein in Lake 310G
04104420129849,market_country_mapping,CSV blank; source TargetMarketCountryCode=276; lowercase targetMarketCountryCode is empty,143,Grüne Oliven mit Stein in Lake 310G
04104420129849,nutrition_basis_lost_100g,Source basis 100 GRM omitted from CSV,143,Grüne Oliven mit Stein in Lake 310G
00000042271017,brand_mapping,Exported description as brand: 'Getrocknete Tomaten 180G'; source TIDBrandName='Alnatura',144,Getrocknete Tomaten 180G
00000042271017,market_country_mapping,CSV blank; source TargetMarketCountryCode=276; lowercase targetMarketCountryCode is empty,144,Getrocknete Tomaten 180G
00000042271017,nutrition_basis_lost_100g,Source basis 100 GRM omitted from CSV,144,Getrocknete Tomaten 180G
04104420032927,brand_mapping,"Exported description as brand: 'Rinderbouillon, Würfel 66G'; source TIDBrandName='Alnatura'",145,"Rinderbouillon, Würfel 66G"
04104420032927,market_country_mapping,CSV blank; source TargetMarketCountryCode=276; lowercase targetMarketCountryCode is empty,145,"Rinderbouillon, Würfel 66G"
04104420032927,less_than_qualifier_lost,"SUGAR- < 0.5 GRM, slot .1, group preparationState; CSV has no qualifier",145,"Rinderbouillon, Würfel 66G"
04104420032927,less_than_qualifier_lost,"CHOAVL < 0.5 GRM, slot .2, group preparationState; CSV has no qualifier",145,"Rinderbouillon, Würfel 66G"
04104420032927,less_than_qualifier_lost,"FAT < 0.5 GRM, slot .3, group preparationState; CSV has no qualifier",145,"Rinderbouillon, Würfel 66G"
04104420032927,less_than_qualifier_lost,"FIBTG < 0.5 GRM, slot .4, group preparationState; CSV has no qualifier",145,"Rinderbouillon, Würfel 66G"
04104420032927,less_than_qualifier_lost,"PRO- < 0.5 GRM, slot .5, group preparationState; CSV has no qualifier",145,"Rinderbouillon, Würfel 66G"
04104420028586,brand_mapping,"Exported description as brand: 'Gemüsebouillon hefefrei, Würfel 66G'; source TIDBrandName='Alnatura'",146,"Gemüsebouillon hefefrei, Würfel 66G"
04104420028586,market_country_mapping,CSV blank; source TargetMarketCountryCode=276; lowercase targetMarketCountryCode is empty,146,"Gemüsebouillon hefefrei, Würfel 66G"
04104420028586,less_than_qualifier_lost,"CHOAVL < 0.5 GRM, slot .1, group preparationState; CSV has no qualifier",146,"Gemüsebouillon hefefrei, Würfel 66G"
04104420028586,less_than_qualifier_lost,"FAT < 0.5 GRM, slot .2, group preparationState; CSV has no qualifier",146,"Gemüsebouillon hefefrei, Würfel 66G"
04104420028586,less_than_qualifier_lost,"FIBTG < 0.5 GRM, slot .3, group preparationState; CSV has no qualifier",146,"Gemüsebouillon hefefrei, Würfel 66G"
04104420028586,less_than_qualifier_lost,"PRO- < 0.5 GRM, slot .4, group preparationState; CSV has no qualifier",146,"Gemüsebouillon hefefrei, Würfel 66G"
04104420028586,less_than_qualifier_lost,"SUGAR- < 0.5 GRM, slot .5, group preparationState; CSV has no qualifier",146,"Gemüsebouillon hefefrei, Würfel 66G"
04104420132085,brand_mapping,Exported description as brand: 'Kalamata Oliven ohne Stein 350G'; source TIDBrandName='Alnatura',147,Kalamata Oliven ohne Stein 350G
04104420132085,market_country_mapping,CSV blank; source TargetMarketCountryCode=276; lowercase targetMarketCountryCode is empty,147,Kalamata Oliven ohne Stein 350G
04104420132085,nutrition_basis_lost_100g,Source basis 100 GRM omitted from CSV,147,Kalamata Oliven ohne Stein 350G
04104420132085,less_than_qualifier_lost,"SUGAR- < 0.5 GRM, slot .6, group preparationState; CSV has no qualifier",147,Kalamata Oliven ohne Stein 350G
04104420133747,brand_mapping,"Exported description as brand: 'Gemüsebouillon hefefrei, NFP 290G'; source TIDBrandName='Alnatura'",148,"Gemüsebouillon hefefrei, NFP 290G"
04104420133747,market_country_mapping,CSV blank; source TargetMarketCountryCode=276; lowercase targetMarketCountryCode is empty,148,"Gemüsebouillon hefefrei, NFP 290G"
04104420133747,less_than_qualifier_lost,"CHOAVL < 0.5 GRM, slot .1, group preparationState; CSV has no qualifier",148,"Gemüsebouillon hefefrei, NFP 290G"
04104420133747,less_than_qualifier_lost,"FAT < 0.5 GRM, slot .2, group preparationState; CSV has no qualifier",148,"Gemüsebouillon hefefrei, NFP 290G"
04104420133747,less_than_qualifier_lost,"FIBTG < 0.5 GRM, slot .3, group preparationState; CSV has no qualifier",148,"Gemüsebouillon hefefrei, NFP 290G"
04104420133747,less_than_qualifier_lost,"PRO- < 0.5 GRM, slot .4, group preparationState; CSV has no qualifier",148,"Gemüsebouillon hefefrei, NFP 290G"
04104420133747,less_than_qualifier_lost,"SUGAR- < 0.5 GRM, slot .5, group preparationState; CSV has no qualifier",148,"Gemüsebouillon hefefrei, NFP 290G"
04104420133747,less_than_qualifier_lost,"FASAT < 0.1 GRM, slot .6, group preparationState; CSV has no qualifier",148,"Gemüsebouillon hefefrei, NFP 290G"
04104420137264,brand_mapping,Exported description as brand: 'Gemüsebouillon hefefrei 290g'; source TIDBrandName='Alnatura',149,Gemüsebouillon hefefrei 290g
04104420137264,market_country_mapping,CSV blank; source TargetMarketCountryCode=276; lowercase targetMarketCountryCode is empty,149,Gemüsebouillon hefefrei 290g
04104420137264,less_than_qualifier_lost,"CHOAVL < 0.5 GRM, slot .1, group preparationState; CSV has no qualifier",149,Gemüsebouillon hefefrei 290g
04104420137264,less_than_qualifier_lost,"FAT < 0.5 GRM, slot .2, group preparationState; CSV has no qualifier",149,Gemüsebouillon hefefrei 290g
04104420137264,less_than_qualifier_lost,"FIBTG < 0.5 GRM, slot .3, group preparationState; CSV has no qualifier",149,Gemüsebouillon hefefrei 290g
04104420137264,less_than_qualifier_lost,"PRO- < 0.5 GRM, slot .4, group preparationState; CSV has no qualifier",149,Gemüsebouillon hefefrei 290g
04104420137264,less_than_qualifier_lost,"SUGAR- < 0.5 GRM, slot .5, group preparationState; CSV has no qualifier",149,Gemüsebouillon hefefrei 290g
04104420137264,less_than_qualifier_lost,"FASAT < 0.1 GRM, slot .6, group preparationState; CSV has no qualifier",149,Gemüsebouillon hefefrei 290g
04104420137202,brand_mapping,Exported description as brand: 'Dinkel Spirelli 500G'; source TIDBrandName='Alnatura',150,Dinkel Spirelli 500G
04104420137202,market_country_mapping,CSV blank; source TargetMarketCountryCode=276; lowercase targetMarketCountryCode is empty,150,Dinkel Spirelli 500G
04104420137202,nutrition_basis_lost_100g,Source basis 100 GRM omitted from CSV,150,Dinkel Spirelli 500G
04104420137202,less_than_qualifier_lost,"SALTEQ < 0.01 GRM, slot .6, group preparationState; CSV has no qualifier",150,Dinkel Spirelli 500G
04104420139749,brand_mapping,Exported description as brand: 'Hühner-Nudel-Eintopf 400G'; source TIDBrandName='Alnatura',151,Hühner-Nudel-Eintopf 400G
04104420139749,market_country_mapping,CSV blank; source TargetMarketCountryCode=276; lowercase targetMarketCountryCode is empty,151,Hühner-Nudel-Eintopf 400G
04104420139749,nutrition_basis_lost_100g,Source basis 100 GRM omitted from CSV,151,Hühner-Nudel-Eintopf 400G
04104420139749,less_than_qualifier_lost,"FIBTG < 0.5 GRM, slot .4, group preparationState; CSV has no qualifier",151,Hühner-Nudel-Eintopf 400G
04104420140288,brand_mapping,Exported description as brand: 'Peperoni 350G'; source TIDBrandName='Alnatura',152,Peperoni 350G
04104420140288,market_country_mapping,CSV blank; source TargetMarketCountryCode=276; lowercase targetMarketCountryCode is empty,152,Peperoni 350G
04104420140288,nutrition_basis_lost_100g,Source basis 100 GRM omitted from CSV,152,Peperoni 350G
04104420140288,less_than_qualifier_lost,"SUGAR- < 0.5 GRM, slot .5, group preparationState; CSV has no qualifier",152,Peperoni 350G
04104420012554,brand_mapping,Exported description as brand: '5-Korn-Flocken 500G'; source TIDBrandName='Alnatura',153,5-Korn-Flocken 500G
04104420012554,market_country_mapping,CSV blank; source TargetMarketCountryCode=276; lowercase targetMarketCountryCode is empty,153,5-Korn-Flocken 500G
04104420012554,nutrition_basis_lost_100g,Source basis 100 GRM omitted from CSV,153,5-Korn-Flocken 500G
04104420013308,brand_mapping,Exported description as brand: 'Hirseflocken 500G'; source TIDBrandName='Alnatura',154,Hirseflocken 500G
04104420013308,market_country_mapping,CSV blank; source TargetMarketCountryCode=276; lowercase targetMarketCountryCode is empty,154,Hirseflocken 500G
04104420013308,nutrition_basis_lost_100g,Source basis 100 GRM omitted from CSV,154,Hirseflocken 500G
04104420013308,less_than_qualifier_lost,"SALTEQ < 0.01 GRM, slot .6, group preparationState; CSV has no qualifier",154,Hirseflocken 500G
04104420014459,brand_mapping,Exported description as brand: 'Haferkleie mit Keim 500G'; source TIDBrandName='Alnatura',155,Haferkleie mit Keim 500G
04104420014459,market_country_mapping,CSV blank; source TargetMarketCountryCode=276; lowercase targetMarketCountryCode is empty,155,Haferkleie mit Keim 500G
04104420014459,nutrition_basis_lost_100g,Source basis 100 GRM omitted from CSV,155,Haferkleie mit Keim 500G
00000042096184,brand_mapping,Exported description as brand: 'Mandel Honig Riegel 40G'; source TIDBrandName='Alnatura',156,Mandel Honig Riegel 40G
00000042096184,market_country_mapping,CSV blank; source TargetMarketCountryCode=276; lowercase targetMarketCountryCode is empty,156,Mandel Honig Riegel 40G
00000042096184,nutrition_basis_lost_100g,Source basis 100 GRM omitted from CSV,156,Mandel Honig Riegel 40G
00000042096221,brand_mapping,Exported description as brand: 'Vielfrucht Riegel 40G'; source TIDBrandName='Alnatura',157,Vielfrucht Riegel 40G
00000042096221,market_country_mapping,CSV blank; source TargetMarketCountryCode=276; lowercase targetMarketCountryCode is empty,157,Vielfrucht Riegel 40G
00000042096221,nutrition_basis_lost_100g,Source basis 100 GRM omitted from CSV,157,Vielfrucht Riegel 40G
00000042096214,brand_mapping,Exported description as brand: 'Banane Mandel Riegel 40G'; source TIDBrandName='Alnatura',158,Banane Mandel Riegel 40G
00000042096214,market_country_mapping,CSV blank; source TargetMarketCountryCode=276; lowercase targetMarketCountryCode is empty,158,Banane Mandel Riegel 40G
00000042096214,nutrition_basis_lost_100g,Source basis 100 GRM omitted from CSV,158,Banane Mandel Riegel 40G
00000042100478,brand_mapping,Exported description as brand: 'Beeren Fruchtschnitte 75G'; source TIDBrandName='Alnatura',159,Beeren Fruchtschnitte 75G
00000042100478,market_country_mapping,CSV blank; source TargetMarketCountryCode=276; lowercase targetMarketCountryCode is empty,159,Beeren Fruchtschnitte 75G
00000042100478,nutrition_basis_lost_100g,Source basis 100 GRM omitted from CSV,159,Beeren Fruchtschnitte 75G
00000042100454,brand_mapping,Exported description as brand: 'Mandel Schnitte 75G'; source TIDBrandName='Alnatura',160,Mandel Schnitte 75G
00000042100454,market_country_mapping,CSV blank; source TargetMarketCountryCode=276; lowercase targetMarketCountryCode is empty,160,Mandel Schnitte 75G
00000042100454,nutrition_basis_lost_100g,Source basis 100 GRM omitted from CSV,160,Mandel Schnitte 75G
04104420016484,brand_mapping,Exported description as brand: 'Dinkelflocken Feinblatt 500G'; source TIDBrandName='Alnatura',161,Dinkelflocken Feinblatt 500G
04104420016484,market_country_mapping,CSV blank; source TargetMarketCountryCode=276; lowercase targetMarketCountryCode is empty,161,Dinkelflocken Feinblatt 500G
04104420016484,nutrition_basis_lost_100g,Source basis 100 GRM omitted from CSV,161,Dinkelflocken Feinblatt 500G
04104420016484,less_than_qualifier_lost,"SALTEQ < 0.01 GRM, slot .6, group preparationState; CSV has no qualifier",161,Dinkelflocken Feinblatt 500G
04104420016460,brand_mapping,Exported description as brand: 'Reisflocken 500G'; source TIDBrandName='Alnatura',162,Reisflocken 500G
04104420016460,market_country_mapping,CSV blank; source TargetMarketCountryCode=276; lowercase targetMarketCountryCode is empty,162,Reisflocken 500G
04104420016460,nutrition_basis_lost_100g,Source basis 100 GRM omitted from CSV,162,Reisflocken 500G
04104420018747,brand_mapping,Exported description as brand: 'Dinkel Flakes 200G'; source TIDBrandName='Alnatura',163,Dinkel Flakes 200G
04104420018747,market_country_mapping,CSV blank; source TargetMarketCountryCode=276; lowercase targetMarketCountryCode is empty,163,Dinkel Flakes 200G
04104420018747,nutrition_basis_lost_100g,Source basis 100 GRM omitted from CSV,163,Dinkel Flakes 200G
04104420018709,brand_mapping,Exported description as brand: 'Dinkel gepufft 200G'; source TIDBrandName='Alnatura',164,Dinkel gepufft 200G
04104420018709,market_country_mapping,CSV blank; source TargetMarketCountryCode=276; lowercase targetMarketCountryCode is empty,164,Dinkel gepufft 200G
04104420018709,nutrition_basis_lost_100g,Source basis 100 GRM omitted from CSV,164,Dinkel gepufft 200G
04104420018709,less_than_qualifier_lost,"SALTEQ < 0.01 GRM, slot .6, group preparationState; CSV has no qualifier",164,Dinkel gepufft 200G
04104420018907,brand_mapping,Exported description as brand: 'Knusper Bär Müsli 375G'; source TIDBrandName='Alnatura',165,Knusper Bär Müsli 375G
04104420018907,market_country_mapping,CSV blank; source TargetMarketCountryCode=276; lowercase targetMarketCountryCode is empty,165,Knusper Bär Müsli 375G
04104420018907,nutrition_basis_lost_100g,Source basis 100 GRM omitted from CSV,165,Knusper Bär Müsli 375G
04104420017849,brand_mapping,Exported description as brand: 'Schoko Müsli 750G'; source TIDBrandName='Alnatura',166,Schoko Müsli 750G
04104420017849,market_country_mapping,CSV blank; source TargetMarketCountryCode=276; lowercase targetMarketCountryCode is empty,166,Schoko Müsli 750G
04104420017849,nutrition_basis_lost_100g,Source basis 100 GRM omitted from CSV,166,Schoko Müsli 750G
04104420022089,brand_mapping,Exported description as brand: 'Sojaflocken 500G'; source TIDBrandName='Alnatura',167,Sojaflocken 500G
04104420022089,market_country_mapping,CSV blank; source TargetMarketCountryCode=276; lowercase targetMarketCountryCode is empty,167,Sojaflocken 500G
04104420022089,nutrition_basis_lost_100g,Source basis 100 GRM omitted from CSV,167,Sojaflocken 500G
04104420022089,less_than_qualifier_lost,"SALTEQ < 0.01 GRM, slot .6, group preparationState; CSV has no qualifier",167,Sojaflocken 500G
04104420019546,brand_mapping,Exported description as brand: 'Amaranth gepufft 125G'; source TIDBrandName='Alnatura',168,Amaranth gepufft 125G
04104420019546,market_country_mapping,CSV blank; source TargetMarketCountryCode=276; lowercase targetMarketCountryCode is empty,168,Amaranth gepufft 125G
04104420019546,nutrition_basis_lost_100g,Source basis 100 GRM omitted from CSV,168,Amaranth gepufft 125G
04104420019546,less_than_qualifier_lost,"SALTEQ < 0.01 GRM, slot .6, group preparationState; CSV has no qualifier",168,Amaranth gepufft 125G
04104420031326,brand_mapping,Exported description as brand: 'Pesto Basilico 130G'; source TIDBrandName='Alnatura',169,Pesto Basilico 130G
04104420031326,market_country_mapping,CSV blank; source TargetMarketCountryCode=276; lowercase targetMarketCountryCode is empty,169,Pesto Basilico 130G
04104420031326,nutrition_basis_lost_100g,Source basis 100 GRM omitted from CSV,169,Pesto Basilico 130G
00000042270980,brand_mapping,Exported description as brand: 'Pesto Arrabbiata 130G'; source TIDBrandName='Alnatura',170,Pesto Arrabbiata 130G
00000042270980,market_country_mapping,CSV blank; source TargetMarketCountryCode=276; lowercase targetMarketCountryCode is empty,170,Pesto Arrabbiata 130G
00000042270980,nutrition_basis_lost_100g,Source basis 100 GRM omitted from CSV,170,Pesto Arrabbiata 130G
04104420019683,brand_mapping,Exported description as brand: 'Cornflakes 375G'; source TIDBrandName='Alnatura',171,Cornflakes 375G
04104420019683,market_country_mapping,CSV blank; source TargetMarketCountryCode=276; lowercase targetMarketCountryCode is empty,171,Cornflakes 375G
04104420019683,nutrition_basis_lost_100g,Source basis 100 GRM omitted from CSV,171,Cornflakes 375G
04104420010604,brand_mapping,Exported description as brand: 'Haferflocken zartschmelzend 250G'; source TIDBrandName='Alnatura',172,Haferflocken zartschmelzend 250G
04104420010604,market_country_mapping,CSV blank; source TargetMarketCountryCode=276; lowercase targetMarketCountryCode is empty,172,Haferflocken zartschmelzend 250G
04104420010604,nutrition_basis_lost_100g,Source basis 100 GRM omitted from CSV,172,Haferflocken zartschmelzend 250G
04104420010604,less_than_qualifier_lost,"SALTEQ < 0.01 GRM, slot .6, group preparationState; CSV has no qualifier",172,Haferflocken zartschmelzend 250G
04104420010680,brand_mapping,Exported description as brand: '3-Korn Flocken 500G'; source TIDBrandName='Alnatura',173,3-Korn Flocken 500G
04104420010680,market_country_mapping,CSV blank; source TargetMarketCountryCode=276; lowercase targetMarketCountryCode is empty,173,3-Korn Flocken 500G
04104420010680,nutrition_basis_lost_100g,Source basis 100 GRM omitted from CSV,173,3-Korn Flocken 500G
04104420029606,brand_mapping,Exported description as brand: 'Dinkelflocken Großblatt 500G'; source TIDBrandName='Alnatura',174,Dinkelflocken Großblatt 500G
04104420029606,market_country_mapping,CSV blank; source TargetMarketCountryCode=276; lowercase targetMarketCountryCode is empty,174,Dinkelflocken Großblatt 500G
04104420029606,nutrition_basis_lost_100g,Source basis 100 GRM omitted from CSV,174,Dinkelflocken Großblatt 500G
04104420029606,less_than_qualifier_lost,"SALTEQ < 0.01 GRM, slot .6, group preparationState; CSV has no qualifier",174,Dinkelflocken Großblatt 500G
04104420019805,brand_mapping,Exported description as brand: 'Bircher Müsli 500G'; source TIDBrandName='Alnatura',175,Bircher Müsli 500G
04104420019805,market_country_mapping,CSV blank; source TargetMarketCountryCode=276; lowercase targetMarketCountryCode is empty,175,Bircher Müsli 500G
04104420019805,nutrition_basis_lost_100g,Source basis 100 GRM omitted from CSV,175,Bircher Müsli 500G
00000042214366,brand_mapping,Exported description as brand: 'Granatapfel Traube Fruchtschnitte 7'; source TIDBrandName='Alnatura',176,Granatapfel Traube Fruchtschnitte 7
00000042214366,market_country_mapping,CSV blank; source TargetMarketCountryCode=276; lowercase targetMarketCountryCode is empty,176,Granatapfel Traube Fruchtschnitte 7
00000042214366,nutrition_basis_lost_100g,Source basis 100 GRM omitted from CSV,176,Granatapfel Traube Fruchtschnitte 7
00000042215165,brand_mapping,Exported description as brand: 'Cashew Krokant Riegel 30G'; source TIDBrandName='Alnatura',177,Cashew Krokant Riegel 30G
00000042215165,market_country_mapping,CSV blank; source TargetMarketCountryCode=276; lowercase targetMarketCountryCode is empty,177,Cashew Krokant Riegel 30G
00000042215165,nutrition_basis_lost_100g,Source basis 100 GRM omitted from CSV,177,Cashew Krokant Riegel 30G
04104420115743,brand_mapping,Exported description as brand: 'Haferflocken Großblatt 500G'; source TIDBrandName='Alnatura',178,Haferflocken Großblatt 500G
04104420115743,market_country_mapping,CSV blank; source TargetMarketCountryCode=276; lowercase targetMarketCountryCode is empty,178,Haferflocken Großblatt 500G
04104420115743,nutrition_basis_lost_100g,Source basis 100 GRM omitted from CSV,178,Haferflocken Großblatt 500G
04104420115767,brand_mapping,Exported description as brand: 'Haferflocken Feinblatt 500G'; source TIDBrandName='Alnatura',179,Haferflocken Feinblatt 500G
04104420115767,market_country_mapping,CSV blank; source TargetMarketCountryCode=276; lowercase targetMarketCountryCode is empty,179,Haferflocken Feinblatt 500G
04104420115767,nutrition_basis_lost_100g,Source basis 100 GRM omitted from CSV,179,Haferflocken Feinblatt 500G
04104420131187,brand_mapping,Exported description as brand: 'Urkorn Müsli 500G'; source TIDBrandName='Alnatura',180,Urkorn Müsli 500G
04104420131187,market_country_mapping,CSV blank; source TargetMarketCountryCode=276; lowercase targetMarketCountryCode is empty,180,Urkorn Müsli 500G
04104420131187,nutrition_basis_lost_100g,Source basis 100 GRM omitted from CSV,180,Urkorn Müsli 500G
04104420136540,brand_mapping,Exported description as brand: 'Hafer-Dinkel Porridge Basis 500g'; source TIDBrandName='Alnatura',181,Hafer-Dinkel Porridge Basis 500g
04104420136540,market_country_mapping,CSV blank; source TargetMarketCountryCode=276; lowercase targetMarketCountryCode is empty,181,Hafer-Dinkel Porridge Basis 500g
04104420136540,nutrition_basis_lost_100g,Source basis 100 GRM omitted from CSV,181,Hafer-Dinkel Porridge Basis 500g
04104420136564,brand_mapping,Exported description as brand: 'Hafer Porridge Früchte 500g'; source TIDBrandName='Alnatura',182,Hafer Porridge Früchte 500g
04104420136564,market_country_mapping,CSV blank; source TargetMarketCountryCode=276; lowercase targetMarketCountryCode is empty,182,Hafer Porridge Früchte 500g
04104420136564,nutrition_basis_lost_100g,Source basis 100 GRM omitted from CSV,182,Hafer Porridge Früchte 500g
04104420139282,brand_mapping,Exported description as brand: 'Quinoa gepufft 125G'; source TIDBrandName='Alnatura',183,Quinoa gepufft 125G
04104420139282,market_country_mapping,CSV blank; source TargetMarketCountryCode=276; lowercase targetMarketCountryCode is empty,183,Quinoa gepufft 125G
04104420139282,nutrition_basis_lost_100g,Source basis 100 GRM omitted from CSV,183,Quinoa gepufft 125G
04104420139640,brand_mapping,Exported description as brand: 'Cornflakes ungesüßt 300G'; source TIDBrandName='Alnatura',184,Cornflakes ungesüßt 300G
04104420139640,market_country_mapping,CSV blank; source TargetMarketCountryCode=276; lowercase targetMarketCountryCode is empty,184,Cornflakes ungesüßt 300G
04104420139640,nutrition_basis_lost_100g,Source basis 100 GRM omitted from CSV,184,Cornflakes ungesüßt 300G
04104420139640,less_than_qualifier_lost,"SUGAR- < 0.5 GRM, slot .4, group preparationState; CSV has no qualifier",184,Cornflakes ungesüßt 300G
04104420139640,less_than_qualifier_lost,"SALTEQ < 0.01 GRM, slot .6, group preparationState; CSV has no qualifier",184,Cornflakes ungesüßt 300G
04104420031500,brand_mapping,"Exported description as brand: 'Tomaten Ketchup 0,5L'; source TIDBrandName='Alnatura'",185,"Tomaten Ketchup 0,5L"
04104420031500,market_country_mapping,CSV blank; source TargetMarketCountryCode=276; lowercase targetMarketCountryCode is empty,185,"Tomaten Ketchup 0,5L"
04104420031500,less_than_qualifier_lost,"FAT < 0.5 GRM, slot .5, group preparationState; CSV has no qualifier",185,"Tomaten Ketchup 0,5L"
04104420031500,less_than_qualifier_lost,"FASAT < 0.1 GRM, slot .6, group preparationState; CSV has no qualifier",185,"Tomaten Ketchup 0,5L"
04104420018426,brand_mapping,Exported description as brand: 'Himalaya Basmati Vollkorn Reis 500G'; source TIDBrandName='Alnatura',186,Himalaya Basmati Vollkorn Reis 500G
04104420018426,market_country_mapping,CSV blank; source TargetMarketCountryCode=276; lowercase targetMarketCountryCode is empty,186,Himalaya Basmati Vollkorn Reis 500G
04104420018426,nutrition_basis_lost_100g,Source basis 100 GRM omitted from CSV,186,Himalaya Basmati Vollkorn Reis 500G
04104420031647,brand_mapping,Exported description as brand: 'Meersalz 500G'; source TIDBrandName='Alnatura',187,Meersalz 500G
04104420031647,market_country_mapping,CSV blank; source TargetMarketCountryCode=276; lowercase targetMarketCountryCode is empty,187,Meersalz 500G
04104420031661,brand_mapping,Exported description as brand: 'Meersalz mit Jod 500G'; source TIDBrandName='Alnatura',188,Meersalz mit Jod 500G
04104420031661,market_country_mapping,CSV blank; source TargetMarketCountryCode=276; lowercase targetMarketCountryCode is empty,188,Meersalz mit Jod 500G
04104420031661,nutrition_basis_lost_100g,Source basis 100 GRM omitted from CSV,188,Meersalz mit Jod 500G
04104420031661,less_than_qualifier_lost,"SUGAR- < 0.5 GRM, slot .1, group preparationState; CSV has no qualifier",188,Meersalz mit Jod 500G
04104420031661,less_than_qualifier_lost,"PRO- < 0.5 GRM, slot .2, group preparationState; CSV has no qualifier",188,Meersalz mit Jod 500G
04104420031661,less_than_qualifier_lost,"CHOAVL < 0.5 GRM, slot .3, group preparationState; CSV has no qualifier",188,Meersalz mit Jod 500G
04104420031661,less_than_qualifier_lost,"FAT < 0.5 GRM, slot .4, group preparationState; CSV has no qualifier",188,Meersalz mit Jod 500G
04104420031661,less_than_qualifier_lost,"FIBTG < 0.5 GRM, slot .5, group preparationState; CSV has no qualifier",188,Meersalz mit Jod 500G
04104420031661,less_than_qualifier_lost,"FASAT < 0.1 GRM, slot .6, group preparationState; CSV has no qualifier",188,Meersalz mit Jod 500G
04104420031685,brand_mapping,Exported description as brand: 'Kräuter-Meersalz 500G'; source TIDBrandName='Alnatura',189,Kräuter-Meersalz 500G
04104420031685,market_country_mapping,CSV blank; source TargetMarketCountryCode=276; lowercase targetMarketCountryCode is empty,189,Kräuter-Meersalz 500G
04104420016408,brand_mapping,Exported description as brand: 'Kartoffel Püree 160G'; source TIDBrandName='Alnatura',190,Kartoffel Püree 160G
04104420016408,market_country_mapping,CSV blank; source TargetMarketCountryCode=276; lowercase targetMarketCountryCode is empty,190,Kartoffel Püree 160G
04104420016408,nutrition_basis_lost_100g,Source basis 100 GRM omitted from CSV,190,Kartoffel Püree 160G
04104420072848,brand_mapping,"Exported description as brand: 'Karottensaft milchsauer vergoren 0,'; source TIDBrandName='Alnatura'",191,"Karottensaft milchsauer vergoren 0,"
04104420072848,market_country_mapping,CSV blank; source TargetMarketCountryCode=276; lowercase targetMarketCountryCode is empty,191,"Karottensaft milchsauer vergoren 0,"
04104420072848,less_than_qualifier_lost,"FAT < 0.5 GRM, slot .2, group preparationState; CSV has no qualifier",191,"Karottensaft milchsauer vergoren 0,"
04104420072848,less_than_qualifier_lost,"FIBTG < 0.5 GRM, slot .3, group preparationState; CSV has no qualifier",191,"Karottensaft milchsauer vergoren 0,"
04104420072848,less_than_qualifier_lost,"PRO- < 0.5 GRM, slot .4, group preparationState; CSV has no qualifier",191,"Karottensaft milchsauer vergoren 0,"
04104420072848,less_than_qualifier_lost,"FASAT < 0.1 GRM, slot .6, group preparationState; CSV has no qualifier",191,"Karottensaft milchsauer vergoren 0,"
04104420072862,brand_mapping,"Exported description as brand: 'Gemüsesaft 0,5L'; source TIDBrandName='Alnatura'",192,"Gemüsesaft 0,5L"
04104420072862,market_country_mapping,CSV blank; source TargetMarketCountryCode=276; lowercase targetMarketCountryCode is empty,192,"Gemüsesaft 0,5L"
04104420072862,less_than_qualifier_lost,"FAT < 0.5 GRM, slot .4, group preparationState; CSV has no qualifier",192,"Gemüsesaft 0,5L"
04104420072862,less_than_qualifier_lost,"FASAT < 0.1 GRM, slot .6, group preparationState; CSV has no qualifier",192,"Gemüsesaft 0,5L"
04104420072787,brand_mapping,"Exported description as brand: 'Tomatensaft mit Meersalz 0,5L'; source TIDBrandName='Alnatura'",193,"Tomatensaft mit Meersalz 0,5L"
04104420072787,market_country_mapping,CSV blank; source TargetMarketCountryCode=276; lowercase targetMarketCountryCode is empty,193,"Tomatensaft mit Meersalz 0,5L"
04104420072787,less_than_qualifier_lost,"FAT < 0.5 GRM, slot .3, group preparationState; CSV has no qualifier",193,"Tomatensaft mit Meersalz 0,5L"
04104420072787,less_than_qualifier_lost,"FIBTG < 0.5 GRM, slot .4, group preparationState; CSV has no qualifier",193,"Tomatensaft mit Meersalz 0,5L"
04104420072787,less_than_qualifier_lost,"FASAT < 0.1 GRM, slot .6, group preparationState; CSV has no qualifier",193,"Tomatensaft mit Meersalz 0,5L"
04104420072800,brand_mapping,"Exported description as brand: 'Sauerkrautsaft 0,5L'; source TIDBrandName='Alnatura'",194,"Sauerkrautsaft 0,5L"
04104420072800,market_country_mapping,CSV blank; source TargetMarketCountryCode=276; lowercase targetMarketCountryCode is empty,194,"Sauerkrautsaft 0,5L"
04104420072800,less_than_qualifier_lost,"SUGAR- < 0.5 GRM, slot .1, group preparationState; CSV has no qualifier",194,"Sauerkrautsaft 0,5L"
04104420072800,less_than_qualifier_lost,"CHOAVL < 0.5 GRM, slot .2, group preparationState; CSV has no qualifier",194,"Sauerkrautsaft 0,5L"
04104420072800,less_than_qualifier_lost,"FAT < 0.5 GRM, slot .3, group preparationState; CSV has no qualifier",194,"Sauerkrautsaft 0,5L"
04104420072800,less_than_qualifier_lost,"FIBTG < 0.5 GRM, slot .4, group preparationState; CSV has no qualifier",194,"Sauerkrautsaft 0,5L"
04104420072800,less_than_qualifier_lost,"PRO- < 0.5 GRM, slot .5, group preparationState; CSV has no qualifier",194,"Sauerkrautsaft 0,5L"
04104420072800,less_than_qualifier_lost,"FASAT < 0.1 GRM, slot .6, group preparationState; CSV has no qualifier",194,"Sauerkrautsaft 0,5L"
04104420017948,brand_mapping,Exported description as brand: '6-Korn Mischung 1.000G'; source TIDBrandName='Alnatura',195,6-Korn Mischung 1.000G
04104420017948,market_country_mapping,CSV blank; source TargetMarketCountryCode=276; lowercase targetMarketCountryCode is empty,195,6-Korn Mischung 1.000G
04104420017948,nutrition_basis_lost_100g,Source basis 100 GRM omitted from CSV,195,6-Korn Mischung 1.000G
04104420022720,brand_mapping,Exported description as brand: 'Beluga Linsen 500G'; source TIDBrandName='Alnatura',196,Beluga Linsen 500G
04104420022720,market_country_mapping,CSV blank; source TargetMarketCountryCode=276; lowercase targetMarketCountryCode is empty,196,Beluga Linsen 500G
04104420022720,nutrition_basis_lost_100g,Source basis 100 GRM omitted from CSV,196,Beluga Linsen 500G
04104420022720,less_than_qualifier_lost,"SALTEQ < 0.01 GRM, slot .6, group preparationState; CSV has no qualifier",196,Beluga Linsen 500G
04104420020443,brand_mapping,Exported description as brand: 'Vollkorn Burger Gemüse 210G'; source TIDBrandName='Alnatura',197,Vollkorn Burger Gemüse 210G
04104420020443,market_country_mapping,CSV blank; source TargetMarketCountryCode=276; lowercase targetMarketCountryCode is empty,197,Vollkorn Burger Gemüse 210G
04104420020443,nutrition_basis_lost_100g,Source basis 100 GRM omitted from CSV,197,Vollkorn Burger Gemüse 210G
04104420070189,brand_mapping,Exported description as brand: 'Karottensaft feldfrisch 330ML'; source TIDBrandName='Alnatura',198,Karottensaft feldfrisch 330ML
04104420070189,market_country_mapping,CSV blank; source TargetMarketCountryCode=276; lowercase targetMarketCountryCode is empty,198,Karottensaft feldfrisch 330ML
04104420070189,less_than_qualifier_lost,"FAT < 0.5 GRM, slot .3, group preparationState; CSV has no qualifier",198,Karottensaft feldfrisch 330ML
04104420070189,less_than_qualifier_lost,"FIBTG < 0.5 GRM, slot .4, group preparationState; CSV has no qualifier",198,Karottensaft feldfrisch 330ML
04104420070189,less_than_qualifier_lost,"FASAT < 0.1 GRM, slot .6, group preparationState; CSV has no qualifier",198,Karottensaft feldfrisch 330ML
04104420020467,brand_mapping,Exported description as brand: 'Dinkel Backerbsen 125G'; source TIDBrandName='Alnatura',199,Dinkel Backerbsen 125G
04104420020467,market_country_mapping,CSV blank; source TargetMarketCountryCode=276; lowercase targetMarketCountryCode is empty,199,Dinkel Backerbsen 125G
04104420020467,nutrition_basis_lost_100g,Source basis 100 GRM omitted from CSV,199,Dinkel Backerbsen 125G
04104420028708,brand_mapping,Exported description as brand: 'Ghee 180G'; source TIDBrandName='Alnatura',200,Ghee 180G
04104420028708,market_country_mapping,CSV blank; source TargetMarketCountryCode=276; lowercase targetMarketCountryCode is empty,200,Ghee 180G
04104420028708,nutrition_basis_lost_100g,Source basis 100 GRM omitted from CSV,200,Ghee 180G
04104420028708,less_than_qualifier_lost,"CHOAVL < 0.5 GRM, slot .2, group preparationState; CSV has no qualifier",200,Ghee 180G
04104420028708,less_than_qualifier_lost,"SUGAR- < 0.5 GRM, slot .3, group preparationState; CSV has no qualifier",200,Ghee 180G
04104420028708,less_than_qualifier_lost,"FIBTG < 0.5 GRM, slot .4, group preparationState; CSV has no qualifier",200,Ghee 180G
04104420028708,less_than_qualifier_lost,"PRO- < 0.5 GRM, slot .5, group preparationState; CSV has no qualifier",200,Ghee 180G
04104420028708,less_than_qualifier_lost,"SALTEQ < 0.01 GRM, slot .6, group preparationState; CSV has no qualifier",200,Ghee 180G
00000042239499,brand_mapping,Exported description as brand: 'Veggie Salami 50G'; source TIDBrandName='Alnatura',201,Veggie Salami 50G
00000042239499,market_country_mapping,CSV blank; source TargetMarketCountryCode=276; lowercase targetMarketCountryCode is empty,201,Veggie Salami 50G
00000042239499,nutrition_basis_lost_100g,Source basis 100 GRM omitted from CSV,201,Veggie Salami 50G
00000042239482,brand_mapping,"Exported description as brand: '""Bratwürstchen"" vegan (ungekühlt) 2'; source TIDBrandName='Alnatura'",202,"""Bratwürstchen"" vegan (ungekühlt) 2"
00000042239482,market_country_mapping,CSV blank; source TargetMarketCountryCode=276; lowercase targetMarketCountryCode is empty,202,"""Bratwürstchen"" vegan (ungekühlt) 2"
00000042239482,nutrition_basis_lost_100g,Source basis 100 GRM omitted from CSV,202,"""Bratwürstchen"" vegan (ungekühlt) 2"
00000042267980,brand_mapping,Exported description as brand: 'Mini Wiener vegan (ungekühlt) 170G'; source TIDBrandName='Alnatura',203,Mini Wiener vegan (ungekühlt) 170G
00000042267980,market_country_mapping,CSV blank; source TargetMarketCountryCode=276; lowercase targetMarketCountryCode is empty,203,Mini Wiener vegan (ungekühlt) 170G
00000042267980,nutrition_basis_lost_100g,Source basis 100 GRM omitted from CSV,203,Mini Wiener vegan (ungekühlt) 170G
04104420141582,brand_mapping,Exported description as brand: 'Salami Snack 25g'; source TIDBrandName='Alnatura',204,Salami Snack 25g
04104420141582,market_country_mapping,CSV blank; source TargetMarketCountryCode=276; lowercase targetMarketCountryCode is empty,204,Salami Snack 25g
04104420141582,nutrition_basis_lost_100g,Source basis 100 GRM omitted from CSV,204,Salami Snack 25g
04104420141582,less_than_qualifier_lost,"CHOAVL < 0.5 GRM, slot .1, group preparationState; CSV has no qualifier",204,Salami Snack 25g
04104420141582,less_than_qualifier_lost,"FIBTG < 0.5 GRM, slot .3, group preparationState; CSV has no qualifier",204,Salami Snack 25g
04104420141582,less_than_qualifier_lost,"SUGAR- < 0.5 GRM, slot .6, group preparationState; CSV has no qualifier",204,Salami Snack 25g
04104420024106,brand_mapping,Exported description as brand: 'Vollrohrzucker 500G'; source TIDBrandName='Alnatura',205,Vollrohrzucker 500G
04104420024106,market_country_mapping,CSV blank; source TargetMarketCountryCode=276; lowercase targetMarketCountryCode is empty,205,Vollrohrzucker 500G
04104420024106,nutrition_basis_lost_100g,Source basis 100 GRM omitted from CSV,205,Vollrohrzucker 500G
04104420024106,less_than_qualifier_lost,"FAT < 0.5 GRM, slot .2, group preparationState; CSV has no qualifier",205,Vollrohrzucker 500G
04104420024106,less_than_qualifier_lost,"FIBTG < 0.5 GRM, slot .3, group preparationState; CSV has no qualifier",205,Vollrohrzucker 500G
04104420024106,less_than_qualifier_lost,"PRO- < 0.5 GRM, slot .4, group preparationState; CSV has no qualifier",205,Vollrohrzucker 500G
04104420024106,less_than_qualifier_lost,"FASAT < 0.1 GRM, slot .5, group preparationState; CSV has no qualifier",205,Vollrohrzucker 500G
04104420024106,less_than_qualifier_lost,"SALTEQ < 0.01 GRM, slot .6, group preparationState; CSV has no qualifier",205,Vollrohrzucker 500G
04104420021013,brand_mapping,"Exported description as brand: 'Ahornsirup Grad A 0,25L'; source TIDBrandName='Alnatura'",206,"Ahornsirup Grad A 0,25L"
04104420021013,market_country_mapping,CSV blank; source TargetMarketCountryCode=276; lowercase targetMarketCountryCode is empty,206,"Ahornsirup Grad A 0,25L"
04104420021013,nutrition_basis_lost_100g,Source basis 100 GRM omitted from CSV,206,"Ahornsirup Grad A 0,25L"
04104420021013,less_than_qualifier_lost,"FAT < 0.5 GRM, slot .2, group preparationState; CSV has no qualifier",206,"Ahornsirup Grad A 0,25L"
04104420021013,less_than_qualifier_lost,"FIBTG < 0.5 GRM, slot .3, group preparationState; CSV has no qualifier",206,"Ahornsirup Grad A 0,25L"
04104420021013,less_than_qualifier_lost,"PRO- < 0.5 GRM, slot .4, group preparationState; CSV has no qualifier",206,"Ahornsirup Grad A 0,25L"
04104420021013,less_than_qualifier_lost,"FASAT < 0.1 GRM, slot .5, group preparationState; CSV has no qualifier",206,"Ahornsirup Grad A 0,25L"
04104420021013,less_than_qualifier_lost,"SALTEQ < 0.01 GRM, slot .6, group preparationState; CSV has no qualifier",206,"Ahornsirup Grad A 0,25L"
04104420021037,brand_mapping,"Exported description as brand: 'Ahornsirup Grad C 0,375L'; source TIDBrandName='Alnatura'",207,"Ahornsirup Grad C 0,375L"
04104420021037,market_country_mapping,CSV blank; source TargetMarketCountryCode=276; lowercase targetMarketCountryCode is empty,207,"Ahornsirup Grad C 0,375L"
04104420021037,nutrition_basis_lost_100g,Source basis 100 GRM omitted from CSV,207,"Ahornsirup Grad C 0,375L"
04104420021037,less_than_qualifier_lost,"FAT < 0.5 GRM, slot .2, group preparationState; CSV has no qualifier",207,"Ahornsirup Grad C 0,375L"
04104420021037,less_than_qualifier_lost,"FIBTG < 0.5 GRM, slot .3, group preparationState; CSV has no qualifier",207,"Ahornsirup Grad C 0,375L"
04104420021037,less_than_qualifier_lost,"PRO- < 0.5 GRM, slot .4, group preparationState; CSV has no qualifier",207,"Ahornsirup Grad C 0,375L"
04104420021037,less_than_qualifier_lost,"FASAT < 0.1 GRM, slot .5, group preparationState; CSV has no qualifier",207,"Ahornsirup Grad C 0,375L"
04104420021037,less_than_qualifier_lost,"SALTEQ < 0.01 GRM, slot .6, group preparationState; CSV has no qualifier",207,"Ahornsirup Grad C 0,375L"
04104420031012,brand_mapping,"Exported description as brand: 'Apfelessig 0,5L'; source TIDBrandName='Alnatura'",208,"Apfelessig 0,5L"
04104420031012,market_country_mapping,CSV blank; source TargetMarketCountryCode=276; lowercase targetMarketCountryCode is empty,208,"Apfelessig 0,5L"
04104420031012,less_than_qualifier_lost,"FAT < 0.5 GRM, slot .2, group preparationState; CSV has no qualifier",208,"Apfelessig 0,5L"
04104420031012,less_than_qualifier_lost,"FIBTG < 0.5 GRM, slot .3, group preparationState; CSV has no qualifier",208,"Apfelessig 0,5L"
04104420031012,less_than_qualifier_lost,"PRO- < 0.5 GRM, slot .4, group preparationState; CSV has no qualifier",208,"Apfelessig 0,5L"
04104420031012,less_than_qualifier_lost,"FASAT < 0.1 GRM, slot .5, group preparationState; CSV has no qualifier",208,"Apfelessig 0,5L"
04104420031012,less_than_qualifier_lost,"SALTEQ < 0.01 GRM, slot .6, group preparationState; CSV has no qualifier",208,"Apfelessig 0,5L"
04104420030923,brand_mapping,"Exported description as brand: 'Aceto Balsamico 0,5L'; source TIDBrandName='Alnatura'",209,"Aceto Balsamico 0,5L"
04104420030923,market_country_mapping,CSV blank; source TargetMarketCountryCode=276; lowercase targetMarketCountryCode is empty,209,"Aceto Balsamico 0,5L"
04104420030923,less_than_qualifier_lost,"FAT < 0.5 GRM, slot .3, group preparationState; CSV has no qualifier",209,"Aceto Balsamico 0,5L"
04104420030923,less_than_qualifier_lost,"FIBTG < 0.5 GRM, slot .4, group preparationState; CSV has no qualifier",209,"Aceto Balsamico 0,5L"
04104420030923,less_than_qualifier_lost,"FASAT < 0.1 GRM, slot .5, group preparationState; CSV has no qualifier",209,"Aceto Balsamico 0,5L"
00000042100522,brand_mapping,Exported description as brand: 'Cocos Riegel VM 40G'; source TIDBrandName='Alnatura',210,Cocos Riegel VM 40G
00000042100522,market_country_mapping,CSV blank; source TargetMarketCountryCode=276; lowercase targetMarketCountryCode is empty,210,Cocos Riegel VM 40G
00000042100522,nutrition_basis_lost_100g,Source basis 100 GRM omitted from CSV,210,Cocos Riegel VM 40G
04104420031722,brand_mapping,"Exported description as brand: 'Soja Sauce Shoyu 0,25L'; source TIDBrandName='Alnatura'",211,"Soja Sauce Shoyu 0,25L"
04104420031722,market_country_mapping,CSV blank; source TargetMarketCountryCode=276; lowercase targetMarketCountryCode is empty,211,"Soja Sauce Shoyu 0,25L"
04104420031722,less_than_qualifier_lost,"FAT < 0.5 GRM, slot .5, group preparationState; CSV has no qualifier",211,"Soja Sauce Shoyu 0,25L"
04104420031722,less_than_qualifier_lost,"FASAT < 0.1 GRM, slot .6, group preparationState; CSV has no qualifier",211,"Soja Sauce Shoyu 0,25L"
04104420016828,brand_mapping,Exported description as brand: 'Leinsamen 500G'; source TIDBrandName='Alnatura',212,Leinsamen 500G
04104420016828,market_country_mapping,CSV blank; source TargetMarketCountryCode=276; lowercase targetMarketCountryCode is empty,212,Leinsamen 500G
04104420016828,nutrition_basis_lost_100g,Source basis 100 GRM omitted from CSV,212,Leinsamen 500G
04104420025066,brand_mapping,Exported description as brand: 'Walnusskerne 150G'; source TIDBrandName='Alnatura',213,Walnusskerne 150G
04104420025066,market_country_mapping,CSV blank; source TargetMarketCountryCode=276; lowercase targetMarketCountryCode is empty,213,Walnusskerne 150G
04104420025066,nutrition_basis_lost_100g,Source basis 100 GRM omitted from CSV,213,Walnusskerne 150G
04104420025066,less_than_qualifier_lost,"SALTEQ < 0.01 GRM, slot .8, group preparationState; CSV has no qualifier",213,Walnusskerne 150G
04104420024960,brand_mapping,Exported description as brand: 'Cashewkerne 150G'; source TIDBrandName='Alnatura',214,Cashewkerne 150G
04104420024960,market_country_mapping,CSV blank; source TargetMarketCountryCode=276; lowercase targetMarketCountryCode is empty,214,Cashewkerne 150G
04104420024960,nutrition_basis_lost_100g,Source basis 100 GRM omitted from CSV,214,Cashewkerne 150G
04104420024984,brand_mapping,Exported description as brand: 'Haselnusskerne 200G'; source TIDBrandName='Alnatura',215,Haselnusskerne 200G
04104420024984,market_country_mapping,CSV blank; source TargetMarketCountryCode=276; lowercase targetMarketCountryCode is empty,215,Haselnusskerne 200G
04104420024984,nutrition_basis_lost_100g,Source basis 100 GRM omitted from CSV,215,Haselnusskerne 200G
04104420055421,brand_mapping,Exported description as brand: 'Mandeln 200G'; source TIDBrandName='Alnatura',216,Mandeln 200G
04104420055421,market_country_mapping,CSV blank; source TargetMarketCountryCode=276; lowercase targetMarketCountryCode is empty,216,Mandeln 200G
04104420055421,nutrition_basis_lost_100g,Source basis 100 GRM omitted from CSV,216,Mandeln 200G
04104420055421,less_than_qualifier_lost,"SALTEQ < 0.01 GRM, slot .8, group preparationState; CSV has no qualifier",216,Mandeln 200G
04104420030220,brand_mapping,"Exported description as brand: 'Italienisches Olivenöl 0,5L'; source TIDBrandName='Alnatura'",217,"Italienisches Olivenöl 0,5L"
04104420030220,market_country_mapping,CSV blank; source TargetMarketCountryCode=276; lowercase targetMarketCountryCode is empty,217,"Italienisches Olivenöl 0,5L"
04104420030220,less_than_qualifier_lost,"CHOAVL < 0.5 GRM, slot .4, group preparationState; CSV has no qualifier",217,"Italienisches Olivenöl 0,5L"
04104420030220,less_than_qualifier_lost,"FIBTG < 0.5 GRM, slot .5, group preparationState; CSV has no qualifier",217,"Italienisches Olivenöl 0,5L"
04104420030220,less_than_qualifier_lost,"PRO- < 0.5 GRM, slot .6, group preparationState; CSV has no qualifier",217,"Italienisches Olivenöl 0,5L"
04104420030220,less_than_qualifier_lost,"SUGAR- < 0.5 GRM, slot .7, group preparationState; CSV has no qualifier",217,"Italienisches Olivenöl 0,5L"
04104420030220,less_than_qualifier_lost,"SALTEQ < 0.01 GRM, slot .8, group preparationState; CSV has no qualifier",217,"Italienisches Olivenöl 0,5L"
04104420021785,brand_mapping,Exported description as brand: 'Rohrohrzucker 1.000G'; source TIDBrandName='Alnatura',218,Rohrohrzucker 1.000G
04104420021785,market_country_mapping,CSV blank; source TargetMarketCountryCode=276; lowercase targetMarketCountryCode is empty,218,Rohrohrzucker 1.000G
04104420021785,nutrition_basis_lost_100g,Source basis 100 GRM omitted from CSV,218,Rohrohrzucker 1.000G
04104420021785,less_than_qualifier_lost,"FAT < 0.5 GRM, slot .2, group preparationState; CSV has no qualifier",218,Rohrohrzucker 1.000G
04104420021785,less_than_qualifier_lost,"FIBTG < 0.5 GRM, slot .3, group preparationState; CSV has no qualifier",218,Rohrohrzucker 1.000G
04104420021785,less_than_qualifier_lost,"PRO- < 0.5 GRM, slot .4, group preparationState; CSV has no qualifier",218,Rohrohrzucker 1.000G
04104420021785,less_than_qualifier_lost,"FASAT < 0.1 GRM, slot .5, group preparationState; CSV has no qualifier",218,Rohrohrzucker 1.000G
04104420021785,less_than_qualifier_lost,"SALTEQ < 0.01 GRM, slot .6, group preparationState; CSV has no qualifier",218,Rohrohrzucker 1.000G
00000042143956,brand_mapping,Exported description as brand: 'Cocos Riegel ZB 40G'; source TIDBrandName='Alnatura',219,Cocos Riegel ZB 40G
00000042143956,market_country_mapping,CSV blank; source TargetMarketCountryCode=276; lowercase targetMarketCountryCode is empty,219,Cocos Riegel ZB 40G
00000042143956,nutrition_basis_lost_100g,Source basis 100 GRM omitted from CSV,219,Cocos Riegel ZB 40G
04104420030961,brand_mapping,"Exported description as brand: 'Condimento Bianco 0,5L'; source TIDBrandName='Alnatura'",220,"Condimento Bianco 0,5L"
04104420030961,market_country_mapping,CSV blank; source TargetMarketCountryCode=276; lowercase targetMarketCountryCode is empty,220,"Condimento Bianco 0,5L"
04104420030961,less_than_qualifier_lost,"FAT < 0.5 GRM, slot .2, group preparationState; CSV has no qualifier",220,"Condimento Bianco 0,5L"
04104420030961,less_than_qualifier_lost,"FIBTG < 0.5 GRM, slot .3, group preparationState; CSV has no qualifier",220,"Condimento Bianco 0,5L"
04104420030961,less_than_qualifier_lost,"FASAT < 0.1 GRM, slot .5, group preparationState; CSV has no qualifier",220,"Condimento Bianco 0,5L"
04104420030961,less_than_qualifier_lost,"SALTEQ < 0.01 GRM, slot .6, group preparationState; CSV has no qualifier",220,"Condimento Bianco 0,5L"
04104420034327,brand_mapping,Exported description as brand: 'Kokosmilch 400ML'; source TIDBrandName='Alnatura',221,Kokosmilch 400ML
04104420034327,market_country_mapping,CSV blank; source TargetMarketCountryCode=276; lowercase targetMarketCountryCode is empty,221,Kokosmilch 400ML
04104420034327,less_than_qualifier_lost,"FIBTG < 0.5 GRM, slot .5, group preparationState; CSV has no qualifier",221,Kokosmilch 400ML
04104420034327,less_than_qualifier_lost,"SALTEQ < 0.01 GRM, slot .6, group preparationState; CSV has no qualifier",221,Kokosmilch 400ML
04104420055605,brand_mapping,Exported description as brand: 'Kakao Mandeln 100G'; source TIDBrandName='Alnatura',222,Kakao Mandeln 100G
04104420055605,market_country_mapping,CSV blank; source TargetMarketCountryCode=276; lowercase targetMarketCountryCode is empty,222,Kakao Mandeln 100G
04104420055605,nutrition_basis_lost_100g,Source basis 100 GRM omitted from CSV,222,Kakao Mandeln 100G
04104420055629,brand_mapping,Exported description as brand: 'Beeren schokoliert 85G'; source TIDBrandName='Alnatura',223,Beeren schokoliert 85G
04104420055629,market_country_mapping,CSV blank; source TargetMarketCountryCode=276; lowercase targetMarketCountryCode is empty,223,Beeren schokoliert 85G
04104420055629,nutrition_basis_lost_100g,Source basis 100 GRM omitted from CSV,223,Beeren schokoliert 85G
04104420055643,brand_mapping,Exported description as brand: 'Ingwer Stäbchen schokoliert 90G'; source TIDBrandName='Alnatura',224,Ingwer Stäbchen schokoliert 90G
04104420055643,market_country_mapping,CSV blank; source TargetMarketCountryCode=276; lowercase targetMarketCountryCode is empty,224,Ingwer Stäbchen schokoliert 90G
04104420055643,nutrition_basis_lost_100g,Source basis 100 GRM omitted from CSV,224,Ingwer Stäbchen schokoliert 90G
04104420078024,brand_mapping,"Exported description as brand: 'Haltbare Alpenmilch 3,5% 1L'; source TIDBrandName='Alnatura'",225,"Haltbare Alpenmilch 3,5% 1L"
04104420078024,market_country_mapping,CSV blank; source TargetMarketCountryCode=276; lowercase targetMarketCountryCode is empty,225,"Haltbare Alpenmilch 3,5% 1L"
04104420078024,less_than_qualifier_lost,"FIBTG < 0.5 GRM, slot .5, group preparationState; CSV has no qualifier",225,"Haltbare Alpenmilch 3,5% 1L"
04104420078000,brand_mapping,"Exported description as brand: 'Haltbare Alpenmilch 1,5% 1L'; source TIDBrandName='Alnatura'",226,"Haltbare Alpenmilch 1,5% 1L"
04104420078000,market_country_mapping,CSV blank; source TargetMarketCountryCode=276; lowercase targetMarketCountryCode is empty,226,"Haltbare Alpenmilch 1,5% 1L"
04104420078000,less_than_qualifier_lost,"FIBTG < 0.5 GRM, slot .5, group preparationState; CSV has no qualifier",226,"Haltbare Alpenmilch 1,5% 1L"
04104420024564,brand_mapping,Exported description as brand: 'Agavendicksaft 250ML'; source TIDBrandName='Alnatura',227,Agavendicksaft 250ML
04104420024564,market_country_mapping,CSV blank; source TargetMarketCountryCode=276; lowercase targetMarketCountryCode is empty,227,Agavendicksaft 250ML
04104420024564,nutrition_basis_lost_100g,Source basis 100 GRM omitted from CSV,227,Agavendicksaft 250ML
04104420024564,less_than_qualifier_lost,"FAT < 0.5 GRM, slot .2, group preparationState; CSV has no qualifier",227,Agavendicksaft 250ML
04104420024564,less_than_qualifier_lost,"FIBTG < 0.5 GRM, slot .3, group preparationState; CSV has no qualifier",227,Agavendicksaft 250ML
04104420024564,less_than_qualifier_lost,"PRO- < 0.5 GRM, slot .4, group preparationState; CSV has no qualifier",227,Agavendicksaft 250ML
04104420024564,less_than_qualifier_lost,"FASAT < 0.1 GRM, slot .5, group preparationState; CSV has no qualifier",227,Agavendicksaft 250ML
04104420056800,brand_mapping,Exported description as brand: 'Ingwer Marzipan Konfekt 100G'; source TIDBrandName='Alnatura',228,Ingwer Marzipan Konfekt 100G
04104420056800,market_country_mapping,CSV blank; source TargetMarketCountryCode=276; lowercase targetMarketCountryCode is empty,228,Ingwer Marzipan Konfekt 100G
04104420056800,nutrition_basis_lost_100g,Source basis 100 GRM omitted from CSV,228,Ingwer Marzipan Konfekt 100G
04104420025929,brand_mapping,Exported description as brand: 'Leinöl 250ML'; source TIDBrandName='Alnatura',229,Leinöl 250ML
04104420025929,market_country_mapping,CSV blank; source TargetMarketCountryCode=276; lowercase targetMarketCountryCode is empty,229,Leinöl 250ML
04104420025929,less_than_qualifier_lost,"FIBTG < 0.5 GRM, slot .4, group preparationState; CSV has no qualifier",229,Leinöl 250ML
04104420025929,less_than_qualifier_lost,"PRO- < 0.5 GRM, slot .5, group preparationState; CSV has no qualifier",229,Leinöl 250ML
04104420025929,less_than_qualifier_lost,"CHOAVL < 0.5 GRM, slot .6, group preparationState; CSV has no qualifier",229,Leinöl 250ML
04104420025929,less_than_qualifier_lost,"SUGAR- < 0.5 GRM, slot .7, group preparationState; CSV has no qualifier",229,Leinöl 250ML
04104420025929,less_than_qualifier_lost,"SALTEQ < 0.01 GRM, slot .8, group preparationState; CSV has no qualifier",229,Leinöl 250ML
00000042214458,brand_mapping,Exported description as brand: 'Marzipan Riegel ZB 40G'; source TIDBrandName='Alnatura',230,Marzipan Riegel ZB 40G
00000042214458,market_country_mapping,CSV blank; source TargetMarketCountryCode=276; lowercase targetMarketCountryCode is empty,230,Marzipan Riegel ZB 40G
00000042214458,nutrition_basis_lost_100g,Source basis 100 GRM omitted from CSV,230,Marzipan Riegel ZB 40G
04104420028265,brand_mapping,Exported description as brand: 'Curry mittelscharf 60G'; source TIDBrandName='Alnatura',231,Curry mittelscharf 60G
04104420028265,market_country_mapping,CSV blank; source TargetMarketCountryCode=276; lowercase targetMarketCountryCode is empty,231,Curry mittelscharf 60G
04104420028326,brand_mapping,Exported description as brand: 'Italienische Kräuter 35G'; source TIDBrandName='Alnatura',232,Italienische Kräuter 35G
04104420028326,market_country_mapping,CSV blank; source TargetMarketCountryCode=276; lowercase targetMarketCountryCode is empty,232,Italienische Kräuter 35G
04104420028388,brand_mapping,"Exported description as brand: 'Paprika, edelsüß 70G'; source TIDBrandName='Alnatura'",233,"Paprika, edelsüß 70G"
04104420028388,market_country_mapping,CSV blank; source TargetMarketCountryCode=276; lowercase targetMarketCountryCode is empty,233,"Paprika, edelsüß 70G"
04104420028449,brand_mapping,"Exported description as brand: 'Schwarzer Pfeffer, ganz 70G'; source TIDBrandName='Alnatura'",234,"Schwarzer Pfeffer, ganz 70G"
04104420028449,market_country_mapping,CSV blank; source TargetMarketCountryCode=276; lowercase targetMarketCountryCode is empty,234,"Schwarzer Pfeffer, ganz 70G"
04104420028500,brand_mapping,Exported description as brand: 'Ceylon Zimt 50G'; source TIDBrandName='Alnatura',235,Ceylon Zimt 50G
04104420028500,market_country_mapping,CSV blank; source TargetMarketCountryCode=276; lowercase targetMarketCountryCode is empty,235,Ceylon Zimt 50G
04104420026704,brand_mapping,Exported description as brand: 'Cashewkerne 300G'; source TIDBrandName='Alnatura',236,Cashewkerne 300G
04104420026704,market_country_mapping,CSV blank; source TargetMarketCountryCode=276; lowercase targetMarketCountryCode is empty,236,Cashewkerne 300G
04104420026704,nutrition_basis_lost_100g,Source basis 100 GRM omitted from CSV,236,Cashewkerne 300G
04104420033641,brand_mapping,Exported description as brand: 'Kokosmilch 200ML'; source TIDBrandName='Alnatura',237,Kokosmilch 200ML
04104420033641,market_country_mapping,CSV blank; source TargetMarketCountryCode=276; lowercase targetMarketCountryCode is empty,237,Kokosmilch 200ML
04104420033641,less_than_qualifier_lost,"FIBTG < 0.5 GRM, slot .5, group preparationState; CSV has no qualifier",237,Kokosmilch 200ML
04104420033641,less_than_qualifier_lost,"SALTEQ < 0.01 GRM, slot .6, group preparationState; CSV has no qualifier",237,Kokosmilch 200ML
04104420094987,brand_mapping,Exported description as brand: 'Soja Drink Natur 1L'; source TIDBrandName='Alnatura',238,Soja Drink Natur 1L
04104420094987,market_country_mapping,CSV blank; source TargetMarketCountryCode=276; lowercase targetMarketCountryCode is empty,238,Soja Drink Natur 1L
04104420094987,less_than_qualifier_lost,"FIBTG < 0.5 GRM, slot .5, group preparationState; CSV has no qualifier",238,Soja Drink Natur 1L
04104420095045,brand_mapping,Exported description as brand: 'Soja Reis Drink Natur 1L'; source TIDBrandName='Alnatura',239,Soja Reis Drink Natur 1L
04104420095045,market_country_mapping,CSV blank; source TargetMarketCountryCode=276; lowercase targetMarketCountryCode is empty,239,Soja Reis Drink Natur 1L
04104420095045,less_than_qualifier_lost,"FIBTG < 0.5 GRM, slot .4, group preparationState; CSV has no qualifier",239,Soja Reis Drink Natur 1L
04104420057340,brand_mapping,Exported description as brand: 'Erdnüsse geröstet & gesalzen 175G'; source TIDBrandName='Alnatura',240,Erdnüsse geröstet & gesalzen 175G
04104420057340,market_country_mapping,CSV blank; source TargetMarketCountryCode=276; lowercase targetMarketCountryCode is empty,240,Erdnüsse geröstet & gesalzen 175G
04104420057340,nutrition_basis_lost_100g,Source basis 100 GRM omitted from CSV,240,Erdnüsse geröstet & gesalzen 175G
04104420057364,brand_mapping,Exported description as brand: 'Cashews geröstet & gesalzen 100G'; source TIDBrandName='Alnatura',241,Cashews geröstet & gesalzen 100G
04104420057364,market_country_mapping,CSV blank; source TargetMarketCountryCode=276; lowercase targetMarketCountryCode is empty,241,Cashews geröstet & gesalzen 100G
04104420057364,nutrition_basis_lost_100g,Source basis 100 GRM omitted from CSV,241,Cashews geröstet & gesalzen 100G
04104420132627,brand_mapping,Exported description as brand: 'Pralinen Variationen 100G'; source TIDBrandName='Alnatura',242,Pralinen Variationen 100G
04104420132627,market_country_mapping,CSV blank; source TargetMarketCountryCode=276; lowercase targetMarketCountryCode is empty,242,Pralinen Variationen 100G
04104420132627,nutrition_basis_lost_100g,Source basis 100 GRM omitted from CSV,242,Pralinen Variationen 100G
00000042247104,brand_mapping,Exported description as brand: 'Marzipan Nougat Riegel 40G'; source TIDBrandName='Alnatura',243,Marzipan Nougat Riegel 40G
00000042247104,market_country_mapping,CSV blank; source TargetMarketCountryCode=276; lowercase targetMarketCountryCode is empty,243,Marzipan Nougat Riegel 40G
00000042247104,nutrition_basis_lost_100g,Source basis 100 GRM omitted from CSV,243,Marzipan Nougat Riegel 40G
04104420141421,brand_mapping,Exported description as brand: 'Gummibären Mix 100G'; source TIDBrandName='Alnatura',244,Gummibären Mix 100G
04104420141421,market_country_mapping,CSV blank; source TargetMarketCountryCode=276; lowercase targetMarketCountryCode is empty,244,Gummibären Mix 100G
04104420141421,nutrition_basis_lost_100g,Source basis 100 GRM omitted from CSV,244,Gummibären Mix 100G
04104420141421,less_than_qualifier_lost,"FAT < 0.5 GRM, slot .4, group preparationState; CSV has no qualifier",244,Gummibären Mix 100G
04104420141421,less_than_qualifier_lost,"SALTEQ < 0.01 GRM, slot .6, group preparationState; CSV has no qualifier",244,Gummibären Mix 100G
04104420036703,brand_mapping,"Exported description as brand: 'Guten Morgen Tee Btl. 20x1,5g 30G'; source TIDBrandName='Alnatura'",245,"Guten Morgen Tee Btl. 20x1,5g 30G"
04104420036703,market_country_mapping,CSV blank; source TargetMarketCountryCode=276; lowercase targetMarketCountryCode is empty,245,"Guten Morgen Tee Btl. 20x1,5g 30G"
04104420036727,brand_mapping,"Exported description as brand: 'Guten Abend Tee Btl. 20x1,5g 30G'; source TIDBrandName='Alnatura'",246,"Guten Abend Tee Btl. 20x1,5g 30G"
04104420036727,market_country_mapping,CSV blank; source TargetMarketCountryCode=276; lowercase targetMarketCountryCode is empty,246,"Guten Abend Tee Btl. 20x1,5g 30G"
04104420036789,brand_mapping,"Exported description as brand: 'Brennn.Tee m.Zitr. Btl. 20x1,5g 30G'; source TIDBrandName='Alnatura'",247,"Brennn.Tee m.Zitr. Btl. 20x1,5g 30G"
04104420036789,market_country_mapping,CSV blank; source TargetMarketCountryCode=276; lowercase targetMarketCountryCode is empty,247,"Brennn.Tee m.Zitr. Btl. 20x1,5g 30G"
04104420036802,brand_mapping,"Exported description as brand: 'Kamillen Tee Btl. 20x1,5g 30G'; source TIDBrandName='Alnatura'",248,"Kamillen Tee Btl. 20x1,5g 30G"
04104420036802,market_country_mapping,CSV blank; source TargetMarketCountryCode=276; lowercase targetMarketCountryCode is empty,248,"Kamillen Tee Btl. 20x1,5g 30G"
04104420036826,brand_mapping,"Exported description as brand: 'Grüner Tee Sencha Btl. 20x1,5g 30G'; source TIDBrandName='Alnatura'",249,"Grüner Tee Sencha Btl. 20x1,5g 30G"
04104420036826,market_country_mapping,CSV blank; source TargetMarketCountryCode=276; lowercase targetMarketCountryCode is empty,249,"Grüner Tee Sencha Btl. 20x1,5g 30G"
04104420036581,brand_mapping,"Exported description as brand: 'Kräuter Tee Btl. 20x1,5g 30G'; source TIDBrandName='Alnatura'",250,"Kräuter Tee Btl. 20x1,5g 30G"
04104420036581,market_country_mapping,CSV blank; source TargetMarketCountryCode=276; lowercase targetMarketCountryCode is empty,250,"Kräuter Tee Btl. 20x1,5g 30G"
04104420038363,brand_mapping,Exported description as brand: 'Grüner Tee Gunpowder lose 100G'; source TIDBrandName='Alnatura',251,Grüner Tee Gunpowder lose 100G
04104420038363,market_country_mapping,CSV blank; source TargetMarketCountryCode=276; lowercase targetMarketCountryCode is empty,251,Grüner Tee Gunpowder lose 100G
04104420038141,brand_mapping,Exported description as brand: 'Grüner Tee Sencha lose 75G'; source TIDBrandName='Alnatura',252,Grüner Tee Sencha lose 75G
04104420038141,market_country_mapping,CSV blank; source TargetMarketCountryCode=276; lowercase targetMarketCountryCode is empty,252,Grüner Tee Sencha lose 75G
04104420038103,brand_mapping,"Exported description as brand: 'Schwarzer Tee Btl. 20x1,75g 35G'; source TIDBrandName='Alnatura'",253,"Schwarzer Tee Btl. 20x1,75g 35G"
04104420038103,market_country_mapping,CSV blank; source TargetMarketCountryCode=276; lowercase targetMarketCountryCode is empty,253,"Schwarzer Tee Btl. 20x1,75g 35G"
04104420038646,brand_mapping,"Exported description as brand: 'Kaffee mild, gemahlen 500G'; source TIDBrandName='Alnatura'",254,"Kaffee mild, gemahlen 500G"
04104420038646,market_country_mapping,CSV blank; source TargetMarketCountryCode=276; lowercase targetMarketCountryCode is empty,254,"Kaffee mild, gemahlen 500G"
04104420038660,brand_mapping,Exported description as brand: 'Espresso 250G'; source TIDBrandName='Alnatura',255,Espresso 250G
04104420038660,market_country_mapping,CSV blank; source TargetMarketCountryCode=276; lowercase targetMarketCountryCode is empty,255,Espresso 250G
04104420038769,brand_mapping,Exported description as brand: 'Espresso ganze Bohne 500G'; source TIDBrandName='Alnatura',256,Espresso ganze Bohne 500G
04104420038769,market_country_mapping,CSV blank; source TargetMarketCountryCode=276; lowercase targetMarketCountryCode is empty,256,Espresso ganze Bohne 500G
04104420039025,brand_mapping,"Exported description as brand: 'Zitronenverb. Tee Btl. 20x1,5g 30G'; source TIDBrandName='Alnatura'",257,"Zitronenverb. Tee Btl. 20x1,5g 30G"
04104420039025,market_country_mapping,CSV blank; source TargetMarketCountryCode=276; lowercase targetMarketCountryCode is empty,257,"Zitronenverb. Tee Btl. 20x1,5g 30G"
04104420060265,brand_mapping,"Exported description as brand: 'Grüner Tee Jasmin Btl. 20x1,5g 30G'; source TIDBrandName='Alnatura'",258,"Grüner Tee Jasmin Btl. 20x1,5g 30G"
04104420060265,market_country_mapping,CSV blank; source TargetMarketCountryCode=276; lowercase targetMarketCountryCode is empty,258,"Grüner Tee Jasmin Btl. 20x1,5g 30G"
04104420039346,brand_mapping,Exported description as brand: 'Innere Kraft Btl. 20x2g 40G'; source TIDBrandName='Alnatura',259,Innere Kraft Btl. 20x2g 40G
04104420039346,market_country_mapping,CSV blank; source TargetMarketCountryCode=276; lowercase targetMarketCountryCode is empty,259,Innere Kraft Btl. 20x2g 40G
04104420039681,brand_mapping,"Exported description as brand: 'Salbei Tee Btl. 20x1,5g 30G'; source TIDBrandName='Alnatura'",260,"Salbei Tee Btl. 20x1,5g 30G"
04104420039681,market_country_mapping,CSV blank; source TargetMarketCountryCode=276; lowercase targetMarketCountryCode is empty,260,"Salbei Tee Btl. 20x1,5g 30G"
04104420039704,brand_mapping,Exported description as brand: 'Sweet Chai Btl. 20x2g 40G'; source TIDBrandName='Alnatura',261,Sweet Chai Btl. 20x2g 40G
04104420039704,market_country_mapping,CSV blank; source TargetMarketCountryCode=276; lowercase targetMarketCountryCode is empty,261,Sweet Chai Btl. 20x2g 40G
04104420039728,brand_mapping,Exported description as brand: 'Momente der Entsp. Btl. 20x2g 40G'; source TIDBrandName='Alnatura',262,Momente der Entsp. Btl. 20x2g 40G
04104420039728,market_country_mapping,CSV blank; source TargetMarketCountryCode=276; lowercase targetMarketCountryCode is empty,262,Momente der Entsp. Btl. 20x2g 40G
04104420039766,brand_mapping,Exported description as brand: 'Peru Café 500G'; source TIDBrandName='Alnatura',263,Peru Café 500G
04104420039766,market_country_mapping,CSV blank; source TargetMarketCountryCode=276; lowercase targetMarketCountryCode is empty,263,Peru Café 500G
04104420039889,brand_mapping,"Exported description as brand: 'Bergkräuter Btl. 20x1,75G 35G'; source TIDBrandName='Alnatura'",264,"Bergkräuter Btl. 20x1,75G 35G"
04104420039889,market_country_mapping,CSV blank; source TargetMarketCountryCode=276; lowercase targetMarketCountryCode is empty,264,"Bergkräuter Btl. 20x1,75G 35G"
04104420135741,brand_mapping,"Exported description as brand: 'Earl Grey Btl. 20x1,75g 35G'; source TIDBrandName='Alnatura'",265,"Earl Grey Btl. 20x1,75g 35G"
04104420135741,market_country_mapping,CSV blank; source TargetMarketCountryCode=276; lowercase targetMarketCountryCode is empty,265,"Earl Grey Btl. 20x1,75g 35G"
04104420139022,brand_mapping,"Exported description as brand: 'Grüner Tee Ingw.Lemon Btl. 20x1,5G'; source TIDBrandName='Alnatura'",266,"Grüner Tee Ingw.Lemon Btl. 20x1,5G"
04104420139022,market_country_mapping,CSV blank; source TargetMarketCountryCode=276; lowercase targetMarketCountryCode is empty,266,"Grüner Tee Ingw.Lemon Btl. 20x1,5G"
04104420140981,brand_mapping,"Exported description as brand: 'Rooibos Vanille Tee Btl. 20x1,5g 30'; source TIDBrandName='Alnatura'",267,"Rooibos Vanille Tee Btl. 20x1,5g 30"
04104420140981,market_country_mapping,CSV blank; source TargetMarketCountryCode=276; lowercase targetMarketCountryCode is empty,267,"Rooibos Vanille Tee Btl. 20x1,5g 30"
04104420035942,brand_mapping,Exported description as brand: 'Gemüseaufstrich Paprika Cashew 125G'; source TIDBrandName='Alnatura',268,Gemüseaufstrich Paprika Cashew 125G
04104420035942,market_country_mapping,CSV blank; source TargetMarketCountryCode=276; lowercase targetMarketCountryCode is empty,268,Gemüseaufstrich Paprika Cashew 125G
04104420035942,nutrition_basis_lost_100g,Source basis 100 GRM omitted from CSV,268,Gemüseaufstrich Paprika Cashew 125G
04104420035768,brand_mapping,Exported description as brand: 'Gemüseaufstrich Tomate Basilikum 11'; source TIDBrandName='Alnatura',269,Gemüseaufstrich Tomate Basilikum 11
04104420035768,market_country_mapping,CSV blank; source TargetMarketCountryCode=276; lowercase targetMarketCountryCode is empty,269,Gemüseaufstrich Tomate Basilikum 11
04104420035768,nutrition_basis_lost_100g,Source basis 100 GRM omitted from CSV,269,Gemüseaufstrich Tomate Basilikum 11
04104420035744,brand_mapping,Exported description as brand: 'Kichererbse Curry 120G'; source TIDBrandName='Alnatura',270,Kichererbse Curry 120G
04104420035744,market_country_mapping,CSV blank; source TargetMarketCountryCode=276; lowercase targetMarketCountryCode is empty,270,Kichererbse Curry 120G
04104420035744,nutrition_basis_lost_100g,Source basis 100 GRM omitted from CSV,270,Kichererbse Curry 120G
04104420037526,brand_mapping,Exported description as brand: 'Gemüseaufstrich Hokkaido Cashew 125'; source TIDBrandName='Alnatura',271,Gemüseaufstrich Hokkaido Cashew 125
04104420037526,market_country_mapping,CSV blank; source TargetMarketCountryCode=276; lowercase targetMarketCountryCode is empty,271,Gemüseaufstrich Hokkaido Cashew 125
04104420037526,nutrition_basis_lost_100g,Source basis 100 GRM omitted from CSV,271,Gemüseaufstrich Hokkaido Cashew 125
04104420094840,brand_mapping,Exported description as brand: 'Tofu natur haltbar 200G'; source TIDBrandName='Alnatura',272,Tofu natur haltbar 200G
04104420094840,market_country_mapping,CSV blank; source TargetMarketCountryCode=276; lowercase targetMarketCountryCode is empty,272,Tofu natur haltbar 200G
04104420094840,nutrition_basis_lost_100g,Source basis 100 GRM omitted from CSV,272,Tofu natur haltbar 200G
04104420094840,less_than_qualifier_lost,"CHOAVL < 0.5 GRM, slot .4, group preparationState; CSV has no qualifier",272,Tofu natur haltbar 200G
04104420094840,less_than_qualifier_lost,"SUGAR- < 0.5 GRM, slot .5, group preparationState; CSV has no qualifier",272,Tofu natur haltbar 200G
04104420094840,less_than_qualifier_lost,"SALTEQ < 0.01 GRM, slot .6, group preparationState; CSV has no qualifier",272,Tofu natur haltbar 200G
04104420094864,brand_mapping,Exported description as brand: 'Räucher Tofu haltbar 200G'; source TIDBrandName='Alnatura',273,Räucher Tofu haltbar 200G
04104420094864,market_country_mapping,CSV blank; source TargetMarketCountryCode=276; lowercase targetMarketCountryCode is empty,273,Räucher Tofu haltbar 200G
04104420094864,nutrition_basis_lost_100g,Source basis 100 GRM omitted from CSV,273,Räucher Tofu haltbar 200G
04104420077621,brand_mapping,Exported description as brand: 'Mandel Nuss Tofu (ungekühlt) 200G'; source TIDBrandName='Alnatura',274,Mandel Nuss Tofu (ungekühlt) 200G
04104420077621,market_country_mapping,CSV blank; source TargetMarketCountryCode=276; lowercase targetMarketCountryCode is empty,274,Mandel Nuss Tofu (ungekühlt) 200G
04104420077621,nutrition_basis_lost_100g,Source basis 100 GRM omitted from CSV,274,Mandel Nuss Tofu (ungekühlt) 200G
04104420055964,brand_mapping,Exported description as brand: '*Schoko Zimt Mandeln 100G*'; source TIDBrandName='Alnatura',275,*Schoko Zimt Mandeln 100G*
04104420055964,market_country_mapping,CSV blank; source TargetMarketCountryCode=276; lowercase targetMarketCountryCode is empty,275,*Schoko Zimt Mandeln 100G*
04104420055964,nutrition_basis_lost_100g,Source basis 100 GRM omitted from CSV,275,*Schoko Zimt Mandeln 100G*
04104420056008,brand_mapping,Exported description as brand: '*Marzipan Taler Zartbitter 100G*'; source TIDBrandName='Alnatura',276,*Marzipan Taler Zartbitter 100G*
04104420056008,market_country_mapping,CSV blank; source TargetMarketCountryCode=276; lowercase targetMarketCountryCode is empty,276,*Marzipan Taler Zartbitter 100G*
04104420056008,nutrition_basis_lost_100g,Source basis 100 GRM omitted from CSV,276,*Marzipan Taler Zartbitter 100G*
04104420056008,less_than_qualifier_lost,"SALTEQ < 0.01 GRM, slot .6, group preparationState; CSV has no qualifier",276,*Marzipan Taler Zartbitter 100G*
04104420007963,brand_mapping,Exported description as brand: '*Nougat Cashews 90G*'; source TIDBrandName='Alnatura',277,*Nougat Cashews 90G*
04104420007963,market_country_mapping,CSV blank; source TargetMarketCountryCode=276; lowercase targetMarketCountryCode is empty,277,*Nougat Cashews 90G*
04104420007963,nutrition_basis_lost_100g,Source basis 100 GRM omitted from CSV,277,*Nougat Cashews 90G*
00000042242697,brand_mapping,Exported description as brand: '*Gefüllte Lebkuchenherzen 125G*'; source TIDBrandName='Alnatura',278,*Gefüllte Lebkuchenherzen 125G*
00000042242697,market_country_mapping,CSV blank; source TargetMarketCountryCode=276; lowercase targetMarketCountryCode is empty,278,*Gefüllte Lebkuchenherzen 125G*
00000042242697,nutrition_basis_lost_100g,Source basis 100 GRM omitted from CSV,278,*Gefüllte Lebkuchenherzen 125G*
04104420132009,brand_mapping,Exported description as brand: '*Dominosteine 125G*'; source TIDBrandName='Alnatura',279,*Dominosteine 125G*
04104420132009,market_country_mapping,CSV blank; source TargetMarketCountryCode=276; lowercase targetMarketCountryCode is empty,279,*Dominosteine 125G*
04104420132009,nutrition_basis_lost_100g,Source basis 100 GRM omitted from CSV,279,*Dominosteine 125G*
04104420005280,brand_mapping,Exported description as brand: '*Feine Oblaten Lebkuchen 200G*'; source TIDBrandName='Alnatura',280,*Feine Oblaten Lebkuchen 200G*
04104420005280,market_country_mapping,CSV blank; source TargetMarketCountryCode=276; lowercase targetMarketCountryCode is empty,280,*Feine Oblaten Lebkuchen 200G*
04104420005280,nutrition_basis_lost_100g,Source basis 100 GRM omitted from CSV,280,*Feine Oblaten Lebkuchen 200G*
04104420007987,brand_mapping,Exported description as brand: '*Mini Schoko Lebkuchen 140G*'; source TIDBrandName='Alnatura',281,*Mini Schoko Lebkuchen 140G*
04104420007987,market_country_mapping,CSV blank; source TargetMarketCountryCode=276; lowercase targetMarketCountryCode is empty,281,*Mini Schoko Lebkuchen 140G*
04104420007987,nutrition_basis_lost_100g,Source basis 100 GRM omitted from CSV,281,*Mini Schoko Lebkuchen 140G*
04104420143746,brand_mapping,"Exported description as brand: 'Holunderblütensirup 0,33L'; source TIDBrandName='Alnatura'",282,"Holunderblütensirup 0,33L"
04104420143746,market_country_mapping,CSV blank; source TargetMarketCountryCode=276; lowercase targetMarketCountryCode is empty,282,"Holunderblütensirup 0,33L"
04104420143746,less_than_qualifier_lost,"FAT < 0.5 GRM, slot .2, group preparationState; CSV has no qualifier",282,"Holunderblütensirup 0,33L"
04104420143746,less_than_qualifier_lost,"FIBTG < 0.5 GRM, slot .3, group preparationState; CSV has no qualifier",282,"Holunderblütensirup 0,33L"
04104420143746,less_than_qualifier_lost,"PRO- < 0.5 GRM, slot .4, group preparationState; CSV has no qualifier",282,"Holunderblütensirup 0,33L"
04104420143746,less_than_qualifier_lost,"FASAT < 0.1 GRM, slot .5, group preparationState; CSV has no qualifier",282,"Holunderblütensirup 0,33L"
04104420143746,less_than_qualifier_lost,"SALTEQ < 0.01 GRM, slot .6, group preparationState; CSV has no qualifier",282,"Holunderblütensirup 0,33L"
04104420143647,brand_mapping,Exported description as brand: 'Apfel Mango Reiswaffeln 35G'; source TIDBrandName='Alnatura',283,Apfel Mango Reiswaffeln 35G
04104420143647,market_country_mapping,CSV blank; source TargetMarketCountryCode=276; lowercase targetMarketCountryCode is empty,283,Apfel Mango Reiswaffeln 35G
04104420143647,nutrition_basis_lost_100g,Source basis 100 GRM omitted from CSV,283,Apfel Mango Reiswaffeln 35G
04104420143647,less_than_qualifier_lost,"FASAT < 0.1 GRM, slot .12, group preparationState.1; CSV has no qualifier",283,Apfel Mango Reiswaffeln 35G
04104420143647,less_than_qualifier_lost,"FAT < 0.1 GRM, slot .13, group preparationState.1; CSV has no qualifier",283,Apfel Mango Reiswaffeln 35G
04104420143647,less_than_qualifier_lost,"FIBTG < 0.1 GRM, slot .14, group preparationState.1; CSV has no qualifier",283,Apfel Mango Reiswaffeln 35G
04104420143647,less_than_qualifier_lost,"SALTEQ < 0.01 GRM, slot .15, group preparationState.1; CSV has no qualifier",283,Apfel Mango Reiswaffeln 35G
04104420143647,secondary_serving_size_lost,{'servingSizeValue.1': '1.5'},283,Apfel Mango Reiswaffeln 35G
04104420007840,brand_mapping,Exported description as brand: '*Frucht Punsch Holunder 750ML*'; source TIDBrandName='Alnatura',284,*Frucht Punsch Holunder 750ML*
04104420007840,market_country_mapping,CSV blank; source TargetMarketCountryCode=276; lowercase targetMarketCountryCode is empty,284,*Frucht Punsch Holunder 750ML*
04104420007840,less_than_qualifier_lost,"FAT < 0.5 GRM, slot .2, group preparationState; CSV has no qualifier",284,*Frucht Punsch Holunder 750ML*
04104420007840,less_than_qualifier_lost,"FIBTG < 0.5 GRM, slot .3, group preparationState; CSV has no qualifier",284,*Frucht Punsch Holunder 750ML*
04104420007840,less_than_qualifier_lost,"PRO- < 0.5 GRM, slot .4, group preparationState; CSV has no qualifier",284,*Frucht Punsch Holunder 750ML*
04104420007840,less_than_qualifier_lost,"FASAT < 0.1 GRM, slot .5, group preparationState; CSV has no qualifier",284,*Frucht Punsch Holunder 750ML*
04104420007840,less_than_qualifier_lost,"SALTEQ < 0.01 GRM, slot .6, group preparationState; CSV has no qualifier",284,*Frucht Punsch Holunder 750ML*
04104420007901,brand_mapping,Exported description as brand: '*Winter Kräutertee Btl.20x2g 40G*'; source TIDBrandName='Alnatura',285,*Winter Kräutertee Btl.20x2g 40G*
04104420007901,market_country_mapping,CSV blank; source TargetMarketCountryCode=276; lowercase targetMarketCountryCode is empty,285,*Winter Kräutertee Btl.20x2g 40G*
04104420142282,brand_mapping,Exported description as brand: 'Kichererbsen-Kokos-Eintopf 400G'; source TIDBrandName='Alnatura',286,Kichererbsen-Kokos-Eintopf 400G
04104420142282,market_country_mapping,CSV blank; source TargetMarketCountryCode=276; lowercase targetMarketCountryCode is empty,286,Kichererbsen-Kokos-Eintopf 400G
04104420142282,nutrition_basis_lost_100g,Source basis 100 GRM omitted from CSV,286,Kichererbsen-Kokos-Eintopf 400G
04104420015227,brand_mapping,Exported description as brand: 'Mandeln gehobelt 100G'; source TIDBrandName='Alnatura',287,Mandeln gehobelt 100G
04104420015227,market_country_mapping,CSV blank; source TargetMarketCountryCode=276; lowercase targetMarketCountryCode is empty,287,Mandeln gehobelt 100G
04104420015227,nutrition_basis_lost_100g,Source basis 100 GRM omitted from CSV,287,Mandeln gehobelt 100G
04104420015227,less_than_qualifier_lost,"SALTEQ < 0.01 GRM, slot .6, group preparationState; CSV has no qualifier",287,Mandeln gehobelt 100G
04104420015241,brand_mapping,Exported description as brand: 'Mandeln gehackt 100G'; source TIDBrandName='Alnatura',288,Mandeln gehackt 100G
04104420015241,market_country_mapping,CSV blank; source TargetMarketCountryCode=276; lowercase targetMarketCountryCode is empty,288,Mandeln gehackt 100G
04104420015241,nutrition_basis_lost_100g,Source basis 100 GRM omitted from CSV,288,Mandeln gehackt 100G
04104420015241,less_than_qualifier_lost,"SALTEQ < 0.01 GRM, slot .6, group preparationState; CSV has no qualifier",288,Mandeln gehackt 100G
04104420015289,brand_mapping,Exported description as brand: 'Kokos geraspelt 200G'; source TIDBrandName='Alnatura',289,Kokos geraspelt 200G
04104420015289,market_country_mapping,CSV blank; source TargetMarketCountryCode=276; lowercase targetMarketCountryCode is empty,289,Kokos geraspelt 200G
04104420015289,nutrition_basis_lost_100g,Source basis 100 GRM omitted from CSV,289,Kokos geraspelt 200G
04104420024748,brand_mapping,Exported description as brand: 'Rosinen 200G'; source TIDBrandName='Alnatura',290,Rosinen 200G
04104420024748,market_country_mapping,CSV blank; source TargetMarketCountryCode=276; lowercase targetMarketCountryCode is empty,290,Rosinen 200G
04104420024748,nutrition_basis_lost_100g,Source basis 100 GRM omitted from CSV,290,Rosinen 200G
04104420024748,less_than_qualifier_lost,"SALTEQ < 0.01 GRM, slot .8, group preparationState; CSV has no qualifier",290,Rosinen 200G
00000042256205,brand_mapping,Exported description as brand: 'Zitronenschale ger. 5G'; source TIDBrandName='Alnatura',291,Zitronenschale ger. 5G
00000042256205,market_country_mapping,CSV blank; source TargetMarketCountryCode=276; lowercase targetMarketCountryCode is empty,291,Zitronenschale ger. 5G
00000042256205,nutrition_basis_lost_100g,Source basis 100 GRM omitted from CSV,291,Zitronenschale ger. 5G
00000042256199,brand_mapping,Exported description as brand: 'Orangenschale ger. 5G'; source TIDBrandName='Alnatura',292,Orangenschale ger. 5G
00000042256199,market_country_mapping,CSV blank; source TargetMarketCountryCode=276; lowercase targetMarketCountryCode is empty,292,Orangenschale ger. 5G
00000042256199,nutrition_basis_lost_100g,Source basis 100 GRM omitted from CSV,292,Orangenschale ger. 5G
04104420134782,brand_mapping,Exported description as brand: 'Lübecker Marzipan 200G'; source TIDBrandName='Alnatura',293,Lübecker Marzipan 200G
04104420134782,market_country_mapping,CSV blank; source TargetMarketCountryCode=276; lowercase targetMarketCountryCode is empty,293,Lübecker Marzipan 200G
04104420134782,nutrition_basis_lost_100g,Source basis 100 GRM omitted from CSV,293,Lübecker Marzipan 200G
04104420134782,less_than_qualifier_lost,"SALTEQ < 0.01 GRM, slot .6, group preparationState; CSV has no qualifier",293,Lübecker Marzipan 200G
04104420138964,brand_mapping,Exported description as brand: 'Haselnüsse gehackt 100G'; source TIDBrandName='Alnatura',294,Haselnüsse gehackt 100G
04104420138964,market_country_mapping,CSV blank; source TargetMarketCountryCode=276; lowercase targetMarketCountryCode is empty,294,Haselnüsse gehackt 100G
04104420138964,nutrition_basis_lost_100g,Source basis 100 GRM omitted from CSV,294,Haselnüsse gehackt 100G
04104420138964,less_than_qualifier_lost,"SALTEQ < 0.01 GRM, slot .6, group preparationState; CSV has no qualifier",294,Haselnüsse gehackt 100G
04104420142787,brand_mapping,Exported description as brand: 'Puderzucker 200g'; source TIDBrandName='Alnatura',295,Puderzucker 200g
04104420142787,market_country_mapping,CSV blank; source TargetMarketCountryCode=276; lowercase targetMarketCountryCode is empty,295,Puderzucker 200g
04104420142787,nutrition_basis_lost_100g,Source basis 100 GRM omitted from CSV,295,Puderzucker 200g
04104420142800,brand_mapping,Exported description as brand: 'Haselnüsse gemahlen 150g'; source TIDBrandName='Alnatura',296,Haselnüsse gemahlen 150g
04104420142800,market_country_mapping,CSV blank; source TargetMarketCountryCode=276; lowercase targetMarketCountryCode is empty,296,Haselnüsse gemahlen 150g
04104420142800,nutrition_basis_lost_100g,Source basis 100 GRM omitted from CSV,296,Haselnüsse gemahlen 150g
04104420142800,less_than_qualifier_lost,"SALTEQ < 0.01 GRM, slot .6, group preparationState; CSV has no qualifier",296,Haselnüsse gemahlen 150g
04104420028289,brand_mapping,Exported description as brand: 'Dillspitzen 15G'; source TIDBrandName='Alnatura',297,Dillspitzen 15G
04104420028289,market_country_mapping,CSV blank; source TargetMarketCountryCode=276; lowercase targetMarketCountryCode is empty,297,Dillspitzen 15G
04104420028302,brand_mapping,"Exported description as brand: 'Ingwer, gemahlen 45G'; source TIDBrandName='Alnatura'",298,"Ingwer, gemahlen 45G"
04104420028302,market_country_mapping,CSV blank; source TargetMarketCountryCode=276; lowercase targetMarketCountryCode is empty,298,"Ingwer, gemahlen 45G"
04104420028340,brand_mapping,Exported description as brand: 'Kümmel 50G'; source TIDBrandName='Alnatura',299,Kümmel 50G
04104420028340,market_country_mapping,CSV blank; source TargetMarketCountryCode=276; lowercase targetMarketCountryCode is empty,299,Kümmel 50G
04104420028401,brand_mapping,Exported description as brand: 'Rosmarin 35G'; source TIDBrandName='Alnatura',300,Rosmarin 35G
04104420028401,market_country_mapping,CSV blank; source TargetMarketCountryCode=276; lowercase targetMarketCountryCode is empty,300,Rosmarin 35G
04104420028425,brand_mapping,Exported description as brand: 'Salatkräuter 40G'; source TIDBrandName='Alnatura',301,Salatkräuter 40G
04104420028425,market_country_mapping,CSV blank; source TargetMarketCountryCode=276; lowercase targetMarketCountryCode is empty,301,Salatkräuter 40G
04104420028487,brand_mapping,Exported description as brand: 'Thymian 20G'; source TIDBrandName='Alnatura',302,Thymian 20G
04104420028487,market_country_mapping,CSV blank; source TargetMarketCountryCode=276; lowercase targetMarketCountryCode is empty,302,Thymian 20G
04104420131385,brand_mapping,Exported description as brand: 'Cayenne Pfeffer 60G'; source TIDBrandName='Alnatura',303,Cayenne Pfeffer 60G
04104420131385,market_country_mapping,CSV blank; source TargetMarketCountryCode=276; lowercase targetMarketCountryCode is empty,303,Cayenne Pfeffer 60G
04104420145580,brand_mapping,Exported description as brand: 'Zartbitter Creme 350G'; source TIDBrandName='Alnatura',304,Zartbitter Creme 350G
04104420145580,market_country_mapping,CSV blank; source TargetMarketCountryCode=276; lowercase targetMarketCountryCode is empty,304,Zartbitter Creme 350G
04104420145580,nutrition_basis_lost_100g,Source basis 100 GRM omitted from CSV,304,Zartbitter Creme 350G
04104420083165,brand_mapping,Exported description as brand: 'Karotten mit Kartoffeln 190G'; source TIDBrandName='Alnatura',305,Karotten mit Kartoffeln 190G
04104420083165,market_country_mapping,CSV blank; source TargetMarketCountryCode=276; lowercase targetMarketCountryCode is empty,305,Karotten mit Kartoffeln 190G
04104420083165,nutrition_basis_lost_100g,Source basis 100 GRM omitted from CSV,305,Karotten mit Kartoffeln 190G
04104420083349,brand_mapping,Exported description as brand: 'Pastinaken mit Kartoffeln 190G'; source TIDBrandName='Alnatura',306,Pastinaken mit Kartoffeln 190G
04104420083349,market_country_mapping,CSV blank; source TargetMarketCountryCode=276; lowercase targetMarketCountryCode is empty,306,Pastinaken mit Kartoffeln 190G
04104420083349,nutrition_basis_lost_100g,Source basis 100 GRM omitted from CSV,306,Pastinaken mit Kartoffeln 190G
04104420137783,brand_mapping,Exported description as brand: 'Mango-Bananen-Müsli 190G'; source TIDBrandName='Alnatura',307,Mango-Bananen-Müsli 190G
04104420137783,market_country_mapping,CSV blank; source TargetMarketCountryCode=276; lowercase targetMarketCountryCode is empty,307,Mango-Bananen-Müsli 190G
04104420137783,nutrition_basis_lost_100g,Source basis 100 GRM omitted from CSV,307,Mango-Bananen-Müsli 190G
04104420137783,secondary_serving_size_lost,{'servingSizeValue.1': '190'},307,Mango-Bananen-Müsli 190G
04104420137844,brand_mapping,Exported description as brand: 'Linsengemüse mit Couscous 190G'; source TIDBrandName='Alnatura',308,Linsengemüse mit Couscous 190G
04104420137844,market_country_mapping,CSV blank; source TargetMarketCountryCode=276; lowercase targetMarketCountryCode is empty,308,Linsengemüse mit Couscous 190G
04104420137844,nutrition_basis_lost_100g,Source basis 100 GRM omitted from CSV,308,Linsengemüse mit Couscous 190G
04104420137844,secondary_serving_size_lost,{'servingSizeValue.1': '190'},308,Linsengemüse mit Couscous 190G
04104420071704,brand_mapping,"Exported description as brand: 'Prosecco D.O.C. 0,75L'; source TIDBrandName='Alnatura'",309,"Prosecco D.O.C. 0,75L"
04104420071704,market_country_mapping,CSV blank; source TargetMarketCountryCode=276; lowercase targetMarketCountryCode is empty,309,"Prosecco D.O.C. 0,75L"
04104420091146,brand_mapping,"Exported description as brand: 'Sekt brut 0,75L'; source TIDBrandName='Alnatura'",310,"Sekt brut 0,75L"
04104420091146,market_country_mapping,CSV blank; source TargetMarketCountryCode=276; lowercase targetMarketCountryCode is empty,310,"Sekt brut 0,75L"
04104420091245,brand_mapping,"Exported description as brand: 'Rose Secco 0,75L'; source TIDBrandName='Alnatura'",311,"Rose Secco 0,75L"
04104420091245,market_country_mapping,CSV blank; source TargetMarketCountryCode=276; lowercase targetMarketCountryCode is empty,311,"Rose Secco 0,75L"
04104420091245,less_than_qualifier_lost,"FAT < 0.5 GRM, slot .2, group preparationState; CSV has no qualifier",311,"Rose Secco 0,75L"
04104420091245,less_than_qualifier_lost,"PRO- < 0.5 GRM, slot .3, group preparationState; CSV has no qualifier",311,"Rose Secco 0,75L"
04104420091245,less_than_qualifier_lost,"FASAT < 0.1 GRM, slot .4, group preparationState; CSV has no qualifier",311,"Rose Secco 0,75L"
04104420091245,less_than_qualifier_lost,"SALTEQ < 0.01 GRM, slot .5, group preparationState; CSV has no qualifier",311,"Rose Secco 0,75L"
04104420135284,brand_mapping,Exported description as brand: 'Rose Secco Piccolo 200ML'; source TIDBrandName='Alnatura',312,Rose Secco Piccolo 200ML
04104420135284,market_country_mapping,CSV blank; source TargetMarketCountryCode=276; lowercase targetMarketCountryCode is empty,312,Rose Secco Piccolo 200ML
04104420135284,less_than_qualifier_lost,"FAT < 0.5 GRM, slot .2, group preparationState; CSV has no qualifier",312,Rose Secco Piccolo 200ML
04104420135284,less_than_qualifier_lost,"PRO- < 0.5 GRM, slot .3, group preparationState; CSV has no qualifier",312,Rose Secco Piccolo 200ML
04104420135284,less_than_qualifier_lost,"FASAT < 0.1 GRM, slot .4, group preparationState; CSV has no qualifier",312,Rose Secco Piccolo 200ML
04104420135284,less_than_qualifier_lost,"SALTEQ < 0.01 GRM, slot .5, group preparationState; CSV has no qualifier",312,Rose Secco Piccolo 200ML
00000042270997,brand_mapping,Exported description as brand: 'Pesto Ricotta 140G'; source TIDBrandName='Alnatura',313,Pesto Ricotta 140G
00000042270997,market_country_mapping,CSV blank; source TargetMarketCountryCode=276; lowercase targetMarketCountryCode is empty,313,Pesto Ricotta 140G
00000042270997,nutrition_basis_lost_100g,Source basis 100 GRM omitted from CSV,313,Pesto Ricotta 140G
04104420129603,brand_mapping,"Exported description as brand: 'Sugo Toscano 0,325L'; source TIDBrandName='Alnatura'",314,"Sugo Toscano 0,325L"
04104420129603,market_country_mapping,CSV blank; source TargetMarketCountryCode=276; lowercase targetMarketCountryCode is empty,314,"Sugo Toscano 0,325L"
04104420129603,nutrition_basis_lost_100g,Source basis 100 GRM omitted from CSV,314,"Sugo Toscano 0,325L"
00000042255475,brand_mapping,Exported description as brand: 'Sahnestand 24G'; source TIDBrandName='Alnatura',315,Sahnestand 24G
00000042255475,market_country_mapping,CSV blank; source TargetMarketCountryCode=276; lowercase targetMarketCountryCode is empty,315,Sahnestand 24G
00000042255475,nutrition_basis_lost_100g,Source basis 100 GRM omitted from CSV,315,Sahnestand 24G
00000042255475,less_than_qualifier_lost,"FAT < 0.5 GRM, slot .2, group preparationState; CSV has no qualifier",315,Sahnestand 24G
00000042255475,less_than_qualifier_lost,"FIBTG < 0.5 GRM, slot .3, group preparationState; CSV has no qualifier",315,Sahnestand 24G
00000042255475,less_than_qualifier_lost,"PRO- < 0.5 GRM, slot .4, group preparationState; CSV has no qualifier",315,Sahnestand 24G
00000042255475,less_than_qualifier_lost,"FASAT < 0.1 GRM, slot .5, group preparationState; CSV has no qualifier",315,Sahnestand 24G
04104420016057,brand_mapping,Exported description as brand: 'Knäckebrot Delikatess 250G'; source TIDBrandName='Alnatura',316,Knäckebrot Delikatess 250G
04104420016057,market_country_mapping,CSV blank; source TargetMarketCountryCode=276; lowercase targetMarketCountryCode is empty,316,Knäckebrot Delikatess 250G
04104420016057,nutrition_basis_lost_100g,Source basis 100 GRM omitted from CSV,316,Knäckebrot Delikatess 250G
04104420016057,less_than_qualifier_lost,"FAT < 0.5 GRM, slot .12, group preparationState.1; CSV has no qualifier",316,Knäckebrot Delikatess 250G
04104420016057,less_than_qualifier_lost,"SUGAR- < 0.5 GRM, slot .13, group preparationState.1; CSV has no qualifier",316,Knäckebrot Delikatess 250G
04104420016057,less_than_qualifier_lost,"FASAT < 0.1 GRM, slot .15, group preparationState.1; CSV has no qualifier",316,Knäckebrot Delikatess 250G
04104420016057,secondary_serving_size_lost,{'servingSizeValue.1': '9.3'},316,Knäckebrot Delikatess 250G
04104420037267,brand_mapping,Exported description as brand: 'Fruchtaufstrich Sanddorn 250G'; source TIDBrandName='Alnatura',317,Fruchtaufstrich Sanddorn 250G
04104420037267,market_country_mapping,CSV blank; source TargetMarketCountryCode=276; lowercase targetMarketCountryCode is empty,317,Fruchtaufstrich Sanddorn 250G
04104420037267,nutrition_basis_lost_100g,Source basis 100 GRM omitted from CSV,317,Fruchtaufstrich Sanddorn 250G
04104420037267,less_than_qualifier_lost,"FASAT < 0.1 GRM, slot .5, group preparationState; CSV has no qualifier",317,Fruchtaufstrich Sanddorn 250G
04104420045668,brand_mapping,Exported description as brand: 'Pflaumenmus 450G'; source TIDBrandName='Alnatura',318,Pflaumenmus 450G
04104420045668,market_country_mapping,CSV blank; source TargetMarketCountryCode=276; lowercase targetMarketCountryCode is empty,318,Pflaumenmus 450G
04104420045668,nutrition_basis_lost_100g,Source basis 100 GRM omitted from CSV,318,Pflaumenmus 450G
04104420045668,less_than_qualifier_lost,"FAT < 0.5 GRM, slot .4, group preparationState; CSV has no qualifier",318,Pflaumenmus 450G
04104420045668,less_than_qualifier_lost,"FASAT < 0.1 GRM, slot .5, group preparationState; CSV has no qualifier",318,Pflaumenmus 450G
04104420045668,less_than_qualifier_lost,"SALTEQ < 0.01 GRM, slot .6, group preparationState; CSV has no qualifier",318,Pflaumenmus 450G
04104420016781,brand_mapping,Exported description as brand: 'Dinkel Kleie 250G'; source TIDBrandName='Alnatura',319,Dinkel Kleie 250G
04104420016781,market_country_mapping,CSV blank; source TargetMarketCountryCode=276; lowercase targetMarketCountryCode is empty,319,Dinkel Kleie 250G
04104420016781,nutrition_basis_lost_100g,Source basis 100 GRM omitted from CSV,319,Dinkel Kleie 250G
04104420016781,less_than_qualifier_lost,"SALTEQ < 0.01 GRM, slot .6, group preparationState; CSV has no qualifier",319,Dinkel Kleie 250G
04104420020405,brand_mapping,Exported description as brand: 'Hühner Nudel Suppe 38G'; source TIDBrandName='Alnatura',320,Hühner Nudel Suppe 38G
04104420020405,market_country_mapping,CSV blank; source TargetMarketCountryCode=276; lowercase targetMarketCountryCode is empty,320,Hühner Nudel Suppe 38G
04104420020405,less_than_qualifier_lost,"SUGAR- < 0.5 GRM, slot .3, group preparationState; CSV has no qualifier",320,Hühner Nudel Suppe 38G
04104420020405,less_than_qualifier_lost,"FAT < 0.5 GRM, slot .4, group preparationState; CSV has no qualifier",320,Hühner Nudel Suppe 38G
04104420020405,less_than_qualifier_lost,"FIBTG < 0.5 GRM, slot .5, group preparationState; CSV has no qualifier",320,Hühner Nudel Suppe 38G
04104420020405,less_than_qualifier_lost,"FASAT < 0.1 GRM, slot .6, group preparationState; CSV has no qualifier",320,Hühner Nudel Suppe 38G
04104420022287,brand_mapping,Exported description as brand: 'Gersten Graupen 500G'; source TIDBrandName='Alnatura',321,Gersten Graupen 500G
04104420022287,market_country_mapping,CSV blank; source TargetMarketCountryCode=276; lowercase targetMarketCountryCode is empty,321,Gersten Graupen 500G
04104420022287,nutrition_basis_lost_100g,Source basis 100 GRM omitted from CSV,321,Gersten Graupen 500G
04104420022287,less_than_qualifier_lost,"SALTEQ < 0.01 GRM, slot .6, group preparationState; CSV has no qualifier",321,Gersten Graupen 500G
04104420011908,brand_mapping,Exported description as brand: 'Grünkern 500G'; source TIDBrandName='Alnatura',322,Grünkern 500G
04104420011908,market_country_mapping,CSV blank; source TargetMarketCountryCode=276; lowercase targetMarketCountryCode is empty,322,Grünkern 500G
04104420011908,nutrition_basis_lost_100g,Source basis 100 GRM omitted from CSV,322,Grünkern 500G
04104420011908,less_than_qualifier_lost,"SALTEQ < 0.01 GRM, slot .6, group preparationState; CSV has no qualifier",322,Grünkern 500G
04104420016545,brand_mapping,Exported description as brand: 'Weizengrieß 500G'; source TIDBrandName='Alnatura',323,Weizengrieß 500G
04104420016545,market_country_mapping,CSV blank; source TargetMarketCountryCode=276; lowercase targetMarketCountryCode is empty,323,Weizengrieß 500G
04104420016545,nutrition_basis_lost_100g,Source basis 100 GRM omitted from CSV,323,Weizengrieß 500G
04104420016545,less_than_qualifier_lost,"SALTEQ < 0.01 GRM, slot .6, group preparationState; CSV has no qualifier",323,Weizengrieß 500G
04104420016767,brand_mapping,Exported description as brand: 'Maismehl 500G'; source TIDBrandName='Alnatura',324,Maismehl 500G
04104420016767,market_country_mapping,CSV blank; source TargetMarketCountryCode=276; lowercase targetMarketCountryCode is empty,324,Maismehl 500G
04104420016767,nutrition_basis_lost_100g,Source basis 100 GRM omitted from CSV,324,Maismehl 500G
04104420016767,less_than_qualifier_lost,"SALTEQ < 0.01 GRM, slot .6, group preparationState; CSV has no qualifier",324,Maismehl 500G
04104420022683,brand_mapping,Exported description as brand: 'Kichererbsen getrocknet 500G'; source TIDBrandName='Alnatura',325,Kichererbsen getrocknet 500G
04104420022683,market_country_mapping,CSV blank; source TargetMarketCountryCode=276; lowercase targetMarketCountryCode is empty,325,Kichererbsen getrocknet 500G
04104420022683,nutrition_basis_lost_100g,Source basis 100 GRM omitted from CSV,325,Kichererbsen getrocknet 500G
04104420022683,less_than_qualifier_lost,"FASAT < 0.01 GRM, slot .5, group preparationState; CSV has no qualifier",325,Kichererbsen getrocknet 500G
04104420022683,less_than_qualifier_lost,"SALTEQ < 0.01 GRM, slot .6, group preparationState; CSV has no qualifier",325,Kichererbsen getrocknet 500G
04104420070202,brand_mapping,Exported description as brand: 'Rote Bete Saft feldfrisch 330ML'; source TIDBrandName='Alnatura',326,Rote Bete Saft feldfrisch 330ML
04104420070202,market_country_mapping,CSV blank; source TargetMarketCountryCode=276; lowercase targetMarketCountryCode is empty,326,Rote Bete Saft feldfrisch 330ML
04104420070202,less_than_qualifier_lost,"FAT < 0.5 GRM, slot .3, group preparationState; CSV has no qualifier",326,Rote Bete Saft feldfrisch 330ML
04104420070202,less_than_qualifier_lost,"FIBTG < 0.5 GRM, slot .4, group preparationState; CSV has no qualifier",326,Rote Bete Saft feldfrisch 330ML
04104420070202,less_than_qualifier_lost,"FASAT < 0.1 GRM, slot .5, group preparationState; CSV has no qualifier",326,Rote Bete Saft feldfrisch 330ML
04104420071926,brand_mapping,"Exported description as brand: 'Frühstückssaft 0,75L'; source TIDBrandName='Alnatura'",327,"Frühstückssaft 0,75L"
04104420071926,market_country_mapping,CSV blank; source TargetMarketCountryCode=276; lowercase targetMarketCountryCode is empty,327,"Frühstückssaft 0,75L"
04104420071926,less_than_qualifier_lost,"FAT < 0.5 GRM, slot .2, group preparationState; CSV has no qualifier",327,"Frühstückssaft 0,75L"
04104420071926,less_than_qualifier_lost,"FIBTG < 0.5 GRM, slot .3, group preparationState; CSV has no qualifier",327,"Frühstückssaft 0,75L"
04104420071926,less_than_qualifier_lost,"PRO- < 0.5 GRM, slot .4, group preparationState; CSV has no qualifier",327,"Frühstückssaft 0,75L"
04104420071926,less_than_qualifier_lost,"FASAT < 0.1 GRM, slot .5, group preparationState; CSV has no qualifier",327,"Frühstückssaft 0,75L"
04104420071926,less_than_qualifier_lost,"SALTEQ < 0.01 GRM, slot .6, group preparationState; CSV has no qualifier",327,"Frühstückssaft 0,75L"
04104420072084,brand_mapping,"Exported description as brand: 'Orangensaft 0,33L'; source TIDBrandName='Alnatura'",328,"Orangensaft 0,33L"
04104420072084,market_country_mapping,CSV blank; source TargetMarketCountryCode=276; lowercase targetMarketCountryCode is empty,328,"Orangensaft 0,33L"
04104420072084,less_than_qualifier_lost,"FAT < 0.5 GRM, slot .3, group preparationState; CSV has no qualifier",328,"Orangensaft 0,33L"
04104420072084,less_than_qualifier_lost,"FIBTG < 0.5 GRM, slot .4, group preparationState; CSV has no qualifier",328,"Orangensaft 0,33L"
04104420072084,less_than_qualifier_lost,"FASAT < 0.1 GRM, slot .5, group preparationState; CSV has no qualifier",328,"Orangensaft 0,33L"
04104420072084,less_than_qualifier_lost,"SALTEQ < 0.01 GRM, slot .6, group preparationState; CSV has no qualifier",328,"Orangensaft 0,33L"
04104420072121,brand_mapping,"Exported description as brand: 'Limettensaft 0,2L'; source TIDBrandName='Alnatura'",329,"Limettensaft 0,2L"
04104420072121,market_country_mapping,CSV blank; source TargetMarketCountryCode=276; lowercase targetMarketCountryCode is empty,329,"Limettensaft 0,2L"
04104420072121,less_than_qualifier_lost,"FAT < 0.5 GRM, slot .2, group preparationState; CSV has no qualifier",329,"Limettensaft 0,2L"
04104420072121,less_than_qualifier_lost,"FIBTG < 0.5 GRM, slot .3, group preparationState; CSV has no qualifier",329,"Limettensaft 0,2L"
04104420072121,less_than_qualifier_lost,"PRO- < 0.5 GRM, slot .4, group preparationState; CSV has no qualifier",329,"Limettensaft 0,2L"
04104420072121,less_than_qualifier_lost,"FASAT < 0.1 GRM, slot .5, group preparationState; CSV has no qualifier",329,"Limettensaft 0,2L"
04104420072121,less_than_qualifier_lost,"SALTEQ < 0.01 GRM, slot .6, group preparationState; CSV has no qualifier",329,"Limettensaft 0,2L"
04104420133365,brand_mapping,Exported description as brand: 'Gemüsesaft feldfrisch 330ML'; source TIDBrandName='Alnatura',330,Gemüsesaft feldfrisch 330ML
04104420133365,market_country_mapping,CSV blank; source TargetMarketCountryCode=276; lowercase targetMarketCountryCode is empty,330,Gemüsesaft feldfrisch 330ML
04104420133365,less_than_qualifier_lost,"FAT < 0.5 GRM, slot .2, group preparationState; CSV has no qualifier",330,Gemüsesaft feldfrisch 330ML
04104420133365,less_than_qualifier_lost,"FIBTG < 0.5 GRM, slot .3, group preparationState; CSV has no qualifier",330,Gemüsesaft feldfrisch 330ML
04104420133365,less_than_qualifier_lost,"PRO- < 0.5 GRM, slot .4, group preparationState; CSV has no qualifier",330,Gemüsesaft feldfrisch 330ML
04104420133365,less_than_qualifier_lost,"FASAT < 0.1 GRM, slot .6, group preparationState; CSV has no qualifier",330,Gemüsesaft feldfrisch 330ML
04104420142107,brand_mapping,"Exported description as brand: 'Eistee Zitronengras 0,5l'; source TIDBrandName='Alnatura'",331,"Eistee Zitronengras 0,5l"
04104420142107,market_country_mapping,CSV blank; source TargetMarketCountryCode=276; lowercase targetMarketCountryCode is empty,331,"Eistee Zitronengras 0,5l"
04104420142107,less_than_qualifier_lost,"FAT < 0.5 GRM, slot .2, group preparationState; CSV has no qualifier",331,"Eistee Zitronengras 0,5l"
04104420142107,less_than_qualifier_lost,"FIBTG < 0.5 GRM, slot .3, group preparationState; CSV has no qualifier",331,"Eistee Zitronengras 0,5l"
04104420142107,less_than_qualifier_lost,"PRO- < 0.5 GRM, slot .4, group preparationState; CSV has no qualifier",331,"Eistee Zitronengras 0,5l"
04104420142107,less_than_qualifier_lost,"FASAT < 0.1 GRM, slot .5, group preparationState; CSV has no qualifier",331,"Eistee Zitronengras 0,5l"
04104420142107,less_than_qualifier_lost,"SALTEQ < 0.01 GRM, slot .6, group preparationState; CSV has no qualifier",331,"Eistee Zitronengras 0,5l"
04104420142121,brand_mapping,"Exported description as brand: 'Eistee Pfirsich-Maracuja 0,5l'; source TIDBrandName='Alnatura'",332,"Eistee Pfirsich-Maracuja 0,5l"
04104420142121,market_country_mapping,CSV blank; source TargetMarketCountryCode=276; lowercase targetMarketCountryCode is empty,332,"Eistee Pfirsich-Maracuja 0,5l"
04104420142121,less_than_qualifier_lost,"FAT < 0.5 GRM, slot .2, group preparationState; CSV has no qualifier",332,"Eistee Pfirsich-Maracuja 0,5l"
04104420142121,less_than_qualifier_lost,"FIBTG < 0.5 GRM, slot .3, group preparationState; CSV has no qualifier",332,"Eistee Pfirsich-Maracuja 0,5l"
04104420142121,less_than_qualifier_lost,"PRO- < 0.5 GRM, slot .4, group preparationState; CSV has no qualifier",332,"Eistee Pfirsich-Maracuja 0,5l"
04104420142121,less_than_qualifier_lost,"FASAT < 0.1 GRM, slot .5, group preparationState; CSV has no qualifier",332,"Eistee Pfirsich-Maracuja 0,5l"
04104420142121,less_than_qualifier_lost,"SALTEQ < 0.01 GRM, slot .6, group preparationState; CSV has no qualifier",332,"Eistee Pfirsich-Maracuja 0,5l"
00000042298601,brand_mapping,Exported description as brand: 'Kapern 150G'; source TIDBrandName='Alnatura',333,Kapern 150G
00000042298601,market_country_mapping,CSV blank; source TargetMarketCountryCode=276; lowercase targetMarketCountryCode is empty,333,Kapern 150G
00000042298601,nutrition_basis_lost_100g,Source basis 100 GRM omitted from CSV,333,Kapern 150G
00000042298601,less_than_qualifier_lost,"SUGAR- < 0.5 GRM, slot .5, group preparationState; CSV has no qualifier",333,Kapern 150G
04104420021327,brand_mapping,Exported description as brand: 'Rohrohrzucker 500G'; source TIDBrandName='Alnatura',334,Rohrohrzucker 500G
04104420021327,market_country_mapping,CSV blank; source TargetMarketCountryCode=276; lowercase targetMarketCountryCode is empty,334,Rohrohrzucker 500G
04104420021327,nutrition_basis_lost_100g,Source basis 100 GRM omitted from CSV,334,Rohrohrzucker 500G
04104420021327,less_than_qualifier_lost,"FAT < 0.5 GRM, slot .2, group preparationState; CSV has no qualifier",334,Rohrohrzucker 500G
04104420021327,less_than_qualifier_lost,"FIBTG < 0.5 GRM, slot .3, group preparationState; CSV has no qualifier",334,Rohrohrzucker 500G
04104420021327,less_than_qualifier_lost,"PRO- < 0.5 GRM, slot .4, group preparationState; CSV has no qualifier",334,Rohrohrzucker 500G
04104420021327,less_than_qualifier_lost,"FASAT < 0.1 GRM, slot .5, group preparationState; CSV has no qualifier",334,Rohrohrzucker 500G
04104420021327,less_than_qualifier_lost,"SALTEQ < 0.01 GRM, slot .6, group preparationState; CSV has no qualifier",334,Rohrohrzucker 500G
04104420025721,brand_mapping,"Exported description as brand: 'Erdnüsse geröstet, in Schale 250G'; source TIDBrandName='Alnatura'",335,"Erdnüsse geröstet, in Schale 250G"
04104420025721,market_country_mapping,CSV blank; source TargetMarketCountryCode=276; lowercase targetMarketCountryCode is empty,335,"Erdnüsse geröstet, in Schale 250G"
04104420025721,nutrition_basis_lost_100g,Source basis 100 GRM omitted from CSV,335,"Erdnüsse geröstet, in Schale 250G"
04104420025905,brand_mapping,Exported description as brand: 'Hühnerbouillon 140G'; source TIDBrandName='Alnatura',336,Hühnerbouillon 140G
04104420025905,market_country_mapping,CSV blank; source TargetMarketCountryCode=276; lowercase targetMarketCountryCode is empty,336,Hühnerbouillon 140G
04104420025905,less_than_qualifier_lost,"SUGAR- < 0.5 GRM, slot .2, group preparationState; CSV has no qualifier",336,Hühnerbouillon 140G
04104420025905,less_than_qualifier_lost,"FAT < 0.5 GRM, slot .3, group preparationState; CSV has no qualifier",336,Hühnerbouillon 140G
04104420025905,less_than_qualifier_lost,"FIBTG < 0.5 GRM, slot .4, group preparationState; CSV has no qualifier",336,Hühnerbouillon 140G
04104420025905,less_than_qualifier_lost,"PRO- < 0.5 GRM, slot .5, group preparationState; CSV has no qualifier",336,Hühnerbouillon 140G
04104420025905,less_than_qualifier_lost,"FASAT < 0.1 GRM, slot .6, group preparationState; CSV has no qualifier",336,Hühnerbouillon 140G
04104420026667,brand_mapping,Exported description as brand: 'Aprikosen 500G'; source TIDBrandName='Alnatura',337,Aprikosen 500G
04104420026667,market_country_mapping,CSV blank; source TargetMarketCountryCode=276; lowercase targetMarketCountryCode is empty,337,Aprikosen 500G
04104420026667,nutrition_basis_lost_100g,Source basis 100 GRM omitted from CSV,337,Aprikosen 500G
04104420026667,less_than_qualifier_lost,"FAPUCIS < 0.1 GRM, slot .6, group preparationState; CSV has no qualifier",337,Aprikosen 500G
04104420026667,less_than_qualifier_lost,"FASAT < 0.1 GRM, slot .7, group preparationState; CSV has no qualifier",337,Aprikosen 500G
04104420026766,brand_mapping,Exported description as brand: 'Pinienkerne 60G'; source TIDBrandName='Alnatura',338,Pinienkerne 60G
04104420026766,market_country_mapping,CSV blank; source TargetMarketCountryCode=276; lowercase targetMarketCountryCode is empty,338,Pinienkerne 60G
04104420026766,nutrition_basis_lost_100g,Source basis 100 GRM omitted from CSV,338,Pinienkerne 60G
04104420026766,less_than_qualifier_lost,"SALTEQ < 0.01 GRM, slot .8, group preparationState; CSV has no qualifier",338,Pinienkerne 60G
04104420028142,brand_mapping,Exported description as brand: 'Curry Gewürz Ketchup 500ML'; source TIDBrandName='Alnatura',339,Curry Gewürz Ketchup 500ML
04104420028142,market_country_mapping,CSV blank; source TargetMarketCountryCode=276; lowercase targetMarketCountryCode is empty,339,Curry Gewürz Ketchup 500ML
04104420028142,less_than_qualifier_lost,"FAT < 0.6 GRM, slot .5, group preparationState; CSV has no qualifier",339,Curry Gewürz Ketchup 500ML
04104420028142,less_than_qualifier_lost,"FASAT < 0.2 GRM, slot .6, group preparationState; CSV has no qualifier",339,Curry Gewürz Ketchup 500ML
04104420028166,brand_mapping,Exported description as brand: 'Delikatess Mayonnaise 250ML'; source TIDBrandName='Alnatura',340,Delikatess Mayonnaise 250ML
04104420028166,market_country_mapping,CSV blank; source TargetMarketCountryCode=276; lowercase targetMarketCountryCode is empty,340,Delikatess Mayonnaise 250ML
04104420028166,less_than_qualifier_lost,"FIBTG < 0.5 GRM, slot .6, group preparationState; CSV has no qualifier",340,Delikatess Mayonnaise 250ML
04104420028241,brand_mapping,Exported description as brand: 'Basilikum 20G'; source TIDBrandName='Alnatura',341,Basilikum 20G
04104420028241,market_country_mapping,CSV blank; source TargetMarketCountryCode=276; lowercase targetMarketCountryCode is empty,341,Basilikum 20G
04104420028364,brand_mapping,Exported description as brand: 'Lorbeerblätter 8G'; source TIDBrandName='Alnatura',342,Lorbeerblätter 8G
04104420028364,market_country_mapping,CSV blank; source TargetMarketCountryCode=276; lowercase targetMarketCountryCode is empty,342,Lorbeerblätter 8G
04104420028463,brand_mapping,"Exported description as brand: 'Schwarzer Pfeffer, gemahlen 70G'; source TIDBrandName='Alnatura'",343,"Schwarzer Pfeffer, gemahlen 70G"
04104420028463,market_country_mapping,CSV blank; source TargetMarketCountryCode=276; lowercase targetMarketCountryCode is empty,343,"Schwarzer Pfeffer, gemahlen 70G"
04104420030282,brand_mapping,Exported description as brand: 'Oregano 15G'; source TIDBrandName='Alnatura',344,Oregano 15G
04104420030282,market_country_mapping,CSV blank; source TargetMarketCountryCode=276; lowercase targetMarketCountryCode is empty,344,Oregano 15G
04104420030367,brand_mapping,Exported description as brand: 'Kräuter der Provence 25G'; source TIDBrandName='Alnatura',345,Kräuter der Provence 25G
04104420030367,market_country_mapping,CSV blank; source TargetMarketCountryCode=276; lowercase targetMarketCountryCode is empty,345,Kräuter der Provence 25G
04104420030428,brand_mapping,"Exported description as brand: 'Majoran 12,5G'; source TIDBrandName='Alnatura'",346,"Majoran 12,5G"
04104420030428,market_country_mapping,CSV blank; source TargetMarketCountryCode=276; lowercase targetMarketCountryCode is empty,346,"Majoran 12,5G"
04104420030602,brand_mapping,Exported description as brand: 'Wacholderbeeren 30G'; source TIDBrandName='Alnatura',347,Wacholderbeeren 30G
04104420030602,market_country_mapping,CSV blank; source TargetMarketCountryCode=276; lowercase targetMarketCountryCode is empty,347,Wacholderbeeren 30G
04104420030626,brand_mapping,Exported description as brand: 'Muskatnuss ganz 12G'; source TIDBrandName='Alnatura',348,Muskatnuss ganz 12G
04104420030626,market_country_mapping,CSV blank; source TargetMarketCountryCode=276; lowercase targetMarketCountryCode is empty,348,Muskatnuss ganz 12G
04104420033900,brand_mapping,Exported description as brand: 'Ananas 350G'; source TIDBrandName='Alnatura',349,Ananas 350G
04104420033900,market_country_mapping,CSV blank; source TargetMarketCountryCode=276; lowercase targetMarketCountryCode is empty,349,Ananas 350G
04104420033900,nutrition_basis_lost_100g,Source basis 100 GRM omitted from CSV,349,Ananas 350G
04104420033900,less_than_qualifier_lost,"PRO- < 0.5 GRM, slot .3, group preparationState; CSV has no qualifier",349,Ananas 350G
04104420033900,less_than_qualifier_lost,"FAT < 0.5 GRM, slot .4, group preparationState; CSV has no qualifier",349,Ananas 350G
04104420033900,less_than_qualifier_lost,"FASAT < 0.1 GRM, slot .5, group preparationState; CSV has no qualifier",349,Ananas 350G
04104420033986,brand_mapping,Exported description as brand: 'Rotkohl 680G'; source TIDBrandName='Alnatura',350,Rotkohl 680G
04104420033986,market_country_mapping,CSV blank; source TargetMarketCountryCode=276; lowercase targetMarketCountryCode is empty,350,Rotkohl 680G
04104420033986,nutrition_basis_lost_100g,Source basis 100 GRM omitted from CSV,350,Rotkohl 680G
04104420033986,less_than_qualifier_lost,"FAT < 0.5 GRM, slot .5, group preparationState; CSV has no qualifier",350,Rotkohl 680G
04104420033986,less_than_qualifier_lost,"FASAT < 0.1 GRM, slot .6, group preparationState; CSV has no qualifier",350,Rotkohl 680G
04104420034082,brand_mapping,Exported description as brand: 'Rote Bete 330G'; source TIDBrandName='Alnatura',351,Rote Bete 330G
04104420034082,market_country_mapping,CSV blank; source TargetMarketCountryCode=276; lowercase targetMarketCountryCode is empty,351,Rote Bete 330G
04104420034082,nutrition_basis_lost_100g,Source basis 100 GRM omitted from CSV,351,Rote Bete 330G
04104420034082,less_than_qualifier_lost,"FAT < 0.5 GRM, slot .5, group preparationState; CSV has no qualifier",351,Rote Bete 330G
04104420034082,less_than_qualifier_lost,"FASAT < 0.1 GRM, slot .6, group preparationState; CSV has no qualifier",351,Rote Bete 330G
04104420034143,brand_mapping,Exported description as brand: 'Erbsen extra fein 350G'; source TIDBrandName='Alnatura',352,Erbsen extra fein 350G
04104420034143,market_country_mapping,CSV blank; source TargetMarketCountryCode=276; lowercase targetMarketCountryCode is empty,352,Erbsen extra fein 350G
04104420034143,nutrition_basis_lost_100g,Source basis 100 GRM omitted from CSV,352,Erbsen extra fein 350G
04104420034143,less_than_qualifier_lost,"FAT < 0.5 GRM, slot .5, group preparationState; CSV has no qualifier",352,Erbsen extra fein 350G
04104420034143,less_than_qualifier_lost,"FASAT < 0.1 GRM, slot .6, group preparationState; CSV has no qualifier",352,Erbsen extra fein 350G
04104420034181,brand_mapping,Exported description as brand: 'Erbsen und Karotten 340G'; source TIDBrandName='Alnatura',353,Erbsen und Karotten 340G
04104420034181,market_country_mapping,CSV blank; source TargetMarketCountryCode=276; lowercase targetMarketCountryCode is empty,353,Erbsen und Karotten 340G
04104420034181,nutrition_basis_lost_100g,Source basis 100 GRM omitted from CSV,353,Erbsen und Karotten 340G
04104420034181,less_than_qualifier_lost,"FAT < 0.5 GRM, slot .4, group preparationState; CSV has no qualifier",353,Erbsen und Karotten 340G
04104420034181,less_than_qualifier_lost,"FASAT < 0.1 GRM, slot .6, group preparationState; CSV has no qualifier",353,Erbsen und Karotten 340G
04104420034341,brand_mapping,Exported description as brand: 'Wild Preiselbeeren 220G'; source TIDBrandName='Alnatura',354,Wild Preiselbeeren 220G
04104420034341,market_country_mapping,CSV blank; source TargetMarketCountryCode=276; lowercase targetMarketCountryCode is empty,354,Wild Preiselbeeren 220G
04104420034341,nutrition_basis_lost_100g,Source basis 100 GRM omitted from CSV,354,Wild Preiselbeeren 220G
04104420034341,less_than_qualifier_lost,"PRO- < 0.5 GRM, slot .3, group preparationState; CSV has no qualifier",354,Wild Preiselbeeren 220G
04104420034341,less_than_qualifier_lost,"FAT < 0.5 GRM, slot .4, group preparationState; CSV has no qualifier",354,Wild Preiselbeeren 220G
04104420034341,less_than_qualifier_lost,"FASAT < 0.1 GRM, slot .5, group preparationState; CSV has no qualifier",354,Wild Preiselbeeren 220G
04104420034341,less_than_qualifier_lost,"SALTEQ < 0.01 GRM, slot .6, group preparationState; CSV has no qualifier",354,Wild Preiselbeeren 220G
04104420035300,brand_mapping,Exported description as brand: 'Kamillen Tee lose 40G'; source TIDBrandName='Alnatura',355,Kamillen Tee lose 40G
04104420035300,market_country_mapping,CSV blank; source TargetMarketCountryCode=276; lowercase targetMarketCountryCode is empty,355,Kamillen Tee lose 40G
04104420039483,brand_mapping,Exported description as brand: 'Chai Btl. 20x2g 40G'; source TIDBrandName='Alnatura',356,Chai Btl. 20x2g 40G
04104420039483,market_country_mapping,CSV blank; source TargetMarketCountryCode=276; lowercase targetMarketCountryCode is empty,356,Chai Btl. 20x2g 40G
04104420039544,brand_mapping,Exported description as brand: 'Grüner Tee Zitr. Btl. 20x2g 40G'; source TIDBrandName='Alnatura',357,Grüner Tee Zitr. Btl. 20x2g 40G
04104420039544,market_country_mapping,CSV blank; source TargetMarketCountryCode=276; lowercase targetMarketCountryCode is empty,357,Grüner Tee Zitr. Btl. 20x2g 40G
04104420054387,brand_mapping,Exported description as brand: 'Reiswaffeln ZB Orange 100G'; source TIDBrandName='Alnatura',358,Reiswaffeln ZB Orange 100G
04104420054387,market_country_mapping,CSV blank; source TargetMarketCountryCode=276; lowercase targetMarketCountryCode is empty,358,Reiswaffeln ZB Orange 100G
04104420054387,nutrition_basis_lost_100g,Source basis 100 GRM omitted from CSV,358,Reiswaffeln ZB Orange 100G
04104420055209,brand_mapping,Exported description as brand: 'Dinkel Schoko Kekse 150G'; source TIDBrandName='Alnatura',359,Dinkel Schoko Kekse 150G
04104420055209,market_country_mapping,CSV blank; source TargetMarketCountryCode=276; lowercase targetMarketCountryCode is empty,359,Dinkel Schoko Kekse 150G
04104420055209,nutrition_basis_lost_100g,Source basis 100 GRM omitted from CSV,359,Dinkel Schoko Kekse 150G
04104420057241,brand_mapping,Exported description as brand: 'Fruchtgummi Himbeer 100G'; source TIDBrandName='Alnatura',360,Fruchtgummi Himbeer 100G
04104420057241,market_country_mapping,CSV blank; source TargetMarketCountryCode=276; lowercase targetMarketCountryCode is empty,360,Fruchtgummi Himbeer 100G
04104420057241,nutrition_basis_lost_100g,Source basis 100 GRM omitted from CSV,360,Fruchtgummi Himbeer 100G
04104420057241,less_than_qualifier_lost,"FAT < 0.5 GRM, slot .4, group preparationState; CSV has no qualifier",360,Fruchtgummi Himbeer 100G
04104420057241,less_than_qualifier_lost,"SALTEQ < 0.01 GRM, slot .6, group preparationState; CSV has no qualifier",360,Fruchtgummi Himbeer 100G
04104420060067,brand_mapping,Exported description as brand: 'Früchte Tee lose 100G'; source TIDBrandName='Alnatura',361,Früchte Tee lose 100G
04104420060067,market_country_mapping,CSV blank; source TargetMarketCountryCode=276; lowercase targetMarketCountryCode is empty,361,Früchte Tee lose 100G
04104420060180,brand_mapping,Exported description as brand: 'Rooibos Tee lose 100G'; source TIDBrandName='Alnatura',362,Rooibos Tee lose 100G
04104420060180,market_country_mapping,CSV blank; source TargetMarketCountryCode=276; lowercase targetMarketCountryCode is empty,362,Rooibos Tee lose 100G
04104420076969,brand_mapping,Exported description as brand: 'Kaffeesahne 165G'; source TIDBrandName='Alnatura',363,Kaffeesahne 165G
04104420076969,market_country_mapping,CSV blank; source TargetMarketCountryCode=276; lowercase targetMarketCountryCode is empty,363,Kaffeesahne 165G
04104420076969,nutrition_basis_lost_100g,Source basis 100 GRM omitted from CSV,363,Kaffeesahne 165G
04104420076969,less_than_qualifier_lost,"FIBTG < 0.5 GRM, slot .5, group preparationState; CSV has no qualifier",363,Kaffeesahne 165G
04104420135482,brand_mapping,Exported description as brand: 'Darjeeling lose 80G'; source TIDBrandName='Alnatura',364,Darjeeling lose 80G
04104420135482,market_country_mapping,CSV blank; source TargetMarketCountryCode=276; lowercase targetMarketCountryCode is empty,364,Darjeeling lose 80G
04104420136946,brand_mapping,Exported description as brand: 'Gelierzucker 2:1 500G'; source TIDBrandName='Alnatura',365,Gelierzucker 2:1 500G
04104420136946,market_country_mapping,CSV blank; source TargetMarketCountryCode=276; lowercase targetMarketCountryCode is empty,365,Gelierzucker 2:1 500G
04104420136946,nutrition_basis_lost_100g,Source basis 100 GRM omitted from CSV,365,Gelierzucker 2:1 500G
04104420136946,less_than_qualifier_lost,"FAT < 0.5 GRM, slot .3, group preparationState; CSV has no qualifier",365,Gelierzucker 2:1 500G
04104420136946,less_than_qualifier_lost,"PRO- < 0.5 GRM, slot .4, group preparationState; CSV has no qualifier",365,Gelierzucker 2:1 500G
04104420136946,less_than_qualifier_lost,"FASAT < 0.1 GRM, slot .5, group preparationState; CSV has no qualifier",365,Gelierzucker 2:1 500G
04104420137042,brand_mapping,Exported description as brand: 'Sauerkirschen 360G'; source TIDBrandName='Alnatura',366,Sauerkirschen 360G
04104420137042,market_country_mapping,CSV blank; source TargetMarketCountryCode=276; lowercase targetMarketCountryCode is empty,366,Sauerkirschen 360G
04104420137042,nutrition_basis_lost_100g,Source basis 100 GRM omitted from CSV,366,Sauerkirschen 360G
04104420137042,less_than_qualifier_lost,"FASAT < 0.1 GRM, slot .5, group preparationState; CSV has no qualifier",366,Sauerkirschen 360G
04104420137042,less_than_qualifier_lost,"SALTEQ < 0.01 GRM, slot .6, group preparationState; CSV has no qualifier",366,Sauerkirschen 360G
04104420138803,brand_mapping,Exported description as brand: 'Kidney Bohnen 360G'; source TIDBrandName='Alnatura',367,Kidney Bohnen 360G
04104420138803,market_country_mapping,CSV blank; source TargetMarketCountryCode=276; lowercase targetMarketCountryCode is empty,367,Kidney Bohnen 360G
04104420138803,nutrition_basis_lost_100g,Source basis 100 GRM omitted from CSV,367,Kidney Bohnen 360G
04104420138803,less_than_qualifier_lost,"FASAT < 0.1 GRM, slot .6, group preparationState; CSV has no qualifier",367,Kidney Bohnen 360G
04104420141162,brand_mapping,Exported description as brand: 'Baked Beans 360G'; source TIDBrandName='Alnatura',368,Baked Beans 360G
04104420141162,market_country_mapping,CSV blank; source TargetMarketCountryCode=276; lowercase targetMarketCountryCode is empty,368,Baked Beans 360G
04104420141162,nutrition_basis_lost_100g,Source basis 100 GRM omitted from CSV,368,Baked Beans 360G
04104420141162,less_than_qualifier_lost,"FAT < 0.5 GRM, slot .5, group preparationState; CSV has no qualifier",368,Baked Beans 360G
04104420141162,less_than_qualifier_lost,"FASAT < 0.1 GRM, slot .6, group preparationState; CSV has no qualifier",368,Baked Beans 360G
04104420145382,brand_mapping,Exported description as brand: 'Malzkaffee 100G'; source TIDBrandName='Alnatura',369,Malzkaffee 100G
04104420145382,market_country_mapping,CSV blank; source TargetMarketCountryCode=276; lowercase targetMarketCountryCode is empty,369,Malzkaffee 100G
04104420145382,less_than_qualifier_lost,"SUGAR- < 0.5 GRM, slot .1, group preparationState; CSV has no qualifier",369,Malzkaffee 100G
04104420145382,less_than_qualifier_lost,"FAT < 0.5 GRM, slot .2, group preparationState; CSV has no qualifier",369,Malzkaffee 100G
04104420145382,less_than_qualifier_lost,"FIBTG < 0.5 GRM, slot .3, group preparationState; CSV has no qualifier",369,Malzkaffee 100G
04104420145382,less_than_qualifier_lost,"PRO- < 0.5 GRM, slot .4, group preparationState; CSV has no qualifier",369,Malzkaffee 100G
04104420145382,less_than_qualifier_lost,"FASAT < 0.1 GRM, slot .5, group preparationState; CSV has no qualifier",369,Malzkaffee 100G
04104420145382,less_than_qualifier_lost,"SALTEQ < 0.01 GRM, slot .6, group preparationState; CSV has no qualifier",369,Malzkaffee 100G
04104420145382,less_than_qualifier_lost,"FASAT < 0.5 GRM, slot .14, group preparationState.1; CSV has no qualifier",369,Malzkaffee 100G
04104420141285,brand_mapping,Exported description as brand: 'Karotten-Fenchelge.-Dinkeln. 190G'; source TIDBrandName='Alnatura',370,Karotten-Fenchelge.-Dinkeln. 190G
04104420141285,market_country_mapping,CSV blank; source TargetMarketCountryCode=276; lowercase targetMarketCountryCode is empty,370,Karotten-Fenchelge.-Dinkeln. 190G
04104420141285,nutrition_basis_lost_100g,Source basis 100 GRM omitted from CSV,370,Karotten-Fenchelge.-Dinkeln. 190G
04104420141285,secondary_serving_size_lost,{'servingSizeValue.1': '190'},370,Karotten-Fenchelge.-Dinkeln. 190G
04104420080768,brand_mapping,Exported description as brand: 'Karotten-Kartoffeln-Rind 190G'; source TIDBrandName='Alnatura',371,Karotten-Kartoffeln-Rind 190G
04104420080768,market_country_mapping,CSV blank; source TargetMarketCountryCode=276; lowercase targetMarketCountryCode is empty,371,Karotten-Kartoffeln-Rind 190G
04104420080768,nutrition_basis_lost_100g,Source basis 100 GRM omitted from CSV,371,Karotten-Kartoffeln-Rind 190G
04104420080768,secondary_serving_size_lost,{'servingSizeValue.1': '190'},371,Karotten-Kartoffeln-Rind 190G
04104420038288,brand_mapping,Exported description as brand: 'Thymian Tee lose 50G'; source TIDBrandName='Alnatura',372,Thymian Tee lose 50G
04104420038288,market_country_mapping,CSV blank; source TargetMarketCountryCode=276; lowercase targetMarketCountryCode is empty,372,Thymian Tee lose 50G
00000042271024,brand_mapping,Exported description as brand: 'Bruschetta Schwarze Olive 130G'; source TIDBrandName='Alnatura',373,Bruschetta Schwarze Olive 130G
00000042271024,market_country_mapping,CSV blank; source TargetMarketCountryCode=276; lowercase targetMarketCountryCode is empty,373,Bruschetta Schwarze Olive 130G
00000042271024,nutrition_basis_lost_100g,Source basis 100 GRM omitted from CSV,373,Bruschetta Schwarze Olive 130G
04104420024465,brand_mapping,Exported description as brand: 'Akazienhonig 500G'; source TIDBrandName='Alnatura',374,Akazienhonig 500G
04104420024465,market_country_mapping,CSV blank; source TargetMarketCountryCode=276; lowercase targetMarketCountryCode is empty,374,Akazienhonig 500G
04104420038165,brand_mapping,"Exported description as brand: 'Melissen Tee m. Zit. Btl. 20x1,5g 3'; source TIDBrandName='Alnatura'",375,"Melissen Tee m. Zit. Btl. 20x1,5g 3"
04104420038165,market_country_mapping,CSV blank; source TargetMarketCountryCode=276; lowercase targetMarketCountryCode is empty,375,"Melissen Tee m. Zit. Btl. 20x1,5g 3"
04104420055285,brand_mapping,Exported description as brand: 'Cantuccini 150G'; source TIDBrandName='Alnatura',376,Cantuccini 150G
04104420055285,market_country_mapping,CSV blank; source TargetMarketCountryCode=276; lowercase targetMarketCountryCode is empty,376,Cantuccini 150G
04104420055285,nutrition_basis_lost_100g,Source basis 100 GRM omitted from CSV,376,Cantuccini 150G
04104420056244,brand_mapping,Exported description as brand: 'Knäckebrot Sesam 250G'; source TIDBrandName='Alnatura',377,Knäckebrot Sesam 250G
04104420056244,market_country_mapping,CSV blank; source TargetMarketCountryCode=276; lowercase targetMarketCountryCode is empty,377,Knäckebrot Sesam 250G
04104420056244,nutrition_basis_lost_100g,Source basis 100 GRM omitted from CSV,377,Knäckebrot Sesam 250G
04104420056244,less_than_qualifier_lost,"SUGAR- < 0.5 GRM, slot .12, group preparationState.1; CSV has no qualifier",377,Knäckebrot Sesam 250G
04104420056244,less_than_qualifier_lost,"FASAT < 0.1 GRM, slot .15, group preparationState.1; CSV has no qualifier",377,Knäckebrot Sesam 250G
04104420056244,secondary_serving_size_lost,{'servingSizeValue.1': '10'},377,Knäckebrot Sesam 250G
04104420071629,brand_mapping,Exported description as brand: 'Eistee Apfel-Zitrone 1L'; source TIDBrandName='Alnatura',378,Eistee Apfel-Zitrone 1L
04104420071629,market_country_mapping,CSV blank; source TargetMarketCountryCode=276; lowercase targetMarketCountryCode is empty,378,Eistee Apfel-Zitrone 1L
04104420071629,less_than_qualifier_lost,"FAT < 0.5 GRM, slot .2, group preparationState; CSV has no qualifier",378,Eistee Apfel-Zitrone 1L
04104420071629,less_than_qualifier_lost,"FIBTG < 0.5 GRM, slot .3, group preparationState; CSV has no qualifier",378,Eistee Apfel-Zitrone 1L
04104420071629,less_than_qualifier_lost,"PRO- < 0.5 GRM, slot .4, group preparationState; CSV has no qualifier",378,Eistee Apfel-Zitrone 1L
04104420071629,less_than_qualifier_lost,"FASAT < 0.1 GRM, slot .5, group preparationState; CSV has no qualifier",378,Eistee Apfel-Zitrone 1L
04104420071629,less_than_qualifier_lost,"SALTEQ < 0.01 GRM, slot .6, group preparationState; CSV has no qualifier",378,Eistee Apfel-Zitrone 1L
04104420144408,brand_mapping,"Exported description as brand: 'Weiß.Tee m. Rosenbl. Btl. 20x1,5g 3'; source TIDBrandName='Alnatura'",379,"Weiß.Tee m. Rosenbl. Btl. 20x1,5g 3"
04104420144408,market_country_mapping,CSV blank; source TargetMarketCountryCode=276; lowercase targetMarketCountryCode is empty,379,"Weiß.Tee m. Rosenbl. Btl. 20x1,5g 3"
04104420143906,brand_mapping,Exported description as brand: 'Pflaumen 200G'; source TIDBrandName='Alnatura',380,Pflaumen 200G
04104420143906,market_country_mapping,CSV blank; source TargetMarketCountryCode=276; lowercase targetMarketCountryCode is empty,380,Pflaumen 200G
04104420143906,nutrition_basis_lost_100g,Source basis 100 GRM omitted from CSV,380,Pflaumen 200G
04104420145467,brand_mapping,Exported description as brand: 'Linseneintopf mit Gemüse und Rind 2'; source TIDBrandName='Alnatura',381,Linseneintopf mit Gemüse und Rind 2
04104420145467,market_country_mapping,CSV blank; source TargetMarketCountryCode=276; lowercase targetMarketCountryCode is empty,381,Linseneintopf mit Gemüse und Rind 2
04104420145467,nutrition_basis_lost_100g,Source basis 100 GRM omitted from CSV,381,Linseneintopf mit Gemüse und Rind 2
04104420145467,secondary_serving_size_lost,{'servingSizeValue.1': '250'},381,Linseneintopf mit Gemüse und Rind 2
04104420144149,brand_mapping,Exported description as brand: 'Amaranth Zartbitter Riegel 25G'; source TIDBrandName='Alnatura',382,Amaranth Zartbitter Riegel 25G
04104420144149,market_country_mapping,CSV blank; source TargetMarketCountryCode=276; lowercase targetMarketCountryCode is empty,382,Amaranth Zartbitter Riegel 25G
04104420144149,nutrition_basis_lost_100g,Source basis 100 GRM omitted from CSV,382,Amaranth Zartbitter Riegel 25G
04104420144149,less_than_qualifier_lost,"SALTEQ < 0.01 GRM, slot .6, group preparationState; CSV has no qualifier",382,Amaranth Zartbitter Riegel 25G
04104420007147,brand_mapping,"Exported description as brand: 'Bienenschmaus 4,41G'; source TIDBrandName='Alnatura'",383,"Bienenschmaus 4,41G"
04104420007147,market_country_mapping,CSV blank; source TargetMarketCountryCode=276; lowercase targetMarketCountryCode is empty,383,"Bienenschmaus 4,41G"
04104420008403,brand_mapping,Exported description as brand: 'Schmetterlingsgruß 9G'; source TIDBrandName='Alnatura',384,Schmetterlingsgruß 9G
04104420008403,market_country_mapping,CSV blank; source TargetMarketCountryCode=276; lowercase targetMarketCountryCode is empty,384,Schmetterlingsgruß 9G
04104420008441,brand_mapping,"Exported description as brand: 'Essbare Blütenmischung 2,3G'; source TIDBrandName='Alnatura'",385,"Essbare Blütenmischung 2,3G"
04104420008441,market_country_mapping,CSV blank; source TargetMarketCountryCode=276; lowercase targetMarketCountryCode is empty,385,"Essbare Blütenmischung 2,3G"
04104420076303,brand_mapping,Exported description as brand: 'Kresse 17G'; source TIDBrandName='Alnatura',386,Kresse 17G
04104420076303,market_country_mapping,CSV blank; source TargetMarketCountryCode=276; lowercase targetMarketCountryCode is empty,386,Kresse 17G
04104420145962,brand_mapping,Exported description as brand: 'Dinkel Knäcke Saaten 200G'; source TIDBrandName='Alnatura',387,Dinkel Knäcke Saaten 200G
04104420145962,market_country_mapping,CSV blank; source TargetMarketCountryCode=276; lowercase targetMarketCountryCode is empty,387,Dinkel Knäcke Saaten 200G
04104420145962,nutrition_basis_lost_100g,Source basis 100 GRM omitted from CSV,387,Dinkel Knäcke Saaten 200G
04104420145986,brand_mapping,Exported description as brand: 'Dinkel Knäcke Käse Kürbiskern 200G'; source TIDBrandName='Alnatura',388,Dinkel Knäcke Käse Kürbiskern 200G
04104420145986,market_country_mapping,CSV blank; source TargetMarketCountryCode=276; lowercase targetMarketCountryCode is empty,388,Dinkel Knäcke Käse Kürbiskern 200G
04104420145986,nutrition_basis_lost_100g,Source basis 100 GRM omitted from CSV,388,Dinkel Knäcke Käse Kürbiskern 200G
04104420143685,brand_mapping,Exported description as brand: 'Birne mit Marille 190G'; source TIDBrandName='Alnatura',389,Birne mit Marille 190G
04104420143685,market_country_mapping,CSV blank; source TargetMarketCountryCode=276; lowercase targetMarketCountryCode is empty,389,Birne mit Marille 190G
04104420143685,nutrition_basis_lost_100g,Source basis 100 GRM omitted from CSV,389,Birne mit Marille 190G
00000042305880,brand_mapping,Exported description as brand: 'Kokos Schnitte 75G'; source TIDBrandName='Alnatura',390,Kokos Schnitte 75G
00000042305880,market_country_mapping,CSV blank; source TargetMarketCountryCode=276; lowercase targetMarketCountryCode is empty,390,Kokos Schnitte 75G
00000042305880,nutrition_basis_lost_100g,Source basis 100 GRM omitted from CSV,390,Kokos Schnitte 75G
04104420143944,brand_mapping,Exported description as brand: 'Gemüseaufstrich Spinat Walnuss 135g'; source TIDBrandName='Alnatura',391,Gemüseaufstrich Spinat Walnuss 135g
04104420143944,market_country_mapping,CSV blank; source TargetMarketCountryCode=276; lowercase targetMarketCountryCode is empty,391,Gemüseaufstrich Spinat Walnuss 135g
04104420143944,nutrition_basis_lost_100g,Source basis 100 GRM omitted from CSV,391,Gemüseaufstrich Spinat Walnuss 135g
04104420145566,brand_mapping,Exported description as brand: 'Dinkel Knäcke Chia 200G'; source TIDBrandName='Alnatura',392,Dinkel Knäcke Chia 200G
04104420145566,market_country_mapping,CSV blank; source TargetMarketCountryCode=276; lowercase targetMarketCountryCode is empty,392,Dinkel Knäcke Chia 200G
04104420145566,nutrition_basis_lost_100g,Source basis 100 GRM omitted from CSV,392,Dinkel Knäcke Chia 200G
04104420146020,brand_mapping,"Exported description as brand: 'Griechisches natives Olivenöl extra 0,5L'; source TIDBrandName='Alnatura'",393,"Griechisches natives Olivenöl extra 0,5L"
04104420146020,market_country_mapping,CSV blank; source TargetMarketCountryCode=276; lowercase targetMarketCountryCode is empty,393,"Griechisches natives Olivenöl extra 0,5L"
04104420146020,less_than_qualifier_lost,"CHOAVL < 0.5 GRM, slot .4, group preparationState; CSV has no qualifier",393,"Griechisches natives Olivenöl extra 0,5L"
04104420146020,less_than_qualifier_lost,"FIBTG < 0.5 GRM, slot .5, group preparationState; CSV has no qualifier",393,"Griechisches natives Olivenöl extra 0,5L"
04104420146020,less_than_qualifier_lost,"PRO- < 0.5 GRM, slot .6, group preparationState; CSV has no qualifier",393,"Griechisches natives Olivenöl extra 0,5L"
04104420146020,less_than_qualifier_lost,"SUGAR- < 0.5 GRM, slot .7, group preparationState; CSV has no qualifier",393,"Griechisches natives Olivenöl extra 0,5L"
04104420146020,less_than_qualifier_lost,"SALTEQ < 0.01 GRM, slot .8, group preparationState; CSV has no qualifier",393,"Griechisches natives Olivenöl extra 0,5L"
04104420145245,brand_mapping,Exported description as brand: 'Schoko Dinkel Brezeln 100G'; source TIDBrandName='Alnatura',394,Schoko Dinkel Brezeln 100G
04104420145245,market_country_mapping,CSV blank; source TargetMarketCountryCode=276; lowercase targetMarketCountryCode is empty,394,Schoko Dinkel Brezeln 100G
04104420145245,nutrition_basis_lost_100g,Source basis 100 GRM omitted from CSV,394,Schoko Dinkel Brezeln 100G
04104420145825,brand_mapping,Exported description as brand: 'Rote Bete Cracker 75g'; source TIDBrandName='Alnatura',395,Rote Bete Cracker 75g
04104420145825,market_country_mapping,CSV blank; source TargetMarketCountryCode=276; lowercase targetMarketCountryCode is empty,395,Rote Bete Cracker 75g
04104420145825,nutrition_basis_lost_100g,Source basis 100 GRM omitted from CSV,395,Rote Bete Cracker 75g
04104420145900,brand_mapping,Exported description as brand: 'Matcha Grüntee lose 30G'; source TIDBrandName='Alnatura',396,Matcha Grüntee lose 30G
04104420145900,market_country_mapping,CSV blank; source TargetMarketCountryCode=276; lowercase targetMarketCountryCode is empty,396,Matcha Grüntee lose 30G
04104420170544,brand_mapping,"Exported description as brand: 'Sekt brut Piccolo 0,2L'; source TIDBrandName='Alnatura'",397,"Sekt brut Piccolo 0,2L"
04104420170544,market_country_mapping,CSV blank; source TargetMarketCountryCode=276; lowercase targetMarketCountryCode is empty,397,"Sekt brut Piccolo 0,2L"
04104420175112,brand_mapping,Exported description as brand: '*Dinkel Mandel Spekulatius 150G*'; source TIDBrandName='Alnatura',398,*Dinkel Mandel Spekulatius 150G*
04104420175112,market_country_mapping,CSV blank; source TargetMarketCountryCode=276; lowercase targetMarketCountryCode is empty,398,*Dinkel Mandel Spekulatius 150G*
04104420175112,nutrition_basis_lost_100g,Source basis 100 GRM omitted from CSV,398,*Dinkel Mandel Spekulatius 150G*
00000042327783,brand_mapping,Exported description as brand: 'Orangeat 100g'; source TIDBrandName='Alnatura',399,Orangeat 100g
00000042327783,market_country_mapping,CSV blank; source TargetMarketCountryCode=276; lowercase targetMarketCountryCode is empty,399,Orangeat 100g
00000042327783,nutrition_basis_lost_100g,Source basis 100 GRM omitted from CSV,399,Orangeat 100g
00000042327783,less_than_qualifier_lost,"PRO- < 0.5 GRM, slot .3, group preparationState; CSV has no qualifier",399,Orangeat 100g
00000042327783,less_than_qualifier_lost,"FAT < 0.5 GRM, slot .4, group preparationState; CSV has no qualifier",399,Orangeat 100g
00000042327783,less_than_qualifier_lost,"FASAT < 0.1 GRM, slot .6, group preparationState; CSV has no qualifier",399,Orangeat 100g
00000042327790,brand_mapping,Exported description as brand: 'Zitronat 100g'; source TIDBrandName='Alnatura',400,Zitronat 100g
00000042327790,market_country_mapping,CSV blank; source TargetMarketCountryCode=276; lowercase targetMarketCountryCode is empty,400,Zitronat 100g
00000042327790,nutrition_basis_lost_100g,Source basis 100 GRM omitted from CSV,400,Zitronat 100g
00000042327790,less_than_qualifier_lost,"PRO- < 0.5 GRM, slot .3, group preparationState; CSV has no qualifier",400,Zitronat 100g
00000042327790,less_than_qualifier_lost,"FAT < 0.5 GRM, slot .4, group preparationState; CSV has no qualifier",400,Zitronat 100g
00000042327790,less_than_qualifier_lost,"FASAT < 0.1 GRM, slot .6, group preparationState; CSV has no qualifier",400,Zitronat 100g
04104420174788,brand_mapping,Exported description as brand: 'Mandeln gemahlen 150g'; source TIDBrandName='Alnatura',401,Mandeln gemahlen 150g
04104420174788,market_country_mapping,CSV blank; source TargetMarketCountryCode=276; lowercase targetMarketCountryCode is empty,401,Mandeln gemahlen 150g
04104420174788,nutrition_basis_lost_100g,Source basis 100 GRM omitted from CSV,401,Mandeln gemahlen 150g
04104420174788,less_than_qualifier_lost,"SALTEQ < 0.01 GRM, slot .6, group preparationState; CSV has no qualifier",401,Mandeln gemahlen 150g
04104420170179,brand_mapping,Exported description as brand: 'Weiße Bohnen 330G'; source TIDBrandName='Alnatura',402,Weiße Bohnen 330G
04104420170179,market_country_mapping,CSV blank; source TargetMarketCountryCode=276; lowercase targetMarketCountryCode is empty,402,Weiße Bohnen 330G
04104420170179,nutrition_basis_lost_100g,Source basis 100 GRM omitted from CSV,402,Weiße Bohnen 330G
04104420170179,less_than_qualifier_lost,"FASAT < 0.1 GRM, slot .6, group preparationState; CSV has no qualifier",402,Weiße Bohnen 330G
04104420171312,brand_mapping,Exported description as brand: 'Cashews Thai Curry 100G'; source TIDBrandName='Alnatura',403,Cashews Thai Curry 100G
04104420171312,market_country_mapping,CSV blank; source TargetMarketCountryCode=276; lowercase targetMarketCountryCode is empty,403,Cashews Thai Curry 100G
04104420171312,nutrition_basis_lost_100g,Source basis 100 GRM omitted from CSV,403,Cashews Thai Curry 100G
00000042239475,brand_mapping,Exported description as brand: 'Parmigiano Reggiano gerieben 40G'; source TIDBrandName='Alnatura',404,Parmigiano Reggiano gerieben 40G
00000042239475,market_country_mapping,CSV blank; source TargetMarketCountryCode=276; lowercase targetMarketCountryCode is empty,404,Parmigiano Reggiano gerieben 40G
00000042239475,nutrition_basis_lost_100g,Source basis 100 GRM omitted from CSV,404,Parmigiano Reggiano gerieben 40G
00000042239475,less_than_qualifier_lost,"SUGAR- < 0.5 GRM, slot .4, group preparationState; CSV has no qualifier",404,Parmigiano Reggiano gerieben 40G
00000042239475,less_than_qualifier_lost,"CHOAVL < 0.5 GRM, slot .5, group preparationState; CSV has no qualifier",404,Parmigiano Reggiano gerieben 40G
00000042239475,less_than_qualifier_lost,"FIBTG < 0.5 GRM, slot .6, group preparationState; CSV has no qualifier",404,Parmigiano Reggiano gerieben 40G
00000042315766,brand_mapping,Exported description as brand: 'Seidentofu 400g'; source TIDBrandName='Alnatura',405,Seidentofu 400g
00000042315766,market_country_mapping,CSV blank; source TargetMarketCountryCode=276; lowercase targetMarketCountryCode is empty,405,Seidentofu 400g
00000042315766,nutrition_basis_lost_100g,Source basis 100 GRM omitted from CSV,405,Seidentofu 400g
00000042315766,less_than_qualifier_lost,"SUGAR- < 0.5 GRM, slot .3, group preparationState; CSV has no qualifier",405,Seidentofu 400g
00000042315766,less_than_qualifier_lost,"FIBTG < 0.5 GRM, slot .4, group preparationState; CSV has no qualifier",405,Seidentofu 400g
00000042315766,less_than_qualifier_lost,"SALTEQ < 0.01 GRM, slot .6, group preparationState; CSV has no qualifier",405,Seidentofu 400g
04104420136069,brand_mapping,Exported description as brand: 'Weidemilch Kräuterquark 200G'; source TIDBrandName='Alnatura',406,Weidemilch Kräuterquark 200G
04104420136069,market_country_mapping,CSV blank; source TargetMarketCountryCode=276; lowercase targetMarketCountryCode is empty,406,Weidemilch Kräuterquark 200G
04104420136069,nutrition_basis_lost_100g,Source basis 100 GRM omitted from CSV,406,Weidemilch Kräuterquark 200G
04104420136069,less_than_qualifier_lost,"FIBTG < 0.5 GRM, slot .6, group preparationState; CSV has no qualifier",406,Weidemilch Kräuterquark 200G
04104420138827,brand_mapping,Exported description as brand: 'Gouda 125G'; source TIDBrandName='Alnatura',407,Gouda 125G
04104420138827,market_country_mapping,CSV blank; source TargetMarketCountryCode=276; lowercase targetMarketCountryCode is empty,407,Gouda 125G
04104420138827,nutrition_basis_lost_100g,Source basis 100 GRM omitted from CSV,407,Gouda 125G
04104420138827,less_than_qualifier_lost,"SUGAR- < 0.5 GRM, slot .4, group preparationState; CSV has no qualifier",407,Gouda 125G
04104420138827,less_than_qualifier_lost,"CHOAVL < 0.5 GRM, slot .5, group preparationState; CSV has no qualifier",407,Gouda 125G
04104420138827,less_than_qualifier_lost,"FIBTG < 0.5 GRM, slot .6, group preparationState; CSV has no qualifier",407,Gouda 125G
04104420138841,brand_mapping,Exported description as brand: 'Bergkäse 125G'; source TIDBrandName='Alnatura',408,Bergkäse 125G
04104420138841,market_country_mapping,CSV blank; source TargetMarketCountryCode=276; lowercase targetMarketCountryCode is empty,408,Bergkäse 125G
04104420138841,nutrition_basis_lost_100g,Source basis 100 GRM omitted from CSV,408,Bergkäse 125G
04104420138841,less_than_qualifier_lost,"SUGAR- < 0.5 GRM, slot .4, group preparationState; CSV has no qualifier",408,Bergkäse 125G
04104420138841,less_than_qualifier_lost,"CHOAVL < 0.5 GRM, slot .5, group preparationState; CSV has no qualifier",408,Bergkäse 125G
04104420138841,less_than_qualifier_lost,"FIBTG < 0.5 GRM, slot .6, group preparationState; CSV has no qualifier",408,Bergkäse 125G
04104420138865,brand_mapping,Exported description as brand: 'Emmentaler 125G'; source TIDBrandName='Alnatura',409,Emmentaler 125G
04104420138865,market_country_mapping,CSV blank; source TargetMarketCountryCode=276; lowercase targetMarketCountryCode is empty,409,Emmentaler 125G
04104420138865,nutrition_basis_lost_100g,Source basis 100 GRM omitted from CSV,409,Emmentaler 125G
04104420138865,less_than_qualifier_lost,"SUGAR- < 0.5 GRM, slot .4, group preparationState; CSV has no qualifier",409,Emmentaler 125G
04104420138865,less_than_qualifier_lost,"CHOAVL < 0.5 GRM, slot .5, group preparationState; CSV has no qualifier",409,Emmentaler 125G
04104420138865,less_than_qualifier_lost,"FIBTG < 0.5 GRM, slot .6, group preparationState; CSV has no qualifier",409,Emmentaler 125G
04104420138889,brand_mapping,Exported description as brand: 'Alpen Kräuterkäse 125G'; source TIDBrandName='Alnatura',410,Alpen Kräuterkäse 125G
04104420138889,market_country_mapping,CSV blank; source TargetMarketCountryCode=276; lowercase targetMarketCountryCode is empty,410,Alpen Kräuterkäse 125G
04104420138889,nutrition_basis_lost_100g,Source basis 100 GRM omitted from CSV,410,Alpen Kräuterkäse 125G
04104420138889,less_than_qualifier_lost,"SUGAR- < 0.5 GRM, slot .4, group preparationState; CSV has no qualifier",410,Alpen Kräuterkäse 125G
04104420138889,less_than_qualifier_lost,"CHOAVL < 0.5 GRM, slot .5, group preparationState; CSV has no qualifier",410,Alpen Kräuterkäse 125G
04104420138889,less_than_qualifier_lost,"FIBTG < 0.5 GRM, slot .6, group preparationState; CSV has no qualifier",410,Alpen Kräuterkäse 125G
04104420138902,brand_mapping,Exported description as brand: 'Maasdamer 125g'; source TIDBrandName='Alnatura',411,Maasdamer 125g
04104420138902,market_country_mapping,CSV blank; source TargetMarketCountryCode=276; lowercase targetMarketCountryCode is empty,411,Maasdamer 125g
04104420138902,nutrition_basis_lost_100g,Source basis 100 GRM omitted from CSV,411,Maasdamer 125g
04104420138902,less_than_qualifier_lost,"SUGAR- < 0.5 GRM, slot .4, group preparationState; CSV has no qualifier",411,Maasdamer 125g
04104420138902,less_than_qualifier_lost,"CHOAVL < 0.5 GRM, slot .5, group preparationState; CSV has no qualifier",411,Maasdamer 125g
04104420138902,less_than_qualifier_lost,"FIBTG < 0.5 GRM, slot .6, group preparationState; CSV has no qualifier",411,Maasdamer 125g
04104420138926,brand_mapping,Exported description as brand: 'Butterkäse 125G'; source TIDBrandName='Alnatura',412,Butterkäse 125G
04104420138926,market_country_mapping,CSV blank; source TargetMarketCountryCode=276; lowercase targetMarketCountryCode is empty,412,Butterkäse 125G
04104420138926,nutrition_basis_lost_100g,Source basis 100 GRM omitted from CSV,412,Butterkäse 125G
04104420138926,less_than_qualifier_lost,"SUGAR- < 0.5 GRM, slot .4, group preparationState; CSV has no qualifier",412,Butterkäse 125G
04104420138926,less_than_qualifier_lost,"CHOAVL < 0.5 GRM, slot .5, group preparationState; CSV has no qualifier",412,Butterkäse 125G
04104420138926,less_than_qualifier_lost,"FIBTG < 0.5 GRM, slot .6, group preparationState; CSV has no qualifier",412,Butterkäse 125G
04104420138940,brand_mapping,Exported description as brand: 'Ziegenkäse 125G'; source TIDBrandName='Alnatura',413,Ziegenkäse 125G
04104420138940,market_country_mapping,CSV blank; source TargetMarketCountryCode=276; lowercase targetMarketCountryCode is empty,413,Ziegenkäse 125G
04104420138940,nutrition_basis_lost_100g,Source basis 100 GRM omitted from CSV,413,Ziegenkäse 125G
04104420138940,less_than_qualifier_lost,"SUGAR- < 0.5 GRM, slot .4, group preparationState; CSV has no qualifier",413,Ziegenkäse 125G
04104420138940,less_than_qualifier_lost,"CHOAVL < 0.5 GRM, slot .5, group preparationState; CSV has no qualifier",413,Ziegenkäse 125G
04104420138940,less_than_qualifier_lost,"FIBTG < 0.5 GRM, slot .6, group preparationState; CSV has no qualifier",413,Ziegenkäse 125G
04104420140820,brand_mapping,Exported description as brand: 'Lassi Himbeere 230ML'; source TIDBrandName='Alnatura',414,Lassi Himbeere 230ML
04104420140820,market_country_mapping,CSV blank; source TargetMarketCountryCode=276; lowercase targetMarketCountryCode is empty,414,Lassi Himbeere 230ML
04104420140820,nutrition_basis_lost_100g,Source basis 100 GRM omitted from CSV,414,Lassi Himbeere 230ML
04104420140844,brand_mapping,Exported description as brand: 'Lassi Mango 230ML'; source TIDBrandName='Alnatura',415,Lassi Mango 230ML
04104420140844,market_country_mapping,CSV blank; source TargetMarketCountryCode=276; lowercase targetMarketCountryCode is empty,415,Lassi Mango 230ML
04104420140844,nutrition_basis_lost_100g,Source basis 100 GRM omitted from CSV,415,Lassi Mango 230ML
04104420140844,less_than_qualifier_lost,"FIBTG < 0.5 GRM, slot .5, group preparationState; CSV has no qualifier",415,Lassi Mango 230ML
04104420140967,brand_mapping,Exported description as brand: 'Schafjoghurt natur 400g'; source TIDBrandName='Alnatura',416,Schafjoghurt natur 400g
04104420140967,market_country_mapping,CSV blank; source TargetMarketCountryCode=276; lowercase targetMarketCountryCode is empty,416,Schafjoghurt natur 400g
04104420140967,nutrition_basis_lost_100g,Source basis 100 GRM omitted from CSV,416,Schafjoghurt natur 400g
04104420141261,brand_mapping,Exported description as brand: 'Bergbauern Sauerrahmbutter 250G'; source TIDBrandName='Alnatura',417,Bergbauern Sauerrahmbutter 250G
04104420141261,market_country_mapping,CSV blank; source TargetMarketCountryCode=276; lowercase targetMarketCountryCode is empty,417,Bergbauern Sauerrahmbutter 250G
04104420141261,nutrition_basis_lost_100g,Source basis 100 GRM omitted from CSV,417,Bergbauern Sauerrahmbutter 250G
04104420141261,less_than_qualifier_lost,"FIBTG < 0.5 GRM, slot .5, group preparationState; CSV has no qualifier",417,Bergbauern Sauerrahmbutter 250G
04104420141261,less_than_qualifier_lost,"SALTEQ < 0.01 GRM, slot .6, group preparationState; CSV has no qualifier",417,Bergbauern Sauerrahmbutter 250G
04104420142367,brand_mapping,Exported description as brand: 'Kasseler Braten 80g'; source TIDBrandName='Alnatura',418,Kasseler Braten 80g
04104420142367,market_country_mapping,CSV blank; source TargetMarketCountryCode=276; lowercase targetMarketCountryCode is empty,418,Kasseler Braten 80g
04104420142367,nutrition_basis_lost_100g,Source basis 100 GRM omitted from CSV,418,Kasseler Braten 80g
04104420142367,less_than_qualifier_lost,"FIBTG < 0.5 GRM, slot .6, group preparationState; CSV has no qualifier",418,Kasseler Braten 80g
04104420145160,brand_mapping,Exported description as brand: 'Mozzarella Minis 250 g'; source TIDBrandName='Alnatura',419,Mozzarella Minis 250 g
04104420145160,market_country_mapping,CSV blank; source TargetMarketCountryCode=276; lowercase targetMarketCountryCode is empty,419,Mozzarella Minis 250 g
04104420145160,nutrition_basis_lost_100g,Source basis 100 GRM omitted from CSV,419,Mozzarella Minis 250 g
04104420145160,less_than_qualifier_lost,"FIBTG < 0.5 GRM, slot .6, group preparationState; CSV has no qualifier",419,Mozzarella Minis 250 g
04104420145665,brand_mapping,Exported description as brand: 'Mozzarella 200 g'; source TIDBrandName='Alnatura',420,Mozzarella 200 g
04104420145665,market_country_mapping,CSV blank; source TargetMarketCountryCode=276; lowercase targetMarketCountryCode is empty,420,Mozzarella 200 g
04104420145665,nutrition_basis_lost_100g,Source basis 100 GRM omitted from CSV,420,Mozzarella 200 g
04104420145665,less_than_qualifier_lost,"FIBTG < 0.5 GRM, slot .6, group preparationState; CSV has no qualifier",420,Mozzarella 200 g
04104420146488,brand_mapping,"Exported description as brand: 'Frische Kuh & Kalb Milch 3,8% 1L'; source TIDBrandName='Alnatura'",421,"Frische Kuh & Kalb Milch 3,8% 1L"
04104420146488,market_country_mapping,CSV blank; source TargetMarketCountryCode=276; lowercase targetMarketCountryCode is empty,421,"Frische Kuh & Kalb Milch 3,8% 1L"
04104420146488,nutrition_basis_lost_100g,Source basis 100 GRM omitted from CSV,421,"Frische Kuh & Kalb Milch 3,8% 1L"
04104420146488,less_than_qualifier_lost,"FIBTG < 0.5 GRM, slot .5, group preparationState; CSV has no qualifier",421,"Frische Kuh & Kalb Milch 3,8% 1L"
04104420146501,brand_mapping,"Exported description as brand: 'Frische Kuh & Kalb Milch 1,5% 1L'; source TIDBrandName='Alnatura'",422,"Frische Kuh & Kalb Milch 1,5% 1L"
04104420146501,market_country_mapping,CSV blank; source TargetMarketCountryCode=276; lowercase targetMarketCountryCode is empty,422,"Frische Kuh & Kalb Milch 1,5% 1L"
04104420146501,nutrition_basis_lost_100g,Source basis 100 GRM omitted from CSV,422,"Frische Kuh & Kalb Milch 1,5% 1L"
04104420146501,less_than_qualifier_lost,"FIBTG < 0.5 GRM, slot .5, group preparationState; CSV has no qualifier",422,"Frische Kuh & Kalb Milch 1,5% 1L"
00000042221562,brand_mapping,Exported description as brand: 'Geflügel Salat 125G'; source TIDBrandName='Alnatura',423,Geflügel Salat 125G
00000042221562,market_country_mapping,CSV blank; source TargetMarketCountryCode=276; lowercase targetMarketCountryCode is empty,423,Geflügel Salat 125G
00000042221562,nutrition_basis_lost_100g,Source basis 100 GRM omitted from CSV,423,Geflügel Salat 125G
00000042221562,less_than_qualifier_lost,"FIBTG < 0.5 GRM, slot .6, group preparationState; CSV has no qualifier",423,Geflügel Salat 125G
00000042221579,brand_mapping,Exported description as brand: 'Fleisch Salat 150G'; source TIDBrandName='Alnatura',424,Fleisch Salat 150G
00000042221579,market_country_mapping,CSV blank; source TargetMarketCountryCode=276; lowercase targetMarketCountryCode is empty,424,Fleisch Salat 150G
00000042221579,nutrition_basis_lost_100g,Source basis 100 GRM omitted from CSV,424,Fleisch Salat 150G
00000042221579,less_than_qualifier_lost,"FIBTG < 0.5 GRM, slot .6, group preparationState; CSV has no qualifier",424,Fleisch Salat 150G
00000042268505,brand_mapping,Exported description as brand: 'Weidemilch Quark Magerstufe 500G'; source TIDBrandName='Alnatura',425,Weidemilch Quark Magerstufe 500G
00000042268505,market_country_mapping,CSV blank; source TargetMarketCountryCode=276; lowercase targetMarketCountryCode is empty,425,Weidemilch Quark Magerstufe 500G
00000042268505,nutrition_basis_lost_100g,Source basis 100 GRM omitted from CSV,425,Weidemilch Quark Magerstufe 500G
00000042268505,less_than_qualifier_lost,"FIBTG < 0.5 GRM, slot .3, group preparationState; CSV has no qualifier",425,Weidemilch Quark Magerstufe 500G
00000042275077,brand_mapping,Exported description as brand: 'Kartoffel Salat 400G'; source TIDBrandName='Alnatura',426,Kartoffel Salat 400G
00000042275077,market_country_mapping,CSV blank; source TargetMarketCountryCode=276; lowercase targetMarketCountryCode is empty,426,Kartoffel Salat 400G
00000042275077,nutrition_basis_lost_100g,Source basis 100 GRM omitted from CSV,426,Kartoffel Salat 400G
04104420045262,brand_mapping,Exported description as brand: 'Geflügel Mortadella Pistazien 80G'; source TIDBrandName='Alnatura',427,Geflügel Mortadella Pistazien 80G
04104420045262,market_country_mapping,CSV blank; source TargetMarketCountryCode=276; lowercase targetMarketCountryCode is empty,427,Geflügel Mortadella Pistazien 80G
04104420045262,nutrition_basis_lost_100g,Source basis 100 GRM omitted from CSV,427,Geflügel Mortadella Pistazien 80G
04104420045286,brand_mapping,Exported description as brand: 'Geflügel Wiener 200G'; source TIDBrandName='Alnatura',428,Geflügel Wiener 200G
04104420045286,market_country_mapping,CSV blank; source TargetMarketCountryCode=276; lowercase targetMarketCountryCode is empty,428,Geflügel Wiener 200G
04104420045286,nutrition_basis_lost_100g,Source basis 100 GRM omitted from CSV,428,Geflügel Wiener 200G
04104420045286,less_than_qualifier_lost,"FIBTG < 0.5 GRM, slot .4, group preparationState; CSV has no qualifier",428,Geflügel Wiener 200G
04104420045286,less_than_qualifier_lost,"SUGAR- < 0.5 GRM, slot .5, group preparationState; CSV has no qualifier",428,Geflügel Wiener 200G
04104420073081,brand_mapping,Exported description as brand: 'Weidemilch Saure Sahne 200G'; source TIDBrandName='Alnatura',429,Weidemilch Saure Sahne 200G
04104420073081,market_country_mapping,CSV blank; source TargetMarketCountryCode=276; lowercase targetMarketCountryCode is empty,429,Weidemilch Saure Sahne 200G
04104420073081,nutrition_basis_lost_100g,Source basis 100 GRM omitted from CSV,429,Weidemilch Saure Sahne 200G
04104420073081,less_than_qualifier_lost,"FIBTG < 0.5 GRM, slot .5, group preparationState; CSV has no qualifier",429,Weidemilch Saure Sahne 200G
04104420073487,brand_mapping,Exported description as brand: 'Hessischer Handkäse 200G'; source TIDBrandName='Alnatura',430,Hessischer Handkäse 200G
04104420073487,market_country_mapping,CSV blank; source TargetMarketCountryCode=276; lowercase targetMarketCountryCode is empty,430,Hessischer Handkäse 200G
04104420073487,nutrition_basis_lost_100g,Source basis 100 GRM omitted from CSV,430,Hessischer Handkäse 200G
04104420073487,less_than_qualifier_lost,"SUGAR- < 0.5 GRM, slot .2, group preparationState; CSV has no qualifier",430,Hessischer Handkäse 200G
04104420073487,less_than_qualifier_lost,"CHOAVL < 0.5 GRM, slot .3, group preparationState; CSV has no qualifier",430,Hessischer Handkäse 200G
04104420073487,less_than_qualifier_lost,"FAT < 0.5 GRM, slot .4, group preparationState; CSV has no qualifier",430,Hessischer Handkäse 200G
04104420073487,less_than_qualifier_lost,"FIBTG < 0.5 GRM, slot .5, group preparationState; CSV has no qualifier",430,Hessischer Handkäse 200G
04104420073500,brand_mapping,Exported description as brand: 'Weidemilch Süßrahmbutter 250G'; source TIDBrandName='Alnatura',431,Weidemilch Süßrahmbutter 250G
04104420073500,market_country_mapping,CSV blank; source TargetMarketCountryCode=276; lowercase targetMarketCountryCode is empty,431,Weidemilch Süßrahmbutter 250G
04104420073500,nutrition_basis_lost_100g,Source basis 100 GRM omitted from CSV,431,Weidemilch Süßrahmbutter 250G
04104420073500,less_than_qualifier_lost,"FIBTG < 0.5 GRM, slot .5, group preparationState; CSV has no qualifier",431,Weidemilch Süßrahmbutter 250G
04104420073524,brand_mapping,"Exported description as brand: 'Frische Weidemilch 3,7% 1L'; source TIDBrandName='Alnatura'",432,"Frische Weidemilch 3,7% 1L"
04104420073524,market_country_mapping,CSV blank; source TargetMarketCountryCode=276; lowercase targetMarketCountryCode is empty,432,"Frische Weidemilch 3,7% 1L"
04104420073524,less_than_qualifier_lost,"FIBTG < 0.5 GRM, slot .5, group preparationState; CSV has no qualifier",432,"Frische Weidemilch 3,7% 1L"
04104420073548,brand_mapping,"Exported description as brand: 'Frische Weidemilch 1,5% 1L'; source TIDBrandName='Alnatura'",433,"Frische Weidemilch 1,5% 1L"
04104420073548,market_country_mapping,CSV blank; source TargetMarketCountryCode=276; lowercase targetMarketCountryCode is empty,433,"Frische Weidemilch 1,5% 1L"
04104420073548,less_than_qualifier_lost,"FIBTG < 0.5 GRM, slot .5, group preparationState; CSV has no qualifier",433,"Frische Weidemilch 1,5% 1L"
04104420073746,brand_mapping,Exported description as brand: 'Weidemilch Schlagsahne 200G'; source TIDBrandName='Alnatura',434,Weidemilch Schlagsahne 200G
04104420073746,market_country_mapping,CSV blank; source TargetMarketCountryCode=276; lowercase targetMarketCountryCode is empty,434,Weidemilch Schlagsahne 200G
04104420073746,nutrition_basis_lost_100g,Source basis 100 GRM omitted from CSV,434,Weidemilch Schlagsahne 200G
04104420073746,less_than_qualifier_lost,"FIBTG < 0.5 GRM, slot .5, group preparationState; CSV has no qualifier",434,Weidemilch Schlagsahne 200G
04104420073760,brand_mapping,Exported description as brand: 'Weidemilch Schmand 200G'; source TIDBrandName='Alnatura',435,Weidemilch Schmand 200G
04104420073760,market_country_mapping,CSV blank; source TargetMarketCountryCode=276; lowercase targetMarketCountryCode is empty,435,Weidemilch Schmand 200G
04104420073760,nutrition_basis_lost_100g,Source basis 100 GRM omitted from CSV,435,Weidemilch Schmand 200G
04104420073760,less_than_qualifier_lost,"FIBTG < 0.5 GRM, slot .5, group preparationState; CSV has no qualifier",435,Weidemilch Schmand 200G
04104420073784,brand_mapping,"Exported description as brand: 'Weidemilch Joghurt Natur 3,8 % 150G'; source TIDBrandName='Alnatura'",436,"Weidemilch Joghurt Natur 3,8 % 150G"
04104420073784,market_country_mapping,CSV blank; source TargetMarketCountryCode=276; lowercase targetMarketCountryCode is empty,436,"Weidemilch Joghurt Natur 3,8 % 150G"
04104420073784,nutrition_basis_lost_100g,Source basis 100 GRM omitted from CSV,436,"Weidemilch Joghurt Natur 3,8 % 150G"
04104420073920,brand_mapping,"Exported description as brand: 'Weidemilch Joghurt Natur 1,5% 500G'; source TIDBrandName='Alnatura'",437,"Weidemilch Joghurt Natur 1,5% 500G"
04104420073920,market_country_mapping,CSV blank; source TargetMarketCountryCode=276; lowercase targetMarketCountryCode is empty,437,"Weidemilch Joghurt Natur 1,5% 500G"
04104420073920,nutrition_basis_lost_100g,Source basis 100 GRM omitted from CSV,437,"Weidemilch Joghurt Natur 1,5% 500G"
04104420074088,brand_mapping,Exported description as brand: 'Weide Fruchtbuttermilch Himb.Zitr.'; source TIDBrandName='Alnatura',438,Weide Fruchtbuttermilch Himb.Zitr.
04104420074088,market_country_mapping,CSV blank; source TargetMarketCountryCode=276; lowercase targetMarketCountryCode is empty,438,Weide Fruchtbuttermilch Himb.Zitr.
04104420074088,nutrition_basis_lost_100g,Source basis 100 GRM omitted from CSV,438,Weide Fruchtbuttermilch Himb.Zitr.
04104420074088,less_than_qualifier_lost,"FAT < 0.5 GRM, slot .3, group preparationState; CSV has no qualifier",438,Weide Fruchtbuttermilch Himb.Zitr.
04104420074088,less_than_qualifier_lost,"FIBTG < 0.5 GRM, slot .4, group preparationState; CSV has no qualifier",438,Weide Fruchtbuttermilch Himb.Zitr.
04104420074101,brand_mapping,"Exported description as brand: 'Weidemilch Joghurt Natur 3,8% 500G'; source TIDBrandName='Alnatura'",439,"Weidemilch Joghurt Natur 3,8% 500G"
04104420074101,market_country_mapping,CSV blank; source TargetMarketCountryCode=276; lowercase targetMarketCountryCode is empty,439,"Weidemilch Joghurt Natur 3,8% 500G"
04104420074101,nutrition_basis_lost_100g,Source basis 100 GRM omitted from CSV,439,"Weidemilch Joghurt Natur 3,8% 500G"
04104420074668,brand_mapping,"Exported description as brand: 'Weide Jog. Van. 3,8% 500G Voll'; source TIDBrandName='Alnatura'",440,"Weide Jog. Van. 3,8% 500G Voll"
04104420074668,market_country_mapping,CSV blank; source TargetMarketCountryCode=276; lowercase targetMarketCountryCode is empty,440,"Weide Jog. Van. 3,8% 500G Voll"
04104420074668,nutrition_basis_lost_100g,Source basis 100 GRM omitted from CSV,440,"Weide Jog. Van. 3,8% 500G Voll"
04104420074668,less_than_qualifier_lost,"FIBTG < 0.5 GRM, slot .5, group preparationState; CSV has no qualifier",440,"Weide Jog. Van. 3,8% 500G Voll"
04104420074705,brand_mapping,"Exported description as brand: 'Weide Jog. Man. Van. 3,8% 500G Voll'; source TIDBrandName='Alnatura'",441,"Weide Jog. Man. Van. 3,8% 500G Voll"
04104420074705,market_country_mapping,CSV blank; source TargetMarketCountryCode=276; lowercase targetMarketCountryCode is empty,441,"Weide Jog. Man. Van. 3,8% 500G Voll"
04104420074705,nutrition_basis_lost_100g,Source basis 100 GRM omitted from CSV,441,"Weide Jog. Man. Van. 3,8% 500G Voll"
04104420074705,less_than_qualifier_lost,"FIBTG < 0.5 GRM, slot .5, group preparationState; CSV has no qualifier",441,"Weide Jog. Man. Van. 3,8% 500G Voll"
04104420074903,brand_mapping,Exported description as brand: 'Schoko Pudding 150G'; source TIDBrandName='Alnatura',442,Schoko Pudding 150G
04104420074903,market_country_mapping,CSV blank; source TargetMarketCountryCode=276; lowercase targetMarketCountryCode is empty,442,Schoko Pudding 150G
04104420074903,nutrition_basis_lost_100g,Source basis 100 GRM omitted from CSV,442,Schoko Pudding 150G
04104420076884,brand_mapping,"Exported description as brand: 'Weidemilch Joghurt Natur 1,5% 150G'; source TIDBrandName='Alnatura'",443,"Weidemilch Joghurt Natur 1,5% 150G"
04104420076884,market_country_mapping,CSV blank; source TargetMarketCountryCode=276; lowercase targetMarketCountryCode is empty,443,"Weidemilch Joghurt Natur 1,5% 150G"
04104420076884,nutrition_basis_lost_100g,Source basis 100 GRM omitted from CSV,443,"Weidemilch Joghurt Natur 1,5% 150G"
04104420076907,brand_mapping,Exported description as brand: 'Feta 180G'; source TIDBrandName='Alnatura',444,Feta 180G
04104420076907,market_country_mapping,CSV blank; source TargetMarketCountryCode=276; lowercase targetMarketCountryCode is empty,444,Feta 180G
04104420076907,nutrition_basis_lost_100g,Source basis 100 GRM omitted from CSV,444,Feta 180G
04104420076907,less_than_qualifier_lost,"SUGAR- < 0.5 GRM, slot .4, group preparationState; CSV has no qualifier",444,Feta 180G
04104420076907,less_than_qualifier_lost,"CHOAVL < 0.5 GRM, slot .5, group preparationState; CSV has no qualifier",444,Feta 180G
04104420076907,less_than_qualifier_lost,"FIBTG < 0.5 GRM, slot .6, group preparationState; CSV has no qualifier",444,Feta 180G
04104420076921,brand_mapping,Exported description as brand: 'Parmigiano Reggiano Stück 125G'; source TIDBrandName='Alnatura',445,Parmigiano Reggiano Stück 125G
04104420076921,market_country_mapping,CSV blank; source TargetMarketCountryCode=276; lowercase targetMarketCountryCode is empty,445,Parmigiano Reggiano Stück 125G
04104420076921,nutrition_basis_lost_100g,Source basis 100 GRM omitted from CSV,445,Parmigiano Reggiano Stück 125G
04104420076921,less_than_qualifier_lost,"SUGAR- < 0.5 GRM, slot .4, group preparationState; CSV has no qualifier",445,Parmigiano Reggiano Stück 125G
04104420076921,less_than_qualifier_lost,"CHOAVL < 0.5 GRM, slot .5, group preparationState; CSV has no qualifier",445,Parmigiano Reggiano Stück 125G
04104420076921,less_than_qualifier_lost,"FIBTG < 0.5 GRM, slot .6, group preparationState; CSV has no qualifier",445,Parmigiano Reggiano Stück 125G
04104420076945,brand_mapping,Exported description as brand: 'Körniger Frischkäse 200G'; source TIDBrandName='Alnatura',446,Körniger Frischkäse 200G
04104420076945,market_country_mapping,CSV blank; source TargetMarketCountryCode=276; lowercase targetMarketCountryCode is empty,446,Körniger Frischkäse 200G
04104420076945,nutrition_basis_lost_100g,Source basis 100 GRM omitted from CSV,446,Körniger Frischkäse 200G
04104420076945,less_than_qualifier_lost,"FIBTG < 0.5 GRM, slot .6, group preparationState; CSV has no qualifier",446,Körniger Frischkäse 200G
04104420077324,brand_mapping,Exported description as brand: 'Margarine im Becher 250G'; source TIDBrandName='Alnatura',447,Margarine im Becher 250G
04104420077324,market_country_mapping,CSV blank; source TargetMarketCountryCode=276; lowercase targetMarketCountryCode is empty,447,Margarine im Becher 250G
04104420077324,nutrition_basis_lost_100g,Source basis 100 GRM omitted from CSV,447,Margarine im Becher 250G
04104420077324,less_than_qualifier_lost,"FIBTG < 0.5 GRM, slot .4, group preparationState; CSV has no qualifier",447,Margarine im Becher 250G
04104420077324,less_than_qualifier_lost,"PRO- < 0.5 GRM, slot .5, group preparationState; CSV has no qualifier",447,Margarine im Becher 250G
04104420077324,less_than_qualifier_lost,"CHOAVL < 0.5 GRM, slot .6, group preparationState; CSV has no qualifier",447,Margarine im Becher 250G
04104420077324,less_than_qualifier_lost,"SUGAR- < 0.5 GRM, slot .7, group preparationState; CSV has no qualifier",447,Margarine im Becher 250G
04104420077980,brand_mapping,Exported description as brand: 'Weidemilch Creme Fraiche 150G'; source TIDBrandName='Alnatura',448,Weidemilch Creme Fraiche 150G
04104420077980,market_country_mapping,CSV blank; source TargetMarketCountryCode=276; lowercase targetMarketCountryCode is empty,448,Weidemilch Creme Fraiche 150G
04104420077980,nutrition_basis_lost_100g,Source basis 100 GRM omitted from CSV,448,Weidemilch Creme Fraiche 150G
04104420077980,less_than_qualifier_lost,"FIBTG < 0.5 GRM, slot .5, group preparationState; CSV has no qualifier",448,Weidemilch Creme Fraiche 150G
04104420078123,brand_mapping,"Exported description as brand: 'Weide Jog. Him. 7,5% 500G Voll'; source TIDBrandName='Alnatura'",449,"Weide Jog. Him. 7,5% 500G Voll"
04104420078123,market_country_mapping,CSV blank; source TargetMarketCountryCode=276; lowercase targetMarketCountryCode is empty,449,"Weide Jog. Him. 7,5% 500G Voll"
04104420078123,nutrition_basis_lost_100g,Source basis 100 GRM omitted from CSV,449,"Weide Jog. Him. 7,5% 500G Voll"
04104420078123,less_than_qualifier_lost,"FIBTG < 0.5 GRM, slot .5, group preparationState; CSV has no qualifier",449,"Weide Jog. Him. 7,5% 500G Voll"
04104420132320,brand_mapping,Exported description as brand: 'Wiener Würstchen 200G'; source TIDBrandName='Alnatura',450,Wiener Würstchen 200G
04104420132320,market_country_mapping,CSV blank; source TargetMarketCountryCode=276; lowercase targetMarketCountryCode is empty,450,Wiener Würstchen 200G
04104420132320,nutrition_basis_lost_100g,Source basis 100 GRM omitted from CSV,450,Wiener Würstchen 200G
04104420132320,less_than_qualifier_lost,"FIBTG < 0.5 GRM, slot .6, group preparationState; CSV has no qualifier",450,Wiener Würstchen 200G
04104420132344,brand_mapping,Exported description as brand: 'Bratwürstchen 200G'; source TIDBrandName='Alnatura',451,Bratwürstchen 200G
04104420132344,market_country_mapping,CSV blank; source TargetMarketCountryCode=276; lowercase targetMarketCountryCode is empty,451,Bratwürstchen 200G
04104420132344,nutrition_basis_lost_100g,Source basis 100 GRM omitted from CSV,451,Bratwürstchen 200G
04104420132344,less_than_qualifier_lost,"SUGAR- < 0.5 GRM, slot .5, group preparationState; CSV has no qualifier",451,Bratwürstchen 200G
04104420132344,less_than_qualifier_lost,"FIBTG < 0.5 GRM, slot .6, group preparationState; CSV has no qualifier",451,Bratwürstchen 200G
04104420133921,brand_mapping,Exported description as brand: 'Ziegenjoghurt natur 125G'; source TIDBrandName='Alnatura',452,Ziegenjoghurt natur 125G
04104420133921,market_country_mapping,CSV blank; source TargetMarketCountryCode=276; lowercase targetMarketCountryCode is empty,452,Ziegenjoghurt natur 125G
04104420133921,nutrition_basis_lost_100g,Source basis 100 GRM omitted from CSV,452,Ziegenjoghurt natur 125G
04104420133921,less_than_qualifier_lost,"FIBTG < 0.5 GRM, slot .5, group preparationState; CSV has no qualifier",452,Ziegenjoghurt natur 125G
04104420133945,brand_mapping,Exported description as brand: 'Ziegenjoghurt Vanille 125G'; source TIDBrandName='Alnatura',453,Ziegenjoghurt Vanille 125G
04104420133945,market_country_mapping,CSV blank; source TargetMarketCountryCode=276; lowercase targetMarketCountryCode is empty,453,Ziegenjoghurt Vanille 125G
04104420133945,nutrition_basis_lost_100g,Source basis 100 GRM omitted from CSV,453,Ziegenjoghurt Vanille 125G
04104420133945,less_than_qualifier_lost,"FIBTG < 0.5 GRM, slot .5, group preparationState; CSV has no qualifier",453,Ziegenjoghurt Vanille 125G
04104420133969,brand_mapping,Exported description as brand: 'Ziegenjoghurt Mango 125G'; source TIDBrandName='Alnatura',454,Ziegenjoghurt Mango 125G
04104420133969,market_country_mapping,CSV blank; source TargetMarketCountryCode=276; lowercase targetMarketCountryCode is empty,454,Ziegenjoghurt Mango 125G
04104420133969,nutrition_basis_lost_100g,Source basis 100 GRM omitted from CSV,454,Ziegenjoghurt Mango 125G
04104420133969,less_than_qualifier_lost,"FIBTG < 0.5 GRM, slot .5, group preparationState; CSV has no qualifier",454,Ziegenjoghurt Mango 125G
04104420134867,brand_mapping,"Exported description as brand: 'Weidemilch Joghurt Natur 1,5% 500G'; source TIDBrandName='Alnatura'",455,"Weidemilch Joghurt Natur 1,5% 500G"
04104420134867,market_country_mapping,CSV blank; source TargetMarketCountryCode=276; lowercase targetMarketCountryCode is empty,455,"Weidemilch Joghurt Natur 1,5% 500G"
04104420134867,nutrition_basis_lost_100g,Source basis 100 GRM omitted from CSV,455,"Weidemilch Joghurt Natur 1,5% 500G"
04104420135062,brand_mapping,Exported description as brand: 'Weidemilch Quark Magerstufe 250G'; source TIDBrandName='Alnatura',456,Weidemilch Quark Magerstufe 250G
04104420135062,market_country_mapping,CSV blank; source TargetMarketCountryCode=276; lowercase targetMarketCountryCode is empty,456,Weidemilch Quark Magerstufe 250G
04104420135062,nutrition_basis_lost_100g,Source basis 100 GRM omitted from CSV,456,Weidemilch Quark Magerstufe 250G
04104420135062,less_than_qualifier_lost,"FIBTG < 0.5 GRM, slot .3, group preparationState; CSV has no qualifier",456,Weidemilch Quark Magerstufe 250G
04104420135109,brand_mapping,Exported description as brand: 'Speisequark Halbfettstufe 250G'; source TIDBrandName='Alnatura',457,Speisequark Halbfettstufe 250G
04104420135109,market_country_mapping,CSV blank; source TargetMarketCountryCode=276; lowercase targetMarketCountryCode is empty,457,Speisequark Halbfettstufe 250G
04104420135109,nutrition_basis_lost_100g,Source basis 100 GRM omitted from CSV,457,Speisequark Halbfettstufe 250G
04104420135109,less_than_qualifier_lost,"FIBTG < 0.5 GRM, slot .3, group preparationState; CSV has no qualifier",457,Speisequark Halbfettstufe 250G
04104420135123,brand_mapping,Exported description as brand: 'Weidemilch Quark Fettstufe 250G'; source TIDBrandName='Alnatura',458,Weidemilch Quark Fettstufe 250G
04104420135123,market_country_mapping,CSV blank; source TargetMarketCountryCode=276; lowercase targetMarketCountryCode is empty,458,Weidemilch Quark Fettstufe 250G
04104420135123,nutrition_basis_lost_100g,Source basis 100 GRM omitted from CSV,458,Weidemilch Quark Fettstufe 250G
04104420135123,less_than_qualifier_lost,"FIBTG < 0.5 GRM, slot .5, group preparationState; CSV has no qualifier",458,Weidemilch Quark Fettstufe 250G
04104420137547,brand_mapping,"Exported description as brand: 'Kefir mild 1,5% 230ML'; source TIDBrandName='Alnatura'",459,"Kefir mild 1,5% 230ML"
04104420137547,market_country_mapping,CSV blank; source TargetMarketCountryCode=276; lowercase targetMarketCountryCode is empty,459,"Kefir mild 1,5% 230ML"
04104420137547,nutrition_basis_lost_100g,Source basis 100 GRM omitted from CSV,459,"Kefir mild 1,5% 230ML"
04104420137547,less_than_qualifier_lost,"FIBTG < 0.5 GRM, slot .5, group preparationState; CSV has no qualifier",459,"Kefir mild 1,5% 230ML"
04104420137561,brand_mapping,"Exported description as brand: 'Stichfester Joghurt Natur 3,5% 150G'; source TIDBrandName='Alnatura'",460,"Stichfester Joghurt Natur 3,5% 150G"
04104420137561,market_country_mapping,CSV blank; source TargetMarketCountryCode=276; lowercase targetMarketCountryCode is empty,460,"Stichfester Joghurt Natur 3,5% 150G"
04104420137561,nutrition_basis_lost_100g,Source basis 100 GRM omitted from CSV,460,"Stichfester Joghurt Natur 3,5% 150G"
04104420137561,less_than_qualifier_lost,"FIBTG < 0.5 GRM, slot .5, group preparationState; CSV has no qualifier",460,"Stichfester Joghurt Natur 3,5% 150G"
04104420140905,brand_mapping,Exported description as brand: 'Schafjoghurt natur 125g'; source TIDBrandName='Alnatura',461,Schafjoghurt natur 125g
04104420140905,market_country_mapping,CSV blank; source TargetMarketCountryCode=276; lowercase targetMarketCountryCode is empty,461,Schafjoghurt natur 125g
04104420140905,nutrition_basis_lost_100g,Source basis 100 GRM omitted from CSV,461,Schafjoghurt natur 125g
04104420140905,less_than_qualifier_lost,"FIBTG < 0.5 GRM, slot .5, group preparationState; CSV has no qualifier",461,Schafjoghurt natur 125g
04104420140905,less_than_qualifier_lost,"SALTEQ < 0.1 GRM, slot .6, group preparationState; CSV has no qualifier",461,Schafjoghurt natur 125g
04104420140929,brand_mapping,Exported description as brand: 'Schafjoghurt Vanille 125g'; source TIDBrandName='Alnatura',462,Schafjoghurt Vanille 125g
04104420140929,market_country_mapping,CSV blank; source TargetMarketCountryCode=276; lowercase targetMarketCountryCode is empty,462,Schafjoghurt Vanille 125g
04104420140929,nutrition_basis_lost_100g,Source basis 100 GRM omitted from CSV,462,Schafjoghurt Vanille 125g
04104420140929,less_than_qualifier_lost,"FIBTG < 0.5 GRM, slot .5, group preparationState; CSV has no qualifier",462,Schafjoghurt Vanille 125g
04104420140943,brand_mapping,Exported description as brand: 'Schafjoghurt Himbeere 125g'; source TIDBrandName='Alnatura',463,Schafjoghurt Himbeere 125g
04104420140943,market_country_mapping,CSV blank; source TargetMarketCountryCode=276; lowercase targetMarketCountryCode is empty,463,Schafjoghurt Himbeere 125g
04104420140943,nutrition_basis_lost_100g,Source basis 100 GRM omitted from CSV,463,Schafjoghurt Himbeere 125g
04104420143609,brand_mapping,"Exported description as brand: 'Ziegen Heumilch 0,5L'; source TIDBrandName='Alnatura'",464,"Ziegen Heumilch 0,5L"
04104420143609,market_country_mapping,CSV blank; source TargetMarketCountryCode=276; lowercase targetMarketCountryCode is empty,464,"Ziegen Heumilch 0,5L"
04104420143609,less_than_qualifier_lost,"FIBTG < 0.5 GRM, slot .5, group preparationState; CSV has no qualifier",464,"Ziegen Heumilch 0,5L"
04104420143623,brand_mapping,"Exported description as brand: 'Frische Schafmilch 0,5L'; source TIDBrandName='Alnatura'",465,"Frische Schafmilch 0,5L"
04104420143623,market_country_mapping,CSV blank; source TargetMarketCountryCode=276; lowercase targetMarketCountryCode is empty,465,"Frische Schafmilch 0,5L"
04104420177123,brand_mapping,Exported description as brand: 'Maronen 100g'; source TIDBrandName='Alnatura',466,Maronen 100g
04104420177123,market_country_mapping,CSV blank; source TargetMarketCountryCode=276; lowercase targetMarketCountryCode is empty,466,Maronen 100g
04104420177123,nutrition_basis_lost_100g,Source basis 100 GRM omitted from CSV,466,Maronen 100g
04104420177123,less_than_qualifier_lost,"SALTEQ < 0.01 GRM, slot .8, group preparationState; CSV has no qualifier",466,Maronen 100g
04104420146747,brand_mapping,Exported description as brand: 'Pastinaken-Kartoffeln-Rind 190G'; source TIDBrandName='Alnatura',467,Pastinaken-Kartoffeln-Rind 190G
04104420146747,market_country_mapping,CSV blank; source TargetMarketCountryCode=276; lowercase targetMarketCountryCode is empty,467,Pastinaken-Kartoffeln-Rind 190G
04104420146747,nutrition_basis_lost_100g,Source basis 100 GRM omitted from CSV,467,Pastinaken-Kartoffeln-Rind 190G
04104420146747,secondary_serving_size_lost,{'servingSizeValue.1': '190'},467,Pastinaken-Kartoffeln-Rind 190G
04104420173194,brand_mapping,Exported description as brand: 'Vegane Pastete auf Hefe-Basis Shiit'; source TIDBrandName='Alnatura',468,Vegane Pastete auf Hefe-Basis Shiit
04104420173194,market_country_mapping,CSV blank; source TargetMarketCountryCode=276; lowercase targetMarketCountryCode is empty,468,Vegane Pastete auf Hefe-Basis Shiit
04104420173194,nutrition_basis_lost_100g,Source basis 100 GRM omitted from CSV,468,Vegane Pastete auf Hefe-Basis Shiit
04104420173279,brand_mapping,Exported description as brand: 'Vegane Pastete auf Hefe-Basis Senf'; source TIDBrandName='Alnatura',469,Vegane Pastete auf Hefe-Basis Senf
04104420173279,market_country_mapping,CSV blank; source TargetMarketCountryCode=276; lowercase targetMarketCountryCode is empty,469,Vegane Pastete auf Hefe-Basis Senf
04104420173279,nutrition_basis_lost_100g,Source basis 100 GRM omitted from CSV,469,Vegane Pastete auf Hefe-Basis Senf
04104420173354,brand_mapping,Exported description as brand: 'Vegane Pastete auf Hefe-Basis Olive'; source TIDBrandName='Alnatura',470,Vegane Pastete auf Hefe-Basis Olive
04104420173354,market_country_mapping,CSV blank; source TargetMarketCountryCode=276; lowercase targetMarketCountryCode is empty,470,Vegane Pastete auf Hefe-Basis Olive
04104420173354,nutrition_basis_lost_100g,Source basis 100 GRM omitted from CSV,470,Vegane Pastete auf Hefe-Basis Olive
04104420173439,brand_mapping,Exported description as brand: 'Vegane Pastete auf Hefe-Basis Grüne'; source TIDBrandName='Alnatura',471,Vegane Pastete auf Hefe-Basis Grüne
04104420173439,market_country_mapping,CSV blank; source TargetMarketCountryCode=276; lowercase targetMarketCountryCode is empty,471,Vegane Pastete auf Hefe-Basis Grüne
04104420173439,nutrition_basis_lost_100g,Source basis 100 GRM omitted from CSV,471,Vegane Pastete auf Hefe-Basis Grüne
04104420173439,less_than_qualifier_lost,"SUGAR- < 0.5 GRM, slot .6, group preparationState; CSV has no qualifier",471,Vegane Pastete auf Hefe-Basis Grüne
04104420173477,brand_mapping,Exported description as brand: 'Vegane Pastete auf Hefe-Basis Delik'; source TIDBrandName='Alnatura',472,Vegane Pastete auf Hefe-Basis Delik
04104420173477,market_country_mapping,CSV blank; source TargetMarketCountryCode=276; lowercase targetMarketCountryCode is empty,472,Vegane Pastete auf Hefe-Basis Delik
04104420173477,nutrition_basis_lost_100g,Source basis 100 GRM omitted from CSV,472,Vegane Pastete auf Hefe-Basis Delik
04104420173477,less_than_qualifier_lost,"SUGAR- < 0.5 GRM, slot .6, group preparationState; CSV has no qualifier",472,Vegane Pastete auf Hefe-Basis Delik
04104420173514,brand_mapping,Exported description as brand: 'Vegane Pastete auf Hefe-Basis Champ'; source TIDBrandName='Alnatura',473,Vegane Pastete auf Hefe-Basis Champ
04104420173514,market_country_mapping,CSV blank; source TargetMarketCountryCode=276; lowercase targetMarketCountryCode is empty,473,Vegane Pastete auf Hefe-Basis Champ
04104420173514,nutrition_basis_lost_100g,Source basis 100 GRM omitted from CSV,473,Vegane Pastete auf Hefe-Basis Champ
04104420174580,brand_mapping,Exported description as brand: 'Kokosmus 225G'; source TIDBrandName='Alnatura',474,Kokosmus 225G
04104420174580,market_country_mapping,CSV blank; source TargetMarketCountryCode=276; lowercase targetMarketCountryCode is empty,474,Kokosmus 225G
04104420174580,nutrition_basis_lost_100g,Source basis 100 GRM omitted from CSV,474,Kokosmus 225G
04104420174009,brand_mapping,Exported description as brand: 'Gojibeeren 100G'; source TIDBrandName='Alnatura',475,Gojibeeren 100G
04104420174009,market_country_mapping,CSV blank; source TargetMarketCountryCode=276; lowercase targetMarketCountryCode is empty,475,Gojibeeren 100G
04104420174009,nutrition_basis_lost_100g,Source basis 100 GRM omitted from CSV,475,Gojibeeren 100G
04104420174825,brand_mapping,Exported description as brand: 'Schafquark Natur 150g'; source TIDBrandName='Alnatura',476,Schafquark Natur 150g
04104420174825,market_country_mapping,CSV blank; source TargetMarketCountryCode=276; lowercase targetMarketCountryCode is empty,476,Schafquark Natur 150g
04104420174825,nutrition_basis_lost_100g,Source basis 100 GRM omitted from CSV,476,Schafquark Natur 150g
04104420174825,less_than_qualifier_lost,"FIBTG < 0.5 GRM, slot .5, group preparationState; CSV has no qualifier",476,Schafquark Natur 150g
04104420174887,brand_mapping,Exported description as brand: 'Schafjoghurt griechische Art 150g'; source TIDBrandName='Alnatura',477,Schafjoghurt griechische Art 150g
04104420174887,market_country_mapping,CSV blank; source TargetMarketCountryCode=276; lowercase targetMarketCountryCode is empty,477,Schafjoghurt griechische Art 150g
04104420174887,nutrition_basis_lost_100g,Source basis 100 GRM omitted from CSV,477,Schafjoghurt griechische Art 150g
04104420174887,less_than_qualifier_lost,"FIBTG < 0.5 GRM, slot .5, group preparationState; CSV has no qualifier",477,Schafjoghurt griechische Art 150g
04104420174948,brand_mapping,Exported description as brand: 'Ziegenjoghurt natur 400g'; source TIDBrandName='Alnatura',478,Ziegenjoghurt natur 400g
04104420174948,market_country_mapping,CSV blank; source TargetMarketCountryCode=276; lowercase targetMarketCountryCode is empty,478,Ziegenjoghurt natur 400g
04104420174948,nutrition_basis_lost_100g,Source basis 100 GRM omitted from CSV,478,Ziegenjoghurt natur 400g
04104420174948,less_than_qualifier_lost,"FIBTG < 0.5 GRM, slot .5, group preparationState; CSV has no qualifier",478,Ziegenjoghurt natur 400g
04104420174948,less_than_qualifier_lost,"SALTEQ < 0.1 GRM, slot .6, group preparationState; CSV has no qualifier",478,Ziegenjoghurt natur 400g
04104420179677,brand_mapping,Exported description as brand: 'Milder Apfelsaft naturtrüb 1L'; source TIDBrandName='Alnatura',479,Milder Apfelsaft naturtrüb 1L
04104420179677,market_country_mapping,CSV blank; source TargetMarketCountryCode=276; lowercase targetMarketCountryCode is empty,479,Milder Apfelsaft naturtrüb 1L
04104420179677,less_than_qualifier_lost,"FAT < 0.5 GRM, slot .2, group preparationState; CSV has no qualifier",479,Milder Apfelsaft naturtrüb 1L
04104420179677,less_than_qualifier_lost,"FIBTG < 0.5 GRM, slot .3, group preparationState; CSV has no qualifier",479,Milder Apfelsaft naturtrüb 1L
04104420179677,less_than_qualifier_lost,"PRO- < 0.5 GRM, slot .4, group preparationState; CSV has no qualifier",479,Milder Apfelsaft naturtrüb 1L
04104420179677,less_than_qualifier_lost,"FASAT < 0.1 GRM, slot .5, group preparationState; CSV has no qualifier",479,Milder Apfelsaft naturtrüb 1L
04104420179677,less_than_qualifier_lost,"SALTEQ < 0.01 GRM, slot .6, group preparationState; CSV has no qualifier",479,Milder Apfelsaft naturtrüb 1L
04104420179011,brand_mapping,Exported description as brand: '*Dinkel Osterhasen Kekse 150g*'; source TIDBrandName='Alnatura',480,*Dinkel Osterhasen Kekse 150g*
04104420179011,market_country_mapping,CSV blank; source TargetMarketCountryCode=276; lowercase targetMarketCountryCode is empty,480,*Dinkel Osterhasen Kekse 150g*
04104420179011,nutrition_basis_lost_100g,Source basis 100 GRM omitted from CSV,480,*Dinkel Osterhasen Kekse 150g*
04104420179059,brand_mapping,Exported description as brand: '*Nougat Mandeln 100g*'; source TIDBrandName='Alnatura',481,*Nougat Mandeln 100g*
04104420179059,market_country_mapping,CSV blank; source TargetMarketCountryCode=276; lowercase targetMarketCountryCode is empty,481,*Nougat Mandeln 100g*
04104420179059,nutrition_basis_lost_100g,Source basis 100 GRM omitted from CSV,481,*Nougat Mandeln 100g*
04104420179110,brand_mapping,"Exported description as brand: '*Frühlingstee 20x1,5g 30G*'; source TIDBrandName='Alnatura'",482,"*Frühlingstee 20x1,5g 30G*"
04104420179110,market_country_mapping,CSV blank; source TargetMarketCountryCode=276; lowercase targetMarketCountryCode is empty,482,"*Frühlingstee 20x1,5g 30G*"
04104420179189,brand_mapping,Exported description as brand: '*Mohn Marzipan Konfekt 100g*'; source TIDBrandName='Alnatura',483,*Mohn Marzipan Konfekt 100g*
04104420179189,market_country_mapping,CSV blank; source TargetMarketCountryCode=276; lowercase targetMarketCountryCode is empty,483,*Mohn Marzipan Konfekt 100g*
04104420179189,nutrition_basis_lost_100g,Source basis 100 GRM omitted from CSV,483,*Mohn Marzipan Konfekt 100g*
04104420135901,brand_mapping,Exported description as brand: 'Tofu natur Doppelpack 400G'; source TIDBrandName='Alnatura',484,Tofu natur Doppelpack 400G
04104420135901,market_country_mapping,CSV blank; source TargetMarketCountryCode=276; lowercase targetMarketCountryCode is empty,484,Tofu natur Doppelpack 400G
04104420135901,nutrition_basis_lost_100g,Source basis 100 GRM omitted from CSV,484,Tofu natur Doppelpack 400G
04104420135901,less_than_qualifier_lost,"SUGAR- < 0.5 GRM, slot .5, group preparationState; CSV has no qualifier",484,Tofu natur Doppelpack 400G
04104420179899,brand_mapping,"Exported description as brand: 'Weidemilch Joghurt Natur 3,8% 500G'; source TIDBrandName='Alnatura'",485,"Weidemilch Joghurt Natur 3,8% 500G"
04104420179899,market_country_mapping,CSV blank; source TargetMarketCountryCode=276; lowercase targetMarketCountryCode is empty,485,"Weidemilch Joghurt Natur 3,8% 500G"
04104420179899,nutrition_basis_lost_100g,Source basis 100 GRM omitted from CSV,485,"Weidemilch Joghurt Natur 3,8% 500G"
00000042274285,brand_mapping,"Exported description as brand: 'Räucher Tofu 175g, gekühlt 175G'; source TIDBrandName='Alnatura'",486,"Räucher Tofu 175g, gekühlt 175G"
00000042274285,market_country_mapping,CSV blank; source TargetMarketCountryCode=276; lowercase targetMarketCountryCode is empty,486,"Räucher Tofu 175g, gekühlt 175G"
00000042274285,nutrition_basis_lost_100g,Source basis 100 GRM omitted from CSV,486,"Räucher Tofu 175g, gekühlt 175G"
04104420076686,brand_mapping,Exported description as brand: 'Emmentaler gerieben 150G'; source TIDBrandName='Alnatura',487,Emmentaler gerieben 150G
04104420076686,market_country_mapping,CSV blank; source TargetMarketCountryCode=276; lowercase targetMarketCountryCode is empty,487,Emmentaler gerieben 150G
04104420076686,nutrition_basis_lost_100g,Source basis 100 GRM omitted from CSV,487,Emmentaler gerieben 150G
04104420076686,less_than_qualifier_lost,"SUGAR- < 0.5 GRM, slot .4, group preparationState; CSV has no qualifier",487,Emmentaler gerieben 150G
04104420076686,less_than_qualifier_lost,"CHOAVL < 0.5 GRM, slot .5, group preparationState; CSV has no qualifier",487,Emmentaler gerieben 150G
04104420076686,less_than_qualifier_lost,"FIBTG < 0.5 GRM, slot .6, group preparationState; CSV has no qualifier",487,Emmentaler gerieben 150G
04104420079205,brand_mapping,Exported description as brand: 'Gouda gerieben 150G'; source TIDBrandName='Alnatura',488,Gouda gerieben 150G
04104420079205,market_country_mapping,CSV blank; source TargetMarketCountryCode=276; lowercase targetMarketCountryCode is empty,488,Gouda gerieben 150G
04104420079205,nutrition_basis_lost_100g,Source basis 100 GRM omitted from CSV,488,Gouda gerieben 150G
04104420079205,less_than_qualifier_lost,"SUGAR- < 0.5 GRM, slot .4, group preparationState; CSV has no qualifier",488,Gouda gerieben 150G
04104420079205,less_than_qualifier_lost,"CHOAVL < 0.5 GRM, slot .5, group preparationState; CSV has no qualifier",488,Gouda gerieben 150G
04104420079205,less_than_qualifier_lost,"FIBTG < 0.5 GRM, slot .6, group preparationState; CSV has no qualifier",488,Gouda gerieben 150G
04104420079229,brand_mapping,Exported description as brand: 'Mozzarella gerieben 150G'; source TIDBrandName='Alnatura',489,Mozzarella gerieben 150G
04104420079229,market_country_mapping,CSV blank; source TargetMarketCountryCode=276; lowercase targetMarketCountryCode is empty,489,Mozzarella gerieben 150G
04104420079229,nutrition_basis_lost_100g,Source basis 100 GRM omitted from CSV,489,Mozzarella gerieben 150G
04104420079229,less_than_qualifier_lost,"FIBTG < 0.5 GRM, slot .6, group preparationState; CSV has no qualifier",489,Mozzarella gerieben 150G
04104420135888,brand_mapping,Exported description as brand: 'Tofu natur 200G'; source TIDBrandName='Alnatura',490,Tofu natur 200G
04104420135888,market_country_mapping,CSV blank; source TargetMarketCountryCode=276; lowercase targetMarketCountryCode is empty,490,Tofu natur 200G
04104420135888,nutrition_basis_lost_100g,Source basis 100 GRM omitted from CSV,490,Tofu natur 200G
04104420135888,less_than_qualifier_lost,"SUGAR- < 0.5 GRM, slot .5, group preparationState; CSV has no qualifier",490,Tofu natur 200G
04104420141827,brand_mapping,Exported description as brand: 'Joghurtbutter 250g'; source TIDBrandName='Alnatura',491,Joghurtbutter 250g
04104420141827,market_country_mapping,CSV blank; source TargetMarketCountryCode=276; lowercase targetMarketCountryCode is empty,491,Joghurtbutter 250g
04104420141827,nutrition_basis_lost_100g,Source basis 100 GRM omitted from CSV,491,Joghurtbutter 250g
04104420141827,less_than_qualifier_lost,"FIBTG < 0.5 GRM, slot .3, group preparationState; CSV has no qualifier",491,Joghurtbutter 250g
04104420146600,brand_mapping,Exported description as brand: 'Feines Fruchtallerlei 190G'; source TIDBrandName='Alnatura',492,Feines Fruchtallerlei 190G
04104420146600,market_country_mapping,CSV blank; source TargetMarketCountryCode=276; lowercase targetMarketCountryCode is empty,492,Feines Fruchtallerlei 190G
04104420146600,nutrition_basis_lost_100g,Source basis 100 GRM omitted from CSV,492,Feines Fruchtallerlei 190G
04104420146600,less_than_qualifier_lost,"FASAT < 0.1 GRM, slot .5, group preparationState; CSV has no qualifier",492,Feines Fruchtallerlei 190G
04104420146600,less_than_qualifier_lost,"SALTEQ < 0.01 GRM, slot .6, group preparationState; CSV has no qualifier",492,Feines Fruchtallerlei 190G
04104420180741,brand_mapping,"Exported description as brand: 'Pfandglas MoPro 0,15 EUR'; source TIDBrandName='Alnatura'",493,"Pfandglas MoPro 0,15 EUR"
04104420180741,market_country_mapping,CSV blank; source TargetMarketCountryCode=276; lowercase targetMarketCountryCode is empty,493,"Pfandglas MoPro 0,15 EUR"
04104420180758,brand_mapping,"Exported description as brand: 'Pfand Kiste 1,50 EUR 7 %'; source TIDBrandName='Alnatura'",494,"Pfand Kiste 1,50 EUR 7 %"
04104420180758,market_country_mapping,CSV blank; source TargetMarketCountryCode=276; lowercase targetMarketCountryCode is empty,494,"Pfand Kiste 1,50 EUR 7 %"
04104420173392,brand_mapping,Exported description as brand: 'Vegane Pastete auf Hefe-Basis Kräut'; source TIDBrandName='Alnatura',495,Vegane Pastete auf Hefe-Basis Kräut
04104420173392,market_country_mapping,CSV blank; source TargetMarketCountryCode=276; lowercase targetMarketCountryCode is empty,495,Vegane Pastete auf Hefe-Basis Kräut
04104420173392,nutrition_basis_lost_100g,Source basis 100 GRM omitted from CSV,495,Vegane Pastete auf Hefe-Basis Kräut
04104420173392,less_than_qualifier_lost,"SUGAR- < 0.5 GRM, slot .6, group preparationState; CSV has no qualifier",495,Vegane Pastete auf Hefe-Basis Kräut
04104420178816,brand_mapping,Exported description as brand: 'Dinkelwaffeln 100G'; source TIDBrandName='Alnatura',496,Dinkelwaffeln 100G
04104420178816,market_country_mapping,CSV blank; source TargetMarketCountryCode=276; lowercase targetMarketCountryCode is empty,496,Dinkelwaffeln 100G
04104420178816,nutrition_basis_lost_100g,Source basis 100 GRM omitted from CSV,496,Dinkelwaffeln 100G
04104420178816,less_than_qualifier_lost,"SALTEQ < 0.01 GRM, slot .6, group preparationState; CSV has no qualifier",496,Dinkelwaffeln 100G
04104420180833,brand_mapping,Exported description as brand: 'Kokosöl nativ 220ML'; source TIDBrandName='Alnatura',497,Kokosöl nativ 220ML
04104420180833,market_country_mapping,CSV blank; source TargetMarketCountryCode=276; lowercase targetMarketCountryCode is empty,497,Kokosöl nativ 220ML
04104420180833,less_than_qualifier_lost,"CHOAVL < 0.5 GRM, slot .2, group preparationState; CSV has no qualifier",497,Kokosöl nativ 220ML
04104420180833,less_than_qualifier_lost,"SUGAR- < 0.5 GRM, slot .3, group preparationState; CSV has no qualifier",497,Kokosöl nativ 220ML
04104420180833,less_than_qualifier_lost,"FIBTG < 0.5 GRM, slot .4, group preparationState; CSV has no qualifier",497,Kokosöl nativ 220ML
04104420180833,less_than_qualifier_lost,"PRO- < 0.5 GRM, slot .5, group preparationState; CSV has no qualifier",497,Kokosöl nativ 220ML
04104420180833,less_than_qualifier_lost,"SALTEQ < 0.01 GRM, slot .6, group preparationState; CSV has no qualifier",497,Kokosöl nativ 220ML
04104420177673,brand_mapping,Exported description as brand: 'Tahin Sesammus 250G'; source TIDBrandName='Alnatura',498,Tahin Sesammus 250G
04104420177673,market_country_mapping,CSV blank; source TargetMarketCountryCode=276; lowercase targetMarketCountryCode is empty,498,Tahin Sesammus 250G
04104420177673,nutrition_basis_lost_100g,Source basis 100 GRM omitted from CSV,498,Tahin Sesammus 250G
04104420177673,less_than_qualifier_lost,"SUGAR- < 0.5 GRM, slot .5, group preparationState; CSV has no qualifier",498,Tahin Sesammus 250G
04104420177673,less_than_qualifier_lost,"SALTEQ < 0.01 GRM, slot .6, group preparationState; CSV has no qualifier",498,Tahin Sesammus 250G
04104420180338,brand_mapping,Exported description as brand: 'Basis Müsli 750G'; source TIDBrandName='Alnatura',499,Basis Müsli 750G
04104420180338,market_country_mapping,CSV blank; source TargetMarketCountryCode=276; lowercase targetMarketCountryCode is empty,499,Basis Müsli 750G
04104420180338,nutrition_basis_lost_100g,Source basis 100 GRM omitted from CSV,499,Basis Müsli 750G
04104420178458,brand_mapping,Exported description as brand: 'Soft Tomaten 100g'; source TIDBrandName='Alnatura',500,Soft Tomaten 100g
04104420178458,market_country_mapping,CSV blank; source TargetMarketCountryCode=276; lowercase targetMarketCountryCode is empty,500,Soft Tomaten 100g
04104420178458,nutrition_basis_lost_100g,Source basis 100 GRM omitted from CSV,500,Soft Tomaten 100g
04104420178458,less_than_qualifier_lost,"FAMSCIS < 0.1 GRM, slot .7, group preparationState; CSV has no qualifier",500,Soft Tomaten 100g
04104420178458,less_than_qualifier_lost,"FAPUCIS < 0.1 GRM, slot .8, group preparationState; CSV has no qualifier",500,Soft Tomaten 100g
04104420179417,brand_mapping,"Exported description as brand: 'Hageb. Tee m. Hibiskus Btl. 20x2,25'; source TIDBrandName='Alnatura'",501,"Hageb. Tee m. Hibiskus Btl. 20x2,25"
04104420179417,market_country_mapping,CSV blank; source TargetMarketCountryCode=276; lowercase targetMarketCountryCode is empty,501,"Hageb. Tee m. Hibiskus Btl. 20x2,25"
04104420179493,brand_mapping,"Exported description as brand: 'Fenchel Anis Kümmel Tee Btl.20x2,25'; source TIDBrandName='Alnatura'",502,"Fenchel Anis Kümmel Tee Btl.20x2,25"
04104420179493,market_country_mapping,CSV blank; source TargetMarketCountryCode=276; lowercase targetMarketCountryCode is empty,502,"Fenchel Anis Kümmel Tee Btl.20x2,25"
04104420179370,brand_mapping,"Exported description as brand: 'Milder Früchte Tee Btl. 20x2,25g 45'; source TIDBrandName='Alnatura'",503,"Milder Früchte Tee Btl. 20x2,25g 45"
04104420179370,market_country_mapping,CSV blank; source TargetMarketCountryCode=276; lowercase targetMarketCountryCode is empty,503,"Milder Früchte Tee Btl. 20x2,25g 45"
04104420179721,brand_mapping,Exported description as brand: 'Mandelmus braun 250G'; source TIDBrandName='Alnatura',504,Mandelmus braun 250G
04104420179721,market_country_mapping,CSV blank; source TargetMarketCountryCode=276; lowercase targetMarketCountryCode is empty,504,Mandelmus braun 250G
04104420179721,nutrition_basis_lost_100g,Source basis 100 GRM omitted from CSV,504,Mandelmus braun 250G
04104420179721,less_than_qualifier_lost,"SALTEQ < 0.01 GRM, slot .6, group preparationState; CSV has no qualifier",504,Mandelmus braun 250G
04104420181670,brand_mapping,Exported description as brand: 'Cashewmus 250G'; source TIDBrandName='Alnatura',505,Cashewmus 250G
04104420181670,market_country_mapping,CSV blank; source TargetMarketCountryCode=276; lowercase targetMarketCountryCode is empty,505,Cashewmus 250G
04104420181670,nutrition_basis_lost_100g,Source basis 100 GRM omitted from CSV,505,Cashewmus 250G
04104420138681,brand_mapping,Exported description as brand: 'Grieß Getreidebrei 250G'; source TIDBrandName='Alnatura',506,Grieß Getreidebrei 250G
04104420138681,market_country_mapping,CSV blank; source TargetMarketCountryCode=276; lowercase targetMarketCountryCode is empty,506,Grieß Getreidebrei 250G
04104420168794,brand_mapping,Exported description as brand: 'Karotte-Zucchini-Süßk.-Rind 220G'; source TIDBrandName='Alnatura',507,Karotte-Zucchini-Süßk.-Rind 220G
04104420168794,market_country_mapping,CSV blank; source TargetMarketCountryCode=276; lowercase targetMarketCountryCode is empty,507,Karotte-Zucchini-Süßk.-Rind 220G
04104420168794,nutrition_basis_lost_100g,Source basis 100 GRM omitted from CSV,507,Karotte-Zucchini-Süßk.-Rind 220G
04104420168794,secondary_serving_size_lost,{'servingSizeValue.1': '220'},507,Karotte-Zucchini-Süßk.-Rind 220G
04104420180451,brand_mapping,Exported description as brand: 'Kreuzkümmel gemahlen 40G'; source TIDBrandName='Alnatura',508,Kreuzkümmel gemahlen 40G
04104420180451,market_country_mapping,CSV blank; source TargetMarketCountryCode=276; lowercase targetMarketCountryCode is empty,508,Kreuzkümmel gemahlen 40G
04104420180499,brand_mapping,Exported description as brand: 'Kurkuma gemahlen 60G'; source TIDBrandName='Alnatura',509,Kurkuma gemahlen 60G
04104420180499,market_country_mapping,CSV blank; source TargetMarketCountryCode=276; lowercase targetMarketCountryCode is empty,509,Kurkuma gemahlen 60G
04104420180369,brand_mapping,Exported description as brand: 'Beeren Müsli 750G'; source TIDBrandName='Alnatura',510,Beeren Müsli 750G
04104420180369,market_country_mapping,CSV blank; source TargetMarketCountryCode=276; lowercase targetMarketCountryCode is empty,510,Beeren Müsli 750G
04104420180369,nutrition_basis_lost_100g,Source basis 100 GRM omitted from CSV,510,Beeren Müsli 750G
04104420182080,brand_mapping,Exported description as brand: 'Frischkäse Natur 175G'; source TIDBrandName='Alnatura',511,Frischkäse Natur 175G
04104420182080,market_country_mapping,CSV blank; source TargetMarketCountryCode=276; lowercase targetMarketCountryCode is empty,511,Frischkäse Natur 175G
04104420182080,nutrition_basis_lost_100g,Source basis 100 GRM omitted from CSV,511,Frischkäse Natur 175G
04104420182080,less_than_qualifier_lost,"FIBTG < 0.5 GRM, slot .6, group preparationState; CSV has no qualifier",511,Frischkäse Natur 175G
04104420182127,brand_mapping,Exported description as brand: 'Frischkäse Kräuter 175G'; source TIDBrandName='Alnatura',512,Frischkäse Kräuter 175G
04104420182127,market_country_mapping,CSV blank; source TargetMarketCountryCode=276; lowercase targetMarketCountryCode is empty,512,Frischkäse Kräuter 175G
04104420182127,nutrition_basis_lost_100g,Source basis 100 GRM omitted from CSV,512,Frischkäse Kräuter 175G
04104420182127,less_than_qualifier_lost,"FIBTG < 0.5 GRM, slot .6, group preparationState; CSV has no qualifier",512,Frischkäse Kräuter 175G
04104420181250,brand_mapping,Exported description as brand: 'Rostbratwürstchen 180G'; source TIDBrandName='Alnatura',513,Rostbratwürstchen 180G
04104420181250,market_country_mapping,CSV blank; source TargetMarketCountryCode=276; lowercase targetMarketCountryCode is empty,513,Rostbratwürstchen 180G
04104420181250,nutrition_basis_lost_100g,Source basis 100 GRM omitted from CSV,513,Rostbratwürstchen 180G
04104420181250,less_than_qualifier_lost,"SUGAR- < 0.5 GRM, slot .6, group preparationState; CSV has no qualifier",513,Rostbratwürstchen 180G
04104420178656,brand_mapping,Exported description as brand: 'Steirisches Kürbiskernöl g.g.A. 100'; source TIDBrandName='Alnatura',514,Steirisches Kürbiskernöl g.g.A. 100
04104420178656,market_country_mapping,CSV blank; source TargetMarketCountryCode=276; lowercase targetMarketCountryCode is empty,514,Steirisches Kürbiskernöl g.g.A. 100
04104420178656,less_than_qualifier_lost,"CHOAVL < 0.5 GRM, slot .2, group preparationState; CSV has no qualifier",514,Steirisches Kürbiskernöl g.g.A. 100
04104420178656,less_than_qualifier_lost,"SUGAR- < 0.5 GRM, slot .3, group preparationState; CSV has no qualifier",514,Steirisches Kürbiskernöl g.g.A. 100
04104420178656,less_than_qualifier_lost,"FIBTG < 0.5 GRM, slot .4, group preparationState; CSV has no qualifier",514,Steirisches Kürbiskernöl g.g.A. 100
04104420178656,less_than_qualifier_lost,"PRO- < 0.5 GRM, slot .5, group preparationState; CSV has no qualifier",514,Steirisches Kürbiskernöl g.g.A. 100
04104420178656,less_than_qualifier_lost,"SALTEQ < 0.01 GRM, slot .6, group preparationState; CSV has no qualifier",514,Steirisches Kürbiskernöl g.g.A. 100
04104420172869,brand_mapping,Exported description as brand: 'Soja Natur vegan 400G'; source TIDBrandName='Alnatura',515,Soja Natur vegan 400G
04104420172869,market_country_mapping,CSV blank; source TargetMarketCountryCode=276; lowercase targetMarketCountryCode is empty,515,Soja Natur vegan 400G
04104420172869,nutrition_basis_lost_100g,Source basis 100 GRM omitted from CSV,515,Soja Natur vegan 400G
04104420172869,less_than_qualifier_lost,"FIBTG < 0.5 GRM, slot .2, group preparationState; CSV has no qualifier",515,Soja Natur vegan 400G
04104420172869,less_than_qualifier_lost,"CHOAVL < 0.5 GRM, slot .3, group preparationState; CSV has no qualifier",515,Soja Natur vegan 400G
04104420172869,less_than_qualifier_lost,"SUGAR- < 0.5 GRM, slot .4, group preparationState; CSV has no qualifier",515,Soja Natur vegan 400G
04104420179455,brand_mapping,"Exported description as brand: 'Fenchel Tee Btl. 20x2,25g 45g'; source TIDBrandName='Alnatura'",516,"Fenchel Tee Btl. 20x2,25g 45g"
04104420179455,market_country_mapping,CSV blank; source TargetMarketCountryCode=276; lowercase targetMarketCountryCode is empty,516,"Fenchel Tee Btl. 20x2,25g 45g"
04104420182240,brand_mapping,Exported description as brand: 'Kartoffelknödel 225G'; source TIDBrandName='Alnatura',517,Kartoffelknödel 225G
04104420182240,market_country_mapping,CSV blank; source TargetMarketCountryCode=276; lowercase targetMarketCountryCode is empty,517,Kartoffelknödel 225G
04104420182240,nutrition_basis_lost_100g,Source basis 100 GRM omitted from CSV,517,Kartoffelknödel 225G
04104420182240,less_than_qualifier_lost,"SUGAR- < 0.5 GRM, slot .4, group preparationState; CSV has no qualifier",517,Kartoffelknödel 225G
04104420182240,less_than_qualifier_lost,"FAT < 0.5 GRM, slot .5, group preparationState; CSV has no qualifier",517,Kartoffelknödel 225G
04104420182240,less_than_qualifier_lost,"FASAT < 0.1 GRM, slot .6, group preparationState; CSV has no qualifier",517,Kartoffelknödel 225G
04104420181380,brand_mapping,Exported description as brand: 'Flohsamenschalen 200g'; source TIDBrandName='Alnatura',518,Flohsamenschalen 200g
04104420181380,market_country_mapping,CSV blank; source TargetMarketCountryCode=276; lowercase targetMarketCountryCode is empty,518,Flohsamenschalen 200g
04104420181380,nutrition_basis_lost_100g,Source basis 100 GRM omitted from CSV,518,Flohsamenschalen 200g
04104420181380,less_than_qualifier_lost,"SUGAR- < 0.5 GRM, slot .4, group preparationState; CSV has no qualifier",518,Flohsamenschalen 200g
04104420182967,brand_mapping,Exported description as brand: 'Dinkel Kekse 125G'; source TIDBrandName='Alnatura',519,Dinkel Kekse 125G
04104420182967,market_country_mapping,CSV blank; source TargetMarketCountryCode=276; lowercase targetMarketCountryCode is empty,519,Dinkel Kekse 125G
04104420182967,nutrition_basis_lost_100g,Source basis 100 GRM omitted from CSV,519,Dinkel Kekse 125G
04104420182967,less_than_qualifier_lost,"SALTEQ < 0.01 GRM, slot .15, group preparationState.1; CSV has no qualifier",519,Dinkel Kekse 125G
04104420182967,secondary_serving_size_lost,{'servingSizeValue.1': '2.5'},519,Dinkel Kekse 125G
04104420183063,brand_mapping,Exported description as brand: 'Panna Cotta 130g'; source TIDBrandName='Alnatura',520,Panna Cotta 130g
04104420183063,market_country_mapping,CSV blank; source TargetMarketCountryCode=276; lowercase targetMarketCountryCode is empty,520,Panna Cotta 130g
04104420183063,nutrition_basis_lost_100g,Source basis 100 GRM omitted from CSV,520,Panna Cotta 130g
04104420180420,brand_mapping,Exported description as brand: 'Früchte Müsli 750G'; source TIDBrandName='Alnatura',521,Früchte Müsli 750G
04104420180420,market_country_mapping,CSV blank; source TargetMarketCountryCode=276; lowercase targetMarketCountryCode is empty,521,Früchte Müsli 750G
04104420180420,nutrition_basis_lost_100g,Source basis 100 GRM omitted from CSV,521,Früchte Müsli 750G
04104420181489,brand_mapping,Exported description as brand: 'Sojamehl 300G'; source TIDBrandName='Alnatura',522,Sojamehl 300G
04104420181489,market_country_mapping,CSV blank; source TargetMarketCountryCode=276; lowercase targetMarketCountryCode is empty,522,Sojamehl 300G
04104420181489,nutrition_basis_lost_100g,Source basis 100 GRM omitted from CSV,522,Sojamehl 300G
04104420181489,less_than_qualifier_lost,"SALTEQ < 0.01 GRM, slot .6, group preparationState; CSV has no qualifier",522,Sojamehl 300G
04104420180918,brand_mapping,Exported description as brand: 'Tomatenmark in der Tube 200G'; source TIDBrandName='Alnatura',523,Tomatenmark in der Tube 200G
04104420180918,market_country_mapping,CSV blank; source TargetMarketCountryCode=276; lowercase targetMarketCountryCode is empty,523,Tomatenmark in der Tube 200G
04104420180918,nutrition_basis_lost_100g,Source basis 100 GRM omitted from CSV,523,Tomatenmark in der Tube 200G
04104420180918,less_than_qualifier_lost,"FAT < 0.5 GRM, slot .4, group preparationState; CSV has no qualifier",523,Tomatenmark in der Tube 200G
04104420180918,less_than_qualifier_lost,"FASAT < 0.1 GRM, slot .5, group preparationState; CSV has no qualifier",523,Tomatenmark in der Tube 200G
04104420183384,brand_mapping,Exported description as brand: 'Crema con Aceto Balsamico 250ML'; source TIDBrandName='Alnatura',524,Crema con Aceto Balsamico 250ML
04104420183384,market_country_mapping,CSV blank; source TargetMarketCountryCode=276; lowercase targetMarketCountryCode is empty,524,Crema con Aceto Balsamico 250ML
04104420183384,less_than_qualifier_lost,"FAT < 0.5 GRM, slot .4, group preparationState; CSV has no qualifier",524,Crema con Aceto Balsamico 250ML
04104420183384,less_than_qualifier_lost,"FASAT < 0.1 GRM, slot .5, group preparationState; CSV has no qualifier",524,Crema con Aceto Balsamico 250ML
04104420183995,brand_mapping,Exported description as brand: 'Hefewürfel 42g'; source TIDBrandName='Alnatura',525,Hefewürfel 42g
04104420183995,market_country_mapping,CSV blank; source TargetMarketCountryCode=276; lowercase targetMarketCountryCode is empty,525,Hefewürfel 42g
04104420182998,brand_mapping,Exported description as brand: 'Weizen 1.000G'; source TIDBrandName='Alnatura',526,Weizen 1.000G
04104420182998,market_country_mapping,CSV blank; source TargetMarketCountryCode=276; lowercase targetMarketCountryCode is empty,526,Weizen 1.000G
04104420182998,nutrition_basis_lost_100g,Source basis 100 GRM omitted from CSV,526,Weizen 1.000G
04104420181427,brand_mapping,Exported description as brand: 'Kokosmehl 300G'; source TIDBrandName='Alnatura',527,Kokosmehl 300G
04104420181427,market_country_mapping,CSV blank; source TargetMarketCountryCode=276; lowercase targetMarketCountryCode is empty,527,Kokosmehl 300G
04104420181427,nutrition_basis_lost_100g,Source basis 100 GRM omitted from CSV,527,Kokosmehl 300G
04104420177505,brand_mapping,Exported description as brand: 'Gemüseaufstrich Tomate Kräuter 135G'; source TIDBrandName='Alnatura',528,Gemüseaufstrich Tomate Kräuter 135G
04104420177505,market_country_mapping,CSV blank; source TargetMarketCountryCode=276; lowercase targetMarketCountryCode is empty,528,Gemüseaufstrich Tomate Kräuter 135G
04104420177505,nutrition_basis_lost_100g,Source basis 100 GRM omitted from CSV,528,Gemüseaufstrich Tomate Kräuter 135G
04104420177543,brand_mapping,Exported description as brand: 'Gemüseaufstrich Paprika Walnuss 135'; source TIDBrandName='Alnatura',529,Gemüseaufstrich Paprika Walnuss 135
04104420177543,market_country_mapping,CSV blank; source TargetMarketCountryCode=276; lowercase targetMarketCountryCode is empty,529,Gemüseaufstrich Paprika Walnuss 135
04104420177543,nutrition_basis_lost_100g,Source basis 100 GRM omitted from CSV,529,Gemüseaufstrich Paprika Walnuss 135
04104420182554,brand_mapping,Exported description as brand: 'Linsen Dal Aufstrich 115g'; source TIDBrandName='Alnatura',530,Linsen Dal Aufstrich 115g
04104420182554,market_country_mapping,CSV blank; source TargetMarketCountryCode=276; lowercase targetMarketCountryCode is empty,530,Linsen Dal Aufstrich 115g
04104420182554,nutrition_basis_lost_100g,Source basis 100 GRM omitted from CSV,530,Linsen Dal Aufstrich 115g
04104420186903,brand_mapping,Exported description as brand: 'Vanille Pudding 150G'; source TIDBrandName='Alnatura',531,Vanille Pudding 150G
04104420186903,market_country_mapping,CSV blank; source TargetMarketCountryCode=276; lowercase targetMarketCountryCode is empty,531,Vanille Pudding 150G
04104420186903,nutrition_basis_lost_100g,Source basis 100 GRM omitted from CSV,531,Vanille Pudding 150G
04104420186903,less_than_qualifier_lost,"FIBTG < 0.5 GRM, slot .5, group preparationState; CSV has no qualifier",531,Vanille Pudding 150G
04104420182844,brand_mapping,Exported description as brand: 'Dattelsirup 180ML'; source TIDBrandName='Alnatura',532,Dattelsirup 180ML
04104420182844,market_country_mapping,CSV blank; source TargetMarketCountryCode=276; lowercase targetMarketCountryCode is empty,532,Dattelsirup 180ML
04104420182844,nutrition_basis_lost_100g,Source basis 100 GRM omitted from CSV,532,Dattelsirup 180ML
04104420182844,less_than_qualifier_lost,"FAT < 0.5 GRM, slot .4, group preparationState; CSV has no qualifier",532,Dattelsirup 180ML
04104420182844,less_than_qualifier_lost,"FASAT < 0.1 GRM, slot .6, group preparationState; CSV has no qualifier",532,Dattelsirup 180ML
04104420183094,brand_mapping,Exported description as brand: 'Kokos Chips geröstet 100G'; source TIDBrandName='Alnatura',533,Kokos Chips geröstet 100G
04104420183094,market_country_mapping,CSV blank; source TargetMarketCountryCode=276; lowercase targetMarketCountryCode is empty,533,Kokos Chips geröstet 100G
04104420183094,nutrition_basis_lost_100g,Source basis 100 GRM omitted from CSV,533,Kokos Chips geröstet 100G
04104420185470,brand_mapping,"Exported description as brand: 'Pinot Grigio 0,75L'; source TIDBrandName='Alnatura'",534,"Pinot Grigio 0,75L"
04104420185470,market_country_mapping,CSV blank; source TargetMarketCountryCode=276; lowercase targetMarketCountryCode is empty,534,"Pinot Grigio 0,75L"
04104420185074,brand_mapping,"Exported description as brand: 'La Mancha Tinto 0,75L'; source TIDBrandName='Alnatura'",535,"La Mancha Tinto 0,75L"
04104420185074,market_country_mapping,CSV blank; source TargetMarketCountryCode=276; lowercase targetMarketCountryCode is empty,535,"La Mancha Tinto 0,75L"
04104420185111,brand_mapping,Exported description as brand: 'La Mancha Tinto 250ML'; source TIDBrandName='Alnatura',536,La Mancha Tinto 250ML
04104420185111,market_country_mapping,CSV blank; source TargetMarketCountryCode=276; lowercase targetMarketCountryCode is empty,536,La Mancha Tinto 250ML
04104420185432,brand_mapping,"Exported description as brand: 'Chardonnay 0,75L'; source TIDBrandName='Alnatura'",537,"Chardonnay 0,75L"
04104420185432,market_country_mapping,CSV blank; source TargetMarketCountryCode=276; lowercase targetMarketCountryCode is empty,537,"Chardonnay 0,75L"
04104420185555,brand_mapping,Exported description as brand: 'La Mancha Blanco 250ML'; source TIDBrandName='Alnatura',538,La Mancha Blanco 250ML
04104420185555,market_country_mapping,CSV blank; source TargetMarketCountryCode=276; lowercase targetMarketCountryCode is empty,538,La Mancha Blanco 250ML
04104420187054,brand_mapping,Exported description as brand: 'Hinterschinken gekocht 80G'; source TIDBrandName='Alnatura',539,Hinterschinken gekocht 80G
04104420187054,market_country_mapping,CSV blank; source TargetMarketCountryCode=276; lowercase targetMarketCountryCode is empty,539,Hinterschinken gekocht 80G
04104420187054,nutrition_basis_lost_100g,Source basis 100 GRM omitted from CSV,539,Hinterschinken gekocht 80G
04104420187214,brand_mapping,Exported description as brand: 'Lachsschinken 80G'; source TIDBrandName='Alnatura',540,Lachsschinken 80G
04104420187214,market_country_mapping,CSV blank; source TargetMarketCountryCode=276; lowercase targetMarketCountryCode is empty,540,Lachsschinken 80G
04104420187214,nutrition_basis_lost_100g,Source basis 100 GRM omitted from CSV,540,Lachsschinken 80G
04104420187214,less_than_qualifier_lost,"SUGAR- < 0.5 GRM, slot .5, group preparationState; CSV has no qualifier",540,Lachsschinken 80G
04104420187290,brand_mapping,Exported description as brand: 'Alnatura Sommersalami 80G'; source TIDBrandName='Alnatura',541,Alnatura Sommersalami 80G
04104420187290,market_country_mapping,CSV blank; source TargetMarketCountryCode=276; lowercase targetMarketCountryCode is empty,541,Alnatura Sommersalami 80G
04104420187290,nutrition_basis_lost_100g,Source basis 100 GRM omitted from CSV,541,Alnatura Sommersalami 80G
04104420187290,less_than_qualifier_lost,"SUGAR- < 0.5 GRM, slot .5, group preparationState; CSV has no qualifier",541,Alnatura Sommersalami 80G
04104420187337,brand_mapping,Exported description as brand: 'Landsalami luftgetrocknet 80G'; source TIDBrandName='Alnatura',542,Landsalami luftgetrocknet 80G
04104420187337,market_country_mapping,CSV blank; source TargetMarketCountryCode=276; lowercase targetMarketCountryCode is empty,542,Landsalami luftgetrocknet 80G
04104420187337,nutrition_basis_lost_100g,Source basis 100 GRM omitted from CSV,542,Landsalami luftgetrocknet 80G
04104420187337,less_than_qualifier_lost,"SUGAR- < 0.5 GRM, slot .5, group preparationState; CSV has no qualifier",542,Landsalami luftgetrocknet 80G
04104420187375,brand_mapping,Exported description as brand: 'Rindersalami 80G'; source TIDBrandName='Alnatura',543,Rindersalami 80G
04104420187375,market_country_mapping,CSV blank; source TargetMarketCountryCode=276; lowercase targetMarketCountryCode is empty,543,Rindersalami 80G
04104420187375,nutrition_basis_lost_100g,Source basis 100 GRM omitted from CSV,543,Rindersalami 80G
04104420187375,less_than_qualifier_lost,"SUGAR- < 0.5 GRM, slot .5, group preparationState; CSV has no qualifier",543,Rindersalami 80G
04104420185159,brand_mapping,"Exported description as brand: 'Monastrell 0,75L'; source TIDBrandName='Alnatura'",544,"Monastrell 0,75L"
04104420185159,market_country_mapping,CSV blank; source TargetMarketCountryCode=276; lowercase targetMarketCountryCode is empty,544,"Monastrell 0,75L"
04104420187412,brand_mapping,Exported description as brand: 'Rinderschinken 80G'; source TIDBrandName='Alnatura',545,Rinderschinken 80G
04104420187412,market_country_mapping,CSV blank; source TargetMarketCountryCode=276; lowercase targetMarketCountryCode is empty,545,Rinderschinken 80G
04104420187412,nutrition_basis_lost_100g,Source basis 100 GRM omitted from CSV,545,Rinderschinken 80G
04104420187412,less_than_qualifier_lost,"SUGAR- < 0.5 GRM, slot .5, group preparationState; CSV has no qualifier",545,Rinderschinken 80G
04104420202962,brand_mapping,Exported description as brand: 'Dinkel Löffel Kekse 125G'; source TIDBrandName='Alnatura',546,Dinkel Löffel Kekse 125G
04104420202962,market_country_mapping,CSV blank; source TargetMarketCountryCode=276; lowercase targetMarketCountryCode is empty,546,Dinkel Löffel Kekse 125G
04104420202962,nutrition_basis_lost_100g,Source basis 100 GRM omitted from CSV,546,Dinkel Löffel Kekse 125G
04104420202962,secondary_serving_size_lost,{'servingSizeValue.1': '7'},546,Dinkel Löffel Kekse 125G
04104420187894,brand_mapping,Exported description as brand: 'Kidney Bohnen 400G'; source TIDBrandName='Alnatura',547,Kidney Bohnen 400G
04104420187894,market_country_mapping,CSV blank; source TargetMarketCountryCode=276; lowercase targetMarketCountryCode is empty,547,Kidney Bohnen 400G
04104420187894,nutrition_basis_lost_100g,Source basis 100 GRM omitted from CSV,547,Kidney Bohnen 400G
04104420187894,less_than_qualifier_lost,"SUGAR- < 0.5 GRM, slot .3, group preparationState; CSV has no qualifier",547,Kidney Bohnen 400G
04104420187894,less_than_qualifier_lost,"FAT < 0.5 GRM, slot .4, group preparationState; CSV has no qualifier",547,Kidney Bohnen 400G
04104420187894,less_than_qualifier_lost,"FASAT < 0.1 GRM, slot .6, group preparationState; CSV has no qualifier",547,Kidney Bohnen 400G
04104420187931,brand_mapping,Exported description as brand: 'Linsen 400G'; source TIDBrandName='Alnatura',548,Linsen 400G
04104420187931,market_country_mapping,CSV blank; source TargetMarketCountryCode=276; lowercase targetMarketCountryCode is empty,548,Linsen 400G
04104420187931,nutrition_basis_lost_100g,Source basis 100 GRM omitted from CSV,548,Linsen 400G
04104420187931,less_than_qualifier_lost,"SUGAR- < 0.5 GRM, slot .3, group preparationState; CSV has no qualifier",548,Linsen 400G
04104420187931,less_than_qualifier_lost,"FAT < 0.5 GRM, slot .4, group preparationState; CSV has no qualifier",548,Linsen 400G
04104420187931,less_than_qualifier_lost,"FASAT < 0.1 GRM, slot .6, group preparationState; CSV has no qualifier",548,Linsen 400G
04104420187979,brand_mapping,Exported description as brand: 'Weiße Bohnen 400G'; source TIDBrandName='Alnatura',549,Weiße Bohnen 400G
04104420187979,market_country_mapping,CSV blank; source TargetMarketCountryCode=276; lowercase targetMarketCountryCode is empty,549,Weiße Bohnen 400G
04104420187979,nutrition_basis_lost_100g,Source basis 100 GRM omitted from CSV,549,Weiße Bohnen 400G
04104420187979,less_than_qualifier_lost,"FAT < 0.5 GRM, slot .4, group preparationState; CSV has no qualifier",549,Weiße Bohnen 400G
04104420187979,less_than_qualifier_lost,"FASAT < 0.1 GRM, slot .6, group preparationState; CSV has no qualifier",549,Weiße Bohnen 400G
04104420146860,brand_mapping,Exported description as brand: 'Reissirup 250ML'; source TIDBrandName='Alnatura',550,Reissirup 250ML
04104420146860,market_country_mapping,CSV blank; source TargetMarketCountryCode=276; lowercase targetMarketCountryCode is empty,550,Reissirup 250ML
04104420146860,nutrition_basis_lost_100g,Source basis 100 GRM omitted from CSV,550,Reissirup 250ML
04104420146860,less_than_qualifier_lost,"FAT < 0.5 GRM, slot .2, group preparationState; CSV has no qualifier",550,Reissirup 250ML
04104420146860,less_than_qualifier_lost,"FIBTG < 0.5 GRM, slot .3, group preparationState; CSV has no qualifier",550,Reissirup 250ML
04104420146860,less_than_qualifier_lost,"PRO- < 0.5 GRM, slot .4, group preparationState; CSV has no qualifier",550,Reissirup 250ML
04104420146860,less_than_qualifier_lost,"FASAT < 0.1 GRM, slot .5, group preparationState; CSV has no qualifier",550,Reissirup 250ML
04104420184954,brand_mapping,"Exported description as brand: 'Merlot Italien 0,75L'; source TIDBrandName='Alnatura'",551,"Merlot Italien 0,75L"
04104420184954,market_country_mapping,CSV blank; source TargetMarketCountryCode=276; lowercase targetMarketCountryCode is empty,551,"Merlot Italien 0,75L"
04104420203693,brand_mapping,Exported description as brand: 'Studentenfutter 400G'; source TIDBrandName='Alnatura',552,Studentenfutter 400G
04104420203693,market_country_mapping,CSV blank; source TargetMarketCountryCode=276; lowercase targetMarketCountryCode is empty,552,Studentenfutter 400G
04104420203693,nutrition_basis_lost_100g,Source basis 100 GRM omitted from CSV,552,Studentenfutter 400G
04104420186866,brand_mapping,Exported description as brand: 'Pastinaken-Zucchini-Blumenk. 190G'; source TIDBrandName='Alnatura',553,Pastinaken-Zucchini-Blumenk. 190G
04104420186866,market_country_mapping,CSV blank; source TargetMarketCountryCode=276; lowercase targetMarketCountryCode is empty,553,Pastinaken-Zucchini-Blumenk. 190G
04104420186866,nutrition_basis_lost_100g,Source basis 100 GRM omitted from CSV,553,Pastinaken-Zucchini-Blumenk. 190G
04104420204072,brand_mapping,Exported description as brand: 'Bacon 80g'; source TIDBrandName='Alnatura',554,Bacon 80g
04104420204072,market_country_mapping,CSV blank; source TargetMarketCountryCode=276; lowercase targetMarketCountryCode is empty,554,Bacon 80g
04104420204072,nutrition_basis_lost_100g,Source basis 100 GRM omitted from CSV,554,Bacon 80g
04104420204072,less_than_qualifier_lost,"SUGAR- < 0.5 GRM, slot .5, group preparationState; CSV has no qualifier",554,Bacon 80g
04104420184497,brand_mapping,Exported description as brand: 'Quinoaflocken 250G'; source TIDBrandName='Alnatura',555,Quinoaflocken 250G
04104420184497,market_country_mapping,CSV blank; source TargetMarketCountryCode=276; lowercase targetMarketCountryCode is empty,555,Quinoaflocken 250G
04104420184497,nutrition_basis_lost_100g,Source basis 100 GRM omitted from CSV,555,Quinoaflocken 250G
04104420184497,less_than_qualifier_lost,"SUGAR- < 0.5 GRM, slot .5, group preparationState; CSV has no qualifier",555,Quinoaflocken 250G
04104420186477,brand_mapping,Exported description as brand: 'Dinkelsemmelbrösel 200G'; source TIDBrandName='Alnatura',556,Dinkelsemmelbrösel 200G
04104420186477,market_country_mapping,CSV blank; source TargetMarketCountryCode=276; lowercase targetMarketCountryCode is empty,556,Dinkelsemmelbrösel 200G
04104420186477,nutrition_basis_lost_100g,Source basis 100 GRM omitted from CSV,556,Dinkelsemmelbrösel 200G
04104420186477,less_than_qualifier_lost,"SALTEQ < 0.01 GRM, slot .6, group preparationState; CSV has no qualifier",556,Dinkelsemmelbrösel 200G
04104420185197,brand_mapping,"Exported description as brand: 'Navarra Tempranillo Merlot 0,75L'; source TIDBrandName='Alnatura'",557,"Navarra Tempranillo Merlot 0,75L"
04104420185197,market_country_mapping,CSV blank; source TargetMarketCountryCode=276; lowercase targetMarketCountryCode is empty,557,"Navarra Tempranillo Merlot 0,75L"
04104420203730,brand_mapping,Exported description as brand: 'Apfel-Birne-Kirsche 190G'; source TIDBrandName='Alnatura',558,Apfel-Birne-Kirsche 190G
04104420203730,market_country_mapping,CSV blank; source TargetMarketCountryCode=276; lowercase targetMarketCountryCode is empty,558,Apfel-Birne-Kirsche 190G
04104420203730,nutrition_basis_lost_100g,Source basis 100 GRM omitted from CSV,558,Apfel-Birne-Kirsche 190G
04104420203730,less_than_qualifier_lost,"SALTEQ < 0.01 GRM, slot .6, group preparationState; CSV has no qualifier",558,Apfel-Birne-Kirsche 190G
04104420188174,brand_mapping,"Exported description as brand: 'Reiswaffeln Rote Bete Apfel 23,5G'; source TIDBrandName='Alnatura'",559,"Reiswaffeln Rote Bete Apfel 23,5G"
04104420188174,market_country_mapping,CSV blank; source TargetMarketCountryCode=276; lowercase targetMarketCountryCode is empty,559,"Reiswaffeln Rote Bete Apfel 23,5G"
04104420188174,nutrition_basis_lost_100g,Source basis 100 GRM omitted from CSV,559,"Reiswaffeln Rote Bete Apfel 23,5G"
04104420204225,brand_mapping,Exported description as brand: 'Kokos Drink Natur 1L'; source TIDBrandName='Alnatura',560,Kokos Drink Natur 1L
04104420204225,market_country_mapping,CSV blank; source TargetMarketCountryCode=276; lowercase targetMarketCountryCode is empty,560,Kokos Drink Natur 1L
04104420204225,less_than_qualifier_lost,"FAT < 0.5 GRM, slot .3, group preparationState; CSV has no qualifier",560,Kokos Drink Natur 1L
04104420204225,less_than_qualifier_lost,"FIBTG < 0.5 GRM, slot .4, group preparationState; CSV has no qualifier",560,Kokos Drink Natur 1L
04104420204225,less_than_qualifier_lost,"FASAT < 0.1 GRM, slot .5, group preparationState; CSV has no qualifier",560,Kokos Drink Natur 1L
04104420204263,brand_mapping,Exported description as brand: 'Hafer Drink Cappuccino 230 ml'; source TIDBrandName='Alnatura',561,Hafer Drink Cappuccino 230 ml
04104420204263,market_country_mapping,CSV blank; source TargetMarketCountryCode=276; lowercase targetMarketCountryCode is empty,561,Hafer Drink Cappuccino 230 ml
04104420204263,less_than_qualifier_lost,"FIBTG < 0.5 GRM, slot .3, group preparationState; CSV has no qualifier",561,Hafer Drink Cappuccino 230 ml
04104420204263,less_than_qualifier_lost,"PRO- < 0.5 GRM, slot .4, group preparationState; CSV has no qualifier",561,Hafer Drink Cappuccino 230 ml
04104420205444,brand_mapping,Exported description as brand: 'Karotten Kokos Suppe 375ML'; source TIDBrandName='Alnatura',562,Karotten Kokos Suppe 375ML
04104420205444,market_country_mapping,CSV blank; source TargetMarketCountryCode=276; lowercase targetMarketCountryCode is empty,562,Karotten Kokos Suppe 375ML
04104420205482,brand_mapping,Exported description as brand: 'Rote Linsen Suppe 375ML'; source TIDBrandName='Alnatura',563,Rote Linsen Suppe 375ML
04104420205482,market_country_mapping,CSV blank; source TargetMarketCountryCode=276; lowercase targetMarketCountryCode is empty,563,Rote Linsen Suppe 375ML
04104420112186,brand_mapping,Exported description as brand: 'Sommergemüse (TK) 300G'; source TIDBrandName='Alnatura',564,Sommergemüse (TK) 300G
04104420112186,market_country_mapping,CSV blank; source TargetMarketCountryCode=276; lowercase targetMarketCountryCode is empty,564,Sommergemüse (TK) 300G
04104420112186,nutrition_basis_lost_100g,Source basis 100 GRM omitted from CSV,564,Sommergemüse (TK) 300G
04104420112186,less_than_qualifier_lost,"FAT < 0.5 GRM, slot .4, group preparationState; CSV has no qualifier",564,Sommergemüse (TK) 300G
04104420112186,less_than_qualifier_lost,"FASAT < 0.1 GRM, slot .5, group preparationState; CSV has no qualifier",564,Sommergemüse (TK) 300G
04104420112209,brand_mapping,Exported description as brand: 'Buttergemüse (TK) 300G'; source TIDBrandName='Alnatura',565,Buttergemüse (TK) 300G
04104420112209,market_country_mapping,CSV blank; source TargetMarketCountryCode=276; lowercase targetMarketCountryCode is empty,565,Buttergemüse (TK) 300G
04104420112209,nutrition_basis_lost_100g,Source basis 100 GRM omitted from CSV,565,Buttergemüse (TK) 300G
04104420112247,brand_mapping,Exported description as brand: 'Himbeeren (TK) 300G'; source TIDBrandName='Alnatura',566,Himbeeren (TK) 300G
04104420112247,market_country_mapping,CSV blank; source TargetMarketCountryCode=276; lowercase targetMarketCountryCode is empty,566,Himbeeren (TK) 300G
04104420112247,nutrition_basis_lost_100g,Source basis 100 GRM omitted from CSV,566,Himbeeren (TK) 300G
04104420112247,less_than_qualifier_lost,"FAT < 0.5 GRM, slot .4, group preparationState; CSV has no qualifier",566,Himbeeren (TK) 300G
04104420112247,less_than_qualifier_lost,"FASAT < 0.1 GRM, slot .5, group preparationState; CSV has no qualifier",566,Himbeeren (TK) 300G
04104420112247,less_than_qualifier_lost,"SALTEQ < 0.01 GRM, slot .6, group preparationState; CSV has no qualifier",566,Himbeeren (TK) 300G
04104420112346,brand_mapping,Exported description as brand: 'Pizza Spinat (TK) 350G'; source TIDBrandName='Alnatura',567,Pizza Spinat (TK) 350G
04104420112346,market_country_mapping,CSV blank; source TargetMarketCountryCode=276; lowercase targetMarketCountryCode is empty,567,Pizza Spinat (TK) 350G
04104420112346,nutrition_basis_lost_100g,Source basis 100 GRM omitted from CSV,567,Pizza Spinat (TK) 350G
04104420112346,secondary_serving_size_lost,{'servingSizeValue.1': '350'},567,Pizza Spinat (TK) 350G
04104420112483,brand_mapping,Exported description as brand: 'Beerenmischung (TK) 300G'; source TIDBrandName='Alnatura',568,Beerenmischung (TK) 300G
04104420112483,market_country_mapping,CSV blank; source TargetMarketCountryCode=276; lowercase targetMarketCountryCode is empty,568,Beerenmischung (TK) 300G
04104420112483,nutrition_basis_lost_100g,Source basis 100 GRM omitted from CSV,568,Beerenmischung (TK) 300G
04104420112483,less_than_qualifier_lost,"FAT < 0.5 GRM, slot .4, group preparationState; CSV has no qualifier",568,Beerenmischung (TK) 300G
04104420139404,brand_mapping,Exported description as brand: 'Erdbeeren (TK) 300g'; source TIDBrandName='Alnatura',569,Erdbeeren (TK) 300g
04104420139404,market_country_mapping,CSV blank; source TargetMarketCountryCode=276; lowercase targetMarketCountryCode is empty,569,Erdbeeren (TK) 300g
04104420139404,nutrition_basis_lost_100g,Source basis 100 GRM omitted from CSV,569,Erdbeeren (TK) 300g
04104420139404,less_than_qualifier_lost,"FAT < 0.5 GRM, slot .4, group preparationState; CSV has no qualifier",569,Erdbeeren (TK) 300g
04104420139404,less_than_qualifier_lost,"FASAT < 0.1 GRM, slot .5, group preparationState; CSV has no qualifier",569,Erdbeeren (TK) 300g
04104420139404,less_than_qualifier_lost,"SALTEQ < 0.01 GRM, slot .6, group preparationState; CSV has no qualifier",569,Erdbeeren (TK) 300g
04104420139428,brand_mapping,Exported description as brand: 'Wildheidelbeeren (TK) 300g'; source TIDBrandName='Alnatura',570,Wildheidelbeeren (TK) 300g
04104420139428,market_country_mapping,CSV blank; source TargetMarketCountryCode=276; lowercase targetMarketCountryCode is empty,570,Wildheidelbeeren (TK) 300g
04104420139428,nutrition_basis_lost_100g,Source basis 100 GRM omitted from CSV,570,Wildheidelbeeren (TK) 300g
04104420139428,less_than_qualifier_lost,"FAT < 0.5 GRM, slot .4, group preparationState; CSV has no qualifier",570,Wildheidelbeeren (TK) 300g
04104420139428,less_than_qualifier_lost,"FASAT < 0.1 GRM, slot .5, group preparationState; CSV has no qualifier",570,Wildheidelbeeren (TK) 300g
04104420173026,brand_mapping,Exported description as brand: 'Gemüsepfanne Provence (TK) 450g'; source TIDBrandName='Alnatura',571,Gemüsepfanne Provence (TK) 450g
04104420173026,market_country_mapping,CSV blank; source TargetMarketCountryCode=276; lowercase targetMarketCountryCode is empty,571,Gemüsepfanne Provence (TK) 450g
04104420173026,nutrition_basis_lost_100g,Source basis 100 GRM omitted from CSV,571,Gemüsepfanne Provence (TK) 450g
04104420173057,brand_mapping,Exported description as brand: 'Gemüsepfanne Toskana (TK) 450g'; source TIDBrandName='Alnatura',572,Gemüsepfanne Toskana (TK) 450g
04104420173057,market_country_mapping,CSV blank; source TargetMarketCountryCode=276; lowercase targetMarketCountryCode is empty,572,Gemüsepfanne Toskana (TK) 450g
04104420173057,nutrition_basis_lost_100g,Source basis 100 GRM omitted from CSV,572,Gemüsepfanne Toskana (TK) 450g
04104420203778,brand_mapping,Exported description as brand: 'Mango (TK) 300g'; source TIDBrandName='Alnatura',573,Mango (TK) 300g
04104420203778,market_country_mapping,CSV blank; source TargetMarketCountryCode=276; lowercase targetMarketCountryCode is empty,573,Mango (TK) 300g
04104420203778,nutrition_basis_lost_100g,Source basis 100 GRM omitted from CSV,573,Mango (TK) 300g
04104420203778,less_than_qualifier_lost,"PRO- < 0.5 GRM, slot .3, group preparationState; CSV has no qualifier",573,Mango (TK) 300g
04104420203778,less_than_qualifier_lost,"FAT < 0.5 GRM, slot .4, group preparationState; CSV has no qualifier",573,Mango (TK) 300g
04104420203778,less_than_qualifier_lost,"FASAT < 0.1 GRM, slot .5, group preparationState; CSV has no qualifier",573,Mango (TK) 300g
04104420204775,brand_mapping,Exported description as brand: 'Nusskern Mischung 200G'; source TIDBrandName='Alnatura',574,Nusskern Mischung 200G
04104420204775,market_country_mapping,CSV blank; source TargetMarketCountryCode=276; lowercase targetMarketCountryCode is empty,574,Nusskern Mischung 200G
04104420204775,nutrition_basis_lost_100g,Source basis 100 GRM omitted from CSV,574,Nusskern Mischung 200G
04104420186194,brand_mapping,Exported description as brand: 'Dinkel Drink Natur 1L'; source TIDBrandName='Alnatura',575,Dinkel Drink Natur 1L
04104420186194,market_country_mapping,CSV blank; source TargetMarketCountryCode=276; lowercase targetMarketCountryCode is empty,575,Dinkel Drink Natur 1L
04104420186194,less_than_qualifier_lost,"FIBTG < 0.5 GRM, slot .4, group preparationState; CSV has no qualifier",575,Dinkel Drink Natur 1L
04104420186279,brand_mapping,Exported description as brand: 'Hafer Drink Natur 1L'; source TIDBrandName='Alnatura',576,Hafer Drink Natur 1L
04104420186279,market_country_mapping,CSV blank; source TargetMarketCountryCode=276; lowercase targetMarketCountryCode is empty,576,Hafer Drink Natur 1L
04104420186279,less_than_qualifier_lost,"FIBTG < 0.5 GRM, slot .4, group preparationState; CSV has no qualifier",576,Hafer Drink Natur 1L
04104420186316,brand_mapping,Exported description as brand: 'Mandel Drink Natur 1L'; source TIDBrandName='Alnatura',577,Mandel Drink Natur 1L
04104420186316,market_country_mapping,CSV blank; source TargetMarketCountryCode=276; lowercase targetMarketCountryCode is empty,577,Mandel Drink Natur 1L
04104420186316,less_than_qualifier_lost,"CHOAVL < 0.5 GRM, slot .3, group preparationState; CSV has no qualifier",577,Mandel Drink Natur 1L
04104420186316,less_than_qualifier_lost,"SUGAR- < 0.5 GRM, slot .4, group preparationState; CSV has no qualifier",577,Mandel Drink Natur 1L
04104420202832,brand_mapping,Exported description as brand: 'Kurkuma Zimt Tee Btl. 20x2g 40g'; source TIDBrandName='Alnatura',578,Kurkuma Zimt Tee Btl. 20x2g 40g
04104420202832,market_country_mapping,CSV blank; source TargetMarketCountryCode=276; lowercase targetMarketCountryCode is empty,578,Kurkuma Zimt Tee Btl. 20x2g 40g
04104420202870,brand_mapping,Exported description as brand: 'Mediterrane Kräuter Btl. 20x2g 40g'; source TIDBrandName='Alnatura',579,Mediterrane Kräuter Btl. 20x2g 40g
04104420202870,market_country_mapping,CSV blank; source TargetMarketCountryCode=276; lowercase targetMarketCountryCode is empty,579,Mediterrane Kräuter Btl. 20x2g 40g
04104420205253,brand_mapping,Exported description as brand: 'feine Schinkenwurst 200G'; source TIDBrandName='Alnatura',580,feine Schinkenwurst 200G
04104420205253,market_country_mapping,CSV blank; source TargetMarketCountryCode=276; lowercase targetMarketCountryCode is empty,580,feine Schinkenwurst 200G
04104420205253,nutrition_basis_lost_100g,Source basis 100 GRM omitted from CSV,580,feine Schinkenwurst 200G
04104420205253,less_than_qualifier_lost,"SUGAR- < 0.5 GRM, slot .5, group preparationState; CSV has no qualifier",580,feine Schinkenwurst 200G
04104420205253,less_than_qualifier_lost,"FIBTG < 0.5 GRM, slot .6, group preparationState; CSV has no qualifier",580,feine Schinkenwurst 200G
04104420205314,brand_mapping,Exported description as brand: 'Hausmacher Leberwurst 200G'; source TIDBrandName='Alnatura',581,Hausmacher Leberwurst 200G
04104420205314,market_country_mapping,CSV blank; source TargetMarketCountryCode=276; lowercase targetMarketCountryCode is empty,581,Hausmacher Leberwurst 200G
04104420205314,nutrition_basis_lost_100g,Source basis 100 GRM omitted from CSV,581,Hausmacher Leberwurst 200G
04104420205314,less_than_qualifier_lost,"FIBTG < 0.5 GRM, slot .6, group preparationState; CSV has no qualifier",581,Hausmacher Leberwurst 200G
04104420205345,brand_mapping,Exported description as brand: 'Grobe Bratwurst 200G'; source TIDBrandName='Alnatura',582,Grobe Bratwurst 200G
04104420205345,market_country_mapping,CSV blank; source TargetMarketCountryCode=276; lowercase targetMarketCountryCode is empty,582,Grobe Bratwurst 200G
04104420205345,nutrition_basis_lost_100g,Source basis 100 GRM omitted from CSV,582,Grobe Bratwurst 200G
04104420205345,less_than_qualifier_lost,"SUGAR- < 0.5 GRM, slot .4, group preparationState; CSV has no qualifier",582,Grobe Bratwurst 200G
04104420205345,less_than_qualifier_lost,"CHOAVL < 0.5 GRM, slot .5, group preparationState; CSV has no qualifier",582,Grobe Bratwurst 200G
04104420205345,less_than_qualifier_lost,"FIBTG < 0.5 GRM, slot .6, group preparationState; CSV has no qualifier",582,Grobe Bratwurst 200G
04104420186439,brand_mapping,Exported description as brand: 'Gemüsestäbchen (TK) 300g'; source TIDBrandName='Alnatura',583,Gemüsestäbchen (TK) 300g
04104420186439,market_country_mapping,CSV blank; source TargetMarketCountryCode=276; lowercase targetMarketCountryCode is empty,583,Gemüsestäbchen (TK) 300g
04104420186439,nutrition_basis_lost_100g,Source basis 100 GRM omitted from CSV,583,Gemüsestäbchen (TK) 300g
04104420206151,brand_mapping,Exported description as brand: 'Koriander gemahlen 40G'; source TIDBrandName='Alnatura',584,Koriander gemahlen 40G
04104420206151,market_country_mapping,CSV blank; source TargetMarketCountryCode=276; lowercase targetMarketCountryCode is empty,584,Koriander gemahlen 40G
04104420206151,nutrition_basis_lost_100g,Source basis 100 GRM omitted from CSV,584,Koriander gemahlen 40G
04104420206113,brand_mapping,Exported description as brand: 'Curry mild 60G'; source TIDBrandName='Alnatura',585,Curry mild 60G
04104420206113,market_country_mapping,CSV blank; source TargetMarketCountryCode=276; lowercase targetMarketCountryCode is empty,585,Curry mild 60G
04104420206274,brand_mapping,"Exported description as brand: 'Birnensaft 0,75l'; source TIDBrandName='Alnatura'",586,"Birnensaft 0,75l"
04104420206274,market_country_mapping,CSV blank; source TargetMarketCountryCode=276; lowercase targetMarketCountryCode is empty,586,"Birnensaft 0,75l"
04104420206274,less_than_qualifier_lost,"FAT < 0.5 GRM, slot .2, group preparationState; CSV has no qualifier",586,"Birnensaft 0,75l"
04104420206274,less_than_qualifier_lost,"FIBTG < 0.5 GRM, slot .3, group preparationState; CSV has no qualifier",586,"Birnensaft 0,75l"
04104420206274,less_than_qualifier_lost,"PRO- < 0.5 GRM, slot .4, group preparationState; CSV has no qualifier",586,"Birnensaft 0,75l"
04104420206274,less_than_qualifier_lost,"FASAT < 0.1 GRM, slot .5, group preparationState; CSV has no qualifier",586,"Birnensaft 0,75l"
04104420206274,less_than_qualifier_lost,"SALTEQ < 0.01 GRM, slot .6, group preparationState; CSV has no qualifier",586,"Birnensaft 0,75l"
04104420204706,brand_mapping,Exported description as brand: 'Apfel mit Birne & Hafer 190G'; source TIDBrandName='Alnatura',587,Apfel mit Birne & Hafer 190G
04104420204706,market_country_mapping,CSV blank; source TargetMarketCountryCode=276; lowercase targetMarketCountryCode is empty,587,Apfel mit Birne & Hafer 190G
04104420204706,nutrition_basis_lost_100g,Source basis 100 GRM omitted from CSV,587,Apfel mit Birne & Hafer 190G
04104420204706,less_than_qualifier_lost,"FASAT < 0.1 GRM, slot .5, group preparationState; CSV has no qualifier",587,Apfel mit Birne & Hafer 190G
04104420204706,less_than_qualifier_lost,"SALTEQ < 0.01 GRM, slot .6, group preparationState; CSV has no qualifier",587,Apfel mit Birne & Hafer 190G
04104420206328,brand_mapping,Exported description as brand: 'Kinder Früchte Müsli 500g'; source TIDBrandName='Alnatura',588,Kinder Früchte Müsli 500g
04104420206328,market_country_mapping,CSV blank; source TargetMarketCountryCode=276; lowercase targetMarketCountryCode is empty,588,Kinder Früchte Müsli 500g
04104420206328,nutrition_basis_lost_100g,Source basis 100 GRM omitted from CSV,588,Kinder Früchte Müsli 500g
04104420205963,brand_mapping,Exported description as brand: 'Dinkelspaghetti Bolognese 220g'; source TIDBrandName='Alnatura',589,Dinkelspaghetti Bolognese 220g
04104420205963,market_country_mapping,CSV blank; source TargetMarketCountryCode=276; lowercase targetMarketCountryCode is empty,589,Dinkelspaghetti Bolognese 220g
04104420205963,nutrition_basis_lost_100g,Source basis 100 GRM omitted from CSV,589,Dinkelspaghetti Bolognese 220g
04104420205963,secondary_serving_size_lost,{'servingSizeValue.1': '220'},589,Dinkelspaghetti Bolognese 220g
04104420206694,brand_mapping,"Exported description as brand: 'Baby-Fenchel-Tee Btl. 20x1,75g 35G'; source TIDBrandName='Alnatura'",590,"Baby-Fenchel-Tee Btl. 20x1,75g 35G"
04104420206694,market_country_mapping,CSV blank; source TargetMarketCountryCode=276; lowercase targetMarketCountryCode is empty,590,"Baby-Fenchel-Tee Btl. 20x1,75g 35G"
04104420206694,less_than_qualifier_lost,"SUGAR- < 0.1 GRM, slot .1, group preparationState; CSV has no qualifier",590,"Baby-Fenchel-Tee Btl. 20x1,75g 35G"
04104420206694,less_than_qualifier_lost,"FASAT < 0.1 GRM, slot .2, group preparationState; CSV has no qualifier",590,"Baby-Fenchel-Tee Btl. 20x1,75g 35G"
04104420206694,less_than_qualifier_lost,"FAT < 0.1 GRM, slot .3, group preparationState; CSV has no qualifier",590,"Baby-Fenchel-Tee Btl. 20x1,75g 35G"
04104420206694,less_than_qualifier_lost,"PRO- < 0.1 GRM, slot .4, group preparationState; CSV has no qualifier",590,"Baby-Fenchel-Tee Btl. 20x1,75g 35G"
04104420206694,less_than_qualifier_lost,"SALTEQ < 0.01 GRM, slot .5, group preparationState; CSV has no qualifier",590,"Baby-Fenchel-Tee Btl. 20x1,75g 35G"
04104420206366,brand_mapping,Exported description as brand: 'Karot.-Fench-Dinkelsp.-Lachs 220G'; source TIDBrandName='Alnatura',591,Karot.-Fench-Dinkelsp.-Lachs 220G
04104420206366,market_country_mapping,CSV blank; source TargetMarketCountryCode=276; lowercase targetMarketCountryCode is empty,591,Karot.-Fench-Dinkelsp.-Lachs 220G
04104420206366,nutrition_basis_lost_100g,Source basis 100 GRM omitted from CSV,591,Karot.-Fench-Dinkelsp.-Lachs 220G
04104420206366,secondary_serving_size_lost,{'servingSizeValue.1': '220'},591,Karot.-Fench-Dinkelsp.-Lachs 220G
04104420206779,brand_mapping,Exported description as brand: 'Kokosöl nativ 620ML'; source TIDBrandName='Alnatura',592,Kokosöl nativ 620ML
04104420206779,market_country_mapping,CSV blank; source TargetMarketCountryCode=276; lowercase targetMarketCountryCode is empty,592,Kokosöl nativ 620ML
04104420206779,less_than_qualifier_lost,"CHOAVL < 0.5 GRM, slot .2, group preparationState; CSV has no qualifier",592,Kokosöl nativ 620ML
04104420206779,less_than_qualifier_lost,"SUGAR- < 0.5 GRM, slot .3, group preparationState; CSV has no qualifier",592,Kokosöl nativ 620ML
04104420206779,less_than_qualifier_lost,"FIBTG < 0.5 GRM, slot .4, group preparationState; CSV has no qualifier",592,Kokosöl nativ 620ML
04104420206779,less_than_qualifier_lost,"PRO- < 0.5 GRM, slot .5, group preparationState; CSV has no qualifier",592,Kokosöl nativ 620ML
04104420206779,less_than_qualifier_lost,"SALTEQ < 0.01 GRM, slot .6, group preparationState; CSV has no qualifier",592,Kokosöl nativ 620ML
04104420207400,brand_mapping,Exported description as brand: 'Mandel Natur vegan 400g'; source TIDBrandName='Alnatura',593,Mandel Natur vegan 400g
04104420207400,market_country_mapping,CSV blank; source TargetMarketCountryCode=276; lowercase targetMarketCountryCode is empty,593,Mandel Natur vegan 400g
04104420207400,nutrition_basis_lost_100g,Source basis 100 GRM omitted from CSV,593,Mandel Natur vegan 400g
04104420207400,less_than_qualifier_lost,"PRO- < 0.5 GRM, slot .3, group preparationState; CSV has no qualifier",593,Mandel Natur vegan 400g
04104420207400,less_than_qualifier_lost,"SUGAR- < 0.5 GRM, slot .4, group preparationState; CSV has no qualifier",593,Mandel Natur vegan 400g
04104420207448,brand_mapping,Exported description as brand: 'Kokos Natur vegan 400g'; source TIDBrandName='Alnatura',594,Kokos Natur vegan 400g
04104420207448,market_country_mapping,CSV blank; source TargetMarketCountryCode=276; lowercase targetMarketCountryCode is empty,594,Kokos Natur vegan 400g
04104420207448,nutrition_basis_lost_100g,Source basis 100 GRM omitted from CSV,594,Kokos Natur vegan 400g
04104420208506,brand_mapping,Exported description as brand: 'Kartoffel Püree mit Röstzwiebeln 49'; source TIDBrandName='Alnatura',595,Kartoffel Püree mit Röstzwiebeln 49
04104420208506,market_country_mapping,CSV blank; source TargetMarketCountryCode=276; lowercase targetMarketCountryCode is empty,595,Kartoffel Püree mit Röstzwiebeln 49
04104420208506,nutrition_basis_lost_100g,Source basis 100 GRM omitted from CSV,595,Kartoffel Püree mit Röstzwiebeln 49
04104420207554,brand_mapping,Exported description as brand: 'Grüne Linsen 400G'; source TIDBrandName='Alnatura',596,Grüne Linsen 400G
04104420207554,market_country_mapping,CSV blank; source TargetMarketCountryCode=276; lowercase targetMarketCountryCode is empty,596,Grüne Linsen 400G
04104420207554,nutrition_basis_lost_100g,Source basis 100 GRM omitted from CSV,596,Grüne Linsen 400G
04104420207554,less_than_qualifier_lost,"SALTEQ < 0.01 GRM, slot .6, group preparationState; CSV has no qualifier",596,Grüne Linsen 400G
04104420182882,brand_mapping,Exported description as brand: 'Bruderhahn Eier 6er'; source TIDBrandName='Alnatura',597,Bruderhahn Eier 6er
04104420182882,market_country_mapping,CSV blank; source TargetMarketCountryCode=276; lowercase targetMarketCountryCode is empty,597,Bruderhahn Eier 6er
04104420182929,brand_mapping,Exported description as brand: 'Bruderhahn Eier 10er'; source TIDBrandName='Alnatura',598,Bruderhahn Eier 10er
04104420182929,market_country_mapping,CSV blank; source TargetMarketCountryCode=276; lowercase targetMarketCountryCode is empty,598,Bruderhahn Eier 10er
04104420204300,brand_mapping,Exported description as brand: 'Bruderhahn Eier 6er'; source TIDBrandName='Alnatura',599,Bruderhahn Eier 6er
04104420204300,market_country_mapping,CSV blank; source TargetMarketCountryCode=276; lowercase targetMarketCountryCode is empty,599,Bruderhahn Eier 6er
04104420207516,brand_mapping,Exported description as brand: 'Dinkel Locken 500G'; source TIDBrandName='Alnatura',600,Dinkel Locken 500G
04104420207516,market_country_mapping,CSV blank; source TargetMarketCountryCode=276; lowercase targetMarketCountryCode is empty,600,Dinkel Locken 500G
04104420207516,nutrition_basis_lost_100g,Source basis 100 GRM omitted from CSV,600,Dinkel Locken 500G
04104420207516,less_than_qualifier_lost,"SALTEQ < 0.01 GRM, slot .6, group preparationState; CSV has no qualifier",600,Dinkel Locken 500G
04104420206656,brand_mapping,Exported description as brand: 'Linsen Flips 75G'; source TIDBrandName='Alnatura',601,Linsen Flips 75G
04104420206656,market_country_mapping,CSV blank; source TargetMarketCountryCode=276; lowercase targetMarketCountryCode is empty,601,Linsen Flips 75G
04104420206656,nutrition_basis_lost_100g,Source basis 100 GRM omitted from CSV,601,Linsen Flips 75G
04104420209237,brand_mapping,"Exported description as brand: '*Glühwein 0,75L*'; source TIDBrandName='Alnatura'",602,"*Glühwein 0,75L*"
04104420209237,market_country_mapping,CSV blank; source TargetMarketCountryCode=276; lowercase targetMarketCountryCode is empty,602,"*Glühwein 0,75L*"
04104420112469,brand_mapping,Exported description as brand: 'Schoko Eiscreme (TK) 500ML'; source TIDBrandName='Alnatura',603,Schoko Eiscreme (TK) 500ML
04104420112469,market_country_mapping,CSV blank; source TargetMarketCountryCode=276; lowercase targetMarketCountryCode is empty,603,Schoko Eiscreme (TK) 500ML
04104420112469,nutrition_basis_lost_100g,Source basis 100 GRM omitted from CSV,603,Schoko Eiscreme (TK) 500ML
04104420208001,brand_mapping,Exported description as brand: 'Karotten Cracker 75g'; source TIDBrandName='Alnatura',604,Karotten Cracker 75g
04104420208001,market_country_mapping,CSV blank; source TargetMarketCountryCode=276; lowercase targetMarketCountryCode is empty,604,Karotten Cracker 75g
04104420208001,nutrition_basis_lost_100g,Source basis 100 GRM omitted from CSV,604,Karotten Cracker 75g
04104420209022,brand_mapping,Exported description as brand: 'Toast Brötchen 260G'; source TIDBrandName='Alnatura',605,Toast Brötchen 260G
04104420209022,market_country_mapping,CSV blank; source TargetMarketCountryCode=276; lowercase targetMarketCountryCode is empty,605,Toast Brötchen 260G
04104420209022,nutrition_basis_lost_100g,Source basis 100 GRM omitted from CSV,605,Toast Brötchen 260G
04104420204041,brand_mapping,"Exported description as brand: 'Baby-Früchte-Tee Btl. 20x2,25g 45G'; source TIDBrandName='Alnatura'",606,"Baby-Früchte-Tee Btl. 20x2,25g 45G"
04104420204041,market_country_mapping,CSV blank; source TargetMarketCountryCode=276; lowercase targetMarketCountryCode is empty,606,"Baby-Früchte-Tee Btl. 20x2,25g 45G"
04104420204041,less_than_qualifier_lost,"FASAT < 0.1 GRM, slot .2, group preparationState; CSV has no qualifier",606,"Baby-Früchte-Tee Btl. 20x2,25g 45G"
04104420204041,less_than_qualifier_lost,"PRO- < 0.1 GRM, slot .3, group preparationState; CSV has no qualifier",606,"Baby-Früchte-Tee Btl. 20x2,25g 45G"
04104420204041,less_than_qualifier_lost,"SALTEQ < 0.01 GRM, slot .5, group preparationState; CSV has no qualifier",606,"Baby-Früchte-Tee Btl. 20x2,25g 45G"
04104420207615,brand_mapping,Exported description as brand: 'Dinkel Kokos Kekse 150G'; source TIDBrandName='Alnatura',607,Dinkel Kokos Kekse 150G
04104420207615,market_country_mapping,CSV blank; source TargetMarketCountryCode=276; lowercase targetMarketCountryCode is empty,607,Dinkel Kokos Kekse 150G
04104420207615,nutrition_basis_lost_100g,Source basis 100 GRM omitted from CSV,607,Dinkel Kokos Kekse 150G
04104420206199,brand_mapping,Exported description as brand: 'Lachs Filets mit Haut (TK) 160G'; source TIDBrandName='Alnatura',608,Lachs Filets mit Haut (TK) 160G
04104420206199,market_country_mapping,CSV blank; source TargetMarketCountryCode=276; lowercase targetMarketCountryCode is empty,608,Lachs Filets mit Haut (TK) 160G
04104420206199,nutrition_basis_lost_100g,Source basis 100 GRM omitted from CSV,608,Lachs Filets mit Haut (TK) 160G
04104420206199,less_than_qualifier_lost,"CHOAVL < 0.5 GRM, slot .1, group preparationState; CSV has no qualifier",608,Lachs Filets mit Haut (TK) 160G
04104420206199,less_than_qualifier_lost,"FIBTG < 0.5 GRM, slot .3, group preparationState; CSV has no qualifier",608,Lachs Filets mit Haut (TK) 160G
04104420206199,less_than_qualifier_lost,"SUGAR- < 0.5 GRM, slot .6, group preparationState; CSV has no qualifier",608,Lachs Filets mit Haut (TK) 160G
04104420206571,brand_mapping,Exported description as brand: 'Vegane Mayo 250ML'; source TIDBrandName='Alnatura',609,Vegane Mayo 250ML
04104420206571,market_country_mapping,CSV blank; source TargetMarketCountryCode=276; lowercase targetMarketCountryCode is empty,609,Vegane Mayo 250ML
04104420206571,less_than_qualifier_lost,"FIBTG < 0.5 GRM, slot .6, group preparationState; CSV has no qualifier",609,Vegane Mayo 250ML
04104420209152,brand_mapping,Exported description as brand: 'Mittelscharfer Senf 185ML'; source TIDBrandName='Alnatura',610,Mittelscharfer Senf 185ML
04104420209152,market_country_mapping,CSV blank; source TargetMarketCountryCode=276; lowercase targetMarketCountryCode is empty,610,Mittelscharfer Senf 185ML
04104420209640,brand_mapping,Exported description as brand: 'Dinkel Butterkeks 150G'; source TIDBrandName='Alnatura',611,Dinkel Butterkeks 150G
04104420209640,market_country_mapping,CSV blank; source TargetMarketCountryCode=276; lowercase targetMarketCountryCode is empty,611,Dinkel Butterkeks 150G
04104420209640,nutrition_basis_lost_100g,Source basis 100 GRM omitted from CSV,611,Dinkel Butterkeks 150G
04104420208735,brand_mapping,Exported description as brand: 'Apfelsaft naturtrüb 1L'; source TIDBrandName='Alnatura',612,Apfelsaft naturtrüb 1L
04104420208735,market_country_mapping,CSV blank; source TargetMarketCountryCode=276; lowercase targetMarketCountryCode is empty,612,Apfelsaft naturtrüb 1L
04104420208735,less_than_qualifier_lost,"FAT < 0.5 GRM, slot .2, group preparationState; CSV has no qualifier",612,Apfelsaft naturtrüb 1L
04104420208735,less_than_qualifier_lost,"FIBTG < 0.5 GRM, slot .3, group preparationState; CSV has no qualifier",612,Apfelsaft naturtrüb 1L
04104420208735,less_than_qualifier_lost,"PRO- < 0.5 GRM, slot .4, group preparationState; CSV has no qualifier",612,Apfelsaft naturtrüb 1L
04104420208735,less_than_qualifier_lost,"FASAT < 0.1 GRM, slot .5, group preparationState; CSV has no qualifier",612,Apfelsaft naturtrüb 1L
04104420208735,less_than_qualifier_lost,"SALTEQ < 0.01 GRM, slot .6, group preparationState; CSV has no qualifier",612,Apfelsaft naturtrüb 1L
04104420210608,brand_mapping,"Exported description as brand: 'Multi Saft 0,75L'; source TIDBrandName='Alnatura'",613,"Multi Saft 0,75L"
04104420210608,market_country_mapping,CSV blank; source TargetMarketCountryCode=276; lowercase targetMarketCountryCode is empty,613,"Multi Saft 0,75L"
04104420210608,less_than_qualifier_lost,"FAT < 0.5 GRM, slot .2, group preparationState; CSV has no qualifier",613,"Multi Saft 0,75L"
04104420210608,less_than_qualifier_lost,"FIBTG < 0.5 GRM, slot .3, group preparationState; CSV has no qualifier",613,"Multi Saft 0,75L"
04104420210608,less_than_qualifier_lost,"PRO- < 0.5 GRM, slot .4, group preparationState; CSV has no qualifier",613,"Multi Saft 0,75L"
04104420210608,less_than_qualifier_lost,"FASAT < 0.1 GRM, slot .5, group preparationState; CSV has no qualifier",613,"Multi Saft 0,75L"
04104420208988,brand_mapping,Exported description as brand: 'Griechischer Ziegenkäse 180G'; source TIDBrandName='Alnatura',614,Griechischer Ziegenkäse 180G
04104420208988,market_country_mapping,CSV blank; source TargetMarketCountryCode=276; lowercase targetMarketCountryCode is empty,614,Griechischer Ziegenkäse 180G
04104420208988,nutrition_basis_lost_100g,Source basis 100 GRM omitted from CSV,614,Griechischer Ziegenkäse 180G
04104420208988,less_than_qualifier_lost,"SUGAR- < 0.5 GRM, slot .4, group preparationState; CSV has no qualifier",614,Griechischer Ziegenkäse 180G
04104420208988,less_than_qualifier_lost,"CHOAVL < 0.5 GRM, slot .5, group preparationState; CSV has no qualifier",614,Griechischer Ziegenkäse 180G
04104420208988,less_than_qualifier_lost,"FIBTG < 0.5 GRM, slot .6, group preparationState; CSV has no qualifier",614,Griechischer Ziegenkäse 180G
04104420209466,brand_mapping,Exported description as brand: 'Hafer Riegel Kakao 60G'; source TIDBrandName='Alnatura',615,Hafer Riegel Kakao 60G
04104420209466,market_country_mapping,CSV blank; source TargetMarketCountryCode=276; lowercase targetMarketCountryCode is empty,615,Hafer Riegel Kakao 60G
04104420209466,nutrition_basis_lost_100g,Source basis 100 GRM omitted from CSV,615,Hafer Riegel Kakao 60G
04104420210158,brand_mapping,Exported description as brand: 'Bunter Pfeffer 55G'; source TIDBrandName='Alnatura',616,Bunter Pfeffer 55G
04104420210158,market_country_mapping,CSV blank; source TargetMarketCountryCode=276; lowercase targetMarketCountryCode is empty,616,Bunter Pfeffer 55G
04104420210158,nutrition_basis_lost_100g,Source basis 100 GRM omitted from CSV,616,Bunter Pfeffer 55G
04104420210936,brand_mapping,Exported description as brand: 'Kokos Zartbitter Schokolade 100G'; source TIDBrandName='Alnatura',617,Kokos Zartbitter Schokolade 100G
04104420210936,market_country_mapping,CSV blank; source TargetMarketCountryCode=276; lowercase targetMarketCountryCode is empty,617,Kokos Zartbitter Schokolade 100G
04104420210936,nutrition_basis_lost_100g,Source basis 100 GRM omitted from CSV,617,Kokos Zartbitter Schokolade 100G
04104420209794,brand_mapping,Exported description as brand: 'Kaffee entkoffeiniert 250G'; source TIDBrandName='Alnatura',618,Kaffee entkoffeiniert 250G
04104420209794,market_country_mapping,CSV blank; source TargetMarketCountryCode=276; lowercase targetMarketCountryCode is empty,618,Kaffee entkoffeiniert 250G
04104420210349,brand_mapping,Exported description as brand: 'Leberwurst mit S.u.K. 125G'; source TIDBrandName='Alnatura',619,Leberwurst mit S.u.K. 125G
04104420210349,market_country_mapping,CSV blank; source TargetMarketCountryCode=276; lowercase targetMarketCountryCode is empty,619,Leberwurst mit S.u.K. 125G
04104420210349,nutrition_basis_lost_100g,Source basis 100 GRM omitted from CSV,619,Leberwurst mit S.u.K. 125G
04104420210349,less_than_qualifier_lost,"FIBTG < 0.5 GRM, slot .5, group preparationState; CSV has no qualifier",619,Leberwurst mit S.u.K. 125G
04104420210349,less_than_qualifier_lost,"SUGAR- < 0.5 GRM, slot .6, group preparationState; CSV has no qualifier",619,Leberwurst mit S.u.K. 125G
04104420210370,brand_mapping,Exported description as brand: 'Feine Schinkenwurst 80G'; source TIDBrandName='Alnatura',620,Feine Schinkenwurst 80G
04104420210370,market_country_mapping,CSV blank; source TargetMarketCountryCode=276; lowercase targetMarketCountryCode is empty,620,Feine Schinkenwurst 80G
04104420210370,nutrition_basis_lost_100g,Source basis 100 GRM omitted from CSV,620,Feine Schinkenwurst 80G
04104420210370,less_than_qualifier_lost,"FIBTG < 0.5 GRM, slot .5, group preparationState; CSV has no qualifier",620,Feine Schinkenwurst 80G
04104420210370,less_than_qualifier_lost,"SUGAR- < 0.5 GRM, slot .6, group preparationState; CSV has no qualifier",620,Feine Schinkenwurst 80G
04104420212435,brand_mapping,Exported description as brand: 'Kinder Porridge Hafer-Banane 250G'; source TIDBrandName='Alnatura',621,Kinder Porridge Hafer-Banane 250G
04104420212435,market_country_mapping,CSV blank; source TargetMarketCountryCode=276; lowercase targetMarketCountryCode is empty,621,Kinder Porridge Hafer-Banane 250G
04104420211827,brand_mapping,Exported description as brand: 'Oliven ohne Stein 350G'; source TIDBrandName='Alnatura',622,Oliven ohne Stein 350G
04104420211827,market_country_mapping,CSV blank; source TargetMarketCountryCode=276; lowercase targetMarketCountryCode is empty,622,Oliven ohne Stein 350G
04104420211827,nutrition_basis_lost_100g,Source basis 100 GRM omitted from CSV,622,Oliven ohne Stein 350G
04104420211827,less_than_qualifier_lost,"SUGAR- < 0.5 GRM, slot .6, group preparationState; CSV has no qualifier",622,Oliven ohne Stein 350G
04104420211865,brand_mapping,Exported description as brand: 'Oliven mit Mandeln 350G'; source TIDBrandName='Alnatura',623,Oliven mit Mandeln 350G
04104420211865,market_country_mapping,CSV blank; source TargetMarketCountryCode=276; lowercase targetMarketCountryCode is empty,623,Oliven mit Mandeln 350G
04104420211865,nutrition_basis_lost_100g,Source basis 100 GRM omitted from CSV,623,Oliven mit Mandeln 350G
04104420211865,less_than_qualifier_lost,"SUGAR- < 0.5 GRM, slot .6, group preparationState; CSV has no qualifier",623,Oliven mit Mandeln 350G
04104420210400,brand_mapping,Exported description as brand: 'Fleischwurst 200G'; source TIDBrandName='Alnatura',624,Fleischwurst 200G
04104420210400,market_country_mapping,CSV blank; source TargetMarketCountryCode=276; lowercase targetMarketCountryCode is empty,624,Fleischwurst 200G
04104420210400,nutrition_basis_lost_100g,Source basis 100 GRM omitted from CSV,624,Fleischwurst 200G
04104420210400,less_than_qualifier_lost,"FIBTG < 0.5 GRM, slot .5, group preparationState; CSV has no qualifier",624,Fleischwurst 200G
04104420210400,less_than_qualifier_lost,"SUGAR- < 0.5 GRM, slot .6, group preparationState; CSV has no qualifier",624,Fleischwurst 200G
04104420210561,brand_mapping,Exported description as brand: 'Chips im Kessel geb. Smoked Paprika'; source TIDBrandName='Alnatura',625,Chips im Kessel geb. Smoked Paprika
04104420210561,market_country_mapping,CSV blank; source TargetMarketCountryCode=276; lowercase targetMarketCountryCode is empty,625,Chips im Kessel geb. Smoked Paprika
04104420210561,nutrition_basis_lost_100g,Source basis 100 GRM omitted from CSV,625,Chips im Kessel geb. Smoked Paprika
04104420211056,brand_mapping,Exported description as brand: 'Gouda mittelalt 200G'; source TIDBrandName='Alnatura',626,Gouda mittelalt 200G
04104420211056,market_country_mapping,CSV blank; source TargetMarketCountryCode=276; lowercase targetMarketCountryCode is empty,626,Gouda mittelalt 200G
04104420211056,nutrition_basis_lost_100g,Source basis 100 GRM omitted from CSV,626,Gouda mittelalt 200G
04104420211056,less_than_qualifier_lost,"SUGAR- < 0.5 GRM, slot .4, group preparationState; CSV has no qualifier",626,Gouda mittelalt 200G
04104420211056,less_than_qualifier_lost,"CHOAVL < 0.5 GRM, slot .5, group preparationState; CSV has no qualifier",626,Gouda mittelalt 200G
04104420211056,less_than_qualifier_lost,"FIBTG < 0.5 GRM, slot .6, group preparationState; CSV has no qualifier",626,Gouda mittelalt 200G
04104420211094,brand_mapping,Exported description as brand: 'Bergkäse 200G'; source TIDBrandName='Alnatura',627,Bergkäse 200G
04104420211094,market_country_mapping,CSV blank; source TargetMarketCountryCode=276; lowercase targetMarketCountryCode is empty,627,Bergkäse 200G
04104420211094,nutrition_basis_lost_100g,Source basis 100 GRM omitted from CSV,627,Bergkäse 200G
04104420211094,less_than_qualifier_lost,"SUGAR- < 0.5 GRM, slot .4, group preparationState; CSV has no qualifier",627,Bergkäse 200G
04104420211094,less_than_qualifier_lost,"CHOAVL < 0.5 GRM, slot .5, group preparationState; CSV has no qualifier",627,Bergkäse 200G
04104420211094,less_than_qualifier_lost,"FIBTG < 0.5 GRM, slot .6, group preparationState; CSV has no qualifier",627,Bergkäse 200G
04104420211131,brand_mapping,Exported description as brand: 'Emmentaler 200G'; source TIDBrandName='Alnatura',628,Emmentaler 200G
04104420211131,market_country_mapping,CSV blank; source TargetMarketCountryCode=276; lowercase targetMarketCountryCode is empty,628,Emmentaler 200G
04104420211131,nutrition_basis_lost_100g,Source basis 100 GRM omitted from CSV,628,Emmentaler 200G
04104420211131,less_than_qualifier_lost,"SUGAR- < 0.5 GRM, slot .4, group preparationState; CSV has no qualifier",628,Emmentaler 200G
04104420211131,less_than_qualifier_lost,"CHOAVL < 0.5 GRM, slot .5, group preparationState; CSV has no qualifier",628,Emmentaler 200G
04104420211131,less_than_qualifier_lost,"FIBTG < 0.5 GRM, slot .6, group preparationState; CSV has no qualifier",628,Emmentaler 200G
04104420211551,brand_mapping,Exported description as brand: 'Grünes Gemüse mit Hirse 190G'; source TIDBrandName='Alnatura',629,Grünes Gemüse mit Hirse 190G
04104420211551,market_country_mapping,CSV blank; source TargetMarketCountryCode=276; lowercase targetMarketCountryCode is empty,629,Grünes Gemüse mit Hirse 190G
04104420211551,nutrition_basis_lost_100g,Source basis 100 GRM omitted from CSV,629,Grünes Gemüse mit Hirse 190G
04104420211551,secondary_serving_size_lost,{'servingSizeValue.1': '190'},629,Grünes Gemüse mit Hirse 190G
04104420212831,brand_mapping,Exported description as brand: 'Rote Linsen Burger 200G'; source TIDBrandName='Alnatura',630,Rote Linsen Burger 200G
04104420212831,market_country_mapping,CSV blank; source TargetMarketCountryCode=276; lowercase targetMarketCountryCode is empty,630,Rote Linsen Burger 200G
04104420212831,nutrition_basis_lost_100g,Source basis 100 GRM omitted from CSV,630,Rote Linsen Burger 200G
04104420212831,secondary_serving_size_lost,{'servingSizeValue.1': '75'},630,Rote Linsen Burger 200G
04104420204409,brand_mapping,Exported description as brand: 'Rinder Salami Snack 25g'; source TIDBrandName='Alnatura',631,Rinder Salami Snack 25g
04104420204409,market_country_mapping,CSV blank; source TargetMarketCountryCode=276; lowercase targetMarketCountryCode is empty,631,Rinder Salami Snack 25g
04104420204409,nutrition_basis_lost_100g,Source basis 100 GRM omitted from CSV,631,Rinder Salami Snack 25g
04104420204409,less_than_qualifier_lost,"CHOAVL < 0.5 GRM, slot .2, group preparationState; CSV has no qualifier",631,Rinder Salami Snack 25g
04104420204409,less_than_qualifier_lost,"SUGAR- < 0.5 GRM, slot .3, group preparationState; CSV has no qualifier",631,Rinder Salami Snack 25g
04104420204409,less_than_qualifier_lost,"FIBTG < 0.5 GRM, slot .4, group preparationState; CSV has no qualifier",631,Rinder Salami Snack 25g
04104420212725,brand_mapping,Exported description as brand: 'Münchner Weißwurst 240G'; source TIDBrandName='Alnatura',632,Münchner Weißwurst 240G
04104420212725,market_country_mapping,CSV blank; source TargetMarketCountryCode=276; lowercase targetMarketCountryCode is empty,632,Münchner Weißwurst 240G
04104420212725,nutrition_basis_lost_100g,Source basis 100 GRM omitted from CSV,632,Münchner Weißwurst 240G
04104420212725,less_than_qualifier_lost,"FIBTG < 0.5 GRM, slot .5, group preparationState; CSV has no qualifier",632,Münchner Weißwurst 240G
04104420212725,less_than_qualifier_lost,"SUGAR- < 0.5 GRM, slot .6, group preparationState; CSV has no qualifier",632,Münchner Weißwurst 240G
04104420210196,brand_mapping,"Exported description as brand: 'Ingwer Tee Btl. 20x1,4g 28G'; source TIDBrandName='Alnatura'",633,"Ingwer Tee Btl. 20x1,4g 28G"
04104420210196,market_country_mapping,CSV blank; source TargetMarketCountryCode=276; lowercase targetMarketCountryCode is empty,633,"Ingwer Tee Btl. 20x1,4g 28G"
04104420210271,brand_mapping,"Exported description as brand: 'Minze Dreierlei Btl. 20x1,5g 30g'; source TIDBrandName='Alnatura'",634,"Minze Dreierlei Btl. 20x1,5g 30g"
04104420210271,market_country_mapping,CSV blank; source TargetMarketCountryCode=276; lowercase targetMarketCountryCode is empty,634,"Minze Dreierlei Btl. 20x1,5g 30g"
04104420213357,brand_mapping,Exported description as brand: 'Tomatensauce Arrabbiata 350ML'; source TIDBrandName='Alnatura',635,Tomatensauce Arrabbiata 350ML
04104420213357,market_country_mapping,CSV blank; source TargetMarketCountryCode=276; lowercase targetMarketCountryCode is empty,635,Tomatensauce Arrabbiata 350ML
04104420213395,brand_mapping,Exported description as brand: 'Bolognese Sauce 330ML'; source TIDBrandName='Alnatura',636,Bolognese Sauce 330ML
04104420213395,market_country_mapping,CSV blank; source TargetMarketCountryCode=276; lowercase targetMarketCountryCode is empty,636,Bolognese Sauce 330ML
04104420213470,brand_mapping,Exported description as brand: 'Tomatensauce Basilikum 350ML'; source TIDBrandName='Alnatura',637,Tomatensauce Basilikum 350ML
04104420213470,market_country_mapping,CSV blank; source TargetMarketCountryCode=276; lowercase targetMarketCountryCode is empty,637,Tomatensauce Basilikum 350ML
04104420213517,brand_mapping,Exported description as brand: 'Tomatensauce Kräuter 350ML'; source TIDBrandName='Alnatura',638,Tomatensauce Kräuter 350ML
04104420213517,market_country_mapping,CSV blank; source TargetMarketCountryCode=276; lowercase targetMarketCountryCode is empty,638,Tomatensauce Kräuter 350ML
04104420213555,brand_mapping,Exported description as brand: 'Tomatensauce Gegrilltes Gemüse 350M'; source TIDBrandName='Alnatura',639,Tomatensauce Gegrilltes Gemüse 350M
04104420213555,market_country_mapping,CSV blank; source TargetMarketCountryCode=276; lowercase targetMarketCountryCode is empty,639,Tomatensauce Gegrilltes Gemüse 350M
04104420213593,brand_mapping,Exported description as brand: 'Tomatensauce Klassik 350ML'; source TIDBrandName='Alnatura',640,Tomatensauce Klassik 350ML
04104420213593,market_country_mapping,CSV blank; source TargetMarketCountryCode=276; lowercase targetMarketCountryCode is empty,640,Tomatensauce Klassik 350ML
04104420215085,brand_mapping,"Exported description as brand: 'Pfandflasche Schorlen 0,25 EUR'; source TIDBrandName='Alnatura'",641,"Pfandflasche Schorlen 0,25 EUR"
04104420215085,market_country_mapping,CSV blank; source TargetMarketCountryCode=276; lowercase targetMarketCountryCode is empty,641,"Pfandflasche Schorlen 0,25 EUR"
04104420214040,brand_mapping,Exported description as brand: 'Hefeflocken 100G'; source TIDBrandName='Alnatura',642,Hefeflocken 100G
04104420214040,market_country_mapping,CSV blank; source TargetMarketCountryCode=276; lowercase targetMarketCountryCode is empty,642,Hefeflocken 100G
04104420214040,nutrition_basis_lost_100g,Source basis 100 GRM omitted from CSV,642,Hefeflocken 100G
04104420215313,brand_mapping,Exported description as brand: 'Quinoa 500g'; source TIDBrandName='Alnatura',643,Quinoa 500g
04104420215313,market_country_mapping,CSV blank; source TargetMarketCountryCode=276; lowercase targetMarketCountryCode is empty,643,Quinoa 500g
04104420215313,nutrition_basis_lost_100g,Source basis 100 GRM omitted from CSV,643,Quinoa 500g
04104420214422,brand_mapping,"Exported description as brand: 'Weißweinessig 0,5 L'; source TIDBrandName='Alnatura'",644,"Weißweinessig 0,5 L"
04104420214422,market_country_mapping,CSV blank; source TargetMarketCountryCode=276; lowercase targetMarketCountryCode is empty,644,"Weißweinessig 0,5 L"
04104420214484,brand_mapping,Exported description as brand: 'Apfelmark Guave Mango Maracuja 360G'; source TIDBrandName='Alnatura',645,Apfelmark Guave Mango Maracuja 360G
04104420214484,market_country_mapping,CSV blank; source TargetMarketCountryCode=276; lowercase targetMarketCountryCode is empty,645,Apfelmark Guave Mango Maracuja 360G
04104420214484,nutrition_basis_lost_100g,Source basis 100 GRM omitted from CSV,645,Apfelmark Guave Mango Maracuja 360G
04104420214484,less_than_qualifier_lost,"PRO- < 0.5 GRM, slot .3, group preparationState; CSV has no qualifier",645,Apfelmark Guave Mango Maracuja 360G
04104420214484,less_than_qualifier_lost,"FAT < 0.5 GRM, slot .4, group preparationState; CSV has no qualifier",645,Apfelmark Guave Mango Maracuja 360G
04104420214484,less_than_qualifier_lost,"FASAT < 0.1 GRM, slot .5, group preparationState; CSV has no qualifier",645,Apfelmark Guave Mango Maracuja 360G
04104420214484,less_than_qualifier_lost,"SALTEQ < 0.01 GRM, slot .6, group preparationState; CSV has no qualifier",645,Apfelmark Guave Mango Maracuja 360G
04104420212794,brand_mapping,Exported description as brand: 'Thai Kokos Curry 325ML'; source TIDBrandName='Alnatura',646,Thai Kokos Curry 325ML
04104420212794,market_country_mapping,CSV blank; source TargetMarketCountryCode=276; lowercase targetMarketCountryCode is empty,646,Thai Kokos Curry 325ML
04104420214385,brand_mapping,"Exported description as brand: 'Secco 0,75L'; source TIDBrandName='Alnatura'",647,"Secco 0,75L"
04104420214385,market_country_mapping,CSV blank; source TargetMarketCountryCode=276; lowercase targetMarketCountryCode is empty,647,"Secco 0,75L"
04104420214385,less_than_qualifier_lost,"FAT < 0.5 GRM, slot .2, group preparationState; CSV has no qualifier",647,"Secco 0,75L"
04104420214385,less_than_qualifier_lost,"PRO- < 0.5 GRM, slot .3, group preparationState; CSV has no qualifier",647,"Secco 0,75L"
04104420214385,less_than_qualifier_lost,"SALTEQ < 0.1 GRM, slot .4, group preparationState; CSV has no qualifier",647,"Secco 0,75L"
04104420214385,less_than_qualifier_lost,"FASAT < 0.1 GRM, slot .5, group preparationState; CSV has no qualifier",647,"Secco 0,75L"
04104420213128,brand_mapping,Exported description as brand: 'Indisches Curry 325ML'; source TIDBrandName='Alnatura',648,Indisches Curry 325ML
04104420213128,market_country_mapping,CSV blank; source TargetMarketCountryCode=276; lowercase targetMarketCountryCode is empty,648,Indisches Curry 325ML
04104420179530,brand_mapping,"Exported description as brand: 'Fen.Anis Kümmel Tee Btl.50x2,25g 11'; source TIDBrandName='Alnatura'",649,"Fen.Anis Kümmel Tee Btl.50x2,25g 11"
04104420179530,market_country_mapping,CSV blank; source TargetMarketCountryCode=276; lowercase targetMarketCountryCode is empty,649,"Fen.Anis Kümmel Tee Btl.50x2,25g 11"
04104420213296,brand_mapping,"Exported description as brand: 'Pflaumen Trunk 0,75l'; source TIDBrandName='Alnatura'",650,"Pflaumen Trunk 0,75l"
04104420213296,market_country_mapping,CSV blank; source TargetMarketCountryCode=276; lowercase targetMarketCountryCode is empty,650,"Pflaumen Trunk 0,75l"
04104420213296,less_than_qualifier_lost,"FAT < 0.5 GRM, slot .2, group preparationState; CSV has no qualifier",650,"Pflaumen Trunk 0,75l"
04104420213296,less_than_qualifier_lost,"FIBTG < 0.5 GRM, slot .3, group preparationState; CSV has no qualifier",650,"Pflaumen Trunk 0,75l"
04104420213296,less_than_qualifier_lost,"PRO- < 0.5 GRM, slot .4, group preparationState; CSV has no qualifier",650,"Pflaumen Trunk 0,75l"
04104420213296,less_than_qualifier_lost,"FASAT < 0.1 GRM, slot .5, group preparationState; CSV has no qualifier",650,"Pflaumen Trunk 0,75l"
04104420213296,less_than_qualifier_lost,"SALTEQ < 0.01 GRM, slot .6, group preparationState; CSV has no qualifier",650,"Pflaumen Trunk 0,75l"
04104420213678,brand_mapping,Exported description as brand: 'Frischer Pizzateig 400G'; source TIDBrandName='Alnatura',651,Frischer Pizzateig 400G
04104420213678,market_country_mapping,CSV blank; source TargetMarketCountryCode=276; lowercase targetMarketCountryCode is empty,651,Frischer Pizzateig 400G
04104420213678,nutrition_basis_lost_100g,Source basis 100 GRM omitted from CSV,651,Frischer Pizzateig 400G
04104420213715,brand_mapping,Exported description as brand: 'Frischer Blätterteig 240G'; source TIDBrandName='Alnatura',652,Frischer Blätterteig 240G
04104420213715,market_country_mapping,CSV blank; source TargetMarketCountryCode=276; lowercase targetMarketCountryCode is empty,652,Frischer Blätterteig 240G
04104420213715,nutrition_basis_lost_100g,Source basis 100 GRM omitted from CSV,652,Frischer Blätterteig 240G
04104420214651,brand_mapping,Exported description as brand: 'Kartoffelpuffer (TK) 600g'; source TIDBrandName='Alnatura',653,Kartoffelpuffer (TK) 600g
04104420214651,market_country_mapping,CSV blank; source TargetMarketCountryCode=276; lowercase targetMarketCountryCode is empty,653,Kartoffelpuffer (TK) 600g
04104420214651,nutrition_basis_lost_100g,Source basis 100 GRM omitted from CSV,653,Kartoffelpuffer (TK) 600g
04104420214651,less_than_qualifier_lost,"SUGAR- < 0.5 GRM, slot .4, group preparationState; CSV has no qualifier",653,Kartoffelpuffer (TK) 600g
04104420214651,less_than_qualifier_lost,"FAT < 0.5 GRM, slot .5, group preparationState; CSV has no qualifier",653,Kartoffelpuffer (TK) 600g
04104420215696,brand_mapping,Exported description as brand: 'Apfel-Mango-Kokos-Dinkelg. 190G'; source TIDBrandName='Alnatura',654,Apfel-Mango-Kokos-Dinkelg. 190G
04104420215696,market_country_mapping,CSV blank; source TargetMarketCountryCode=276; lowercase targetMarketCountryCode is empty,654,Apfel-Mango-Kokos-Dinkelg. 190G
04104420215696,nutrition_basis_lost_100g,Source basis 100 GRM omitted from CSV,654,Apfel-Mango-Kokos-Dinkelg. 190G
04104420215696,less_than_qualifier_lost,"SALTEQ < 0.01 GRM, slot .6, group preparationState; CSV has no qualifier",654,Apfel-Mango-Kokos-Dinkelg. 190G
04104420214545,brand_mapping,Exported description as brand: 'Popcorn Meersalz 60G'; source TIDBrandName='Alnatura',655,Popcorn Meersalz 60G
04104420214545,market_country_mapping,CSV blank; source TargetMarketCountryCode=276; lowercase targetMarketCountryCode is empty,655,Popcorn Meersalz 60G
04104420214545,nutrition_basis_lost_100g,Source basis 100 GRM omitted from CSV,655,Popcorn Meersalz 60G
04104420214545,less_than_qualifier_lost,"SUGAR- < 0.5 GRM, slot .6, group preparationState; CSV has no qualifier",655,Popcorn Meersalz 60G
04104420214583,brand_mapping,Exported description as brand: 'Popcorn süß und salzig 80G'; source TIDBrandName='Alnatura',656,Popcorn süß und salzig 80G
04104420214583,market_country_mapping,CSV blank; source TargetMarketCountryCode=276; lowercase targetMarketCountryCode is empty,656,Popcorn süß und salzig 80G
04104420214583,nutrition_basis_lost_100g,Source basis 100 GRM omitted from CSV,656,Popcorn süß und salzig 80G
04104420212572,brand_mapping,Exported description as brand: 'Kakaonibs geröstet 150G'; source TIDBrandName='Alnatura',657,Kakaonibs geröstet 150G
04104420212572,market_country_mapping,CSV blank; source TargetMarketCountryCode=276; lowercase targetMarketCountryCode is empty,657,Kakaonibs geröstet 150G
04104420212572,nutrition_basis_lost_100g,Source basis 100 GRM omitted from CSV,657,Kakaonibs geröstet 150G
04104420212572,less_than_qualifier_lost,"SALTEQ < 0.01 GRM, slot .6, group preparationState; CSV has no qualifier",657,Kakaonibs geröstet 150G
04104420209527,brand_mapping,Exported description as brand: 'Zitronen Sablés 110G'; source TIDBrandName='Alnatura',658,Zitronen Sablés 110G
04104420209527,market_country_mapping,CSV blank; source TargetMarketCountryCode=276; lowercase targetMarketCountryCode is empty,658,Zitronen Sablés 110G
04104420209527,nutrition_basis_lost_100g,Source basis 100 GRM omitted from CSV,658,Zitronen Sablés 110G
04104420216129,brand_mapping,Exported description as brand: 'Landschinken 70G'; source TIDBrandName='Alnatura',659,Landschinken 70G
04104420216129,market_country_mapping,CSV blank; source TargetMarketCountryCode=276; lowercase targetMarketCountryCode is empty,659,Landschinken 70G
04104420216129,nutrition_basis_lost_100g,Source basis 100 GRM omitted from CSV,659,Landschinken 70G
04104420216129,less_than_qualifier_lost,"SUGAR- < 0.5 GRM, slot .5, group preparationState; CSV has no qualifier",659,Landschinken 70G
04104420216785,brand_mapping,Exported description as brand: 'Hanföl nativ 250ML'; source TIDBrandName='Alnatura',660,Hanföl nativ 250ML
04104420216785,market_country_mapping,CSV blank; source TargetMarketCountryCode=276; lowercase targetMarketCountryCode is empty,660,Hanföl nativ 250ML
04104420216785,less_than_qualifier_lost,"FIBTG < 0.5 GRM, slot .3, group preparationState; CSV has no qualifier",660,Hanföl nativ 250ML
04104420216785,less_than_qualifier_lost,"PRO- < 0.5 GRM, slot .4, group preparationState; CSV has no qualifier",660,Hanföl nativ 250ML
04104420216785,less_than_qualifier_lost,"CHOAVL < 0.5 GRM, slot .5, group preparationState; CSV has no qualifier",660,Hanföl nativ 250ML
04104420216785,less_than_qualifier_lost,"SUGAR- < 0.5 GRM, slot .6, group preparationState; CSV has no qualifier",660,Hanföl nativ 250ML
04104420216785,less_than_qualifier_lost,"SALTEQ < 0.01 GRM, slot .7, group preparationState; CSV has no qualifier",660,Hanföl nativ 250ML
04104420217072,brand_mapping,Exported description as brand: 'Brombeeren (TK) 300G'; source TIDBrandName='Alnatura',661,Brombeeren (TK) 300G
04104420217072,market_country_mapping,CSV blank; source TargetMarketCountryCode=276; lowercase targetMarketCountryCode is empty,661,Brombeeren (TK) 300G
04104420217072,nutrition_basis_lost_100g,Source basis 100 GRM omitted from CSV,661,Brombeeren (TK) 300G
04104420217119,brand_mapping,Exported description as brand: 'Sauerkirschen (TK) 300G'; source TIDBrandName='Alnatura',662,Sauerkirschen (TK) 300G
04104420217119,market_country_mapping,CSV blank; source TargetMarketCountryCode=276; lowercase targetMarketCountryCode is empty,662,Sauerkirschen (TK) 300G
04104420217119,nutrition_basis_lost_100g,Source basis 100 GRM omitted from CSV,662,Sauerkirschen (TK) 300G
04104420217119,less_than_qualifier_lost,"FAT < 0.5 GRM, slot .4, group preparationState; CSV has no qualifier",662,Sauerkirschen (TK) 300G
04104420217119,less_than_qualifier_lost,"FASAT < 0.1 GRM, slot .5, group preparationState; CSV has no qualifier",662,Sauerkirschen (TK) 300G
04104420217119,less_than_qualifier_lost,"SALTEQ < 0.01 GRM, slot .6, group preparationState; CSV has no qualifier",662,Sauerkirschen (TK) 300G
00000042390350,brand_mapping,Exported description as brand: '*Vollmilch Schoko Lolli 15G*'; source TIDBrandName='Alnatura',663,*Vollmilch Schoko Lolli 15G*
00000042390350,market_country_mapping,CSV blank; source TargetMarketCountryCode=276; lowercase targetMarketCountryCode is empty,663,*Vollmilch Schoko Lolli 15G*
00000042390350,nutrition_basis_lost_100g,Source basis 100 GRM omitted from CSV,663,*Vollmilch Schoko Lolli 15G*
04104420216662,brand_mapping,"Exported description as brand: 'Grüne Bohnen fein, geschnitten 340G'; source TIDBrandName='Alnatura'",664,"Grüne Bohnen fein, geschnitten 340G"
04104420216662,market_country_mapping,CSV blank; source TargetMarketCountryCode=276; lowercase targetMarketCountryCode is empty,664,"Grüne Bohnen fein, geschnitten 340G"
04104420216662,nutrition_basis_lost_100g,Source basis 100 GRM omitted from CSV,664,"Grüne Bohnen fein, geschnitten 340G"
04104420216662,less_than_qualifier_lost,"FAT < 0.5 GRM, slot .4, group preparationState; CSV has no qualifier",664,"Grüne Bohnen fein, geschnitten 340G"
04104420216662,less_than_qualifier_lost,"FASAT < 0.1 GRM, slot .6, group preparationState; CSV has no qualifier",664,"Grüne Bohnen fein, geschnitten 340G"
04104420217423,brand_mapping,Exported description as brand: 'Putenaufschnitt hauchfein 70G'; source TIDBrandName='Alnatura',665,Putenaufschnitt hauchfein 70G
04104420217423,market_country_mapping,CSV blank; source TargetMarketCountryCode=276; lowercase targetMarketCountryCode is empty,665,Putenaufschnitt hauchfein 70G
04104420217423,nutrition_basis_lost_100g,Source basis 100 GRM omitted from CSV,665,Putenaufschnitt hauchfein 70G
04104420217423,less_than_qualifier_lost,"FIBTG < 0.5 GRM, slot .3, group preparationState; CSV has no qualifier",665,Putenaufschnitt hauchfein 70G
04104420217423,less_than_qualifier_lost,"SUGAR- < 0.5 GRM, slot .5, group preparationState; CSV has no qualifier",665,Putenaufschnitt hauchfein 70G
04104420217423,less_than_qualifier_lost,"CHOAVL < 0.5 GRM, slot .6, group preparationState; CSV has no qualifier",665,Putenaufschnitt hauchfein 70G
04104420218833,brand_mapping,Exported description as brand: '*Mini Vollmilch Eier 80g*'; source TIDBrandName='Alnatura',666,*Mini Vollmilch Eier 80g*
04104420218833,market_country_mapping,CSV blank; source TargetMarketCountryCode=276; lowercase targetMarketCountryCode is empty,666,*Mini Vollmilch Eier 80g*
04104420218833,nutrition_basis_lost_100g,Source basis 100 GRM omitted from CSV,666,*Mini Vollmilch Eier 80g*
04104420219113,brand_mapping,Exported description as brand: '*Nougat Schoko Eier 100g*'; source TIDBrandName='Alnatura',667,*Nougat Schoko Eier 100g*
04104420219113,market_country_mapping,CSV blank; source TargetMarketCountryCode=276; lowercase targetMarketCountryCode is empty,667,*Nougat Schoko Eier 100g*
04104420219113,nutrition_basis_lost_100g,Source basis 100 GRM omitted from CSV,667,*Nougat Schoko Eier 100g*
04104420216709,brand_mapping,Exported description as brand: 'Flohsamen 250g'; source TIDBrandName='Alnatura',668,Flohsamen 250g
04104420216709,market_country_mapping,CSV blank; source TargetMarketCountryCode=276; lowercase targetMarketCountryCode is empty,668,Flohsamen 250g
04104420216709,nutrition_basis_lost_100g,Source basis 100 GRM omitted from CSV,668,Flohsamen 250g
04104420216709,less_than_qualifier_lost,"SUGAR- < 0.5 GRM, slot .5, group preparationState; CSV has no qualifier",668,Flohsamen 250g
04104420216709,less_than_qualifier_lost,"SUGAR- < 0.5 GRM, slot .11, group preparationState.1; CSV has no qualifier",668,Flohsamen 250g
04104420216709,less_than_qualifier_lost,"CHOAVL < 0.5 GRM, slot .12, group preparationState.1; CSV has no qualifier",668,Flohsamen 250g
04104420216709,less_than_qualifier_lost,"FASAT < 0.1 GRM, slot .14, group preparationState.1; CSV has no qualifier",668,Flohsamen 250g
04104420216709,less_than_qualifier_lost,"SALTEQ < 0.01 GRM, slot .15, group preparationState.1; CSV has no qualifier",668,Flohsamen 250g
04104420216709,secondary_serving_size_lost,{'servingSizeValue.1': '5'},668,Flohsamen 250g
04104420217027,brand_mapping,Exported description as brand: 'Protein Müsli 350g'; source TIDBrandName='Alnatura',669,Protein Müsli 350g
04104420217027,market_country_mapping,CSV blank; source TargetMarketCountryCode=276; lowercase targetMarketCountryCode is empty,669,Protein Müsli 350g
04104420217027,nutrition_basis_lost_100g,Source basis 100 GRM omitted from CSV,669,Protein Müsli 350g
04104420217843,brand_mapping,Exported description as brand: 'Pommes Frites (TK) 600G'; source TIDBrandName='Alnatura',670,Pommes Frites (TK) 600G
04104420217843,market_country_mapping,CSV blank; source TargetMarketCountryCode=276; lowercase targetMarketCountryCode is empty,670,Pommes Frites (TK) 600G
04104420217843,nutrition_basis_lost_100g,Source basis 100 GRM omitted from CSV,670,Pommes Frites (TK) 600G
04104420186057,brand_mapping,Exported description as brand: 'Hanfsamen geschält 200G'; source TIDBrandName='Alnatura',671,Hanfsamen geschält 200G
04104420186057,market_country_mapping,CSV blank; source TargetMarketCountryCode=276; lowercase targetMarketCountryCode is empty,671,Hanfsamen geschält 200G
04104420186057,nutrition_basis_lost_100g,Source basis 100 GRM omitted from CSV,671,Hanfsamen geschält 200G
04104420218352,brand_mapping,Exported description as brand: 'Goldhirse 500G'; source TIDBrandName='Alnatura',672,Goldhirse 500G
04104420218352,market_country_mapping,CSV blank; source TargetMarketCountryCode=276; lowercase targetMarketCountryCode is empty,672,Goldhirse 500G
04104420218352,nutrition_basis_lost_100g,Source basis 100 GRM omitted from CSV,672,Goldhirse 500G
04104420218352,less_than_qualifier_lost,"SALTEQ < 0.01 GRM, slot .6, group preparationState; CSV has no qualifier",672,Goldhirse 500G
04104420218574,brand_mapping,Exported description as brand: 'Naturreis Langkorn 1.000G'; source TIDBrandName='Alnatura',673,Naturreis Langkorn 1.000G
04104420218574,market_country_mapping,CSV blank; source TargetMarketCountryCode=276; lowercase targetMarketCountryCode is empty,673,Naturreis Langkorn 1.000G
04104420218574,nutrition_basis_lost_100g,Source basis 100 GRM omitted from CSV,673,Naturreis Langkorn 1.000G
04104420218574,less_than_qualifier_lost,"SALTEQ < 0.01 GRM, slot .6, group preparationState; CSV has no qualifier",673,Naturreis Langkorn 1.000G
04104420219069,brand_mapping,Exported description as brand: 'Geflügel Bratwurst 160G'; source TIDBrandName='Alnatura',674,Geflügel Bratwurst 160G
04104420219069,market_country_mapping,CSV blank; source TargetMarketCountryCode=276; lowercase targetMarketCountryCode is empty,674,Geflügel Bratwurst 160G
04104420219069,nutrition_basis_lost_100g,Source basis 100 GRM omitted from CSV,674,Geflügel Bratwurst 160G
04104420185838,brand_mapping,Exported description as brand: 'Bruderhahn Eier 6er'; source TIDBrandName='Alnatura',675,Bruderhahn Eier 6er
04104420185838,market_country_mapping,CSV blank; source TargetMarketCountryCode=276; lowercase targetMarketCountryCode is empty,675,Bruderhahn Eier 6er
04104420209831,brand_mapping,Exported description as brand: 'Babylöffel 4 ST'; source TIDBrandName='Alnatura',676,Babylöffel 4 ST
04104420209831,market_country_mapping,CSV blank; source TargetMarketCountryCode=276; lowercase targetMarketCountryCode is empty,676,Babylöffel 4 ST
04104420217973,brand_mapping,Exported description as brand: 'Reiswaffeln mit Salz 100G'; source TIDBrandName='Alnatura',677,Reiswaffeln mit Salz 100G
04104420217973,market_country_mapping,CSV blank; source TargetMarketCountryCode=276; lowercase targetMarketCountryCode is empty,677,Reiswaffeln mit Salz 100G
04104420217973,nutrition_basis_lost_100g,Source basis 100 GRM omitted from CSV,677,Reiswaffeln mit Salz 100G
04104420217997,brand_mapping,Exported description as brand: 'Reiswaffeln ohne Salz 100G'; source TIDBrandName='Alnatura',678,Reiswaffeln ohne Salz 100G
04104420217997,market_country_mapping,CSV blank; source TargetMarketCountryCode=276; lowercase targetMarketCountryCode is empty,678,Reiswaffeln ohne Salz 100G
04104420217997,nutrition_basis_lost_100g,Source basis 100 GRM omitted from CSV,678,Reiswaffeln ohne Salz 100G
04104420217997,less_than_qualifier_lost,"SALTEQ < 0.01 GRM, slot .6, group preparationState; CSV has no qualifier",678,Reiswaffeln ohne Salz 100G
04104420215146,brand_mapping,Exported description as brand: 'Buntes Gemüse mediterran 190G'; source TIDBrandName='Alnatura',679,Buntes Gemüse mediterran 190G
04104420215146,market_country_mapping,CSV blank; source TargetMarketCountryCode=276; lowercase targetMarketCountryCode is empty,679,Buntes Gemüse mediterran 190G
04104420215146,nutrition_basis_lost_100g,Source basis 100 GRM omitted from CSV,679,Buntes Gemüse mediterran 190G
04104420217188,brand_mapping,Exported description as brand: 'Fischstäbchen (TK) 250g'; source TIDBrandName='Alnatura',680,Fischstäbchen (TK) 250g
04104420217188,market_country_mapping,CSV blank; source TargetMarketCountryCode=276; lowercase targetMarketCountryCode is empty,680,Fischstäbchen (TK) 250g
04104420217188,nutrition_basis_lost_100g,Source basis 100 GRM omitted from CSV,680,Fischstäbchen (TK) 250g
04104420219403,brand_mapping,Exported description as brand: 'Sonnenblumenkerne 500G'; source TIDBrandName='Alnatura',681,Sonnenblumenkerne 500G
04104420219403,market_country_mapping,CSV blank; source TargetMarketCountryCode=276; lowercase targetMarketCountryCode is empty,681,Sonnenblumenkerne 500G
04104420219403,nutrition_basis_lost_100g,Source basis 100 GRM omitted from CSV,681,Sonnenblumenkerne 500G
04104420219403,less_than_qualifier_lost,"SUGAR- < 0.5 GRM, slot .5, group preparationState; CSV has no qualifier",681,Sonnenblumenkerne 500G
04104420219403,less_than_qualifier_lost,"SALTEQ < 0.01 GRM, slot .6, group preparationState; CSV has no qualifier",681,Sonnenblumenkerne 500G
04104420219823,brand_mapping,Exported description as brand: 'Gute Laune Mix 150G'; source TIDBrandName='Alnatura',682,Gute Laune Mix 150G
04104420219823,market_country_mapping,CSV blank; source TargetMarketCountryCode=276; lowercase targetMarketCountryCode is empty,682,Gute Laune Mix 150G
04104420219823,nutrition_basis_lost_100g,Source basis 100 GRM omitted from CSV,682,Gute Laune Mix 150G
04104420220676,brand_mapping,Exported description as brand: 'Buttergemüse-Couscous-Huhn 220G'; source TIDBrandName='Alnatura',683,Buttergemüse-Couscous-Huhn 220G
04104420220676,market_country_mapping,CSV blank; source TargetMarketCountryCode=276; lowercase targetMarketCountryCode is empty,683,Buttergemüse-Couscous-Huhn 220G
04104420220676,nutrition_basis_lost_100g,Source basis 100 GRM omitted from CSV,683,Buttergemüse-Couscous-Huhn 220G
04104420220676,secondary_serving_size_lost,{'servingSizeValue.1': '220'},683,Buttergemüse-Couscous-Huhn 220G
04026813330390,brand_mapping,Exported description as brand: 'Pizza Pesto (TK) 345G'; source TIDBrandName='Bio Inside',684,Pizza Pesto (TK) 345G
04026813330390,market_country_mapping,CSV blank; source TargetMarketCountryCode=276; lowercase targetMarketCountryCode is empty,684,Pizza Pesto (TK) 345G
04026813330390,nutrition_basis_lost_100g,Source basis 100 GRM omitted from CSV,684,Pizza Pesto (TK) 345G
04260100261916,brand_mapping,Exported description as brand: 'Lasagne Vegetariana (TK) 375G'; source TIDBrandName='Bipolar',685,Lasagne Vegetariana (TK) 375G
04260100261916,market_country_mapping,CSV blank; source TargetMarketCountryCode=276; lowercase targetMarketCountryCode is empty,685,Lasagne Vegetariana (TK) 375G
04260100261916,nutrition_basis_lost_100g,Source basis 100 GRM omitted from CSV,685,Lasagne Vegetariana (TK) 375G
04104420213852,brand_mapping,Exported description as brand: 'Apfel-Heidelbeer-Müsli 190G'; source TIDBrandName='Alnatura',686,Apfel-Heidelbeer-Müsli 190G
04104420213852,market_country_mapping,CSV blank; source TargetMarketCountryCode=276; lowercase targetMarketCountryCode is empty,686,Apfel-Heidelbeer-Müsli 190G
04104420213852,nutrition_basis_lost_100g,Source basis 100 GRM omitted from CSV,686,Apfel-Heidelbeer-Müsli 190G
04104420213852,less_than_qualifier_lost,"SALTEQ < 0.01 GRM, slot .6, group preparationState; CSV has no qualifier",686,Apfel-Heidelbeer-Müsli 190G
04104420215856,brand_mapping,Exported description as brand: 'Milchreis 200G'; source TIDBrandName='Alnatura',687,Milchreis 200G
04104420215856,market_country_mapping,CSV blank; source TargetMarketCountryCode=276; lowercase targetMarketCountryCode is empty,687,Milchreis 200G
04104420215856,nutrition_basis_lost_100g,Source basis 100 GRM omitted from CSV,687,Milchreis 200G
04104420215856,less_than_qualifier_lost,"FIBTG < 0.5 GRM, slot .5, group preparationState; CSV has no qualifier",687,Milchreis 200G
04104420218734,brand_mapping,"Exported description as brand: 'Ayran 3,5% 230ML'; source TIDBrandName='Alnatura'",688,"Ayran 3,5% 230ML"
04104420218734,market_country_mapping,CSV blank; source TargetMarketCountryCode=276; lowercase targetMarketCountryCode is empty,688,"Ayran 3,5% 230ML"
04104420218734,nutrition_basis_lost_100g,Source basis 100 GRM omitted from CSV,688,"Ayran 3,5% 230ML"
04104420218734,less_than_qualifier_lost,"FIBTG < 0.5 GRM, slot .6, group preparationState; CSV has no qualifier",688,"Ayran 3,5% 230ML"
04104420220232,brand_mapping,Exported description as brand: 'Milchreis 500G'; source TIDBrandName='Alnatura',689,Milchreis 500G
04104420220232,market_country_mapping,CSV blank; source TargetMarketCountryCode=276; lowercase targetMarketCountryCode is empty,689,Milchreis 500G
04104420220232,nutrition_basis_lost_100g,Source basis 100 GRM omitted from CSV,689,Milchreis 500G
04104420219366,brand_mapping,Exported description as brand: 'Sonnenblumenkerne 250G'; source TIDBrandName='Alnatura',690,Sonnenblumenkerne 250G
04104420219366,market_country_mapping,CSV blank; source TargetMarketCountryCode=276; lowercase targetMarketCountryCode is empty,690,Sonnenblumenkerne 250G
04104420219366,nutrition_basis_lost_100g,Source basis 100 GRM omitted from CSV,690,Sonnenblumenkerne 250G
04104420219366,less_than_qualifier_lost,"SUGAR- < 0.5 GRM, slot .5, group preparationState; CSV has no qualifier",690,Sonnenblumenkerne 250G
04104420219793,brand_mapping,Exported description as brand: 'Hafer Knusper Kekse 150G'; source TIDBrandName='Alnatura',691,Hafer Knusper Kekse 150G
04104420219793,market_country_mapping,CSV blank; source TargetMarketCountryCode=276; lowercase targetMarketCountryCode is empty,691,Hafer Knusper Kekse 150G
04104420219793,nutrition_basis_lost_100g,Source basis 100 GRM omitted from CSV,691,Hafer Knusper Kekse 150G
04104420219946,brand_mapping,Exported description as brand: 'Ingwer Kurkuma Btl. 20x2g 40g'; source TIDBrandName='Alnatura',692,Ingwer Kurkuma Btl. 20x2g 40g
04104420219946,market_country_mapping,CSV blank; source TargetMarketCountryCode=276; lowercase targetMarketCountryCode is empty,692,Ingwer Kurkuma Btl. 20x2g 40g
04104420219984,brand_mapping,Exported description as brand: 'Schlaf schön Tee Btl. 20x2g 40g'; source TIDBrandName='Alnatura',693,Schlaf schön Tee Btl. 20x2g 40g
04104420219984,market_country_mapping,CSV blank; source TargetMarketCountryCode=276; lowercase targetMarketCountryCode is empty,693,Schlaf schön Tee Btl. 20x2g 40g
04104420220027,brand_mapping,"Exported description as brand: 'Lindenblüten Tee Btl. 20x1,8g 36G'; source TIDBrandName='Alnatura'",694,"Lindenblüten Tee Btl. 20x1,8g 36G"
04104420220027,market_country_mapping,CSV blank; source TargetMarketCountryCode=276; lowercase targetMarketCountryCode is empty,694,"Lindenblüten Tee Btl. 20x1,8g 36G"
04104420220065,brand_mapping,"Exported description as brand: 'Grüner Tee Darjeeling Btl. 20x1,5g'; source TIDBrandName='Alnatura'",695,"Grüner Tee Darjeeling Btl. 20x1,5g"
04104420220065,market_country_mapping,CSV blank; source TargetMarketCountryCode=276; lowercase targetMarketCountryCode is empty,695,"Grüner Tee Darjeeling Btl. 20x1,5g"
04104420220065,nutrition_basis_lost_100g,Source basis 100 GRM omitted from CSV,695,"Grüner Tee Darjeeling Btl. 20x1,5g"
04104420220713,brand_mapping,Exported description as brand: 'Erdnussmus crunchy 250G'; source TIDBrandName='Alnatura',696,Erdnussmus crunchy 250G
04104420220713,market_country_mapping,CSV blank; source TargetMarketCountryCode=276; lowercase targetMarketCountryCode is empty,696,Erdnussmus crunchy 250G
04104420220713,nutrition_basis_lost_100g,Source basis 100 GRM omitted from CSV,696,Erdnussmus crunchy 250G
04104420213890,brand_mapping,Exported description as brand: 'Couscous Gemüse mediterran 250G'; source TIDBrandName='Alnatura',697,Couscous Gemüse mediterran 250G
04104420213890,market_country_mapping,CSV blank; source TargetMarketCountryCode=276; lowercase targetMarketCountryCode is empty,697,Couscous Gemüse mediterran 250G
04104420213890,nutrition_basis_lost_100g,Source basis 100 GRM omitted from CSV,697,Couscous Gemüse mediterran 250G
04104420213890,secondary_serving_size_lost,{'servingSizeValue.1': '250'},697,Couscous Gemüse mediterran 250G
04104420221833,brand_mapping,Exported description as brand: 'Müsli Riegel Ahorn-Dattel 150G'; source TIDBrandName='Alnatura',698,Müsli Riegel Ahorn-Dattel 150G
04104420221833,market_country_mapping,CSV blank; source TargetMarketCountryCode=276; lowercase targetMarketCountryCode is empty,698,Müsli Riegel Ahorn-Dattel 150G
04104420221833,nutrition_basis_lost_100g,Source basis 100 GRM omitted from CSV,698,Müsli Riegel Ahorn-Dattel 150G
04104420221833,less_than_qualifier_lost,"FASAT < 0.5 GRM, slot .14, group preparationState.1; CSV has no qualifier",698,Müsli Riegel Ahorn-Dattel 150G
04104420221833,secondary_serving_size_lost,{'servingSizeValue.1': '25'},698,Müsli Riegel Ahorn-Dattel 150G
00000042398479,brand_mapping,Exported description as brand: 'Salsa Dip Mild 245ML'; source TIDBrandName='Alnatura',699,Salsa Dip Mild 245ML
00000042398479,market_country_mapping,CSV blank; source TargetMarketCountryCode=276; lowercase targetMarketCountryCode is empty,699,Salsa Dip Mild 245ML
00000042398479,nutrition_basis_lost_100g,Source basis 100 GRM omitted from CSV,699,Salsa Dip Mild 245ML
00000042398479,less_than_qualifier_lost,"FAT < 0.5 GRM, slot , group preparationState; CSV has no qualifier",699,Salsa Dip Mild 245ML
00000042398479,less_than_qualifier_lost,"FASAT < 0.1 GRM, slot .2, group preparationState; CSV has no qualifier",699,Salsa Dip Mild 245ML
04104420137820,brand_mapping,Exported description as brand: 'Lachs-Zubereitung 125G'; source TIDBrandName='Alnatura',700,Lachs-Zubereitung 125G
04104420137820,market_country_mapping,CSV blank; source TargetMarketCountryCode=276; lowercase targetMarketCountryCode is empty,700,Lachs-Zubereitung 125G
04104420137820,nutrition_basis_lost_100g,Source basis 100 GRM omitted from CSV,700,Lachs-Zubereitung 125G
04104420137820,less_than_qualifier_lost,"SUGAR- < 0.5 GRM, slot .6, group preparationState; CSV has no qualifier",700,Lachs-Zubereitung 125G
04104420218208,brand_mapping,Exported description as brand: 'Kakao Doppelkeks Kokos 330G'; source TIDBrandName='Alnatura',701,Kakao Doppelkeks Kokos 330G
04104420218208,market_country_mapping,CSV blank; source TargetMarketCountryCode=276; lowercase targetMarketCountryCode is empty,701,Kakao Doppelkeks Kokos 330G
04104420218208,nutrition_basis_lost_100g,Source basis 100 GRM omitted from CSV,701,Kakao Doppelkeks Kokos 330G
04104420221536,brand_mapping,Exported description as brand: 'Rote Linsen Spirelli 250G'; source TIDBrandName='Alnatura',702,Rote Linsen Spirelli 250G
04104420221536,market_country_mapping,CSV blank; source TargetMarketCountryCode=276; lowercase targetMarketCountryCode is empty,702,Rote Linsen Spirelli 250G
04104420221536,nutrition_basis_lost_100g,Source basis 100 GRM omitted from CSV,702,Rote Linsen Spirelli 250G
04104420221536,less_than_qualifier_lost,"SALTEQ < 0.01 GRM, slot .6, group preparationState; CSV has no qualifier",702,Rote Linsen Spirelli 250G
04104420221574,brand_mapping,Exported description as brand: 'Kichererbsen Spirelli 250G'; source TIDBrandName='Alnatura',703,Kichererbsen Spirelli 250G
04104420221574,market_country_mapping,CSV blank; source TargetMarketCountryCode=276; lowercase targetMarketCountryCode is empty,703,Kichererbsen Spirelli 250G
04104420221574,nutrition_basis_lost_100g,Source basis 100 GRM omitted from CSV,703,Kichererbsen Spirelli 250G
04104420221574,less_than_qualifier_lost,"SALTEQ < 0.01 GRM, slot .6, group preparationState; CSV has no qualifier",703,Kichererbsen Spirelli 250G
04104420221000,brand_mapping,"Exported description as brand: 'Baby-Kräuter-Tee Btl. 20x1,75g 35G'; source TIDBrandName='Alnatura'",704,"Baby-Kräuter-Tee Btl. 20x1,75g 35G"
04104420221000,market_country_mapping,CSV blank; source TargetMarketCountryCode=276; lowercase targetMarketCountryCode is empty,704,"Baby-Kräuter-Tee Btl. 20x1,75g 35G"
04104420221000,less_than_qualifier_lost,"FASAT < 0.1 GRM, slot , group preparationState; CSV has no qualifier",704,"Baby-Kräuter-Tee Btl. 20x1,75g 35G"
04104420221000,less_than_qualifier_lost,"FAT < 0.1 GRM, slot .1, group preparationState; CSV has no qualifier",704,"Baby-Kräuter-Tee Btl. 20x1,75g 35G"
04104420221000,less_than_qualifier_lost,"PRO- < 0.1 GRM, slot .2, group preparationState; CSV has no qualifier",704,"Baby-Kräuter-Tee Btl. 20x1,75g 35G"
04104420221000,less_than_qualifier_lost,"CHOAVL < 0.1 GRM, slot .3, group preparationState; CSV has no qualifier",704,"Baby-Kräuter-Tee Btl. 20x1,75g 35G"
04104420221000,less_than_qualifier_lost,"SUGAR- < 0.1 GRM, slot .4, group preparationState; CSV has no qualifier",704,"Baby-Kräuter-Tee Btl. 20x1,75g 35G"
04104420221000,less_than_qualifier_lost,"SALTEQ < 0.01 GRM, slot .5, group preparationState; CSV has no qualifier",704,"Baby-Kräuter-Tee Btl. 20x1,75g 35G"
04104420218284,brand_mapping,Exported description as brand: 'Salami Sticks luftgetrocknet 70g'; source TIDBrandName='Alnatura',705,Salami Sticks luftgetrocknet 70g
04104420218284,market_country_mapping,CSV blank; source TargetMarketCountryCode=276; lowercase targetMarketCountryCode is empty,705,Salami Sticks luftgetrocknet 70g
04104420218284,nutrition_basis_lost_100g,Source basis 100 GRM omitted from CSV,705,Salami Sticks luftgetrocknet 70g
04104420218284,less_than_qualifier_lost,"FIBTG < 0.5 GRM, slot .6, group preparationState; CSV has no qualifier",705,Salami Sticks luftgetrocknet 70g
04104420220430,brand_mapping,"Exported description as brand: 'Kichererbsen Snack ""Falafel"" 150G'; source TIDBrandName='Alnatura'",706,"Kichererbsen Snack ""Falafel"" 150G"
04104420220430,market_country_mapping,CSV blank; source TargetMarketCountryCode=276; lowercase targetMarketCountryCode is empty,706,"Kichererbsen Snack ""Falafel"" 150G"
04104420220430,nutrition_basis_lost_100g,Source basis 100 GRM omitted from CSV,706,"Kichererbsen Snack ""Falafel"" 150G"
04104420220478,brand_mapping,"Exported description as brand: 'Rote Linsen Snack ""Linsen Dal"" 150G'; source TIDBrandName='Alnatura'",707,"Rote Linsen Snack ""Linsen Dal"" 150G"
04104420220478,market_country_mapping,CSV blank; source TargetMarketCountryCode=276; lowercase targetMarketCountryCode is empty,707,"Rote Linsen Snack ""Linsen Dal"" 150G"
04104420220478,nutrition_basis_lost_100g,Source basis 100 GRM omitted from CSV,707,"Rote Linsen Snack ""Linsen Dal"" 150G"
04104420222878,brand_mapping,Exported description as brand: 'Schoko Reiswaffeln Zartbitter 100G'; source TIDBrandName='Alnatura',708,Schoko Reiswaffeln Zartbitter 100G
04104420222878,market_country_mapping,CSV blank; source TargetMarketCountryCode=276; lowercase targetMarketCountryCode is empty,708,Schoko Reiswaffeln Zartbitter 100G
04104420222878,nutrition_basis_lost_100g,Source basis 100 GRM omitted from CSV,708,Schoko Reiswaffeln Zartbitter 100G
04104420222878,less_than_qualifier_lost,"SALTEQ < 0.01 GRM, slot .6, group preparationState; CSV has no qualifier",708,Schoko Reiswaffeln Zartbitter 100G
04104420213937,brand_mapping,Exported description as brand: 'Karotten m. Kartoff. & Lachs 190G'; source TIDBrandName='Alnatura',709,Karotten m. Kartoff. & Lachs 190G
04104420213937,market_country_mapping,CSV blank; source TargetMarketCountryCode=276; lowercase targetMarketCountryCode is empty,709,Karotten m. Kartoff. & Lachs 190G
04104420213937,nutrition_basis_lost_100g,Source basis 100 GRM omitted from CSV,709,Karotten m. Kartoff. & Lachs 190G
04104420213937,secondary_serving_size_lost,{'servingSizeValue.1': '190'},709,Karotten m. Kartoff. & Lachs 190G
00000042400660,brand_mapping,Exported description as brand: 'Oliven Mix mit Kräutern 180G'; source TIDBrandName='Alnatura',710,Oliven Mix mit Kräutern 180G
00000042400660,market_country_mapping,CSV blank; source TargetMarketCountryCode=276; lowercase targetMarketCountryCode is empty,710,Oliven Mix mit Kräutern 180G
00000042400660,nutrition_basis_lost_100g,Source basis 100 GRM omitted from CSV,710,Oliven Mix mit Kräutern 180G
00000042400660,less_than_qualifier_lost,"SUGAR- < 0.5 GRM, slot .6, group preparationState; CSV has no qualifier",710,Oliven Mix mit Kräutern 180G
04104420222083,brand_mapping,Exported description as brand: 'Cashewbruch 300G'; source TIDBrandName='Alnatura',711,Cashewbruch 300G
04104420222083,market_country_mapping,CSV blank; source TargetMarketCountryCode=276; lowercase targetMarketCountryCode is empty,711,Cashewbruch 300G
04104420222083,nutrition_basis_lost_100g,Source basis 100 GRM omitted from CSV,711,Cashewbruch 300G
04104420222120,brand_mapping,Exported description as brand: 'Macadamianüsse 100G'; source TIDBrandName='Alnatura',712,Macadamianüsse 100G
04104420222120,market_country_mapping,CSV blank; source TargetMarketCountryCode=276; lowercase targetMarketCountryCode is empty,712,Macadamianüsse 100G
04104420222120,nutrition_basis_lost_100g,Source basis 100 GRM omitted from CSV,712,Macadamianüsse 100G
04104420222472,brand_mapping,Exported description as brand: 'Feine Bitter Schokolade 100G'; source TIDBrandName='Alnatura',713,Feine Bitter Schokolade 100G
04104420222472,market_country_mapping,CSV blank; source TargetMarketCountryCode=276; lowercase targetMarketCountryCode is empty,713,Feine Bitter Schokolade 100G
04104420222472,nutrition_basis_lost_100g,Source basis 100 GRM omitted from CSV,713,Feine Bitter Schokolade 100G
04104420222502,brand_mapping,Exported description as brand: 'Feine Bitter Orange Schokolade 100G'; source TIDBrandName='Alnatura',714,Feine Bitter Orange Schokolade 100G
04104420222502,market_country_mapping,CSV blank; source TargetMarketCountryCode=276; lowercase targetMarketCountryCode is empty,714,Feine Bitter Orange Schokolade 100G
04104420222502,nutrition_basis_lost_100g,Source basis 100 GRM omitted from CSV,714,Feine Bitter Orange Schokolade 100G
04104420222564,brand_mapping,Exported description as brand: 'Pfefferminz Schokolade 100G'; source TIDBrandName='Alnatura',715,Pfefferminz Schokolade 100G
04104420222564,market_country_mapping,CSV blank; source TargetMarketCountryCode=276; lowercase targetMarketCountryCode is empty,715,Pfefferminz Schokolade 100G
04104420222564,nutrition_basis_lost_100g,Source basis 100 GRM omitted from CSV,715,Pfefferminz Schokolade 100G
04104420222564,less_than_qualifier_lost,"SALTEQ < 0.01 GRM, slot .6, group preparationState; CSV has no qualifier",715,Pfefferminz Schokolade 100G
04104420222595,brand_mapping,Exported description as brand: 'Cappuccino Schokolade 100G'; source TIDBrandName='Alnatura',716,Cappuccino Schokolade 100G
04104420222595,market_country_mapping,CSV blank; source TargetMarketCountryCode=276; lowercase targetMarketCountryCode is empty,716,Cappuccino Schokolade 100G
04104420222595,nutrition_basis_lost_100g,Source basis 100 GRM omitted from CSV,716,Cappuccino Schokolade 100G
04104420220355,brand_mapping,Exported description as brand: 'Bergbauern Weichkäse 150G'; source TIDBrandName='Alnatura',717,Bergbauern Weichkäse 150G
04104420220355,market_country_mapping,CSV blank; source TargetMarketCountryCode=276; lowercase targetMarketCountryCode is empty,717,Bergbauern Weichkäse 150G
04104420220355,nutrition_basis_lost_100g,Source basis 100 GRM omitted from CSV,717,Bergbauern Weichkäse 150G
04104420220355,less_than_qualifier_lost,"SUGAR- < 0.5 GRM, slot .4, group preparationState; CSV has no qualifier",717,Bergbauern Weichkäse 150G
04104420220355,less_than_qualifier_lost,"CHOAVL < 0.5 GRM, slot .5, group preparationState; CSV has no qualifier",717,Bergbauern Weichkäse 150G
04104420220355,less_than_qualifier_lost,"FIBTG < 0.5 GRM, slot .6, group preparationState; CSV has no qualifier",717,Bergbauern Weichkäse 150G
04104420220393,brand_mapping,Exported description as brand: 'Ziegenfrischkäse aus Heumilch 140g'; source TIDBrandName='Alnatura',718,Ziegenfrischkäse aus Heumilch 140g
04104420220393,market_country_mapping,CSV blank; source TargetMarketCountryCode=276; lowercase targetMarketCountryCode is empty,718,Ziegenfrischkäse aus Heumilch 140g
04104420220393,nutrition_basis_lost_100g,Source basis 100 GRM omitted from CSV,718,Ziegenfrischkäse aus Heumilch 140g
04104420220393,less_than_qualifier_lost,"FIBTG < 0.5 GRM, slot .6, group preparationState; CSV has no qualifier",718,Ziegenfrischkäse aus Heumilch 140g
04104420221420,brand_mapping,Exported description as brand: 'Streichzart 150g'; source TIDBrandName='Alnatura',719,Streichzart 150g
04104420221420,market_country_mapping,CSV blank; source TargetMarketCountryCode=276; lowercase targetMarketCountryCode is empty,719,Streichzart 150g
04104420221420,nutrition_basis_lost_100g,Source basis 100 GRM omitted from CSV,719,Streichzart 150g
04104420221420,less_than_qualifier_lost,"CHOAVL < 0.5 GRM, slot .3, group preparationState; CSV has no qualifier",719,Streichzart 150g
04104420221420,less_than_qualifier_lost,"SUGAR- < 0.5 GRM, slot .4, group preparationState; CSV has no qualifier",719,Streichzart 150g
04104420221420,less_than_qualifier_lost,"FIBTG < 0.5 GRM, slot .5, group preparationState; CSV has no qualifier",719,Streichzart 150g
04104420221420,less_than_qualifier_lost,"SALTEQ < 0.01 GRM, slot .6, group preparationState; CSV has no qualifier",719,Streichzart 150g
00000042400608,brand_mapping,"Exported description as brand: 'Mini Schokotäfelchen VM 12,5G'; source TIDBrandName='Alnatura'",720,"Mini Schokotäfelchen VM 12,5G"
00000042400608,market_country_mapping,CSV blank; source TargetMarketCountryCode=276; lowercase targetMarketCountryCode is empty,720,"Mini Schokotäfelchen VM 12,5G"
00000042400608,nutrition_basis_lost_100g,Source basis 100 GRM omitted from CSV,720,"Mini Schokotäfelchen VM 12,5G"
00000042400615,brand_mapping,"Exported description as brand: 'Mini Schokotäfelchen f. Bitter 12,5'; source TIDBrandName='Alnatura'",721,"Mini Schokotäfelchen f. Bitter 12,5"
00000042400615,market_country_mapping,CSV blank; source TargetMarketCountryCode=276; lowercase targetMarketCountryCode is empty,721,"Mini Schokotäfelchen f. Bitter 12,5"
00000042400615,nutrition_basis_lost_100g,Source basis 100 GRM omitted from CSV,721,"Mini Schokotäfelchen f. Bitter 12,5"
00000042400653,brand_mapping,Exported description as brand: 'Nougat Mandel Riegel vegan 35G'; source TIDBrandName='Alnatura',722,Nougat Mandel Riegel vegan 35G
00000042400653,market_country_mapping,CSV blank; source TargetMarketCountryCode=276; lowercase targetMarketCountryCode is empty,722,Nougat Mandel Riegel vegan 35G
00000042400653,nutrition_basis_lost_100g,Source basis 100 GRM omitted from CSV,722,Nougat Mandel Riegel vegan 35G
00000042400653,less_than_qualifier_lost,"SALTEQ < 0.01 GRM, slot .6, group preparationState; CSV has no qualifier",722,Nougat Mandel Riegel vegan 35G
04104420221871,brand_mapping,Exported description as brand: 'Feigen 400G'; source TIDBrandName='Alnatura',723,Feigen 400G
04104420221871,market_country_mapping,CSV blank; source TargetMarketCountryCode=276; lowercase targetMarketCountryCode is empty,723,Feigen 400G
04104420221871,nutrition_basis_lost_100g,Source basis 100 GRM omitted from CSV,723,Feigen 400G
04104420222687,brand_mapping,Exported description as brand: 'Kokos m. Kokosblütenz. Schoko vegan'; source TIDBrandName='Alnatura',724,Kokos m. Kokosblütenz. Schoko vegan
04104420222687,market_country_mapping,CSV blank; source TargetMarketCountryCode=276; lowercase targetMarketCountryCode is empty,724,Kokos m. Kokosblütenz. Schoko vegan
04104420222687,nutrition_basis_lost_100g,Source basis 100 GRM omitted from CSV,724,Kokos m. Kokosblütenz. Schoko vegan
04104420223288,brand_mapping,Exported description as brand: 'Pekannusskerne 100G'; source TIDBrandName='Alnatura',725,Pekannusskerne 100G
04104420223288,market_country_mapping,CSV blank; source TargetMarketCountryCode=276; lowercase targetMarketCountryCode is empty,725,Pekannusskerne 100G
04104420223288,nutrition_basis_lost_100g,Source basis 100 GRM omitted from CSV,725,Pekannusskerne 100G
04104420223288,less_than_qualifier_lost,"SALTEQ < 0.01 GRM, slot .8, group preparationState; CSV has no qualifier",725,Pekannusskerne 100G
04104420223462,brand_mapping,Exported description as brand: 'Espresso Schokolade 100G'; source TIDBrandName='Alnatura',726,Espresso Schokolade 100G
04104420223462,market_country_mapping,CSV blank; source TargetMarketCountryCode=276; lowercase targetMarketCountryCode is empty,726,Espresso Schokolade 100G
04104420223462,nutrition_basis_lost_100g,Source basis 100 GRM omitted from CSV,726,Espresso Schokolade 100G
04104420221680,brand_mapping,Exported description as brand: 'Cashew Natur vegan 400g'; source TIDBrandName='Alnatura',727,Cashew Natur vegan 400g
04104420221680,market_country_mapping,CSV blank; source TargetMarketCountryCode=276; lowercase targetMarketCountryCode is empty,727,Cashew Natur vegan 400g
04104420221680,nutrition_basis_lost_100g,Source basis 100 GRM omitted from CSV,727,Cashew Natur vegan 400g
04104420221680,less_than_qualifier_lost,"FIBTG < 0.5 GRM, slot .4, group preparationState; CSV has no qualifier",727,Cashew Natur vegan 400g
04104420221680,less_than_qualifier_lost,"SUGAR- < 0.5 GRM, slot .5, group preparationState; CSV has no qualifier",727,Cashew Natur vegan 400g
04104420222625,brand_mapping,Exported description as brand: 'Nougat Schokolade 100G'; source TIDBrandName='Alnatura',728,Nougat Schokolade 100G
04104420222625,market_country_mapping,CSV blank; source TargetMarketCountryCode=276; lowercase targetMarketCountryCode is empty,728,Nougat Schokolade 100G
04104420222625,nutrition_basis_lost_100g,Source basis 100 GRM omitted from CSV,728,Nougat Schokolade 100G
04104420222809,brand_mapping,Exported description as brand: 'Chocolat 64% Cacao 150G'; source TIDBrandName='Alnatura',729,Chocolat 64% Cacao 150G
04104420222809,market_country_mapping,CSV blank; source TargetMarketCountryCode=276; lowercase targetMarketCountryCode is empty,729,Chocolat 64% Cacao 150G
04104420222809,nutrition_basis_lost_100g,Source basis 100 GRM omitted from CSV,729,Chocolat 64% Cacao 150G
04104420224711,brand_mapping,Exported description as brand: 'VORLAGE EPS 186-Pfandkiste'; source TIDBrandName='Alnatura',730,VORLAGE EPS 186-Pfandkiste
04104420224711,market_country_mapping,CSV blank; source TargetMarketCountryCode=276; lowercase targetMarketCountryCode is empty,730,VORLAGE EPS 186-Pfandkiste
04104420221970,brand_mapping,Exported description as brand: 'Karottensaft 1L'; source TIDBrandName='Alnatura',731,Karottensaft 1L
04104420221970,market_country_mapping,CSV blank; source TargetMarketCountryCode=276; lowercase targetMarketCountryCode is empty,731,Karottensaft 1L
04104420221970,less_than_qualifier_lost,"FAT < 0.5 GRM, slot .4, group preparationState; CSV has no qualifier",731,Karottensaft 1L
04104420221970,less_than_qualifier_lost,"FASAT < 0.1 GRM, slot .5, group preparationState; CSV has no qualifier",731,Karottensaft 1L
04104420222984,brand_mapping,"Exported description as brand: 'Coco Drink Natur 0,75L'; source TIDBrandName='Alnatura'",732,"Coco Drink Natur 0,75L"
04104420222984,market_country_mapping,CSV blank; source TargetMarketCountryCode=276; lowercase targetMarketCountryCode is empty,732,"Coco Drink Natur 0,75L"
04104420222984,less_than_qualifier_lost,"FAT < 0.5 GRM, slot .2, group preparationState; CSV has no qualifier",732,"Coco Drink Natur 0,75L"
04104420222984,less_than_qualifier_lost,"FIBTG < 0.5 GRM, slot .3, group preparationState; CSV has no qualifier",732,"Coco Drink Natur 0,75L"
04104420222984,less_than_qualifier_lost,"PRO- < 0.5 GRM, slot .4, group preparationState; CSV has no qualifier",732,"Coco Drink Natur 0,75L"
04104420222984,less_than_qualifier_lost,"FASAT < 0.1 GRM, slot .5, group preparationState; CSV has no qualifier",732,"Coco Drink Natur 0,75L"
04104420222953,brand_mapping,Exported description as brand: 'Mini Dinkel Flakes ungesüßt 175G'; source TIDBrandName='Alnatura',733,Mini Dinkel Flakes ungesüßt 175G
04104420222953,market_country_mapping,CSV blank; source TargetMarketCountryCode=276; lowercase targetMarketCountryCode is empty,733,Mini Dinkel Flakes ungesüßt 175G
04104420222953,nutrition_basis_lost_100g,Source basis 100 GRM omitted from CSV,733,Mini Dinkel Flakes ungesüßt 175G
04104420222953,less_than_qualifier_lost,"SALTEQ < 0.01 GRM, slot .6, group preparationState; CSV has no qualifier",733,Mini Dinkel Flakes ungesüßt 175G
04026813110510,brand_mapping,Exported description as brand: 'Bauern-Kroketten (TK) 400G'; source TIDBrandName='Natural Cool',734,Bauern-Kroketten (TK) 400G
04026813110510,market_country_mapping,CSV blank; source TargetMarketCountryCode=276; lowercase targetMarketCountryCode is empty,734,Bauern-Kroketten (TK) 400G
04026813110510,nutrition_basis_lost_100g,Source basis 100 GRM omitted from CSV,734,Bauern-Kroketten (TK) 400G
04031779907340,brand_mapping,Exported description as brand: 'Spinat Taschen (TK) 220G'; source TIDBrandName='Moin',735,Spinat Taschen (TK) 220G
04031779907340,market_country_mapping,CSV blank; source TargetMarketCountryCode=276; lowercase targetMarketCountryCode is empty,735,Spinat Taschen (TK) 220G
04031779907340,nutrition_basis_lost_100g,Source basis 100 GRM omitted from CSV,735,Spinat Taschen (TK) 220G
04036396900026,brand_mapping,Exported description as brand: 'Hähnchen Kinder Dinos (TK) 180G'; source TIDBrandName='Freiländer Bio Geflügel',736,Hähnchen Kinder Dinos (TK) 180G
04036396900026,market_country_mapping,CSV blank; source TargetMarketCountryCode=276; lowercase targetMarketCountryCode is empty,736,Hähnchen Kinder Dinos (TK) 180G
04036396900026,nutrition_basis_lost_100g,Source basis 100 GRM omitted from CSV,736,Hähnchen Kinder Dinos (TK) 180G
04260100261633,brand_mapping,Exported description as brand: 'Lasagne Bolognese (TK) 400G'; source TIDBrandName='Biopolar',737,Lasagne Bolognese (TK) 400G
04260100261633,market_country_mapping,CSV blank; source TargetMarketCountryCode=276; lowercase targetMarketCountryCode is empty,737,Lasagne Bolognese (TK) 400G
04260100261633,nutrition_basis_lost_100g,Source basis 100 GRM omitted from CSV,737,Lasagne Bolognese (TK) 400G
04260100263323,brand_mapping,Exported description as brand: 'Kartoffel-Spinat-Auflauf (TK) 400G'; source TIDBrandName='Bio cool',738,Kartoffel-Spinat-Auflauf (TK) 400G
04260100263323,market_country_mapping,CSV blank; source TargetMarketCountryCode=276; lowercase targetMarketCountryCode is empty,738,Kartoffel-Spinat-Auflauf (TK) 400G
04260100263323,nutrition_basis_lost_100g,Source basis 100 GRM omitted from CSV,738,Kartoffel-Spinat-Auflauf (TK) 400G
04104420208254,brand_mapping,Exported description as brand: 'Linsenwaffeln 44G'; source TIDBrandName='Alnatura',739,Linsenwaffeln 44G
04104420208254,market_country_mapping,CSV blank; source TargetMarketCountryCode=276; lowercase targetMarketCountryCode is empty,739,Linsenwaffeln 44G
04104420208254,nutrition_basis_lost_100g,Source basis 100 GRM omitted from CSV,739,Linsenwaffeln 44G
04104420224728,brand_mapping,Exported description as brand: 'Roggen Vollkorn Brot 500G'; source TIDBrandName='Alnatura',740,Roggen Vollkorn Brot 500G
04104420224728,market_country_mapping,CSV blank; source TargetMarketCountryCode=276; lowercase targetMarketCountryCode is empty,740,Roggen Vollkorn Brot 500G
04104420224728,nutrition_basis_lost_100g,Source basis 100 GRM omitted from CSV,740,Roggen Vollkorn Brot 500G
04104420224445,brand_mapping,Exported description as brand: 'Caramel Fleur de Sel Schokolade 100'; source TIDBrandName='Alnatura',741,Caramel Fleur de Sel Schokolade 100
04104420224445,market_country_mapping,CSV blank; source TargetMarketCountryCode=276; lowercase targetMarketCountryCode is empty,741,Caramel Fleur de Sel Schokolade 100
04104420224445,nutrition_basis_lost_100g,Source basis 100 GRM omitted from CSV,741,Caramel Fleur de Sel Schokolade 100
04104420224957,brand_mapping,Exported description as brand: 'Hummus gegrilltes Gemüse 180g'; source TIDBrandName='Alnatura',742,Hummus gegrilltes Gemüse 180g
04104420224957,market_country_mapping,CSV blank; source TargetMarketCountryCode=276; lowercase targetMarketCountryCode is empty,742,Hummus gegrilltes Gemüse 180g
04104420224957,nutrition_basis_lost_100g,Source basis 100 GRM omitted from CSV,742,Hummus gegrilltes Gemüse 180g
04104420223592,brand_mapping,"Exported description as brand: 'Weide Jog.Heid. 3,8% 500G Voll'; source TIDBrandName='Alnatura'",743,"Weide Jog.Heid. 3,8% 500G Voll"
04104420223592,market_country_mapping,CSV blank; source TargetMarketCountryCode=276; lowercase targetMarketCountryCode is empty,743,"Weide Jog.Heid. 3,8% 500G Voll"
04104420223592,nutrition_basis_lost_100g,Source basis 100 GRM omitted from CSV,743,"Weide Jog.Heid. 3,8% 500G Voll"
04104420223592,less_than_qualifier_lost,"FIBTG < 0.5 GRM, slot .5, group preparationState; CSV has no qualifier",743,"Weide Jog.Heid. 3,8% 500G Voll"
04104420224001,brand_mapping,Exported description as brand: 'Skyr 400g'; source TIDBrandName='Alnatura',744,Skyr 400g
04104420224001,market_country_mapping,CSV blank; source TargetMarketCountryCode=276; lowercase targetMarketCountryCode is empty,744,Skyr 400g
04104420224001,nutrition_basis_lost_100g,Source basis 100 GRM omitted from CSV,744,Skyr 400g
04104420224001,less_than_qualifier_lost,"FAT < 0.5 GRM, slot .3, group preparationState; CSV has no qualifier",744,Skyr 400g
04104420224001,less_than_qualifier_lost,"FIBTG < 0.5 GRM, slot .4, group preparationState; CSV has no qualifier",744,Skyr 400g
04104420224001,less_than_qualifier_lost,"FASAT < 0.1 GRM, slot .6, group preparationState; CSV has no qualifier",744,Skyr 400g
04104420225213,brand_mapping,Exported description as brand: 'Kürbiskern Brot 500G'; source TIDBrandName='Alnatura',745,Kürbiskern Brot 500G
04104420225213,market_country_mapping,CSV blank; source TargetMarketCountryCode=276; lowercase targetMarketCountryCode is empty,745,Kürbiskern Brot 500G
04104420225213,nutrition_basis_lost_100g,Source basis 100 GRM omitted from CSV,745,Kürbiskern Brot 500G
04104420225336,brand_mapping,"Exported description as brand: 'Sauvignon Blanc 0,75L'; source TIDBrandName='Alnatura'",746,"Sauvignon Blanc 0,75L"
04104420225336,market_country_mapping,CSV blank; source TargetMarketCountryCode=276; lowercase targetMarketCountryCode is empty,746,"Sauvignon Blanc 0,75L"
04104420224384,brand_mapping,Exported description as brand: 'Sandwich Eis (Multipack) 440ML (TK)'; source TIDBrandName='Alnatura',747,Sandwich Eis (Multipack) 440ML (TK)
04104420224384,market_country_mapping,CSV blank; source TargetMarketCountryCode=276; lowercase targetMarketCountryCode is empty,747,Sandwich Eis (Multipack) 440ML (TK)
04104420224384,nutrition_basis_lost_100g,Source basis 100 GRM omitted from CSV,747,Sandwich Eis (Multipack) 440ML (TK)
04104420224414,brand_mapping,Exported description as brand: 'Sandwich Eis (TK) 110ML'; source TIDBrandName='Alnatura',748,Sandwich Eis (TK) 110ML
04104420224414,market_country_mapping,CSV blank; source TargetMarketCountryCode=276; lowercase targetMarketCountryCode is empty,748,Sandwich Eis (TK) 110ML
04104420224414,secondary_serving_size_lost,{'servingSizeValue.1': '110'},748,Sandwich Eis (TK) 110ML
00000042406105,brand_mapping,Exported description as brand: 'Obst Nuss Riegel 40G'; source TIDBrandName='Alnatura',749,Obst Nuss Riegel 40G
00000042406105,market_country_mapping,CSV blank; source TargetMarketCountryCode=276; lowercase targetMarketCountryCode is empty,749,Obst Nuss Riegel 40G
00000042406105,nutrition_basis_lost_100g,Source basis 100 GRM omitted from CSV,749,Obst Nuss Riegel 40G
04104420223882,brand_mapping,Exported description as brand: 'Limone Mohn Schokolade 50g'; source TIDBrandName='Alnatura',750,Limone Mohn Schokolade 50g
04104420223882,market_country_mapping,CSV blank; source TargetMarketCountryCode=276; lowercase targetMarketCountryCode is empty,750,Limone Mohn Schokolade 50g
04104420223882,nutrition_basis_lost_100g,Source basis 100 GRM omitted from CSV,750,Limone Mohn Schokolade 50g
04104420223882,less_than_qualifier_lost,"FIBTG < 0.5 GRM, slot .5, group preparationState; CSV has no qualifier",750,Limone Mohn Schokolade 50g
04104420226517,brand_mapping,Exported description as brand: '*Spekulatius Schokolade 100G*'; source TIDBrandName='Alnatura',751,*Spekulatius Schokolade 100G*
04104420226517,market_country_mapping,CSV blank; source TargetMarketCountryCode=276; lowercase targetMarketCountryCode is empty,751,*Spekulatius Schokolade 100G*
04104420226517,nutrition_basis_lost_100g,Source basis 100 GRM omitted from CSV,751,*Spekulatius Schokolade 100G*
00000042406204,brand_mapping,Exported description as brand: '*Vollmilch Weihnachts Mann 70G*'; source TIDBrandName='Alnatura',752,*Vollmilch Weihnachts Mann 70G*
00000042406204,market_country_mapping,CSV blank; source TargetMarketCountryCode=276; lowercase targetMarketCountryCode is empty,752,*Vollmilch Weihnachts Mann 70G*
00000042406204,nutrition_basis_lost_100g,Source basis 100 GRM omitted from CSV,752,*Vollmilch Weihnachts Mann 70G*
04104420226081,brand_mapping,Exported description as brand: '*Mini Spekulatius 125G*'; source TIDBrandName='Alnatura',753,*Mini Spekulatius 125G*
04104420226081,market_country_mapping,CSV blank; source TargetMarketCountryCode=276; lowercase targetMarketCountryCode is empty,753,*Mini Spekulatius 125G*
04104420226081,nutrition_basis_lost_100g,Source basis 100 GRM omitted from CSV,753,*Mini Spekulatius 125G*
04104420226128,brand_mapping,Exported description as brand: '*Vanille Kipferl 125G*'; source TIDBrandName='Alnatura',754,*Vanille Kipferl 125G*
04104420226128,market_country_mapping,CSV blank; source TargetMarketCountryCode=276; lowercase targetMarketCountryCode is empty,754,*Vanille Kipferl 125G*
04104420226128,nutrition_basis_lost_100g,Source basis 100 GRM omitted from CSV,754,*Vanille Kipferl 125G*
04104420226166,brand_mapping,Exported description as brand: '*Butter Spritzgebäck 125G*'; source TIDBrandName='Alnatura',755,*Butter Spritzgebäck 125G*
04104420226166,market_country_mapping,CSV blank; source TargetMarketCountryCode=276; lowercase targetMarketCountryCode is empty,755,*Butter Spritzgebäck 125G*
04104420226166,nutrition_basis_lost_100g,Source basis 100 GRM omitted from CSV,755,*Butter Spritzgebäck 125G*
04104420226203,brand_mapping,Exported description as brand: '*Praliné Kugeln Nougat Zartbitter 9'; source TIDBrandName='Alnatura',756,*Praliné Kugeln Nougat Zartbitter 9
04104420226203,market_country_mapping,CSV blank; source TargetMarketCountryCode=276; lowercase targetMarketCountryCode is empty,756,*Praliné Kugeln Nougat Zartbitter 9
04104420226203,nutrition_basis_lost_100g,Source basis 100 GRM omitted from CSV,756,*Praliné Kugeln Nougat Zartbitter 9
00000042412991,brand_mapping,Exported description as brand: '*Vollmilch Hase 60G*'; source TIDBrandName='Alnatura',757,*Vollmilch Hase 60G*
00000042412991,market_country_mapping,CSV blank; source TargetMarketCountryCode=276; lowercase targetMarketCountryCode is empty,757,*Vollmilch Hase 60G*
00000042412991,nutrition_basis_lost_100g,Source basis 100 GRM omitted from CSV,757,*Vollmilch Hase 60G*
04104420224551,brand_mapping,Exported description as brand: 'Süßer Senf 175ML'; source TIDBrandName='Alnatura',758,Süßer Senf 175ML
04104420224551,market_country_mapping,CSV blank; source TargetMarketCountryCode=276; lowercase targetMarketCountryCode is empty,758,Süßer Senf 175ML
04104420224599,brand_mapping,Exported description as brand: 'Scharfer Senf 175ML'; source TIDBrandName='Alnatura',759,Scharfer Senf 175ML
04104420224599,market_country_mapping,CSV blank; source TargetMarketCountryCode=276; lowercase targetMarketCountryCode is empty,759,Scharfer Senf 175ML
00000042406174,brand_mapping,Exported description as brand: 'Feige Dattel Riegel 30G'; source TIDBrandName='Alnatura',760,Feige Dattel Riegel 30G
00000042406174,market_country_mapping,CSV blank; source TargetMarketCountryCode=276; lowercase targetMarketCountryCode is empty,760,Feige Dattel Riegel 30G
00000042406174,nutrition_basis_lost_100g,Source basis 100 GRM omitted from CSV,760,Feige Dattel Riegel 30G
04104420221918,brand_mapping,Exported description as brand: 'Kuvertüre Zartbitter 150G'; source TIDBrandName='Alnatura',761,Kuvertüre Zartbitter 150G
04104420221918,market_country_mapping,CSV blank; source TargetMarketCountryCode=276; lowercase targetMarketCountryCode is empty,761,Kuvertüre Zartbitter 150G
04104420221918,nutrition_basis_lost_100g,Source basis 100 GRM omitted from CSV,761,Kuvertüre Zartbitter 150G
04104420221918,less_than_qualifier_lost,"SALTEQ < 0.01 GRM, slot .6, group preparationState; CSV has no qualifier",761,Kuvertüre Zartbitter 150G
04104420222441,brand_mapping,Exported description as brand: 'Vollmilch Schokolade 100G'; source TIDBrandName='Alnatura',762,Vollmilch Schokolade 100G
04104420222441,market_country_mapping,CSV blank; source TargetMarketCountryCode=276; lowercase targetMarketCountryCode is empty,762,Vollmilch Schokolade 100G
04104420222441,nutrition_basis_lost_100g,Source basis 100 GRM omitted from CSV,762,Vollmilch Schokolade 100G
04104420222533,brand_mapping,Exported description as brand: 'Weiße Crisp Schokolade 100G'; source TIDBrandName='Alnatura',763,Weiße Crisp Schokolade 100G
04104420222533,market_country_mapping,CSV blank; source TargetMarketCountryCode=276; lowercase targetMarketCountryCode is empty,763,Weiße Crisp Schokolade 100G
04104420222533,nutrition_basis_lost_100g,Source basis 100 GRM omitted from CSV,763,Weiße Crisp Schokolade 100G
04104420222533,less_than_qualifier_lost,"FIBTG < 0.5 GRM, slot .5, group preparationState; CSV has no qualifier",763,Weiße Crisp Schokolade 100G
04104420225961,brand_mapping,Exported description as brand: 'Mango Dattel Riegel 30G'; source TIDBrandName='Alnatura',764,Mango Dattel Riegel 30G
04104420225961,market_country_mapping,CSV blank; source TargetMarketCountryCode=276; lowercase targetMarketCountryCode is empty,764,Mango Dattel Riegel 30G
04104420225961,nutrition_basis_lost_100g,Source basis 100 GRM omitted from CSV,764,Mango Dattel Riegel 30G
04104420225602,brand_mapping,Exported description as brand: 'Dinkel Grünkern Brot 500G'; source TIDBrandName='Alnatura',765,Dinkel Grünkern Brot 500G
04104420225602,market_country_mapping,CSV blank; source TargetMarketCountryCode=276; lowercase targetMarketCountryCode is empty,765,Dinkel Grünkern Brot 500G
04104420225602,nutrition_basis_lost_100g,Source basis 100 GRM omitted from CSV,765,Dinkel Grünkern Brot 500G
04104420225053,brand_mapping,"Exported description as brand: 'Dornfelder 0,75L'; source TIDBrandName='Alnatura'",766,"Dornfelder 0,75L"
04104420225053,market_country_mapping,CSV blank; source TargetMarketCountryCode=276; lowercase targetMarketCountryCode is empty,766,"Dornfelder 0,75L"
04104420225374,brand_mapping,"Exported description as brand: 'Weidemilch Joghurt Erdbeer 3,9% 150'; source TIDBrandName='Alnatura'",767,"Weidemilch Joghurt Erdbeer 3,9% 150"
04104420225374,market_country_mapping,CSV blank; source TargetMarketCountryCode=276; lowercase targetMarketCountryCode is empty,767,"Weidemilch Joghurt Erdbeer 3,9% 150"
04104420225374,nutrition_basis_lost_100g,Source basis 100 GRM omitted from CSV,767,"Weidemilch Joghurt Erdbeer 3,9% 150"
04104420225374,less_than_qualifier_lost,"FIBTG < 0.5 GRM, slot .5, group preparationState; CSV has no qualifier",767,"Weidemilch Joghurt Erdbeer 3,9% 150"
04104420225404,brand_mapping,"Exported description as brand: 'Weidemilch Vanille Joghurt 3,9% 150'; source TIDBrandName='Alnatura'",768,"Weidemilch Vanille Joghurt 3,9% 150"
04104420225404,market_country_mapping,CSV blank; source TargetMarketCountryCode=276; lowercase targetMarketCountryCode is empty,768,"Weidemilch Vanille Joghurt 3,9% 150"
04104420225404,nutrition_basis_lost_100g,Source basis 100 GRM omitted from CSV,768,"Weidemilch Vanille Joghurt 3,9% 150"
04104420225404,less_than_qualifier_lost,"FIBTG < 0.5 GRM, slot .5, group preparationState; CSV has no qualifier",768,"Weidemilch Vanille Joghurt 3,9% 150"
04104420225435,brand_mapping,Exported description as brand: 'Weidemilch Heidelbeer Joghurt 150G'; source TIDBrandName='Alnatura',769,Weidemilch Heidelbeer Joghurt 150G
04104420225435,market_country_mapping,CSV blank; source TargetMarketCountryCode=276; lowercase targetMarketCountryCode is empty,769,Weidemilch Heidelbeer Joghurt 150G
04104420225435,nutrition_basis_lost_100g,Source basis 100 GRM omitted from CSV,769,Weidemilch Heidelbeer Joghurt 150G
04104420225466,brand_mapping,"Exported description as brand: 'Weidemilch Jog. Pfirsich-Mango 3,9%'; source TIDBrandName='Alnatura'",770,"Weidemilch Jog. Pfirsich-Mango 3,9%"
04104420225466,market_country_mapping,CSV blank; source TargetMarketCountryCode=276; lowercase targetMarketCountryCode is empty,770,"Weidemilch Jog. Pfirsich-Mango 3,9%"
04104420225466,nutrition_basis_lost_100g,Source basis 100 GRM omitted from CSV,770,"Weidemilch Jog. Pfirsich-Mango 3,9%"
04104420225466,less_than_qualifier_lost,"FIBTG < 0.5 GRM, slot .5, group preparationState; CSV has no qualifier",770,"Weidemilch Jog. Pfirsich-Mango 3,9%"
04104420225640,brand_mapping,Exported description as brand: 'Sahnejogh. gr. Art 10% 480g (Voll)'; source TIDBrandName='Alnatura',771,Sahnejogh. gr. Art 10% 480g (Voll)
04104420225640,market_country_mapping,CSV blank; source TargetMarketCountryCode=276; lowercase targetMarketCountryCode is empty,771,Sahnejogh. gr. Art 10% 480g (Voll)
04104420225640,nutrition_basis_lost_100g,Source basis 100 GRM omitted from CSV,771,Sahnejogh. gr. Art 10% 480g (Voll)
04104420225640,less_than_qualifier_lost,"FIBTG < 0.5 GRM, slot .5, group preparationState; CSV has no qualifier",771,Sahnejogh. gr. Art 10% 480g (Voll)
04055084088945,brand_mapping,Exported description as brand: 'Baumwollbeutel Obst und Gemüse 2ST'; source TIDBrandName='Alnatura',772,Baumwollbeutel Obst und Gemüse 2ST
04055084088945,market_country_mapping,CSV blank; source TargetMarketCountryCode=276; lowercase targetMarketCountryCode is empty,772,Baumwollbeutel Obst und Gemüse 2ST
04104420225107,brand_mapping,Exported description as brand: 'Kokos Eis vegan (TK) 500ML'; source TIDBrandName='Alnatura',773,Kokos Eis vegan (TK) 500ML
04104420225107,market_country_mapping,CSV blank; source TargetMarketCountryCode=276; lowercase targetMarketCountryCode is empty,773,Kokos Eis vegan (TK) 500ML
04104420225107,nutrition_basis_lost_100g,Source basis 100 GRM omitted from CSV,773,Kokos Eis vegan (TK) 500ML
04104420225107,less_than_qualifier_lost,"FIBTG < 0.5 GRM, slot .5, group preparationState; CSV has no qualifier",773,Kokos Eis vegan (TK) 500ML
04104420225107,less_than_qualifier_lost,"FIBTG < 0.5 GRM, slot .14, group preparationState.1; CSV has no qualifier",773,Kokos Eis vegan (TK) 500ML
04104420225770,brand_mapping,Exported description as brand: 'Hafer Riegel Heidelbeere 60G'; source TIDBrandName='Alnatura',774,Hafer Riegel Heidelbeere 60G
04104420225770,market_country_mapping,CSV blank; source TargetMarketCountryCode=276; lowercase targetMarketCountryCode is empty,774,Hafer Riegel Heidelbeere 60G
04104420225770,nutrition_basis_lost_100g,Source basis 100 GRM omitted from CSV,774,Hafer Riegel Heidelbeere 60G
04104420225800,brand_mapping,Exported description as brand: 'Hafer Riegel Mandel & Haselnuss 60G'; source TIDBrandName='Alnatura',775,Hafer Riegel Mandel & Haselnuss 60G
04104420225800,market_country_mapping,CSV blank; source TargetMarketCountryCode=276; lowercase targetMarketCountryCode is empty,775,Hafer Riegel Mandel & Haselnuss 60G
04104420225800,nutrition_basis_lost_100g,Source basis 100 GRM omitted from CSV,775,Hafer Riegel Mandel & Haselnuss 60G
04104420224988,brand_mapping,Exported description as brand: 'Lassi Zitrone 230ML'; source TIDBrandName='Alnatura',776,Lassi Zitrone 230ML
04104420224988,market_country_mapping,CSV blank; source TargetMarketCountryCode=276; lowercase targetMarketCountryCode is empty,776,Lassi Zitrone 230ML
04104420224988,nutrition_basis_lost_100g,Source basis 100 GRM omitted from CSV,776,Lassi Zitrone 230ML
04104420224988,less_than_qualifier_lost,"FIBTG < 0.5 GRM, slot .5, group preparationState; CSV has no qualifier",776,Lassi Zitrone 230ML
04104420225671,brand_mapping,"Exported description as brand: 'Rhabarbertrunk 0,75L'; source TIDBrandName='Alnatura'",777,"Rhabarbertrunk 0,75L"
04104420225671,market_country_mapping,CSV blank; source TargetMarketCountryCode=276; lowercase targetMarketCountryCode is empty,777,"Rhabarbertrunk 0,75L"
04104420225671,less_than_qualifier_lost,"FAT < 0.5 GRM, slot .2, group preparationState; CSV has no qualifier",777,"Rhabarbertrunk 0,75L"
04104420225671,less_than_qualifier_lost,"FIBTG < 0.5 GRM, slot .3, group preparationState; CSV has no qualifier",777,"Rhabarbertrunk 0,75L"
04104420225671,less_than_qualifier_lost,"PRO- < 0.5 GRM, slot .4, group preparationState; CSV has no qualifier",777,"Rhabarbertrunk 0,75L"
04104420225671,less_than_qualifier_lost,"FASAT < 0.1 GRM, slot .5, group preparationState; CSV has no qualifier",777,"Rhabarbertrunk 0,75L"
04104420225671,less_than_qualifier_lost,"SALTEQ < 0.01 GRM, slot .6, group preparationState; CSV has no qualifier",777,"Rhabarbertrunk 0,75L"
04104420225992,brand_mapping,Exported description as brand: 'Trüffel Pralinen 100G'; source TIDBrandName='Alnatura',778,Trüffel Pralinen 100G
04104420225992,market_country_mapping,CSV blank; source TargetMarketCountryCode=276; lowercase targetMarketCountryCode is empty,778,Trüffel Pralinen 100G
04104420225992,nutrition_basis_lost_100g,Source basis 100 GRM omitted from CSV,778,Trüffel Pralinen 100G
04104420225534,brand_mapping,Exported description as brand: 'Haferflocken extra zart 400G'; source TIDBrandName='Alnatura',779,Haferflocken extra zart 400G
04104420225534,market_country_mapping,CSV blank; source TargetMarketCountryCode=276; lowercase targetMarketCountryCode is empty,779,Haferflocken extra zart 400G
04104420225534,nutrition_basis_lost_100g,Source basis 100 GRM omitted from CSV,779,Haferflocken extra zart 400G
04104420223738,brand_mapping,Exported description as brand: 'Chocolat Eiscreme (TK) 500ML'; source TIDBrandName='Alnatura',780,Chocolat Eiscreme (TK) 500ML
04104420223738,market_country_mapping,CSV blank; source TargetMarketCountryCode=276; lowercase targetMarketCountryCode is empty,780,Chocolat Eiscreme (TK) 500ML
04104420223738,nutrition_basis_lost_100g,Source basis 100 GRM omitted from CSV,780,Chocolat Eiscreme (TK) 500ML
04104420223769,brand_mapping,Exported description as brand: 'Macadamia Caramel Eiscreme (TK) 500'; source TIDBrandName='Alnatura',781,Macadamia Caramel Eiscreme (TK) 500
04104420223769,market_country_mapping,CSV blank; source TargetMarketCountryCode=276; lowercase targetMarketCountryCode is empty,781,Macadamia Caramel Eiscreme (TK) 500
04104420223769,nutrition_basis_lost_100g,Source basis 100 GRM omitted from CSV,781,Macadamia Caramel Eiscreme (TK) 500
04104420223769,less_than_qualifier_lost,"FIBTG < 0.5 GRM, slot .14, group preparationState.1; CSV has no qualifier",781,Macadamia Caramel Eiscreme (TK) 500
04104420223790,brand_mapping,Exported description as brand: 'Zitronen Sorbet (TK) 500ML'; source TIDBrandName='Alnatura',782,Zitronen Sorbet (TK) 500ML
04104420223790,market_country_mapping,CSV blank; source TargetMarketCountryCode=276; lowercase targetMarketCountryCode is empty,782,Zitronen Sorbet (TK) 500ML
04104420223790,nutrition_basis_lost_100g,Source basis 100 GRM omitted from CSV,782,Zitronen Sorbet (TK) 500ML
04104420223790,less_than_qualifier_lost,"FAT < 0.5 GRM, slot .3, group preparationState; CSV has no qualifier",782,Zitronen Sorbet (TK) 500ML
04104420223790,less_than_qualifier_lost,"PRO- < 0.5 GRM, slot .4, group preparationState; CSV has no qualifier",782,Zitronen Sorbet (TK) 500ML
04104420223790,less_than_qualifier_lost,"FASAT < 0.1 GRM, slot .5, group preparationState; CSV has no qualifier",782,Zitronen Sorbet (TK) 500ML
04104420223790,less_than_qualifier_lost,"SALTEQ < 0.01 GRM, slot .6, group preparationState; CSV has no qualifier",782,Zitronen Sorbet (TK) 500ML
04104420223820,brand_mapping,Exported description as brand: 'Himbeer Sorbet (TK) 500ML'; source TIDBrandName='Alnatura',783,Himbeer Sorbet (TK) 500ML
04104420223820,market_country_mapping,CSV blank; source TargetMarketCountryCode=276; lowercase targetMarketCountryCode is empty,783,Himbeer Sorbet (TK) 500ML
04104420223820,nutrition_basis_lost_100g,Source basis 100 GRM omitted from CSV,783,Himbeer Sorbet (TK) 500ML
04104420223820,less_than_qualifier_lost,"PRO- < 0.5 GRM, slot .3, group preparationState; CSV has no qualifier",783,Himbeer Sorbet (TK) 500ML
04104420223820,less_than_qualifier_lost,"FAT < 0.5 GRM, slot .4, group preparationState; CSV has no qualifier",783,Himbeer Sorbet (TK) 500ML
04104420223820,less_than_qualifier_lost,"FASAT < 0.1 GRM, slot .5, group preparationState; CSV has no qualifier",783,Himbeer Sorbet (TK) 500ML
04104420223820,less_than_qualifier_lost,"SALTEQ < 0.01 GRM, slot .6, group preparationState; CSV has no qualifier",783,Himbeer Sorbet (TK) 500ML
04104420223820,less_than_qualifier_lost,"PRO- < 0.5 GRM, slot .12, group preparationState.1; CSV has no qualifier",783,Himbeer Sorbet (TK) 500ML
04104420223820,less_than_qualifier_lost,"FAT < 0.5 GRM, slot .13, group preparationState.1; CSV has no qualifier",783,Himbeer Sorbet (TK) 500ML
04104420223820,less_than_qualifier_lost,"FASAT < 0.1 GRM, slot .14, group preparationState.1; CSV has no qualifier",783,Himbeer Sorbet (TK) 500ML
04104420223820,less_than_qualifier_lost,"SALTEQ < 0.01 GRM, slot .15, group preparationState.1; CSV has no qualifier",783,Himbeer Sorbet (TK) 500ML
04104420223851,brand_mapping,Exported description as brand: 'Mango Sorbet (TK) 500ML'; source TIDBrandName='Alnatura',784,Mango Sorbet (TK) 500ML
04104420223851,market_country_mapping,CSV blank; source TargetMarketCountryCode=276; lowercase targetMarketCountryCode is empty,784,Mango Sorbet (TK) 500ML
04104420223851,nutrition_basis_lost_100g,Source basis 100 GRM omitted from CSV,784,Mango Sorbet (TK) 500ML
04104420223851,less_than_qualifier_lost,"FAT < 0.5 GRM, slot .3, group preparationState; CSV has no qualifier",784,Mango Sorbet (TK) 500ML
04104420223851,less_than_qualifier_lost,"PRO- < 0.5 GRM, slot .4, group preparationState; CSV has no qualifier",784,Mango Sorbet (TK) 500ML
04104420223851,less_than_qualifier_lost,"FASAT < 0.1 GRM, slot .5, group preparationState; CSV has no qualifier",784,Mango Sorbet (TK) 500ML
04104420223851,less_than_qualifier_lost,"SALTEQ < 0.01 GRM, slot .6, group preparationState; CSV has no qualifier",784,Mango Sorbet (TK) 500ML
04104420225251,brand_mapping,"Exported description as brand: 'La Mancha Rosado 0,75L'; source TIDBrandName='Alnatura'",785,"La Mancha Rosado 0,75L"
04104420225251,market_country_mapping,CSV blank; source TargetMarketCountryCode=276; lowercase targetMarketCountryCode is empty,785,"La Mancha Rosado 0,75L"
04104420227408,brand_mapping,Exported description as brand: 'Apfelmark 360G'; source TIDBrandName='Alnatura',786,Apfelmark 360G
04104420227408,market_country_mapping,CSV blank; source TargetMarketCountryCode=276; lowercase targetMarketCountryCode is empty,786,Apfelmark 360G
04104420227408,nutrition_basis_lost_100g,Source basis 100 GRM omitted from CSV,786,Apfelmark 360G
04104420227408,less_than_qualifier_lost,"PRO- < 0.5 GRM, slot .3, group preparationState; CSV has no qualifier",786,Apfelmark 360G
04104420227408,less_than_qualifier_lost,"FAT < 0.5 GRM, slot .4, group preparationState; CSV has no qualifier",786,Apfelmark 360G
04104420227408,less_than_qualifier_lost,"FASAT < 0.1 GRM, slot .5, group preparationState; CSV has no qualifier",786,Apfelmark 360G
04104420227408,less_than_qualifier_lost,"SALTEQ < 0.01 GRM, slot .6, group preparationState; CSV has no qualifier",786,Apfelmark 360G
04104420227552,brand_mapping,Exported description as brand: 'Käsegebäck Gouda 80G'; source TIDBrandName='Alnatura',787,Käsegebäck Gouda 80G
04104420227552,market_country_mapping,CSV blank; source TargetMarketCountryCode=276; lowercase targetMarketCountryCode is empty,787,Käsegebäck Gouda 80G
04104420227552,nutrition_basis_lost_100g,Source basis 100 GRM omitted from CSV,787,Käsegebäck Gouda 80G
04104420226586,brand_mapping,Exported description as brand: 'Bergbauern Camembert 150G'; source TIDBrandName='Alnatura',788,Bergbauern Camembert 150G
04104420226586,market_country_mapping,CSV blank; source TargetMarketCountryCode=276; lowercase targetMarketCountryCode is empty,788,Bergbauern Camembert 150G
04104420226586,nutrition_basis_lost_100g,Source basis 100 GRM omitted from CSV,788,Bergbauern Camembert 150G
04104420226586,less_than_qualifier_lost,"SUGAR- < 0.5 GRM, slot .4, group preparationState; CSV has no qualifier",788,Bergbauern Camembert 150G
04104420226586,less_than_qualifier_lost,"CHOAVL < 0.5 GRM, slot .5, group preparationState; CSV has no qualifier",788,Bergbauern Camembert 150G
04104420226586,less_than_qualifier_lost,"FIBTG < 0.5 GRM, slot .6, group preparationState; CSV has no qualifier",788,Bergbauern Camembert 150G
04104420225497,brand_mapping,Exported description as brand: 'Gemüsereis mit Mango & Huhn 250G'; source TIDBrandName='Alnatura',789,Gemüsereis mit Mango & Huhn 250G
04104420225497,market_country_mapping,CSV blank; source TargetMarketCountryCode=276; lowercase targetMarketCountryCode is empty,789,Gemüsereis mit Mango & Huhn 250G
04104420225497,nutrition_basis_lost_100g,Source basis 100 GRM omitted from CSV,789,Gemüsereis mit Mango & Huhn 250G
04104420225497,secondary_serving_size_lost,{'servingSizeValue.1': '250'},789,Gemüsereis mit Mango & Huhn 250G
04104420225565,brand_mapping,"Exported description as brand: 'Riesling 0,75L'; source TIDBrandName='Alnatura'",790,"Riesling 0,75L"
04104420225565,market_country_mapping,CSV blank; source TargetMarketCountryCode=276; lowercase targetMarketCountryCode is empty,790,"Riesling 0,75L"
04104420228030,brand_mapping,Exported description as brand: 'Apfelmark 700G'; source TIDBrandName='Alnatura',791,Apfelmark 700G
04104420228030,market_country_mapping,CSV blank; source TargetMarketCountryCode=276; lowercase targetMarketCountryCode is empty,791,Apfelmark 700G
04104420228030,nutrition_basis_lost_100g,Source basis 100 GRM omitted from CSV,791,Apfelmark 700G
04104420228030,less_than_qualifier_lost,"PRO- < 0.5 GRM, slot .3, group preparationState; CSV has no qualifier",791,Apfelmark 700G
04104420228030,less_than_qualifier_lost,"FAT < 0.5 GRM, slot .4, group preparationState; CSV has no qualifier",791,Apfelmark 700G
04104420228030,less_than_qualifier_lost,"FASAT < 0.1 GRM, slot .5, group preparationState; CSV has no qualifier",791,Apfelmark 700G
04104420228030,less_than_qualifier_lost,"SALTEQ < 0.01 GRM, slot .6, group preparationState; CSV has no qualifier",791,Apfelmark 700G
04104420226647,brand_mapping,Exported description as brand: 'Speisestärke 250G'; source TIDBrandName='Alnatura',792,Speisestärke 250G
04104420226647,market_country_mapping,CSV blank; source TargetMarketCountryCode=276; lowercase targetMarketCountryCode is empty,792,Speisestärke 250G
04104420226647,nutrition_basis_lost_100g,Source basis 100 GRM omitted from CSV,792,Speisestärke 250G
04104420226647,less_than_qualifier_lost,"FAT < 0.5 GRM, slot , group preparationState; CSV has no qualifier",792,Speisestärke 250G
04104420226647,less_than_qualifier_lost,"SUGAR- < 0.5 GRM, slot .3, group preparationState; CSV has no qualifier",792,Speisestärke 250G
04104420226647,less_than_qualifier_lost,"FIBTG < 0.5 GRM, slot .4, group preparationState; CSV has no qualifier",792,Speisestärke 250G
04104420226685,brand_mapping,Exported description as brand: 'Buchweizen 500G'; source TIDBrandName='Alnatura',793,Buchweizen 500G
04104420226685,market_country_mapping,CSV blank; source TargetMarketCountryCode=276; lowercase targetMarketCountryCode is empty,793,Buchweizen 500G
04104420226685,nutrition_basis_lost_100g,Source basis 100 GRM omitted from CSV,793,Buchweizen 500G
04104420226685,less_than_qualifier_lost,"SUGAR- < 0.5 GRM, slot .4, group preparationState; CSV has no qualifier",793,Buchweizen 500G
04104420226685,less_than_qualifier_lost,"SALTEQ < 0.01 GRM, slot .6, group preparationState; CSV has no qualifier",793,Buchweizen 500G
04104420228061,brand_mapping,Exported description as brand: 'Spinat-Cashew Taschen 200G'; source TIDBrandName='Alnatura',794,Spinat-Cashew Taschen 200G
04104420228061,market_country_mapping,CSV blank; source TargetMarketCountryCode=276; lowercase targetMarketCountryCode is empty,794,Spinat-Cashew Taschen 200G
04104420228061,nutrition_basis_lost_100g,Source basis 100 GRM omitted from CSV,794,Spinat-Cashew Taschen 200G
04104420228061,less_than_qualifier_lost,"SUGAR- < 0.5 GRM, slot .6, group preparationState; CSV has no qualifier",794,Spinat-Cashew Taschen 200G
04104420228092,brand_mapping,Exported description as brand: 'Mini Frühlingsrollen 200G'; source TIDBrandName='Alnatura',795,Mini Frühlingsrollen 200G
04104420228092,market_country_mapping,CSV blank; source TargetMarketCountryCode=276; lowercase targetMarketCountryCode is empty,795,Mini Frühlingsrollen 200G
04104420228092,nutrition_basis_lost_100g,Source basis 100 GRM omitted from CSV,795,Mini Frühlingsrollen 200G
04104420228122,brand_mapping,Exported description as brand: 'Rote Linsen Burger 160G gekühlt'; source TIDBrandName='Alnatura',796,Rote Linsen Burger 160G gekühlt
04104420228122,market_country_mapping,CSV blank; source TargetMarketCountryCode=276; lowercase targetMarketCountryCode is empty,796,Rote Linsen Burger 160G gekühlt
04104420228122,nutrition_basis_lost_100g,Source basis 100 GRM omitted from CSV,796,Rote Linsen Burger 160G gekühlt
04104420228153,brand_mapping,Exported description as brand: 'Black Bean-Cashew Burger 160g'; source TIDBrandName='Alnatura',797,Black Bean-Cashew Burger 160g
04104420228153,market_country_mapping,CSV blank; source TargetMarketCountryCode=276; lowercase targetMarketCountryCode is empty,797,Black Bean-Cashew Burger 160g
04104420228153,nutrition_basis_lost_100g,Source basis 100 GRM omitted from CSV,797,Black Bean-Cashew Burger 160g
04104420228184,brand_mapping,Exported description as brand: 'Falafel 200g'; source TIDBrandName='Alnatura',798,Falafel 200g
04104420228184,market_country_mapping,CSV blank; source TargetMarketCountryCode=276; lowercase targetMarketCountryCode is empty,798,Falafel 200g
04104420228184,nutrition_basis_lost_100g,Source basis 100 GRM omitted from CSV,798,Falafel 200g
04104420228214,brand_mapping,Exported description as brand: 'Toscana Bällchen 200G'; source TIDBrandName='Alnatura',799,Toscana Bällchen 200G
04104420228214,market_country_mapping,CSV blank; source TargetMarketCountryCode=276; lowercase targetMarketCountryCode is empty,799,Toscana Bällchen 200G
04104420228214,nutrition_basis_lost_100g,Source basis 100 GRM omitted from CSV,799,Toscana Bällchen 200G
04104420228276,brand_mapping,Exported description as brand: 'Karotten-Kartoffel-Sticks (TK) 400G'; source TIDBrandName='Alnatura',800,Karotten-Kartoffel-Sticks (TK) 400G
04104420228276,market_country_mapping,CSV blank; source TargetMarketCountryCode=276; lowercase targetMarketCountryCode is empty,800,Karotten-Kartoffel-Sticks (TK) 400G
04104420228276,nutrition_basis_lost_100g,Source basis 100 GRM omitted from CSV,800,Karotten-Kartoffel-Sticks (TK) 400G
04104420224841,brand_mapping,Exported description as brand: 'Hafer Mandel Drink Natur 1L'; source TIDBrandName='Alnatura',801,Hafer Mandel Drink Natur 1L
04104420224841,market_country_mapping,CSV blank; source TargetMarketCountryCode=276; lowercase targetMarketCountryCode is empty,801,Hafer Mandel Drink Natur 1L
04104420224841,less_than_qualifier_lost,"FIBTG < 0.5 GRM, slot .4, group preparationState; CSV has no qualifier",801,Hafer Mandel Drink Natur 1L
04104420224087,brand_mapping,Exported description as brand: 'Pflaume in Apfel 190G'; source TIDBrandName='Alnatura',802,Pflaume in Apfel 190G
04104420224087,market_country_mapping,CSV blank; source TargetMarketCountryCode=276; lowercase targetMarketCountryCode is empty,802,Pflaume in Apfel 190G
04104420224087,nutrition_basis_lost_100g,Source basis 100 GRM omitted from CSV,802,Pflaume in Apfel 190G
04104420224087,less_than_qualifier_lost,"SALTEQ < 0.01 GRM, slot .6, group preparationState; CSV has no qualifier",802,Pflaume in Apfel 190G
04104420225299,brand_mapping,"Exported description as brand: 'La Mancha Blanco 0,75L'; source TIDBrandName='Alnatura'",803,"La Mancha Blanco 0,75L"
04104420225299,market_country_mapping,CSV blank; source TargetMarketCountryCode=276; lowercase targetMarketCountryCode is empty,803,"La Mancha Blanco 0,75L"
04104420228313,brand_mapping,Exported description as brand: 'Mini-Falafel (TK) 220G'; source TIDBrandName='Alnatura',804,Mini-Falafel (TK) 220G
04104420228313,market_country_mapping,CSV blank; source TargetMarketCountryCode=276; lowercase targetMarketCountryCode is empty,804,Mini-Falafel (TK) 220G
04104420228313,nutrition_basis_lost_100g,Source basis 100 GRM omitted from CSV,804,Mini-Falafel (TK) 220G
00000042406716,brand_mapping,Exported description as brand: 'Mandel Cranberry Fruchtschnitte 75G'; source TIDBrandName='Alnatura',805,Mandel Cranberry Fruchtschnitte 75G
00000042406716,market_country_mapping,CSV blank; source TargetMarketCountryCode=276; lowercase targetMarketCountryCode is empty,805,Mandel Cranberry Fruchtschnitte 75G
00000042406716,nutrition_basis_lost_100g,Source basis 100 GRM omitted from CSV,805,Mandel Cranberry Fruchtschnitte 75G
04104420215610,brand_mapping,Exported description as brand: 'Kokos Natur vegan 125G'; source TIDBrandName='Alnatura',806,Kokos Natur vegan 125G
04104420215610,market_country_mapping,CSV blank; source TargetMarketCountryCode=276; lowercase targetMarketCountryCode is empty,806,Kokos Natur vegan 125G
04104420215610,nutrition_basis_lost_100g,Source basis 100 GRM omitted from CSV,806,Kokos Natur vegan 125G
04104420215658,brand_mapping,Exported description as brand: 'Kokos Mango vegan 400G'; source TIDBrandName='Alnatura',807,Kokos Mango vegan 400G
04104420215658,market_country_mapping,CSV blank; source TargetMarketCountryCode=276; lowercase targetMarketCountryCode is empty,807,Kokos Mango vegan 400G
04104420215658,nutrition_basis_lost_100g,Source basis 100 GRM omitted from CSV,807,Kokos Mango vegan 400G
04104420219588,brand_mapping,Exported description as brand: 'Kokos Drink 750ML (gekühlt)'; source TIDBrandName='Alnatura',808,Kokos Drink 750ML (gekühlt)
04104420219588,market_country_mapping,CSV blank; source TargetMarketCountryCode=276; lowercase targetMarketCountryCode is empty,808,Kokos Drink 750ML (gekühlt)
04104420225176,brand_mapping,Exported description as brand: 'Dinkel Basis Müsli 500G'; source TIDBrandName='Alnatura',809,Dinkel Basis Müsli 500G
04104420225176,market_country_mapping,CSV blank; source TargetMarketCountryCode=276; lowercase targetMarketCountryCode is empty,809,Dinkel Basis Müsli 500G
04104420225176,nutrition_basis_lost_100g,Source basis 100 GRM omitted from CSV,809,Dinkel Basis Müsli 500G
04104420225176,less_than_qualifier_lost,"SALTEQ < 0.01 GRM, slot .6, group preparationState; CSV has no qualifier",809,Dinkel Basis Müsli 500G
04104420227941,brand_mapping,Exported description as brand: 'Schneller Hummus natur 60G'; source TIDBrandName='Alnatura',810,Schneller Hummus natur 60G
04104420227941,market_country_mapping,CSV blank; source TargetMarketCountryCode=276; lowercase targetMarketCountryCode is empty,810,Schneller Hummus natur 60G
04104420227941,nutrition_basis_lost_100g,Source basis 100 GRM omitted from CSV,810,Schneller Hummus natur 60G
04104420224889,brand_mapping,Exported description as brand: 'Barista Hafer mit Soja 1L'; source TIDBrandName='Alnatura',811,Barista Hafer mit Soja 1L
04104420224889,market_country_mapping,CSV blank; source TargetMarketCountryCode=276; lowercase targetMarketCountryCode is empty,811,Barista Hafer mit Soja 1L
04104420224810,brand_mapping,Exported description as brand: 'Kaffee löslich 100G'; source TIDBrandName='Alnatura',812,Kaffee löslich 100G
04104420224810,market_country_mapping,CSV blank; source TargetMarketCountryCode=276; lowercase targetMarketCountryCode is empty,812,Kaffee löslich 100G
04104420227439,brand_mapping,Exported description as brand: 'Haselnussmus 250g'; source TIDBrandName='Alnatura',813,Haselnussmus 250g
04104420227439,market_country_mapping,CSV blank; source TargetMarketCountryCode=276; lowercase targetMarketCountryCode is empty,813,Haselnussmus 250g
04104420227439,nutrition_basis_lost_100g,Source basis 100 GRM omitted from CSV,813,Haselnussmus 250g
04104420228795,brand_mapping,Exported description as brand: 'Gewürzgurken ungesüßt 670G'; source TIDBrandName='Alnatura',814,Gewürzgurken ungesüßt 670G
04104420228795,market_country_mapping,CSV blank; source TargetMarketCountryCode=276; lowercase targetMarketCountryCode is empty,814,Gewürzgurken ungesüßt 670G
04104420228795,nutrition_basis_lost_100g,Source basis 100 GRM omitted from CSV,814,Gewürzgurken ungesüßt 670G
04104420228795,less_than_qualifier_lost,"FAT < 0.5 GRM, slot .5, group preparationState; CSV has no qualifier",814,Gewürzgurken ungesüßt 670G
04104420228795,less_than_qualifier_lost,"FASAT < 0.1 GRM, slot .6, group preparationState; CSV has no qualifier",814,Gewürzgurken ungesüßt 670G
04104420228832,brand_mapping,Exported description as brand: 'Cornichons ungesüßt 330g'; source TIDBrandName='Alnatura',815,Cornichons ungesüßt 330g
04104420228832,market_country_mapping,CSV blank; source TargetMarketCountryCode=276; lowercase targetMarketCountryCode is empty,815,Cornichons ungesüßt 330g
04104420228832,nutrition_basis_lost_100g,Source basis 100 GRM omitted from CSV,815,Cornichons ungesüßt 330g
04104420228832,less_than_qualifier_lost,"FAT < 0.5 GRM, slot .5, group preparationState; CSV has no qualifier",815,Cornichons ungesüßt 330g
04104420228832,less_than_qualifier_lost,"FASAT < 0.1 GRM, slot .6, group preparationState; CSV has no qualifier",815,Cornichons ungesüßt 330g
04104420228894,brand_mapping,Exported description as brand: 'Braune Kichererbsen 400G'; source TIDBrandName='Alnatura',816,Braune Kichererbsen 400G
04104420228894,market_country_mapping,CSV blank; source TargetMarketCountryCode=276; lowercase targetMarketCountryCode is empty,816,Braune Kichererbsen 400G
04104420228894,nutrition_basis_lost_100g,Source basis 100 GRM omitted from CSV,816,Braune Kichererbsen 400G
04104420228894,less_than_qualifier_lost,"CHOAVL < 16 GRM, slot , group preparationState; CSV has no qualifier",816,Braune Kichererbsen 400G
04104420228894,less_than_qualifier_lost,"SUGAR- < 0.5 GRM, slot .5, group preparationState; CSV has no qualifier",816,Braune Kichererbsen 400G
04104420228986,brand_mapping,"Exported description as brand: 'Zitronensaft 0,75L'; source TIDBrandName='Alnatura'",817,"Zitronensaft 0,75L"
04104420228986,market_country_mapping,CSV blank; source TargetMarketCountryCode=276; lowercase targetMarketCountryCode is empty,817,"Zitronensaft 0,75L"
04104420228986,less_than_qualifier_lost,"FAT < 0.5 GRM, slot .2, group preparationState; CSV has no qualifier",817,"Zitronensaft 0,75L"
04104420228986,less_than_qualifier_lost,"FIBTG < 0.5 GRM, slot .3, group preparationState; CSV has no qualifier",817,"Zitronensaft 0,75L"
04104420228986,less_than_qualifier_lost,"PRO- < 0.5 GRM, slot .4, group preparationState; CSV has no qualifier",817,"Zitronensaft 0,75L"
04104420228986,less_than_qualifier_lost,"FASAT < 0.1 GRM, slot .5, group preparationState; CSV has no qualifier",817,"Zitronensaft 0,75L"
04104420228986,less_than_qualifier_lost,"SALTEQ < 0.01 GRM, slot .6, group preparationState; CSV has no qualifier",817,"Zitronensaft 0,75L"
04104420229761,brand_mapping,Exported description as brand: 'Hummus Natur 180g'; source TIDBrandName='Alnatura',818,Hummus Natur 180g
04104420229761,market_country_mapping,CSV blank; source TargetMarketCountryCode=276; lowercase targetMarketCountryCode is empty,818,Hummus Natur 180g
04104420229761,nutrition_basis_lost_100g,Source basis 100 GRM omitted from CSV,818,Hummus Natur 180g
04104420229792,brand_mapping,Exported description as brand: 'Hummus Feige Dattel 180G'; source TIDBrandName='Alnatura',819,Hummus Feige Dattel 180G
04104420229792,market_country_mapping,CSV blank; source TargetMarketCountryCode=276; lowercase targetMarketCountryCode is empty,819,Hummus Feige Dattel 180G
04104420229792,nutrition_basis_lost_100g,Source basis 100 GRM omitted from CSV,819,Hummus Feige Dattel 180G
04104420229822,brand_mapping,Exported description as brand: 'Hummus Sonnentomate 180g'; source TIDBrandName='Alnatura',820,Hummus Sonnentomate 180g
04104420229822,market_country_mapping,CSV blank; source TargetMarketCountryCode=276; lowercase targetMarketCountryCode is empty,820,Hummus Sonnentomate 180g
04104420229822,nutrition_basis_lost_100g,Source basis 100 GRM omitted from CSV,820,Hummus Sonnentomate 180g
04104420221383,brand_mapping,Exported description as brand: 'Sesam Krokant Riegel 4er 108G'; source TIDBrandName='Alnatura',821,Sesam Krokant Riegel 4er 108G
04104420221383,market_country_mapping,CSV blank; source TargetMarketCountryCode=276; lowercase targetMarketCountryCode is empty,821,Sesam Krokant Riegel 4er 108G
04104420221383,nutrition_basis_lost_100g,Source basis 100 GRM omitted from CSV,821,Sesam Krokant Riegel 4er 108G
04104420221383,secondary_serving_size_lost,{'servingSizeValue.1': '27'},821,Sesam Krokant Riegel 4er 108G
04104420224780,brand_mapping,Exported description as brand: 'Dinkelkaffee 100g'; source TIDBrandName='Alnatura',822,Dinkelkaffee 100g
04104420224780,market_country_mapping,CSV blank; source TargetMarketCountryCode=276; lowercase targetMarketCountryCode is empty,822,Dinkelkaffee 100g
04104420224780,nutrition_basis_lost_100g,Source basis 100 GRM omitted from CSV,822,Dinkelkaffee 100g
04104420224780,less_than_qualifier_lost,"FAT < 0.5 GRM, slot , group preparationState; CSV has no qualifier",822,Dinkelkaffee 100g
04104420224780,less_than_qualifier_lost,"FASAT < 0.1 GRM, slot .1, group preparationState; CSV has no qualifier",822,Dinkelkaffee 100g
04104420224780,less_than_qualifier_lost,"FAT < 0.5 GRM, slot .9, group preparationState.1; CSV has no qualifier",822,Dinkelkaffee 100g
04104420224780,less_than_qualifier_lost,"FASAT < 0.1 GRM, slot .10, group preparationState.1; CSV has no qualifier",822,Dinkelkaffee 100g
04104420224780,less_than_qualifier_lost,"FIBTG < 0.5 GRM, slot .13, group preparationState.1; CSV has no qualifier",822,Dinkelkaffee 100g
04104420224780,less_than_qualifier_lost,"PRO- < 0.5 GRM, slot .14, group preparationState.1; CSV has no qualifier",822,Dinkelkaffee 100g
04104420224780,less_than_qualifier_lost,"SALTEQ < 0.01 GRM, slot .15, group preparationState.1; CSV has no qualifier",822,Dinkelkaffee 100g
04104420224780,secondary_serving_size_lost,{'servingSizeValue.1': '2'},822,Dinkelkaffee 100g
04104420228245,brand_mapping,Exported description as brand: 'Margarine im Block 250G'; source TIDBrandName='Alnatura',823,Margarine im Block 250G
04104420228245,market_country_mapping,CSV blank; source TargetMarketCountryCode=276; lowercase targetMarketCountryCode is empty,823,Margarine im Block 250G
04104420228245,nutrition_basis_lost_100g,Source basis 100 GRM omitted from CSV,823,Margarine im Block 250G
04104420228245,less_than_qualifier_lost,"CHOAVL < 0.5 GRM, slot .2, group preparationState; CSV has no qualifier",823,Margarine im Block 250G
04104420228245,less_than_qualifier_lost,"SUGAR- < 0.5 GRM, slot .3, group preparationState; CSV has no qualifier",823,Margarine im Block 250G
04104420228245,less_than_qualifier_lost,"FIBTG < 0.5 GRM, slot .4, group preparationState; CSV has no qualifier",823,Margarine im Block 250G
04104420228245,less_than_qualifier_lost,"PRO- < 0.5 GRM, slot .5, group preparationState; CSV has no qualifier",823,Margarine im Block 250G
04104420229709,brand_mapping,Exported description as brand: 'Weidemilch Sauerrahmbutter 250G'; source TIDBrandName='Alnatura',824,Weidemilch Sauerrahmbutter 250G
04104420229709,market_country_mapping,CSV blank; source TargetMarketCountryCode=276; lowercase targetMarketCountryCode is empty,824,Weidemilch Sauerrahmbutter 250G
04104420229709,nutrition_basis_lost_100g,Source basis 100 GRM omitted from CSV,824,Weidemilch Sauerrahmbutter 250G
04104420229709,less_than_qualifier_lost,"FIBTG < 0.5 GRM, slot .4, group preparationState; CSV has no qualifier",824,Weidemilch Sauerrahmbutter 250G
04104420229709,less_than_qualifier_lost,"PRO- < 0.5 GRM, slot .5, group preparationState; CSV has no qualifier",824,Weidemilch Sauerrahmbutter 250G
04104420229679,brand_mapping,Exported description as brand: 'Weidemilch Süßrahmbutter 250G'; source TIDBrandName='Alnatura',825,Weidemilch Süßrahmbutter 250G
04104420229679,market_country_mapping,CSV blank; source TargetMarketCountryCode=276; lowercase targetMarketCountryCode is empty,825,Weidemilch Süßrahmbutter 250G
04104420229679,nutrition_basis_lost_100g,Source basis 100 GRM omitted from CSV,825,Weidemilch Süßrahmbutter 250G
04104420229679,less_than_qualifier_lost,"FIBTG < 0.5 GRM, slot .4, group preparationState; CSV has no qualifier",825,Weidemilch Süßrahmbutter 250G
04104420229679,less_than_qualifier_lost,"PRO- < 0.5 GRM, slot .5, group preparationState; CSV has no qualifier",825,Weidemilch Süßrahmbutter 250G
04104420229648,brand_mapping,Exported description as brand: 'Veganes Zwiebelschmalz 150 g'; source TIDBrandName='Alnatura',826,Veganes Zwiebelschmalz 150 g
04104420229648,market_country_mapping,CSV blank; source TargetMarketCountryCode=276; lowercase targetMarketCountryCode is empty,826,Veganes Zwiebelschmalz 150 g
04104420229648,nutrition_basis_lost_100g,Source basis 100 GRM omitted from CSV,826,Veganes Zwiebelschmalz 150 g
04104420228733,brand_mapping,Exported description as brand: 'Ras el Hanout 60G'; source TIDBrandName='Alnatura',827,Ras el Hanout 60G
04104420228733,market_country_mapping,CSV blank; source TargetMarketCountryCode=276; lowercase targetMarketCountryCode is empty,827,Ras el Hanout 60G
04104420230194,brand_mapping,Exported description as brand: 'Hafer Natur vegan 400g'; source TIDBrandName='Alnatura',828,Hafer Natur vegan 400g
04104420230194,market_country_mapping,CSV blank; source TargetMarketCountryCode=276; lowercase targetMarketCountryCode is empty,828,Hafer Natur vegan 400g
04104420230194,nutrition_basis_lost_100g,Source basis 100 GRM omitted from CSV,828,Hafer Natur vegan 400g
04104420230194,less_than_qualifier_lost,"FIBTG < 0.5 GRM, slot .4, group preparationState; CSV has no qualifier",828,Hafer Natur vegan 400g
04104420230194,less_than_qualifier_lost,"PRO- < 0.5 GRM, slot .5, group preparationState; CSV has no qualifier",828,Hafer Natur vegan 400g
04104420230972,brand_mapping,Exported description as brand: 'Kichererbsen 400G'; source TIDBrandName='Alnatura',829,Kichererbsen 400G
04104420230972,market_country_mapping,CSV blank; source TargetMarketCountryCode=276; lowercase targetMarketCountryCode is empty,829,Kichererbsen 400G
04104420230972,nutrition_basis_lost_100g,Source basis 100 GRM omitted from CSV,829,Kichererbsen 400G
04104420230972,less_than_qualifier_lost,"SUGAR- < 0.5 GRM, slot .4, group preparationState; CSV has no qualifier",829,Kichererbsen 400G
00000040045016,brand_mapping,"Exported description as brand: 'Himbeer Joghurt Schokoriegel 37,5G'; source TIDBrandName='Alnatura'",830,"Himbeer Joghurt Schokoriegel 37,5G"
00000040045016,market_country_mapping,CSV blank; source TargetMarketCountryCode=276; lowercase targetMarketCountryCode is empty,830,"Himbeer Joghurt Schokoriegel 37,5G"
00000040045016,nutrition_basis_lost_100g,Source basis 100 GRM omitted from CSV,830,"Himbeer Joghurt Schokoriegel 37,5G"
00000040045009,brand_mapping,"Exported description as brand: 'Café Biscuit Schokoriegel 37,5G'; source TIDBrandName='Alnatura'",831,"Café Biscuit Schokoriegel 37,5G"
00000040045009,market_country_mapping,CSV blank; source TargetMarketCountryCode=276; lowercase targetMarketCountryCode is empty,831,"Café Biscuit Schokoriegel 37,5G"
00000040045009,nutrition_basis_lost_100g,Source basis 100 GRM omitted from CSV,831,"Café Biscuit Schokoriegel 37,5G"
04104420230866,brand_mapping,Exported description as brand: 'Eiweißbrot 250g'; source TIDBrandName='Alnatura',832,Eiweißbrot 250g
04104420230866,market_country_mapping,CSV blank; source TargetMarketCountryCode=276; lowercase targetMarketCountryCode is empty,832,Eiweißbrot 250g
04104420230866,nutrition_basis_lost_100g,Source basis 100 GRM omitted from CSV,832,Eiweißbrot 250g
04104420227125,brand_mapping,"Exported description as brand: 'Merlot 0,75L'; source TIDBrandName='Alnatura'",833,"Merlot 0,75L"
04104420227125,market_country_mapping,CSV blank; source TargetMarketCountryCode=276; lowercase targetMarketCountryCode is empty,833,"Merlot 0,75L"
04104420230538,brand_mapping,Exported description as brand: 'Salatkerne Mix 100G'; source TIDBrandName='Alnatura',834,Salatkerne Mix 100G
04104420230538,market_country_mapping,CSV blank; source TargetMarketCountryCode=276; lowercase targetMarketCountryCode is empty,834,Salatkerne Mix 100G
04104420230538,nutrition_basis_lost_100g,Source basis 100 GRM omitted from CSV,834,Salatkerne Mix 100G
04104420229860,brand_mapping,Exported description as brand: 'Fruchtriegel Kakao 30G'; source TIDBrandName='Alnatura',835,Fruchtriegel Kakao 30G
04104420229860,market_country_mapping,CSV blank; source TargetMarketCountryCode=276; lowercase targetMarketCountryCode is empty,835,Fruchtriegel Kakao 30G
04104420229860,nutrition_basis_lost_100g,Source basis 100 GRM omitted from CSV,835,Fruchtriegel Kakao 30G
04104420143364,brand_mapping,Exported description as brand: 'Give away Hafer-Getreidebrei 20G'; source TIDBrandName='Alnatura',836,Give away Hafer-Getreidebrei 20G
04104420143364,market_country_mapping,CSV blank; source TargetMarketCountryCode=276; lowercase targetMarketCountryCode is empty,836,Give away Hafer-Getreidebrei 20G
04104420230460,brand_mapping,Exported description as brand: 'Schlemmerfilet Bordelaise (TK) 320g'; source TIDBrandName='Alnatura',837,Schlemmerfilet Bordelaise (TK) 320g
04104420230460,market_country_mapping,CSV blank; source TargetMarketCountryCode=276; lowercase targetMarketCountryCode is empty,837,Schlemmerfilet Bordelaise (TK) 320g
04104420230460,nutrition_basis_lost_100g,Source basis 100 GRM omitted from CSV,837,Schlemmerfilet Bordelaise (TK) 320g
04104420230460,less_than_qualifier_lost,"FIBTG < 0.5 GRM, slot .6, group preparationState; CSV has no qualifier",837,Schlemmerfilet Bordelaise (TK) 320g
04104420227903,brand_mapping,Exported description as brand: 'Butter Sablés 110G'; source TIDBrandName='Alnatura',838,Butter Sablés 110G
04104420227903,market_country_mapping,CSV blank; source TargetMarketCountryCode=276; lowercase targetMarketCountryCode is empty,838,Butter Sablés 110G
04104420227903,nutrition_basis_lost_100g,Source basis 100 GRM omitted from CSV,838,Butter Sablés 110G
04104420227729,brand_mapping,Exported description as brand: 'Dinkel Penne 500G'; source TIDBrandName='Alnatura',839,Dinkel Penne 500G
04104420227729,market_country_mapping,CSV blank; source TargetMarketCountryCode=276; lowercase targetMarketCountryCode is empty,839,Dinkel Penne 500G
04104420227729,nutrition_basis_lost_100g,Source basis 100 GRM omitted from CSV,839,Dinkel Penne 500G
04104420227729,less_than_qualifier_lost,"SALTEQ < 0.01 GRM, slot .6, group preparationState; CSV has no qualifier",839,Dinkel Penne 500G
00000040045047,brand_mapping,Exported description as brand: 'Brotgewürz 8G'; source TIDBrandName='Alnatura',840,Brotgewürz 8G
00000040045047,market_country_mapping,CSV blank; source TargetMarketCountryCode=276; lowercase targetMarketCountryCode is empty,840,Brotgewürz 8G
00000040045047,nutrition_basis_lost_100g,Source basis 100 GRM omitted from CSV,840,Brotgewürz 8G
04104420231658,brand_mapping,Exported description as brand: 'Linsenwaffeln 100G'; source TIDBrandName='Alnatura',841,Linsenwaffeln 100G
04104420231658,market_country_mapping,CSV blank; source TargetMarketCountryCode=276; lowercase targetMarketCountryCode is empty,841,Linsenwaffeln 100G
04104420231658,nutrition_basis_lost_100g,Source basis 100 GRM omitted from CSV,841,Linsenwaffeln 100G
04104420232198,brand_mapping,Exported description as brand: 'Popcornmais 500G'; source TIDBrandName='Alnatura',842,Popcornmais 500G
04104420232198,market_country_mapping,CSV blank; source TargetMarketCountryCode=276; lowercase targetMarketCountryCode is empty,842,Popcornmais 500G
04104420232198,nutrition_basis_lost_100g,Source basis 100 GRM omitted from CSV,842,Popcornmais 500G
04104420021921,brand_mapping,Exported description as brand: 'Haferflocken Feinblatt 1.000G'; source TIDBrandName='Alnatura',843,Haferflocken Feinblatt 1.000G
04104420021921,market_country_mapping,CSV blank; source TargetMarketCountryCode=276; lowercase targetMarketCountryCode is empty,843,Haferflocken Feinblatt 1.000G
04104420021921,nutrition_basis_lost_100g,Source basis 100 GRM omitted from CSV,843,Haferflocken Feinblatt 1.000G
04104420232785,brand_mapping,Exported description as brand: 'Reisvollkornmehl 500G'; source TIDBrandName='Alnatura',844,Reisvollkornmehl 500G
04104420232785,market_country_mapping,CSV blank; source TargetMarketCountryCode=276; lowercase targetMarketCountryCode is empty,844,Reisvollkornmehl 500G
04104420232785,nutrition_basis_lost_100g,Source basis 100 GRM omitted from CSV,844,Reisvollkornmehl 500G
04104420231337,brand_mapping,Exported description as brand: 'Pistazien 125G'; source TIDBrandName='Alnatura',845,Pistazien 125G
04104420231337,market_country_mapping,CSV blank; source TargetMarketCountryCode=276; lowercase targetMarketCountryCode is empty,845,Pistazien 125G
04104420231337,nutrition_basis_lost_100g,Source basis 100 GRM omitted from CSV,845,Pistazien 125G
04104420231016,brand_mapping,"Exported description as brand: 'Weißburgunder 0,75l'; source TIDBrandName='Alnatura'",846,"Weißburgunder 0,75l"
04104420231016,market_country_mapping,CSV blank; source TargetMarketCountryCode=276; lowercase targetMarketCountryCode is empty,846,"Weißburgunder 0,75l"
04104420229617,brand_mapping,Exported description as brand: 'Tellerlinsen 400G'; source TIDBrandName='Alnatura',847,Tellerlinsen 400G
04104420229617,market_country_mapping,CSV blank; source TargetMarketCountryCode=276; lowercase targetMarketCountryCode is empty,847,Tellerlinsen 400G
04104420229617,nutrition_basis_lost_100g,Source basis 100 GRM omitted from CSV,847,Tellerlinsen 400G
04104420229617,less_than_qualifier_lost,"FAT < 0.5 GRM, slot .4, group preparationState; CSV has no qualifier",847,Tellerlinsen 400G
04104420229617,less_than_qualifier_lost,"FASAT < 0.1 GRM, slot .5, group preparationState; CSV has no qualifier",847,Tellerlinsen 400G
04104420229617,less_than_qualifier_lost,"SALTEQ < 0.01 GRM, slot .6, group preparationState; CSV has no qualifier",847,Tellerlinsen 400G
04104420231214,brand_mapping,Exported description as brand: 'Orangensaft 1L'; source TIDBrandName='Alnatura',848,Orangensaft 1L
04104420231214,market_country_mapping,CSV blank; source TargetMarketCountryCode=276; lowercase targetMarketCountryCode is empty,848,Orangensaft 1L
04104420231214,less_than_qualifier_lost,"FAT < 0.5 GRM, slot .3, group preparationState; CSV has no qualifier",848,Orangensaft 1L
04104420231214,less_than_qualifier_lost,"FIBTG < 0.5 GRM, slot .4, group preparationState; CSV has no qualifier",848,Orangensaft 1L
04104420231214,less_than_qualifier_lost,"FASAT < 0.1 GRM, slot .5, group preparationState; CSV has no qualifier",848,Orangensaft 1L
04104420231214,less_than_qualifier_lost,"SALTEQ < 0.01 GRM, slot .6, group preparationState; CSV has no qualifier",848,Orangensaft 1L
04104420230224,brand_mapping,Exported description as brand: 'Kichererbsen 330g'; source TIDBrandName='Alnatura',849,Kichererbsen 330g
04104420230224,market_country_mapping,CSV blank; source TargetMarketCountryCode=276; lowercase targetMarketCountryCode is empty,849,Kichererbsen 330g
04104420230224,nutrition_basis_lost_100g,Source basis 100 GRM omitted from CSV,849,Kichererbsen 330g
04104420230224,less_than_qualifier_lost,"SUGAR- < 0.5 GRM, slot .5, group preparationState; CSV has no qualifier",849,Kichererbsen 330g
04104420230934,brand_mapping,Exported description as brand: 'Weizenkleie grob 250G'; source TIDBrandName='Alnatura',850,Weizenkleie grob 250G
04104420230934,market_country_mapping,CSV blank; source TargetMarketCountryCode=276; lowercase targetMarketCountryCode is empty,850,Weizenkleie grob 250G
04104420230934,nutrition_basis_lost_100g,Source basis 100 GRM omitted from CSV,850,Weizenkleie grob 250G
04104420230934,less_than_qualifier_lost,"SALTEQ < 0.01 GRM, slot .6, group preparationState; CSV has no qualifier",850,Weizenkleie grob 250G
04104420231177,brand_mapping,"Exported description as brand: '*Btl. Adventskalendertee 42,65G*'; source TIDBrandName='Alnatura'",851,"*Btl. Adventskalendertee 42,65G*"
04104420231177,market_country_mapping,CSV blank; source TargetMarketCountryCode=276; lowercase targetMarketCountryCode is empty,851,"*Btl. Adventskalendertee 42,65G*"
04104420231177,nutrition_basis_lost_100g,Source basis 100 GRM omitted from CSV,851,"*Btl. Adventskalendertee 42,65G*"
04104420026780,brand_mapping,Exported description as brand: 'Bourbon Vanilleschoten 2ST'; source TIDBrandName='Alnatura',852,Bourbon Vanilleschoten 2ST
04104420026780,market_country_mapping,CSV blank; source TargetMarketCountryCode=276; lowercase targetMarketCountryCode is empty,852,Bourbon Vanilleschoten 2ST
00000040045030,brand_mapping,Exported description as brand: '*Winter VM Schoko Lolli 15G*'; source TIDBrandName='Alnatura',853,*Winter VM Schoko Lolli 15G*
00000040045030,market_country_mapping,CSV blank; source TargetMarketCountryCode=276; lowercase targetMarketCountryCode is empty,853,*Winter VM Schoko Lolli 15G*
00000040045030,nutrition_basis_lost_100g,Source basis 100 GRM omitted from CSV,853,*Winter VM Schoko Lolli 15G*
04250018790004,brand_mapping,Exported description as brand: 'Rinder Hackfleisch (TK) 250G'; source TIDBrandName='Bakenhus',854,Rinder Hackfleisch (TK) 250G
04250018790004,market_country_mapping,CSV blank; source TargetMarketCountryCode=276; lowercase targetMarketCountryCode is empty,854,Rinder Hackfleisch (TK) 250G
04250018790004,nutrition_basis_lost_100g,Source basis 100 GRM omitted from CSV,854,Rinder Hackfleisch (TK) 250G
04104420230798,brand_mapping,Exported description as brand: 'Leinsamen Brot 500G'; source TIDBrandName='Alnatura',855,Leinsamen Brot 500G
04104420230798,market_country_mapping,CSV blank; source TargetMarketCountryCode=276; lowercase targetMarketCountryCode is empty,855,Leinsamen Brot 500G
04104420230798,nutrition_basis_lost_100g,Source basis 100 GRM omitted from CSV,855,Leinsamen Brot 500G
04104420230835,brand_mapping,Exported description as brand: 'Westfälischer Pumpernickel 250g'; source TIDBrandName='Alnatura',856,Westfälischer Pumpernickel 250g
04104420230835,market_country_mapping,CSV blank; source TargetMarketCountryCode=276; lowercase targetMarketCountryCode is empty,856,Westfälischer Pumpernickel 250g
04104420230835,nutrition_basis_lost_100g,Source basis 100 GRM omitted from CSV,856,Westfälischer Pumpernickel 250g
04104420231696,brand_mapping,Exported description as brand: 'Haselnusseis vegan 500ML (TK)'; source TIDBrandName='Alnatura',857,Haselnusseis vegan 500ML (TK)
04104420231696,market_country_mapping,CSV blank; source TargetMarketCountryCode=276; lowercase targetMarketCountryCode is empty,857,Haselnusseis vegan 500ML (TK)
04104420231696,nutrition_basis_lost_100g,Source basis 100 GRM omitted from CSV,857,Haselnusseis vegan 500ML (TK)
04104420231696,less_than_qualifier_lost,"SALTEQ < 0.01 GRM, slot .15, group preparationState.1; CSV has no qualifier",857,Haselnusseis vegan 500ML (TK)
04104420233041,brand_mapping,Exported description as brand: 'Fruchteis Himbeere 4 Stück'; source TIDBrandName='Alnatura',858,Fruchteis Himbeere 4 Stück
04104420233041,market_country_mapping,CSV blank; source TargetMarketCountryCode=276; lowercase targetMarketCountryCode is empty,858,Fruchteis Himbeere 4 Stück
04104420233041,nutrition_basis_lost_100g,Source basis 100 GRM omitted from CSV,858,Fruchteis Himbeere 4 Stück
04104420233041,less_than_qualifier_lost,"PRO- < 0.5 GRM, slot .3, group preparationState; CSV has no qualifier",858,Fruchteis Himbeere 4 Stück
04104420233041,less_than_qualifier_lost,"FAT < 0.5 GRM, slot .4, group preparationState; CSV has no qualifier",858,Fruchteis Himbeere 4 Stück
04104420233041,less_than_qualifier_lost,"FASAT < 0.1 GRM, slot .5, group preparationState; CSV has no qualifier",858,Fruchteis Himbeere 4 Stück
04104420233041,less_than_qualifier_lost,"SALTEQ < 0.01 GRM, slot .6, group preparationState; CSV has no qualifier",858,Fruchteis Himbeere 4 Stück
04104420233072,brand_mapping,Exported description as brand: 'Fruchteis Mango 4 Stück'; source TIDBrandName='Alnatura',859,Fruchteis Mango 4 Stück
04104420233072,market_country_mapping,CSV blank; source TargetMarketCountryCode=276; lowercase targetMarketCountryCode is empty,859,Fruchteis Mango 4 Stück
04104420233072,nutrition_basis_lost_100g,Source basis 100 GRM omitted from CSV,859,Fruchteis Mango 4 Stück
04104420233072,less_than_qualifier_lost,"FAT < 0.5 GRM, slot .3, group preparationState; CSV has no qualifier",859,Fruchteis Mango 4 Stück
04104420233072,less_than_qualifier_lost,"PRO- < 0.5 GRM, slot .4, group preparationState; CSV has no qualifier",859,Fruchteis Mango 4 Stück
04104420233072,less_than_qualifier_lost,"FASAT < 0.1 GRM, slot .5, group preparationState; CSV has no qualifier",859,Fruchteis Mango 4 Stück
04104420233072,less_than_qualifier_lost,"SALTEQ < 0.01 GRM, slot .6, group preparationState; CSV has no qualifier",859,Fruchteis Mango 4 Stück
04104420228597,brand_mapping,Exported description as brand: 'Vanille Eiscreme (TK) 500ML'; source TIDBrandName='Alnatura',860,Vanille Eiscreme (TK) 500ML
04104420228597,market_country_mapping,CSV blank; source TargetMarketCountryCode=276; lowercase targetMarketCountryCode is empty,860,Vanille Eiscreme (TK) 500ML
04104420228597,nutrition_basis_lost_100g,Source basis 100 GRM omitted from CSV,860,Vanille Eiscreme (TK) 500ML
04104420228597,less_than_qualifier_lost,"FIBTG < 0.5 GRM, slot .5, group preparationState; CSV has no qualifier",860,Vanille Eiscreme (TK) 500ML
04104420228597,less_than_qualifier_lost,"FIBTG < 0.5 GRM, slot .14, group preparationState.1; CSV has no qualifier",860,Vanille Eiscreme (TK) 500ML
04104420227620,brand_mapping,Exported description as brand: 'Kinder Tomatensauce 350ML'; source TIDBrandName='Alnatura',861,Kinder Tomatensauce 350ML
04104420227620,market_country_mapping,CSV blank; source TargetMarketCountryCode=276; lowercase targetMarketCountryCode is empty,861,Kinder Tomatensauce 350ML
04104420231917,brand_mapping,Exported description as brand: 'Mozzarella di bufala campana 220g'; source TIDBrandName='Alnatura',862,Mozzarella di bufala campana 220g
04104420231917,market_country_mapping,CSV blank; source TargetMarketCountryCode=276; lowercase targetMarketCountryCode is empty,862,Mozzarella di bufala campana 220g
04104420231917,nutrition_basis_lost_100g,Source basis 100 GRM omitted from CSV,862,Mozzarella di bufala campana 220g
04104420231917,less_than_qualifier_lost,"FIBTG < 0.5 GRM, slot .6, group preparationState; CSV has no qualifier",862,Mozzarella di bufala campana 220g
04104420233416,brand_mapping,Exported description as brand: 'Griechischer Grillkäse 180G'; source TIDBrandName='Alnatura',863,Griechischer Grillkäse 180G
04104420233416,market_country_mapping,CSV blank; source TargetMarketCountryCode=276; lowercase targetMarketCountryCode is empty,863,Griechischer Grillkäse 180G
04104420233416,nutrition_basis_lost_100g,Source basis 100 GRM omitted from CSV,863,Griechischer Grillkäse 180G
04104420233416,less_than_qualifier_lost,"CHOAVL < 0.5 GRM, slot .4, group preparationState; CSV has no qualifier",863,Griechischer Grillkäse 180G
04104420233416,less_than_qualifier_lost,"FIBTG < 0.5 GRM, slot .5, group preparationState; CSV has no qualifier",863,Griechischer Grillkäse 180G
04104420233416,less_than_qualifier_lost,"SUGAR- < 0.5 GRM, slot .6, group preparationState; CSV has no qualifier",863,Griechischer Grillkäse 180G
04104420230903,brand_mapping,Exported description as brand: 'Dinkelmehl Type 1050 1.000G'; source TIDBrandName='Alnatura',864,Dinkelmehl Type 1050 1.000G
04104420230903,market_country_mapping,CSV blank; source TargetMarketCountryCode=276; lowercase targetMarketCountryCode is empty,864,Dinkelmehl Type 1050 1.000G
04104420230903,nutrition_basis_lost_100g,Source basis 100 GRM omitted from CSV,864,Dinkelmehl Type 1050 1.000G
04104420230903,less_than_qualifier_lost,"SALTEQ < 0.01 GRM, slot .6, group preparationState; CSV has no qualifier",864,Dinkelmehl Type 1050 1.000G
04104420231542,brand_mapping,Exported description as brand: 'Himbeeressig 250ML'; source TIDBrandName='Alnatura',865,Himbeeressig 250ML
04104420231542,market_country_mapping,CSV blank; source TargetMarketCountryCode=276; lowercase targetMarketCountryCode is empty,865,Himbeeressig 250ML
04104420231542,less_than_qualifier_lost,"FAT < 0.5 GRM, slot .2, group preparationState; CSV has no qualifier",865,Himbeeressig 250ML
04104420231542,less_than_qualifier_lost,"FIBTG < 0.5 GRM, slot .3, group preparationState; CSV has no qualifier",865,Himbeeressig 250ML
04104420231542,less_than_qualifier_lost,"PRO- < 0.5 GRM, slot .4, group preparationState; CSV has no qualifier",865,Himbeeressig 250ML
04104420231542,less_than_qualifier_lost,"FASAT < 0.1 GRM, slot .5, group preparationState; CSV has no qualifier",865,Himbeeressig 250ML
04104420231542,less_than_qualifier_lost,"SALTEQ < 0.01 GRM, slot .6, group preparationState; CSV has no qualifier",865,Himbeeressig 250ML
04104420229891,brand_mapping,Exported description as brand: 'Kürbis-Risotto mit Karotten 220g'; source TIDBrandName='Alnatura',866,Kürbis-Risotto mit Karotten 220g
04104420229891,market_country_mapping,CSV blank; source TargetMarketCountryCode=276; lowercase targetMarketCountryCode is empty,866,Kürbis-Risotto mit Karotten 220g
04104420229891,nutrition_basis_lost_100g,Source basis 100 GRM omitted from CSV,866,Kürbis-Risotto mit Karotten 220g
04104420229891,secondary_serving_size_lost,{'servingSizeValue.1': '220'},866,Kürbis-Risotto mit Karotten 220g
04104420230408,brand_mapping,Exported description as brand: 'ALN Mehrwegdeckel (2 ST)'; source TIDBrandName='Alnatura',867,ALN Mehrwegdeckel (2 ST)
04104420230408,market_country_mapping,CSV blank; source TargetMarketCountryCode=276; lowercase targetMarketCountryCode is empty,867,ALN Mehrwegdeckel (2 ST)
04104420232846,brand_mapping,Exported description as brand: 'Joghurt Reiswaffeln 100G'; source TIDBrandName='Alnatura',868,Joghurt Reiswaffeln 100G
04104420232846,market_country_mapping,CSV blank; source TargetMarketCountryCode=276; lowercase targetMarketCountryCode is empty,868,Joghurt Reiswaffeln 100G
04104420232846,nutrition_basis_lost_100g,Source basis 100 GRM omitted from CSV,868,Joghurt Reiswaffeln 100G
04104420232884,brand_mapping,Exported description as brand: 'Reiswaffeln Jogh. Erdbeer 100G'; source TIDBrandName='Alnatura',869,Reiswaffeln Jogh. Erdbeer 100G
04104420232884,market_country_mapping,CSV blank; source TargetMarketCountryCode=276; lowercase targetMarketCountryCode is empty,869,Reiswaffeln Jogh. Erdbeer 100G
04104420232884,nutrition_basis_lost_100g,Source basis 100 GRM omitted from CSV,869,Reiswaffeln Jogh. Erdbeer 100G
04104420228627,brand_mapping,Exported description as brand: 'Schoko Eiscreme (TK) 500ML'; source TIDBrandName='Alnatura',870,Schoko Eiscreme (TK) 500ML
04104420228627,market_country_mapping,CSV blank; source TargetMarketCountryCode=276; lowercase targetMarketCountryCode is empty,870,Schoko Eiscreme (TK) 500ML
04104420228627,nutrition_basis_lost_100g,Source basis 100 GRM omitted from CSV,870,Schoko Eiscreme (TK) 500ML
04104420234666,brand_mapping,Exported description as brand: 'Hafer-Kakao-Kekse 125G'; source TIDBrandName='Alnatura',871,Hafer-Kakao-Kekse 125G
04104420234666,market_country_mapping,CSV blank; source TargetMarketCountryCode=276; lowercase targetMarketCountryCode is empty,871,Hafer-Kakao-Kekse 125G
04104420234666,nutrition_basis_lost_100g,Source basis 100 GRM omitted from CSV,871,Hafer-Kakao-Kekse 125G
04104420234666,less_than_qualifier_lost,"SALTEQ < 0.01 GRM, slot .15, group preparationState.1; CSV has no qualifier",871,Hafer-Kakao-Kekse 125G
04104420234666,secondary_serving_size_lost,{'servingSizeValue.1': '2.8'},871,Hafer-Kakao-Kekse 125G
00000042204954,brand_mapping,Exported description as brand: 'Florentiner 100G'; source TIDBrandName='Alnatura',872,Florentiner 100G
00000042204954,market_country_mapping,CSV blank; source TargetMarketCountryCode=276; lowercase targetMarketCountryCode is empty,872,Florentiner 100G
00000042204954,nutrition_basis_lost_100g,Source basis 100 GRM omitted from CSV,872,Florentiner 100G
04104420232570,brand_mapping,"Exported description as brand: 'Ingwer Limette Tee Btl. 20x1,75g 35'; source TIDBrandName='Alnatura'",873,"Ingwer Limette Tee Btl. 20x1,75g 35"
04104420232570,market_country_mapping,CSV blank; source TargetMarketCountryCode=276; lowercase targetMarketCountryCode is empty,873,"Ingwer Limette Tee Btl. 20x1,75g 35"
04104420232617,brand_mapping,Exported description as brand: 'Kurkuma Orange Tee Btl. 20x2g 40G'; source TIDBrandName='Alnatura',874,Kurkuma Orange Tee Btl. 20x2g 40G
04104420232617,market_country_mapping,CSV blank; source TargetMarketCountryCode=276; lowercase targetMarketCountryCode is empty,874,Kurkuma Orange Tee Btl. 20x2g 40G
04104420233959,brand_mapping,Exported description as brand: 'Granatapfelkerne (TK) 300G'; source TIDBrandName='Alnatura',875,Granatapfelkerne (TK) 300G
04104420233959,market_country_mapping,CSV blank; source TargetMarketCountryCode=276; lowercase targetMarketCountryCode is empty,875,Granatapfelkerne (TK) 300G
04104420233959,nutrition_basis_lost_100g,Source basis 100 GRM omitted from CSV,875,Granatapfelkerne (TK) 300G
04104420233959,less_than_qualifier_lost,"FASAT < 0.1 GRM, slot .5, group preparationState; CSV has no qualifier",875,Granatapfelkerne (TK) 300G
04104420233959,less_than_qualifier_lost,"SALTEQ < 0.01 GRM, slot .6, group preparationState; CSV has no qualifier",875,Granatapfelkerne (TK) 300G
04104420232273,brand_mapping,Exported description as brand: 'Kakao-Rooibos mit Vanille Btl. 20x2'; source TIDBrandName='Alnatura',876,Kakao-Rooibos mit Vanille Btl. 20x2
04104420232273,market_country_mapping,CSV blank; source TargetMarketCountryCode=276; lowercase targetMarketCountryCode is empty,876,Kakao-Rooibos mit Vanille Btl. 20x2
04104420232310,brand_mapping,"Exported description as brand: 'Apfel Nana-Minze&Blüten Btl.20x1,5G'; source TIDBrandName='Alnatura'",877,"Apfel Nana-Minze&Blüten Btl.20x1,5G"
04104420232310,market_country_mapping,CSV blank; source TargetMarketCountryCode=276; lowercase targetMarketCountryCode is empty,877,"Apfel Nana-Minze&Blüten Btl.20x1,5G"
04104420233447,brand_mapping,Exported description as brand: 'Quarkalternative aus Soja 400G'; source TIDBrandName='Alnatura',878,Quarkalternative aus Soja 400G
04104420233447,market_country_mapping,CSV blank; source TargetMarketCountryCode=276; lowercase targetMarketCountryCode is empty,878,Quarkalternative aus Soja 400G
04104420233447,nutrition_basis_lost_100g,Source basis 100 GRM omitted from CSV,878,Quarkalternative aus Soja 400G
04104420233447,less_than_qualifier_lost,"FIBTG < 0.5 GRM, slot .2, group preparationState; CSV has no qualifier",878,Quarkalternative aus Soja 400G
04104420233447,less_than_qualifier_lost,"CHOAVL < 0.5 GRM, slot .4, group preparationState; CSV has no qualifier",878,Quarkalternative aus Soja 400G
04104420233447,less_than_qualifier_lost,"SUGAR- < 0.5 GRM, slot .5, group preparationState; CSV has no qualifier",878,Quarkalternative aus Soja 400G
04104420234062,brand_mapping,Exported description as brand: 'Mandeln geröstet & ungesalzen 150G'; source TIDBrandName='Alnatura',879,Mandeln geröstet & ungesalzen 150G
04104420234062,market_country_mapping,CSV blank; source TargetMarketCountryCode=276; lowercase targetMarketCountryCode is empty,879,Mandeln geröstet & ungesalzen 150G
04104420234062,nutrition_basis_lost_100g,Source basis 100 GRM omitted from CSV,879,Mandeln geröstet & ungesalzen 150G
04104420234062,less_than_qualifier_lost,"SALTEQ < 0.01 GRM, slot .8, group preparationState; CSV has no qualifier",879,Mandeln geröstet & ungesalzen 150G
04104420234109,brand_mapping,Exported description as brand: 'Nuss-Mix geröstet & ungesalzen 150G'; source TIDBrandName='Alnatura',880,Nuss-Mix geröstet & ungesalzen 150G
04104420234109,market_country_mapping,CSV blank; source TargetMarketCountryCode=276; lowercase targetMarketCountryCode is empty,880,Nuss-Mix geröstet & ungesalzen 150G
04104420234109,nutrition_basis_lost_100g,Source basis 100 GRM omitted from CSV,880,Nuss-Mix geröstet & ungesalzen 150G
04104420234529,brand_mapping,Exported description as brand: '5-Korn-Getreidebrei 250G'; source TIDBrandName='Alnatura',881,5-Korn-Getreidebrei 250G
04104420234529,market_country_mapping,CSV blank; source TargetMarketCountryCode=276; lowercase targetMarketCountryCode is empty,881,5-Korn-Getreidebrei 250G
04104420234598,brand_mapping,Exported description as brand: 'Mini Brezeln ohne Aufstreusalz 100G'; source TIDBrandName='Alnatura',882,Mini Brezeln ohne Aufstreusalz 100G
04104420234598,market_country_mapping,CSV blank; source TargetMarketCountryCode=276; lowercase targetMarketCountryCode is empty,882,Mini Brezeln ohne Aufstreusalz 100G
04104420234598,nutrition_basis_lost_100g,Source basis 100 GRM omitted from CSV,882,Mini Brezeln ohne Aufstreusalz 100G
04104420232006,brand_mapping,"Exported description as brand: 'Gerste, Kichererbsen, Linsen 250g'; source TIDBrandName='Alnatura'",883,"Gerste, Kichererbsen, Linsen 250g"
04104420232006,market_country_mapping,CSV blank; source TargetMarketCountryCode=276; lowercase targetMarketCountryCode is empty,883,"Gerste, Kichererbsen, Linsen 250g"
04104420232006,nutrition_basis_lost_100g,Source basis 100 GRM omitted from CSV,883,"Gerste, Kichererbsen, Linsen 250g"
04104420233836,brand_mapping,Exported description as brand: 'Erdbeere-Apfel Porridge 190G'; source TIDBrandName='Alnatura',884,Erdbeere-Apfel Porridge 190G
04104420233836,market_country_mapping,CSV blank; source TargetMarketCountryCode=276; lowercase targetMarketCountryCode is empty,884,Erdbeere-Apfel Porridge 190G
04104420233836,nutrition_basis_lost_100g,Source basis 100 GRM omitted from CSV,884,Erdbeere-Apfel Porridge 190G
04104420233836,secondary_serving_size_lost,{'servingSizeValue.1': '190'},884,Erdbeere-Apfel Porridge 190G
04104420232044,brand_mapping,"Exported description as brand: 'Roter Quinoa, Bulgur, Langkornreis'; source TIDBrandName='Alnatura'",885,"Roter Quinoa, Bulgur, Langkornreis"
04104420232044,market_country_mapping,CSV blank; source TargetMarketCountryCode=276; lowercase targetMarketCountryCode is empty,885,"Roter Quinoa, Bulgur, Langkornreis"
04104420232044,nutrition_basis_lost_100g,Source basis 100 GRM omitted from CSV,885,"Roter Quinoa, Bulgur, Langkornreis"
04104420234383,brand_mapping,Exported description as brand: 'Cashew Drink Natur 1L'; source TIDBrandName='Alnatura',886,Cashew Drink Natur 1L
04104420234383,market_country_mapping,CSV blank; source TargetMarketCountryCode=276; lowercase targetMarketCountryCode is empty,886,Cashew Drink Natur 1L
04104420234383,less_than_qualifier_lost,"FIBTG < 0.5 GRM, slot .4, group preparationState; CSV has no qualifier",886,Cashew Drink Natur 1L
04104420234383,less_than_qualifier_lost,"SUGAR- < 0.5 GRM, slot .5, group preparationState; CSV has no qualifier",886,Cashew Drink Natur 1L
04104420235540,brand_mapping,Exported description as brand: 'Grissini Olivenöl 110G'; source TIDBrandName='Alnatura',887,Grissini Olivenöl 110G
04104420235540,market_country_mapping,CSV blank; source TargetMarketCountryCode=276; lowercase targetMarketCountryCode is empty,887,Grissini Olivenöl 110G
04104420235540,nutrition_basis_lost_100g,Source basis 100 GRM omitted from CSV,887,Grissini Olivenöl 110G
04260100260056,brand_mapping,Exported description as brand: 'Pizza Tonno Piccante (TK) 350G'; source TIDBrandName='Wildzeit',888,Pizza Tonno Piccante (TK) 350G
04260100260056,market_country_mapping,CSV blank; source TargetMarketCountryCode=276; lowercase targetMarketCountryCode is empty,888,Pizza Tonno Piccante (TK) 350G
04260100260056,nutrition_basis_lost_100g,Source basis 100 GRM omitted from CSV,888,Pizza Tonno Piccante (TK) 350G
04104420236165,brand_mapping,Exported description as brand: 'Vollmilch Schokolade 100G'; source TIDBrandName='Alnatura',889,Vollmilch Schokolade 100G
04104420236165,market_country_mapping,CSV blank; source TargetMarketCountryCode=276; lowercase targetMarketCountryCode is empty,889,Vollmilch Schokolade 100G
04104420236165,nutrition_basis_lost_100g,Source basis 100 GRM omitted from CSV,889,Vollmilch Schokolade 100G
04104420233331,brand_mapping,Exported description as brand: 'Kaffee gemahlen 500G'; source TIDBrandName='Alnatura',890,Kaffee gemahlen 500G
04104420233331,market_country_mapping,CSV blank; source TargetMarketCountryCode=276; lowercase targetMarketCountryCode is empty,890,Kaffee gemahlen 500G
04104420234987,brand_mapping,Exported description as brand: 'Mais 330g'; source TIDBrandName='Alnatura',891,Mais 330g
04104420234987,market_country_mapping,CSV blank; source TargetMarketCountryCode=276; lowercase targetMarketCountryCode is empty,891,Mais 330g
04104420234987,nutrition_basis_lost_100g,Source basis 100 GRM omitted from CSV,891,Mais 330g
04104420235779,brand_mapping,Exported description as brand: 'Bergbauern Süßrahmbutter 250G'; source TIDBrandName='Alnatura',892,Bergbauern Süßrahmbutter 250G
04104420235779,market_country_mapping,CSV blank; source TargetMarketCountryCode=276; lowercase targetMarketCountryCode is empty,892,Bergbauern Süßrahmbutter 250G
04104420235779,nutrition_basis_lost_100g,Source basis 100 GRM omitted from CSV,892,Bergbauern Süßrahmbutter 250G
04104420235779,less_than_qualifier_lost,"FIBTG < 0.5 GRM, slot .5, group preparationState; CSV has no qualifier",892,Bergbauern Süßrahmbutter 250G
04104420235779,less_than_qualifier_lost,"SALTEQ < 0.01 GRM, slot .6, group preparationState; CSV has no qualifier",892,Bergbauern Süßrahmbutter 250G
04104420232969,brand_mapping,"Exported description as brand: 'Stilltee Btl. 20x1,75g 35G'; source TIDBrandName='Alnatura'",893,"Stilltee Btl. 20x1,75g 35G"
04104420232969,market_country_mapping,CSV blank; source TargetMarketCountryCode=276; lowercase targetMarketCountryCode is empty,893,"Stilltee Btl. 20x1,75g 35G"
04104420232969,less_than_qualifier_lost,"FASAT < 0.1 GRM, slot , group preparationState; CSV has no qualifier",893,"Stilltee Btl. 20x1,75g 35G"
04104420232969,less_than_qualifier_lost,"FAT < 0.1 GRM, slot .1, group preparationState; CSV has no qualifier",893,"Stilltee Btl. 20x1,75g 35G"
04104420232969,less_than_qualifier_lost,"FIBTG < 0.1 GRM, slot .2, group preparationState; CSV has no qualifier",893,"Stilltee Btl. 20x1,75g 35G"
04104420232969,less_than_qualifier_lost,"PRO- < 0.1 GRM, slot .3, group preparationState; CSV has no qualifier",893,"Stilltee Btl. 20x1,75g 35G"
04104420232969,less_than_qualifier_lost,"CHOAVL < 0.1 GRM, slot .4, group preparationState; CSV has no qualifier",893,"Stilltee Btl. 20x1,75g 35G"
04104420232969,less_than_qualifier_lost,"SUGAR- < 0.1 GRM, slot .5, group preparationState; CSV has no qualifier",893,"Stilltee Btl. 20x1,75g 35G"
04104420232969,less_than_qualifier_lost,"SALTEQ < 0.01 GRM, slot .6, group preparationState; CSV has no qualifier",893,"Stilltee Btl. 20x1,75g 35G"
04104420217386,brand_mapping,"Exported description as brand: 'Rapsöl 0,25L'; source TIDBrandName='Alnatura'",894,"Rapsöl 0,25L"
04104420217386,market_country_mapping,CSV blank; source TargetMarketCountryCode=276; lowercase targetMarketCountryCode is empty,894,"Rapsöl 0,25L"
04104420217386,secondary_serving_size_lost,{'servingSizeValue.1': '2.5'},894,"Rapsöl 0,25L"
04104420235472,brand_mapping,"Exported description as brand: 'Weidemilch Joghurt Natur 0,3% 500G'; source TIDBrandName='Alnatura'",895,"Weidemilch Joghurt Natur 0,3% 500G"
04104420235472,market_country_mapping,CSV blank; source TargetMarketCountryCode=276; lowercase targetMarketCountryCode is empty,895,"Weidemilch Joghurt Natur 0,3% 500G"
04104420235472,nutrition_basis_lost_100g,Source basis 100 GRM omitted from CSV,895,"Weidemilch Joghurt Natur 0,3% 500G"
04104420235472,less_than_qualifier_lost,"FASAT < 0.5 GRM, slot .3, group preparationState; CSV has no qualifier",895,"Weidemilch Joghurt Natur 0,3% 500G"
04104420235472,less_than_qualifier_lost,"FAT < 0.5 GRM, slot .4, group preparationState; CSV has no qualifier",895,"Weidemilch Joghurt Natur 0,3% 500G"
04104420235472,less_than_qualifier_lost,"FIBTG < 0.5 GRM, slot .5, group preparationState; CSV has no qualifier",895,"Weidemilch Joghurt Natur 0,3% 500G"
04104420236417,brand_mapping,Exported description as brand: 'Roggenvollkornmehl 1.000G'; source TIDBrandName='Alnatura',896,Roggenvollkornmehl 1.000G
04104420236417,market_country_mapping,CSV blank; source TargetMarketCountryCode=276; lowercase targetMarketCountryCode is empty,896,Roggenvollkornmehl 1.000G
04104420236417,nutrition_basis_lost_100g,Source basis 100 GRM omitted from CSV,896,Roggenvollkornmehl 1.000G
04104420236417,less_than_qualifier_lost,"SALTEQ < 0.01 GRM, slot .6, group preparationState; CSV has no qualifier",896,Roggenvollkornmehl 1.000G
04104420236370,brand_mapping,Exported description as brand: 'Dinkelvollkornmehl 1.000G'; source TIDBrandName='Alnatura',897,Dinkelvollkornmehl 1.000G
04104420236370,market_country_mapping,CSV blank; source TargetMarketCountryCode=276; lowercase targetMarketCountryCode is empty,897,Dinkelvollkornmehl 1.000G
04104420236370,nutrition_basis_lost_100g,Source basis 100 GRM omitted from CSV,897,Dinkelvollkornmehl 1.000G
04104420236370,less_than_qualifier_lost,"SALTEQ < 0.01 GRM, slot .6, group preparationState; CSV has no qualifier",897,Dinkelvollkornmehl 1.000G
04104420236332,brand_mapping,Exported description as brand: 'Zimt Knusper Müsli 500G'; source TIDBrandName='Alnatura',898,Zimt Knusper Müsli 500G
04104420236332,market_country_mapping,CSV blank; source TargetMarketCountryCode=276; lowercase targetMarketCountryCode is empty,898,Zimt Knusper Müsli 500G
04104420236332,nutrition_basis_lost_100g,Source basis 100 GRM omitted from CSV,898,Zimt Knusper Müsli 500G
04104420236332,less_than_qualifier_lost,"SALTEQ < 0.01 GRM, slot .6, group preparationState; CSV has no qualifier",898,Zimt Knusper Müsli 500G
04104420236127,brand_mapping,Exported description as brand: 'Zartbitter Knusper Müsli 500G'; source TIDBrandName='Alnatura',899,Zartbitter Knusper Müsli 500G
04104420236127,market_country_mapping,CSV blank; source TargetMarketCountryCode=276; lowercase targetMarketCountryCode is empty,899,Zartbitter Knusper Müsli 500G
04104420236127,nutrition_basis_lost_100g,Source basis 100 GRM omitted from CSV,899,Zartbitter Knusper Müsli 500G
04104420235397,brand_mapping,Exported description as brand: 'Rote Bete ungesüßt 330g'; source TIDBrandName='Alnatura',900,Rote Bete ungesüßt 330g
04104420235397,market_country_mapping,CSV blank; source TargetMarketCountryCode=276; lowercase targetMarketCountryCode is empty,900,Rote Bete ungesüßt 330g
04104420235397,nutrition_basis_lost_100g,Source basis 100 GRM omitted from CSV,900,Rote Bete ungesüßt 330g
04104420235397,less_than_qualifier_lost,"FAT < 0.5 GRM, slot .4, group preparationState; CSV has no qualifier",900,Rote Bete ungesüßt 330g
04104420235397,less_than_qualifier_lost,"FASAT < 0.1 GRM, slot .6, group preparationState; CSV has no qualifier",900,Rote Bete ungesüßt 330g
04104420231498,brand_mapping,Exported description as brand: 'Hirtenkäse 150g'; source TIDBrandName='Alnatura',901,Hirtenkäse 150g
04104420231498,market_country_mapping,CSV blank; source TargetMarketCountryCode=276; lowercase targetMarketCountryCode is empty,901,Hirtenkäse 150g
04104420231498,nutrition_basis_lost_100g,Source basis 100 GRM omitted from CSV,901,Hirtenkäse 150g
04104420231498,less_than_qualifier_lost,"CHOAVL < 0.5 GRM, slot .4, group preparationState; CSV has no qualifier",901,Hirtenkäse 150g
04104420231498,less_than_qualifier_lost,"FIBTG < 0.5 GRM, slot .5, group preparationState; CSV has no qualifier",901,Hirtenkäse 150g
04104420231498,less_than_qualifier_lost,"SUGAR- < 0.5 GRM, slot .6, group preparationState; CSV has no qualifier",901,Hirtenkäse 150g
04104420232167,brand_mapping,Exported description as brand: 'Flammkuchen Käse Lauch (TK) 275G'; source TIDBrandName='Alnatura',902,Flammkuchen Käse Lauch (TK) 275G
04104420232167,market_country_mapping,CSV blank; source TargetMarketCountryCode=276; lowercase targetMarketCountryCode is empty,902,Flammkuchen Käse Lauch (TK) 275G
04104420232167,nutrition_basis_lost_100g,Source basis 100 GRM omitted from CSV,902,Flammkuchen Käse Lauch (TK) 275G
04104420232167,secondary_serving_size_lost,{'servingSizeValue.1': '275'},902,Flammkuchen Käse Lauch (TK) 275G
04104420234635,brand_mapping,Exported description as brand: 'Geflügel Salami 80G'; source TIDBrandName='Alnatura',903,Geflügel Salami 80G
04104420234635,market_country_mapping,CSV blank; source TargetMarketCountryCode=276; lowercase targetMarketCountryCode is empty,903,Geflügel Salami 80G
04104420234635,nutrition_basis_lost_100g,Source basis 100 GRM omitted from CSV,903,Geflügel Salami 80G
04104420234635,less_than_qualifier_lost,"FIBTG < 0.5 GRM, slot .5, group preparationState; CSV has no qualifier",903,Geflügel Salami 80G
04104420234635,less_than_qualifier_lost,"SUGAR- < 0.5 GRM, slot .6, group preparationState; CSV has no qualifier",903,Geflügel Salami 80G
04104420236646,brand_mapping,Exported description as brand: 'Dinkel Sticks Sesam & Schwarzkümmel'; source TIDBrandName='Alnatura',904,Dinkel Sticks Sesam & Schwarzkümmel
04104420236646,market_country_mapping,CSV blank; source TargetMarketCountryCode=276; lowercase targetMarketCountryCode is empty,904,Dinkel Sticks Sesam & Schwarzkümmel
04104420236646,nutrition_basis_lost_100g,Source basis 100 GRM omitted from CSV,904,Dinkel Sticks Sesam & Schwarzkümmel
04104420236646,less_than_qualifier_lost,"SUGAR- < 0.5 GRM, slot .6, group preparationState; CSV has no qualifier",904,Dinkel Sticks Sesam & Schwarzkümmel
04104420232921,brand_mapping,Exported description as brand: 'Apfel-Pfirsich-Banane 190G'; source TIDBrandName='Alnatura',905,Apfel-Pfirsich-Banane 190G
04104420232921,market_country_mapping,CSV blank; source TargetMarketCountryCode=276; lowercase targetMarketCountryCode is empty,905,Apfel-Pfirsich-Banane 190G
04104420232921,nutrition_basis_lost_100g,Source basis 100 GRM omitted from CSV,905,Apfel-Pfirsich-Banane 190G
04104420232921,less_than_qualifier_lost,"FASAT < 0.1 GRM, slot .5, group preparationState; CSV has no qualifier",905,Apfel-Pfirsich-Banane 190G
04104420232921,less_than_qualifier_lost,"SALTEQ < 0.01 GRM, slot .6, group preparationState; CSV has no qualifier",905,Apfel-Pfirsich-Banane 190G
04104420237490,brand_mapping,Exported description as brand: 'Brat- und Backöl 750ML'; source TIDBrandName='Alnatura',906,Brat- und Backöl 750ML
04104420237490,market_country_mapping,CSV blank; source TargetMarketCountryCode=276; lowercase targetMarketCountryCode is empty,906,Brat- und Backöl 750ML
04104420237490,less_than_qualifier_lost,"CHOAVL < 0.5 GRM, slot .2, group preparationState; CSV has no qualifier",906,Brat- und Backöl 750ML
04104420237490,less_than_qualifier_lost,"SUGAR- < 0.5 GRM, slot .3, group preparationState; CSV has no qualifier",906,Brat- und Backöl 750ML
04104420237490,less_than_qualifier_lost,"FIBTG < 0.5 GRM, slot .4, group preparationState; CSV has no qualifier",906,Brat- und Backöl 750ML
04104420237490,less_than_qualifier_lost,"PRO- < 0.5 GRM, slot .5, group preparationState; CSV has no qualifier",906,Brat- und Backöl 750ML
04104420237490,less_than_qualifier_lost,"SALTEQ < 0.01 GRM, slot .6, group preparationState; CSV has no qualifier",906,Brat- und Backöl 750ML
04104420236462,brand_mapping,Exported description as brand: 'Mais 500g im Pfandglas'; source TIDBrandName='Alnatura',907,Mais 500g im Pfandglas
04104420236462,market_country_mapping,CSV blank; source TargetMarketCountryCode=276; lowercase targetMarketCountryCode is empty,907,Mais 500g im Pfandglas
04104420236462,nutrition_basis_lost_100g,Source basis 100 GRM omitted from CSV,907,Mais 500g im Pfandglas
04104420237254,brand_mapping,Exported description as brand: 'Hirse 500G'; source TIDBrandName='Alnatura',908,Hirse 500G
04104420237254,market_country_mapping,CSV blank; source TargetMarketCountryCode=276; lowercase targetMarketCountryCode is empty,908,Hirse 500G
04104420237254,nutrition_basis_lost_100g,Source basis 100 GRM omitted from CSV,908,Hirse 500G
04104420237254,less_than_qualifier_lost,"SALTEQ < 0.01 GRM, slot .6, group preparationState; CSV has no qualifier",908,Hirse 500G
04104420237575,brand_mapping,Exported description as brand: 'Geflügel Würstchen 390G'; source TIDBrandName='Alnatura',909,Geflügel Würstchen 390G
04104420237575,market_country_mapping,CSV blank; source TargetMarketCountryCode=276; lowercase targetMarketCountryCode is empty,909,Geflügel Würstchen 390G
04104420237575,nutrition_basis_lost_100g,Source basis 100 GRM omitted from CSV,909,Geflügel Würstchen 390G
04104420237537,brand_mapping,Exported description as brand: 'Wiener Würstchen 390G'; source TIDBrandName='Alnatura',910,Wiener Würstchen 390G
04104420237537,market_country_mapping,CSV blank; source TargetMarketCountryCode=276; lowercase targetMarketCountryCode is empty,910,Wiener Würstchen 390G
04104420237537,nutrition_basis_lost_100g,Source basis 100 GRM omitted from CSV,910,Wiener Würstchen 390G
04104420237537,less_than_qualifier_lost,"SUGAR- < 0.5 GRM, slot .4, group preparationState; CSV has no qualifier",910,Wiener Würstchen 390G
04104420237537,less_than_qualifier_lost,"CHOAVL < 0.5 GRM, slot .5, group preparationState; CSV has no qualifier",910,Wiener Würstchen 390G
04104420237537,less_than_qualifier_lost,"FIBTG < 0.5 GRM, slot .6, group preparationState; CSV has no qualifier",910,Wiener Würstchen 390G
04104420236912,brand_mapping,Exported description as brand: 'Lasagne 250G'; source TIDBrandName='Alnatura',911,Lasagne 250G
04104420236912,market_country_mapping,CSV blank; source TargetMarketCountryCode=276; lowercase targetMarketCountryCode is empty,911,Lasagne 250G
04104420236912,nutrition_basis_lost_100g,Source basis 100 GRM omitted from CSV,911,Lasagne 250G
04104420236912,less_than_qualifier_lost,"FASAT < 0.5 GRM, slot .5, group preparationState; CSV has no qualifier",911,Lasagne 250G
04104420236912,less_than_qualifier_lost,"SALTEQ < 0.01 GRM, slot .6, group preparationState; CSV has no qualifier",911,Lasagne 250G
04104420234345,brand_mapping,Exported description as brand: 'Steinsalz 500G'; source TIDBrandName='Alnatura',912,Steinsalz 500G
04104420234345,market_country_mapping,CSV blank; source TargetMarketCountryCode=276; lowercase targetMarketCountryCode is empty,912,Steinsalz 500G
04104420234307,brand_mapping,Exported description as brand: 'Steinsalz 250G'; source TIDBrandName='Alnatura',913,Steinsalz 250G
04104420234307,market_country_mapping,CSV blank; source TargetMarketCountryCode=276; lowercase targetMarketCountryCode is empty,913,Steinsalz 250G
04104420237155,brand_mapping,Exported description as brand: 'Kakao Knusper Reis 250G'; source TIDBrandName='Alnatura',914,Kakao Knusper Reis 250G
04104420237155,market_country_mapping,CSV blank; source TargetMarketCountryCode=276; lowercase targetMarketCountryCode is empty,914,Kakao Knusper Reis 250G
04104420237155,nutrition_basis_lost_100g,Source basis 100 GRM omitted from CSV,914,Kakao Knusper Reis 250G
04104420237698,brand_mapping,Exported description as brand: 'Pizza Minis 80G'; source TIDBrandName='Alnatura',915,Pizza Minis 80G
04104420237698,market_country_mapping,CSV blank; source TargetMarketCountryCode=276; lowercase targetMarketCountryCode is empty,915,Pizza Minis 80G
04104420237698,nutrition_basis_lost_100g,Source basis 100 GRM omitted from CSV,915,Pizza Minis 80G
04104420237117,brand_mapping,Exported description as brand: 'Zimt Flakes 250G'; source TIDBrandName='Alnatura',916,Zimt Flakes 250G
04104420237117,market_country_mapping,CSV blank; source TargetMarketCountryCode=276; lowercase targetMarketCountryCode is empty,916,Zimt Flakes 250G
04104420237117,nutrition_basis_lost_100g,Source basis 100 GRM omitted from CSV,916,Zimt Flakes 250G
04104420236097,brand_mapping,Exported description as brand: 'Hafer-Dinkel-Herzen 125G'; source TIDBrandName='Alnatura',917,Hafer-Dinkel-Herzen 125G
04104420236097,market_country_mapping,CSV blank; source TargetMarketCountryCode=276; lowercase targetMarketCountryCode is empty,917,Hafer-Dinkel-Herzen 125G
04104420236097,nutrition_basis_lost_100g,Source basis 100 GRM omitted from CSV,917,Hafer-Dinkel-Herzen 125G
04104420236097,less_than_qualifier_lost,"SALTEQ < 0.01 GRM, slot .15, group preparationState.1; CSV has no qualifier",917,Hafer-Dinkel-Herzen 125G
04104420236097,secondary_serving_size_lost,{'servingSizeValue.1': '2.4'},917,Hafer-Dinkel-Herzen 125G
04104420230613,brand_mapping,Exported description as brand: 'Lachs Filets mit Haut (TK) 160G'; source TIDBrandName='Alnatura',918,Lachs Filets mit Haut (TK) 160G
04104420230613,market_country_mapping,CSV blank; source TargetMarketCountryCode=276; lowercase targetMarketCountryCode is empty,918,Lachs Filets mit Haut (TK) 160G
04104420230613,nutrition_basis_lost_100g,Source basis 100 GRM omitted from CSV,918,Lachs Filets mit Haut (TK) 160G
04104420230613,less_than_qualifier_lost,"FIBTG < 0.5 GRM, slot .3, group preparationState; CSV has no qualifier",918,Lachs Filets mit Haut (TK) 160G
04104420230613,less_than_qualifier_lost,"CHOAVL < 0.5 GRM, slot .4, group preparationState; CSV has no qualifier",918,Lachs Filets mit Haut (TK) 160G
04104420230613,less_than_qualifier_lost,"SUGAR- < 0.5 GRM, slot .5, group preparationState; CSV has no qualifier",918,Lachs Filets mit Haut (TK) 160G
04104420236493,brand_mapping,Exported description as brand: 'Kidney Bohnen 500g im Pfandglas'; source TIDBrandName='Alnatura',919,Kidney Bohnen 500g im Pfandglas
04104420236493,market_country_mapping,CSV blank; source TargetMarketCountryCode=276; lowercase targetMarketCountryCode is empty,919,Kidney Bohnen 500g im Pfandglas
04104420236493,nutrition_basis_lost_100g,Source basis 100 GRM omitted from CSV,919,Kidney Bohnen 500g im Pfandglas
04104420236493,less_than_qualifier_lost,"SUGAR- < 0.5 GRM, slot .4, group preparationState; CSV has no qualifier",919,Kidney Bohnen 500g im Pfandglas
04104420236493,less_than_qualifier_lost,"FAT < 0.5 GRM, slot .5, group preparationState; CSV has no qualifier",919,Kidney Bohnen 500g im Pfandglas
04104420236493,less_than_qualifier_lost,"FASAT < 0.1 GRM, slot .6, group preparationState; CSV has no qualifier",919,Kidney Bohnen 500g im Pfandglas
04104420236523,brand_mapping,Exported description as brand: 'Kichererbsen 500g im Pfandglas'; source TIDBrandName='Alnatura',920,Kichererbsen 500g im Pfandglas
04104420236523,market_country_mapping,CSV blank; source TargetMarketCountryCode=276; lowercase targetMarketCountryCode is empty,920,Kichererbsen 500g im Pfandglas
04104420236523,nutrition_basis_lost_100g,Source basis 100 GRM omitted from CSV,920,Kichererbsen 500g im Pfandglas
04104420236943,brand_mapping,Exported description as brand: 'Penne 500g'; source TIDBrandName='Alnatura',921,Penne 500g
04104420236943,market_country_mapping,CSV blank; source TargetMarketCountryCode=276; lowercase targetMarketCountryCode is empty,921,Penne 500g
04104420236943,nutrition_basis_lost_100g,Source basis 100 GRM omitted from CSV,921,Penne 500g
04104420236943,less_than_qualifier_lost,"SALTEQ < 0.01 GRM, slot .6, group preparationState; CSV has no qualifier",921,Penne 500g
04104420235359,brand_mapping,Exported description as brand: 'Kräuter-Meersalz Dose 200G'; source TIDBrandName='Alnatura',922,Kräuter-Meersalz Dose 200G
04104420235359,market_country_mapping,CSV blank; source TargetMarketCountryCode=276; lowercase targetMarketCountryCode is empty,922,Kräuter-Meersalz Dose 200G
04104420235359,nutrition_basis_lost_100g,Source basis 100 GRM omitted from CSV,922,Kräuter-Meersalz Dose 200G
04104420235359,less_than_qualifier_lost,"FASAT < 0.1 GRM, slot .6, group preparationState; CSV has no qualifier",922,Kräuter-Meersalz Dose 200G
04026813010018,brand_mapping,Exported description as brand: 'Petersilie (TK) 75G'; source TIDBrandName='Bio Inside',923,Petersilie (TK) 75G
04026813010018,market_country_mapping,CSV blank; source TargetMarketCountryCode=276; lowercase targetMarketCountryCode is empty,923,Petersilie (TK) 75G
04026813010018,nutrition_basis_lost_100g,Source basis 100 GRM omitted from CSV,923,Petersilie (TK) 75G
04026813010018,less_than_qualifier_lost,"SALTEQ < 0.09 GRM, slot .6, group preparationState; CSV has no qualifier",923,Petersilie (TK) 75G
04026813010025,brand_mapping,Exported description as brand: 'Schnittlauch (TK) 75G'; source TIDBrandName='Bio Inside',924,Schnittlauch (TK) 75G
04026813010025,market_country_mapping,CSV blank; source TargetMarketCountryCode=276; lowercase targetMarketCountryCode is empty,924,Schnittlauch (TK) 75G
04026813010025,nutrition_basis_lost_100g,Source basis 100 GRM omitted from CSV,924,Schnittlauch (TK) 75G
04026813010025,less_than_qualifier_lost,"FASAT < 0.1 GRM, slot .1, group preparationState; CSV has no qualifier",924,Schnittlauch (TK) 75G
04026813010025,less_than_qualifier_lost,"SALTEQ < 0.01 GRM, slot .5, group preparationState; CSV has no qualifier",924,Schnittlauch (TK) 75G
04031829253205,brand_mapping,Exported description as brand: 'Gartenkräuter (TK) 50G'; source TIDBrandName='Ökoland',925,Gartenkräuter (TK) 50G
04031829253205,market_country_mapping,CSV blank; source TargetMarketCountryCode=276; lowercase targetMarketCountryCode is empty,925,Gartenkräuter (TK) 50G
04031829253205,nutrition_basis_lost_100g,Source basis 100 GRM omitted from CSV,925,Gartenkräuter (TK) 50G
04031829253601,brand_mapping,Exported description as brand: 'Italienische Kräuter (TK) 50G'; source TIDBrandName='Ökoland',926,Italienische Kräuter (TK) 50G
04031829253601,market_country_mapping,CSV blank; source TargetMarketCountryCode=276; lowercase targetMarketCountryCode is empty,926,Italienische Kräuter (TK) 50G
04031829253601,nutrition_basis_lost_100g,Source basis 100 GRM omitted from CSV,926,Italienische Kräuter (TK) 50G
04104420231054,brand_mapping,Exported description as brand: '*Nuss Lebkuchen 125G*'; source TIDBrandName='Alnatura',927,*Nuss Lebkuchen 125G*
04104420231054,market_country_mapping,CSV blank; source TargetMarketCountryCode=276; lowercase targetMarketCountryCode is empty,927,*Nuss Lebkuchen 125G*
04104420231054,nutrition_basis_lost_100g,Source basis 100 GRM omitted from CSV,927,*Nuss Lebkuchen 125G*
04104420239265,brand_mapping,Exported description as brand: '*Joghurt Himbeer Mandeln 90G*'; source TIDBrandName='Alnatura',928,*Joghurt Himbeer Mandeln 90G*
04104420239265,market_country_mapping,CSV blank; source TargetMarketCountryCode=276; lowercase targetMarketCountryCode is empty,928,*Joghurt Himbeer Mandeln 90G*
04104420239265,nutrition_basis_lost_100g,Source basis 100 GRM omitted from CSV,928,*Joghurt Himbeer Mandeln 90G*
04104420237773,brand_mapping,Exported description as brand: 'Gemüseaufstrich Berglinse Tom. Bals'; source TIDBrandName='Alnatura',929,Gemüseaufstrich Berglinse Tom. Bals
04104420237773,market_country_mapping,CSV blank; source TargetMarketCountryCode=276; lowercase targetMarketCountryCode is empty,929,Gemüseaufstrich Berglinse Tom. Bals
04104420237773,nutrition_basis_lost_100g,Source basis 100 GRM omitted from CSV,929,Gemüseaufstrich Berglinse Tom. Bals
04104420237001,brand_mapping,Exported description as brand: 'Spaghetti 500G'; source TIDBrandName='Alnatura',930,Spaghetti 500G
04104420237001,market_country_mapping,CSV blank; source TargetMarketCountryCode=276; lowercase targetMarketCountryCode is empty,930,Spaghetti 500G
04104420237001,nutrition_basis_lost_100g,Source basis 100 GRM omitted from CSV,930,Spaghetti 500G
04104420237001,less_than_qualifier_lost,"SALTEQ < 0.01 GRM, slot .6, group preparationState; CSV has no qualifier",930,Spaghetti 500G
04104420238893,brand_mapping,Exported description as brand: 'Streichcreme Aubergine 180G'; source TIDBrandName='Alnatura',931,Streichcreme Aubergine 180G
04104420238893,market_country_mapping,CSV blank; source TargetMarketCountryCode=276; lowercase targetMarketCountryCode is empty,931,Streichcreme Aubergine 180G
04104420238893,nutrition_basis_lost_100g,Source basis 100 GRM omitted from CSV,931,Streichcreme Aubergine 180G
04104420234857,brand_mapping,Exported description as brand: 'Tomatenstücke in der Dose 400G'; source TIDBrandName='Alnatura',932,Tomatenstücke in der Dose 400G
04104420234857,market_country_mapping,CSV blank; source TargetMarketCountryCode=276; lowercase targetMarketCountryCode is empty,932,Tomatenstücke in der Dose 400G
04104420234857,nutrition_basis_lost_100g,Source basis 100 GRM omitted from CSV,932,Tomatenstücke in der Dose 400G
04104420234857,less_than_qualifier_lost,"FAT < 0.5 GRM, slot .4, group preparationState; CSV has no qualifier",932,Tomatenstücke in der Dose 400G
04104420234857,less_than_qualifier_lost,"FASAT < 0.1 GRM, slot .5, group preparationState; CSV has no qualifier",932,Tomatenstücke in der Dose 400G
04104420238855,brand_mapping,Exported description as brand: 'Streichcreme Toskana 180G'; source TIDBrandName='Alnatura',933,Streichcreme Toskana 180G
04104420238855,market_country_mapping,CSV blank; source TargetMarketCountryCode=276; lowercase targetMarketCountryCode is empty,933,Streichcreme Toskana 180G
04104420238855,nutrition_basis_lost_100g,Source basis 100 GRM omitted from CSV,933,Streichcreme Toskana 180G
04104420238978,brand_mapping,Exported description as brand: 'Streichcreme Rote Bete Meerrettich 180G'; source TIDBrandName='Alnatura',934,Streichcreme Rote Bete Meerrettich 180G
04104420238978,market_country_mapping,CSV blank; source TargetMarketCountryCode=276; lowercase targetMarketCountryCode is empty,934,Streichcreme Rote Bete Meerrettich 180G
04104420238978,nutrition_basis_lost_100g,Source basis 100 GRM omitted from CSV,934,Streichcreme Rote Bete Meerrettich 180G
04104420238930,brand_mapping,Exported description as brand: 'Streichcreme Paprika-Chili 180G'; source TIDBrandName='Alnatura',935,Streichcreme Paprika-Chili 180G
04104420238930,market_country_mapping,CSV blank; source TargetMarketCountryCode=276; lowercase targetMarketCountryCode is empty,935,Streichcreme Paprika-Chili 180G
04104420238930,nutrition_basis_lost_100g,Source basis 100 GRM omitted from CSV,935,Streichcreme Paprika-Chili 180G
04104420239098,brand_mapping,Exported description as brand: 'Streichcreme Tomate 180g'; source TIDBrandName='Alnatura',936,Streichcreme Tomate 180g
04104420239098,market_country_mapping,CSV blank; source TargetMarketCountryCode=276; lowercase targetMarketCountryCode is empty,936,Streichcreme Tomate 180g
04104420239098,nutrition_basis_lost_100g,Source basis 100 GRM omitted from CSV,936,Streichcreme Tomate 180g
04104420239012,brand_mapping,Exported description as brand: 'Streichcreme Curry Mango Papaya 180'; source TIDBrandName='Alnatura',937,Streichcreme Curry Mango Papaya 180
04104420239012,market_country_mapping,CSV blank; source TargetMarketCountryCode=276; lowercase targetMarketCountryCode is empty,937,Streichcreme Curry Mango Papaya 180
04104420239012,nutrition_basis_lost_100g,Source basis 100 GRM omitted from CSV,937,Streichcreme Curry Mango Papaya 180
04104420230644,brand_mapping,Exported description as brand: 'Lachs Filet (TK) 160G'; source TIDBrandName='Alnatura',938,Lachs Filet (TK) 160G
04104420230644,market_country_mapping,CSV blank; source TargetMarketCountryCode=276; lowercase targetMarketCountryCode is empty,938,Lachs Filet (TK) 160G
04104420230644,nutrition_basis_lost_100g,Source basis 100 GRM omitted from CSV,938,Lachs Filet (TK) 160G
04104420230644,less_than_qualifier_lost,"FIBTG < 0.5 GRM, slot .3, group preparationState; CSV has no qualifier",938,Lachs Filet (TK) 160G
04104420230644,less_than_qualifier_lost,"CHOAVL < 0.5 GRM, slot .4, group preparationState; CSV has no qualifier",938,Lachs Filet (TK) 160G
04104420230644,less_than_qualifier_lost,"SUGAR- < 0.5 GRM, slot .5, group preparationState; CSV has no qualifier",938,Lachs Filet (TK) 160G
04104420238282,brand_mapping,Exported description as brand: 'Dinkel Knabber Stangen 80G'; source TIDBrandName='Alnatura',939,Dinkel Knabber Stangen 80G
04104420238282,market_country_mapping,CSV blank; source TargetMarketCountryCode=276; lowercase targetMarketCountryCode is empty,939,Dinkel Knabber Stangen 80G
04104420238282,nutrition_basis_lost_100g,Source basis 100 GRM omitted from CSV,939,Dinkel Knabber Stangen 80G
04104420238282,less_than_qualifier_lost,"SALTEQ < 0.01 GRM, slot .6, group preparationState; CSV has no qualifier",939,Dinkel Knabber Stangen 80G
04104420238282,less_than_qualifier_lost,"SUGAR- < 0.1 GRM, slot .12, group preparationState.1; CSV has no qualifier",939,Dinkel Knabber Stangen 80G
04104420238282,less_than_qualifier_lost,"FIBTG < 0.1 GRM, slot .13, group preparationState.1; CSV has no qualifier",939,Dinkel Knabber Stangen 80G
04104420238282,less_than_qualifier_lost,"FASAT < 0.1 GRM, slot .14, group preparationState.1; CSV has no qualifier",939,Dinkel Knabber Stangen 80G
04104420238282,less_than_qualifier_lost,"SALTEQ < 0.01 GRM, slot .15, group preparationState.1; CSV has no qualifier",939,Dinkel Knabber Stangen 80G
04104420238282,secondary_serving_size_lost,{'servingSizeValue.1': '2.2'},939,Dinkel Knabber Stangen 80G
04104420238244,brand_mapping,Exported description as brand: 'Schoko Hafer Crunchy 750G'; source TIDBrandName='Alnatura',940,Schoko Hafer Crunchy 750G
04104420238244,market_country_mapping,CSV blank; source TargetMarketCountryCode=276; lowercase targetMarketCountryCode is empty,940,Schoko Hafer Crunchy 750G
04104420238244,nutrition_basis_lost_100g,Source basis 100 GRM omitted from CSV,940,Schoko Hafer Crunchy 750G
04104420237452,brand_mapping,Exported description as brand: 'Dinkelspaghetti Linsen-Bolognese 25'; source TIDBrandName='Alnatura',941,Dinkelspaghetti Linsen-Bolognese 25
04104420237452,market_country_mapping,CSV blank; source TargetMarketCountryCode=276; lowercase targetMarketCountryCode is empty,941,Dinkelspaghetti Linsen-Bolognese 25
04104420237452,nutrition_basis_lost_100g,Source basis 100 GRM omitted from CSV,941,Dinkelspaghetti Linsen-Bolognese 25
04104420237452,secondary_serving_size_lost,{'servingSizeValue.1': '250'},941,Dinkelspaghetti Linsen-Bolognese 25
04104420236974,brand_mapping,Exported description as brand: 'Spaghetti Vollkorn 500G'; source TIDBrandName='Alnatura',942,Spaghetti Vollkorn 500G
04104420236974,market_country_mapping,CSV blank; source TargetMarketCountryCode=276; lowercase targetMarketCountryCode is empty,942,Spaghetti Vollkorn 500G
04104420236974,nutrition_basis_lost_100g,Source basis 100 GRM omitted from CSV,942,Spaghetti Vollkorn 500G
04104420236974,less_than_qualifier_lost,"SALTEQ < 0.01 GRM, slot .6, group preparationState; CSV has no qualifier",942,Spaghetti Vollkorn 500G
04104420239685,brand_mapping,Exported description as brand: '*Zartbitter Hase 60G*'; source TIDBrandName='Alnatura',943,*Zartbitter Hase 60G*
04104420239685,market_country_mapping,CSV blank; source TargetMarketCountryCode=276; lowercase targetMarketCountryCode is empty,943,*Zartbitter Hase 60G*
04104420239685,nutrition_basis_lost_100g,Source basis 100 GRM omitted from CSV,943,*Zartbitter Hase 60G*
04104420239685,less_than_qualifier_lost,"SALTEQ < 0.01 GRM, slot .6, group preparationState; CSV has no qualifier",943,*Zartbitter Hase 60G*
04104420238589,brand_mapping,Exported description as brand: 'Hafer Riegel Mango 60G'; source TIDBrandName='Alnatura',944,Hafer Riegel Mango 60G
04104420238589,market_country_mapping,CSV blank; source TargetMarketCountryCode=276; lowercase targetMarketCountryCode is empty,944,Hafer Riegel Mango 60G
04104420238589,nutrition_basis_lost_100g,Source basis 100 GRM omitted from CSV,944,Hafer Riegel Mango 60G
04104420238725,brand_mapping,Exported description as brand: 'Datteln entsteint 400G'; source TIDBrandName='Alnatura',945,Datteln entsteint 400G
04104420238725,market_country_mapping,CSV blank; source TargetMarketCountryCode=276; lowercase targetMarketCountryCode is empty,945,Datteln entsteint 400G
04104420238725,nutrition_basis_lost_100g,Source basis 100 GRM omitted from CSV,945,Datteln entsteint 400G
04104420238725,less_than_qualifier_lost,"FAT < 0.5 GRM, slot .4, group preparationState; CSV has no qualifier",945,Datteln entsteint 400G
04104420238725,less_than_qualifier_lost,"FAPUCIS < 0.1 GRM, slot .6, group preparationState; CSV has no qualifier",945,Datteln entsteint 400G
04104420238725,less_than_qualifier_lost,"FASAT < 0.1 GRM, slot .7, group preparationState; CSV has no qualifier",945,Datteln entsteint 400G
00000040045115,brand_mapping,Exported description as brand: 'Rote Bratwurst aus Seitan (haltbar)'; source TIDBrandName='Alnatura',946,Rote Bratwurst aus Seitan (haltbar)
00000040045115,market_country_mapping,CSV blank; source TargetMarketCountryCode=276; lowercase targetMarketCountryCode is empty,946,Rote Bratwurst aus Seitan (haltbar)
00000040045115,nutrition_basis_lost_100g,Source basis 100 GRM omitted from CSV,946,Rote Bratwurst aus Seitan (haltbar)
04104420237292,brand_mapping,Exported description as brand: 'Haselnuss Drink Natur 1L'; source TIDBrandName='Alnatura',947,Haselnuss Drink Natur 1L
04104420237292,market_country_mapping,CSV blank; source TargetMarketCountryCode=276; lowercase targetMarketCountryCode is empty,947,Haselnuss Drink Natur 1L
04104420237292,less_than_qualifier_lost,"CHOAVL < 0.5 GRM, slot .2, group preparationState; CSV has no qualifier",947,Haselnuss Drink Natur 1L
04104420237292,less_than_qualifier_lost,"SUGAR- < 0.5 GRM, slot .3, group preparationState; CSV has no qualifier",947,Haselnuss Drink Natur 1L
04104420237292,less_than_qualifier_lost,"FIBTG < 0.5 GRM, slot .4, group preparationState; CSV has no qualifier",947,Haselnuss Drink Natur 1L
04104420236196,brand_mapping,Exported description as brand: 'Hafer Drink Vanille 1L'; source TIDBrandName='Alnatura',948,Hafer Drink Vanille 1L
04104420236196,market_country_mapping,CSV blank; source TargetMarketCountryCode=276; lowercase targetMarketCountryCode is empty,948,Hafer Drink Vanille 1L
04104420236196,less_than_qualifier_lost,"FIBTG < 0.5 GRM, slot .4, group preparationState; CSV has no qualifier",948,Hafer Drink Vanille 1L
04104420236196,less_than_qualifier_lost,"FASAT < 0.5 GRM, slot .5, group preparationState; CSV has no qualifier",948,Hafer Drink Vanille 1L
04104420239302,brand_mapping,Exported description as brand: 'Barista Erbse 1L'; source TIDBrandName='Alnatura',949,Barista Erbse 1L
04104420239302,market_country_mapping,CSV blank; source TargetMarketCountryCode=276; lowercase targetMarketCountryCode is empty,949,Barista Erbse 1L
04104420240377,brand_mapping,Exported description as brand: 'Gemüsepfanne Asia (TK) 450g'; source TIDBrandName='Alnatura',950,Gemüsepfanne Asia (TK) 450g
04104420240377,market_country_mapping,CSV blank; source TargetMarketCountryCode=276; lowercase targetMarketCountryCode is empty,950,Gemüsepfanne Asia (TK) 450g
04104420240377,nutrition_basis_lost_100g,Source basis 100 GRM omitted from CSV,950,Gemüsepfanne Asia (TK) 450g
04104420240377,less_than_qualifier_lost,"FASAT < 0.1 GRM, slot .6, group preparationState; CSV has no qualifier",950,Gemüsepfanne Asia (TK) 450g
04104420240780,brand_mapping,Exported description as brand: 'Apfelmark Johannis- & Himbeere 360G'; source TIDBrandName='Alnatura',951,Apfelmark Johannis- & Himbeere 360G
04104420240780,market_country_mapping,CSV blank; source TargetMarketCountryCode=276; lowercase targetMarketCountryCode is empty,951,Apfelmark Johannis- & Himbeere 360G
04104420240780,nutrition_basis_lost_100g,Source basis 100 GRM omitted from CSV,951,Apfelmark Johannis- & Himbeere 360G
04104420240780,less_than_qualifier_lost,"PRO- < 0.5 GRM, slot .3, group preparationState; CSV has no qualifier",951,Apfelmark Johannis- & Himbeere 360G
04104420240780,less_than_qualifier_lost,"FAT < 0.5 GRM, slot .4, group preparationState; CSV has no qualifier",951,Apfelmark Johannis- & Himbeere 360G
04104420240780,less_than_qualifier_lost,"FASAT < 0.1 GRM, slot .5, group preparationState; CSV has no qualifier",951,Apfelmark Johannis- & Himbeere 360G
04104420240780,less_than_qualifier_lost,"SALTEQ < 0.01 GRM, slot .6, group preparationState; CSV has no qualifier",951,Apfelmark Johannis- & Himbeere 360G
04104420235922,brand_mapping,"Exported description as brand: 'Sonnenblumenöl nativ 0,5L'; source TIDBrandName='Alnatura'",952,"Sonnenblumenöl nativ 0,5L"
04104420235922,market_country_mapping,CSV blank; source TargetMarketCountryCode=276; lowercase targetMarketCountryCode is empty,952,"Sonnenblumenöl nativ 0,5L"
04104420235922,less_than_qualifier_lost,"CHOAVL < 0.5 GRM, slot .2, group preparationState; CSV has no qualifier",952,"Sonnenblumenöl nativ 0,5L"
04104420235922,less_than_qualifier_lost,"SUGAR- < 0.5 GRM, slot .3, group preparationState; CSV has no qualifier",952,"Sonnenblumenöl nativ 0,5L"
04104420235922,less_than_qualifier_lost,"FIBTG < 0.5 GRM, slot .4, group preparationState; CSV has no qualifier",952,"Sonnenblumenöl nativ 0,5L"
04104420235922,less_than_qualifier_lost,"PRO- < 0.5 GRM, slot .5, group preparationState; CSV has no qualifier",952,"Sonnenblumenöl nativ 0,5L"
04104420235922,less_than_qualifier_lost,"SALTEQ < 0.01 GRM, slot .6, group preparationState; CSV has no qualifier",952,"Sonnenblumenöl nativ 0,5L"
04104420239425,brand_mapping,Exported description as brand: 'Mais Röllchen milde Salsa 125G'; source TIDBrandName='Alnatura',953,Mais Röllchen milde Salsa 125G
04104420239425,market_country_mapping,CSV blank; source TargetMarketCountryCode=276; lowercase targetMarketCountryCode is empty,953,Mais Röllchen milde Salsa 125G
04104420239425,nutrition_basis_lost_100g,Source basis 100 GRM omitted from CSV,953,Mais Röllchen milde Salsa 125G
04104420235960,brand_mapping,"Exported description as brand: 'Rapsöl nativ 0,5L'; source TIDBrandName='Alnatura'",954,"Rapsöl nativ 0,5L"
04104420235960,market_country_mapping,CSV blank; source TargetMarketCountryCode=276; lowercase targetMarketCountryCode is empty,954,"Rapsöl nativ 0,5L"
04104420235960,less_than_qualifier_lost,"FIBTG < 0.5 GRM, slot .4, group preparationState; CSV has no qualifier",954,"Rapsöl nativ 0,5L"
04104420235960,less_than_qualifier_lost,"PRO- < 0.5 GRM, slot .5, group preparationState; CSV has no qualifier",954,"Rapsöl nativ 0,5L"
04104420235960,less_than_qualifier_lost,"CHOAVL < 0.5 GRM, slot .6, group preparationState; CSV has no qualifier",954,"Rapsöl nativ 0,5L"
04104420235960,less_than_qualifier_lost,"SUGAR- < 0.5 GRM, slot .7, group preparationState; CSV has no qualifier",954,"Rapsöl nativ 0,5L"
04104420235960,less_than_qualifier_lost,"SALTEQ < 0.01 GRM, slot .8, group preparationState; CSV has no qualifier",954,"Rapsöl nativ 0,5L"
04104420237216,brand_mapping,Exported description as brand: 'BBQ Burger 180G'; source TIDBrandName='Alnatura',955,BBQ Burger 180G
04104420237216,market_country_mapping,CSV blank; source TargetMarketCountryCode=276; lowercase targetMarketCountryCode is empty,955,BBQ Burger 180G
04104420237216,nutrition_basis_lost_100g,Source basis 100 GRM omitted from CSV,955,BBQ Burger 180G
04104420238664,brand_mapping,Exported description as brand: 'Schlagsahne 200G'; source TIDBrandName='Alnatura',956,Schlagsahne 200G
04104420238664,market_country_mapping,CSV blank; source TargetMarketCountryCode=276; lowercase targetMarketCountryCode is empty,956,Schlagsahne 200G
04104420238664,nutrition_basis_lost_100g,Source basis 100 GRM omitted from CSV,956,Schlagsahne 200G
04104420238664,less_than_qualifier_lost,"FIBTG < 0.5 GRM, slot .5, group preparationState; CSV has no qualifier",956,Schlagsahne 200G
04104420238695,brand_mapping,Exported description as brand: 'Weidemilch Schmand 200G'; source TIDBrandName='Alnatura',957,Weidemilch Schmand 200G
04104420238695,market_country_mapping,CSV blank; source TargetMarketCountryCode=276; lowercase targetMarketCountryCode is empty,957,Weidemilch Schmand 200G
04104420238695,nutrition_basis_lost_100g,Source basis 100 GRM omitted from CSV,957,Weidemilch Schmand 200G
04104420238695,less_than_qualifier_lost,"FIBTG < 0.5 GRM, slot .5, group preparationState; CSV has no qualifier",957,Weidemilch Schmand 200G
04104420241527,brand_mapping,Exported description as brand: 'Weizenmehl Type 1050 1.000G'; source TIDBrandName='Alnatura',958,Weizenmehl Type 1050 1.000G
04104420241527,market_country_mapping,CSV blank; source TargetMarketCountryCode=276; lowercase targetMarketCountryCode is empty,958,Weizenmehl Type 1050 1.000G
04104420241527,nutrition_basis_lost_100g,Source basis 100 GRM omitted from CSV,958,Weizenmehl Type 1050 1.000G
04104420241527,less_than_qualifier_lost,"SALTEQ < 0.01 GRM, slot .6, group preparationState; CSV has no qualifier",958,Weizenmehl Type 1050 1.000G
04104420241497,brand_mapping,Exported description as brand: 'Weizenmehl Type 405 1.000G'; source TIDBrandName='Alnatura',959,Weizenmehl Type 405 1.000G
04104420241497,market_country_mapping,CSV blank; source TargetMarketCountryCode=276; lowercase targetMarketCountryCode is empty,959,Weizenmehl Type 405 1.000G
04104420241497,nutrition_basis_lost_100g,Source basis 100 GRM omitted from CSV,959,Weizenmehl Type 405 1.000G
00000040045092,brand_mapping,Exported description as brand: 'Dattel-Brownie Riegel 34G'; source TIDBrandName='Alnatura',960,Dattel-Brownie Riegel 34G
00000040045092,market_country_mapping,CSV blank; source TargetMarketCountryCode=276; lowercase targetMarketCountryCode is empty,960,Dattel-Brownie Riegel 34G
00000040045092,nutrition_basis_lost_100g,Source basis 100 GRM omitted from CSV,960,Dattel-Brownie Riegel 34G
04104420239647,brand_mapping,Exported description as brand: 'Nuss Dattel Fruchtschnitte 75G'; source TIDBrandName='Alnatura',961,Nuss Dattel Fruchtschnitte 75G
04104420239647,market_country_mapping,CSV blank; source TargetMarketCountryCode=276; lowercase targetMarketCountryCode is empty,961,Nuss Dattel Fruchtschnitte 75G
04104420239647,nutrition_basis_lost_100g,Source basis 100 GRM omitted from CSV,961,Nuss Dattel Fruchtschnitte 75G
04104420237971,brand_mapping,Exported description as brand: 'Kichererbsenwaffeln 100G'; source TIDBrandName='Alnatura',962,Kichererbsenwaffeln 100G
04104420237971,market_country_mapping,CSV blank; source TargetMarketCountryCode=276; lowercase targetMarketCountryCode is empty,962,Kichererbsenwaffeln 100G
04104420237971,nutrition_basis_lost_100g,Source basis 100 GRM omitted from CSV,962,Kichererbsenwaffeln 100G
04104420238053,brand_mapping,Exported description as brand: 'Nuss & Frucht Kugeln 60G'; source TIDBrandName='Alnatura',963,Nuss & Frucht Kugeln 60G
04104420238053,market_country_mapping,CSV blank; source TargetMarketCountryCode=276; lowercase targetMarketCountryCode is empty,963,Nuss & Frucht Kugeln 60G
04104420238053,nutrition_basis_lost_100g,Source basis 100 GRM omitted from CSV,963,Nuss & Frucht Kugeln 60G
04104420236783,brand_mapping,Exported description as brand: 'Bowl nach mexikanischer Art 250G'; source TIDBrandName='Alnatura',964,Bowl nach mexikanischer Art 250G
04104420236783,market_country_mapping,CSV blank; source TargetMarketCountryCode=276; lowercase targetMarketCountryCode is empty,964,Bowl nach mexikanischer Art 250G
04104420236783,nutrition_basis_lost_100g,Source basis 100 GRM omitted from CSV,964,Bowl nach mexikanischer Art 250G
04104420236745,brand_mapping,Exported description as brand: 'Bowl nach indischer Art 250g'; source TIDBrandName='Alnatura',965,Bowl nach indischer Art 250g
04104420236745,market_country_mapping,CSV blank; source TargetMarketCountryCode=276; lowercase targetMarketCountryCode is empty,965,Bowl nach indischer Art 250g
04104420236745,nutrition_basis_lost_100g,Source basis 100 GRM omitted from CSV,965,Bowl nach indischer Art 250g
04104420239340,brand_mapping,Exported description as brand: 'Mais Chips natur 125G'; source TIDBrandName='Alnatura',966,Mais Chips natur 125G
04104420239340,market_country_mapping,CSV blank; source TargetMarketCountryCode=276; lowercase targetMarketCountryCode is empty,966,Mais Chips natur 125G
04104420239340,nutrition_basis_lost_100g,Source basis 100 GRM omitted from CSV,966,Mais Chips natur 125G
04104420239388,brand_mapping,Exported description as brand: 'Mais Chips Paprika 125G'; source TIDBrandName='Alnatura',967,Mais Chips Paprika 125G
04104420239388,market_country_mapping,CSV blank; source TargetMarketCountryCode=276; lowercase targetMarketCountryCode is empty,967,Mais Chips Paprika 125G
04104420239388,nutrition_basis_lost_100g,Source basis 100 GRM omitted from CSV,967,Mais Chips Paprika 125G
04104420240346,brand_mapping,"Exported description as brand: 'Weide Joghurt Nat. 1,5% 500G Voll'; source TIDBrandName='Alnatura'",968,"Weide Joghurt Nat. 1,5% 500G Voll"
04104420240346,market_country_mapping,CSV blank; source TargetMarketCountryCode=276; lowercase targetMarketCountryCode is empty,968,"Weide Joghurt Nat. 1,5% 500G Voll"
04104420240346,nutrition_basis_lost_100g,Source basis 100 GRM omitted from CSV,968,"Weide Joghurt Nat. 1,5% 500G Voll"
04104420240346,less_than_qualifier_lost,"FIBTG < 0.5 GRM, slot .5, group preparationState; CSV has no qualifier",968,"Weide Joghurt Nat. 1,5% 500G Voll"
04104420240315,brand_mapping,"Exported description as brand: 'Weide Joghurt Nat. 3,7% 500G Voll'; source TIDBrandName='Alnatura'",969,"Weide Joghurt Nat. 3,7% 500G Voll"
04104420240315,market_country_mapping,CSV blank; source TargetMarketCountryCode=276; lowercase targetMarketCountryCode is empty,969,"Weide Joghurt Nat. 3,7% 500G Voll"
04104420240315,nutrition_basis_lost_100g,Source basis 100 GRM omitted from CSV,969,"Weide Joghurt Nat. 3,7% 500G Voll"
04104420240315,less_than_qualifier_lost,"FIBTG < 0.5 GRM, slot .5, group preparationState; CSV has no qualifier",969,"Weide Joghurt Nat. 3,7% 500G Voll"
04104420239463,brand_mapping,Exported description as brand: 'Speisequarkzubereitung Magerstufe 5'; source TIDBrandName='Alnatura',970,Speisequarkzubereitung Magerstufe 5
04104420239463,market_country_mapping,CSV blank; source TargetMarketCountryCode=276; lowercase targetMarketCountryCode is empty,970,Speisequarkzubereitung Magerstufe 5
04104420239463,nutrition_basis_lost_100g,Source basis 100 GRM omitted from CSV,970,Speisequarkzubereitung Magerstufe 5
04104420239463,less_than_qualifier_lost,"FAT < 0.5 GRM, slot .3, group preparationState; CSV has no qualifier",970,Speisequarkzubereitung Magerstufe 5
04104420239463,less_than_qualifier_lost,"FIBTG < 0.5 GRM, slot .4, group preparationState; CSV has no qualifier",970,Speisequarkzubereitung Magerstufe 5
04104420241336,brand_mapping,Exported description as brand: 'Baby Dinkel Zwieback 200G'; source TIDBrandName='Alnatura',971,Baby Dinkel Zwieback 200G
04104420241336,market_country_mapping,CSV blank; source TargetMarketCountryCode=276; lowercase targetMarketCountryCode is empty,971,Baby Dinkel Zwieback 200G
04104420241336,nutrition_basis_lost_100g,Source basis 100 GRM omitted from CSV,971,Baby Dinkel Zwieback 200G
04104420241336,less_than_qualifier_lost,"SALTEQ < 0.01 GRM, slot .6, group preparationState; CSV has no qualifier",971,Baby Dinkel Zwieback 200G
04104420241336,less_than_qualifier_lost,"SALTEQ < 0.01 GRM, slot .15, group preparationState.1; CSV has no qualifier",971,Baby Dinkel Zwieback 200G
04104420241336,secondary_serving_size_lost,{'servingSizeValue.1': '10'},971,Baby Dinkel Zwieback 200G
04104420241596,brand_mapping,Exported description as brand: 'Dinkel Couscous 400G'; source TIDBrandName='Alnatura',972,Dinkel Couscous 400G
04104420241596,market_country_mapping,CSV blank; source TargetMarketCountryCode=276; lowercase targetMarketCountryCode is empty,972,Dinkel Couscous 400G
04104420241596,nutrition_basis_lost_100g,Source basis 100 GRM omitted from CSV,972,Dinkel Couscous 400G
04104420241596,less_than_qualifier_lost,"SALTEQ < 0.01 GRM, slot .6, group preparationState; CSV has no qualifier",972,Dinkel Couscous 400G
04104420241305,brand_mapping,Exported description as brand: 'Quinoa bunt 500g'; source TIDBrandName='Alnatura',973,Quinoa bunt 500g
04104420241305,market_country_mapping,CSV blank; source TargetMarketCountryCode=276; lowercase targetMarketCountryCode is empty,973,Quinoa bunt 500g
04104420241305,nutrition_basis_lost_100g,Source basis 100 GRM omitted from CSV,973,Quinoa bunt 500g
04104420237414,brand_mapping,Exported description as brand: 'Kokosöl neutral im Geschmack 400ML'; source TIDBrandName='Alnatura',974,Kokosöl neutral im Geschmack 400ML
04104420237414,market_country_mapping,CSV blank; source TargetMarketCountryCode=276; lowercase targetMarketCountryCode is empty,974,Kokosöl neutral im Geschmack 400ML
04104420237414,less_than_qualifier_lost,"CHOAVL < 0.5 GRM, slot .2, group preparationState; CSV has no qualifier",974,Kokosöl neutral im Geschmack 400ML
04104420237414,less_than_qualifier_lost,"SUGAR- < 0.5 GRM, slot .3, group preparationState; CSV has no qualifier",974,Kokosöl neutral im Geschmack 400ML
04104420237414,less_than_qualifier_lost,"FIBTG < 0.5 GRM, slot .4, group preparationState; CSV has no qualifier",974,Kokosöl neutral im Geschmack 400ML
04104420237414,less_than_qualifier_lost,"PRO- < 0.5 GRM, slot .5, group preparationState; CSV has no qualifier",974,Kokosöl neutral im Geschmack 400ML
04104420237414,less_than_qualifier_lost,"SALTEQ < 0.01 GRM, slot .6, group preparationState; CSV has no qualifier",974,Kokosöl neutral im Geschmack 400ML
04104420237339,brand_mapping,Exported description as brand: 'Kokosöl nativ 400ML'; source TIDBrandName='Alnatura',975,Kokosöl nativ 400ML
04104420237339,market_country_mapping,CSV blank; source TargetMarketCountryCode=276; lowercase targetMarketCountryCode is empty,975,Kokosöl nativ 400ML
04104420237339,less_than_qualifier_lost,"CHOAVL < 0.5 GRM, slot .2, group preparationState; CSV has no qualifier",975,Kokosöl nativ 400ML
04104420237339,less_than_qualifier_lost,"SUGAR- < 0.5 GRM, slot .3, group preparationState; CSV has no qualifier",975,Kokosöl nativ 400ML
04104420237339,less_than_qualifier_lost,"FIBTG < 0.5 GRM, slot .4, group preparationState; CSV has no qualifier",975,Kokosöl nativ 400ML
04104420237339,less_than_qualifier_lost,"PRO- < 0.5 GRM, slot .5, group preparationState; CSV has no qualifier",975,Kokosöl nativ 400ML
04104420237339,less_than_qualifier_lost,"SALTEQ < 0.01 GRM, slot .6, group preparationState; CSV has no qualifier",975,Kokosöl nativ 400ML
04104420241244,brand_mapping,Exported description as brand: 'Bulgur 500G'; source TIDBrandName='Alnatura',976,Bulgur 500G
04104420241244,market_country_mapping,CSV blank; source TargetMarketCountryCode=276; lowercase targetMarketCountryCode is empty,976,Bulgur 500G
04104420241244,nutrition_basis_lost_100g,Source basis 100 GRM omitted from CSV,976,Bulgur 500G
04104420239791,brand_mapping,Exported description as brand: 'Schoko Dessert vegan 125G'; source TIDBrandName='Alnatura',977,Schoko Dessert vegan 125G
04104420239791,market_country_mapping,CSV blank; source TargetMarketCountryCode=276; lowercase targetMarketCountryCode is empty,977,Schoko Dessert vegan 125G
04104420239791,nutrition_basis_lost_100g,Source basis 100 GRM omitted from CSV,977,Schoko Dessert vegan 125G
04104420239791,less_than_qualifier_lost,"SALTEQ < 0.01 GRM, slot .6, group preparationState; CSV has no qualifier",977,Schoko Dessert vegan 125G
04104420239760,brand_mapping,Exported description as brand: 'Vanille Dessert vegan 125G'; source TIDBrandName='Alnatura',978,Vanille Dessert vegan 125G
04104420239760,market_country_mapping,CSV blank; source TargetMarketCountryCode=276; lowercase targetMarketCountryCode is empty,978,Vanille Dessert vegan 125G
04104420239760,nutrition_basis_lost_100g,Source basis 100 GRM omitted from CSV,978,Vanille Dessert vegan 125G
04104420239760,less_than_qualifier_lost,"SALTEQ < 0.01 GRM, slot .6, group preparationState; CSV has no qualifier",978,Vanille Dessert vegan 125G
04104420240742,brand_mapping,Exported description as brand: 'Dinkel Eierwaffeln 165G'; source TIDBrandName='Alnatura',979,Dinkel Eierwaffeln 165G
04104420240742,market_country_mapping,CSV blank; source TargetMarketCountryCode=276; lowercase targetMarketCountryCode is empty,979,Dinkel Eierwaffeln 165G
04104420240742,nutrition_basis_lost_100g,Source basis 100 GRM omitted from CSV,979,Dinkel Eierwaffeln 165G
00000040045160,brand_mapping,Exported description as brand: 'Früchteriegel Fruchtallerlei 23G'; source TIDBrandName='Alnatura',980,Früchteriegel Fruchtallerlei 23G
00000040045160,market_country_mapping,CSV blank; source TargetMarketCountryCode=276; lowercase targetMarketCountryCode is empty,980,Früchteriegel Fruchtallerlei 23G
00000040045160,nutrition_basis_lost_100g,Source basis 100 GRM omitted from CSV,980,Früchteriegel Fruchtallerlei 23G
00000040045160,less_than_qualifier_lost,"SALTEQ < 0.01 GRM, slot .15, group preparationState.1; CSV has no qualifier",980,Früchteriegel Fruchtallerlei 23G
00000040045160,secondary_serving_size_lost,{'servingSizeValue.1': '23'},980,Früchteriegel Fruchtallerlei 23G
04104420242043,brand_mapping,Exported description as brand: 'Tomatensauce Ricotta 350ML'; source TIDBrandName='Alnatura',981,Tomatensauce Ricotta 350ML
04104420242043,market_country_mapping,CSV blank; source TargetMarketCountryCode=276; lowercase targetMarketCountryCode is empty,981,Tomatensauce Ricotta 350ML
04104420237735,brand_mapping,Exported description as brand: 'Streichcreme mit Senf 180g'; source TIDBrandName='Alnatura',982,Streichcreme mit Senf 180g
04104420237735,market_country_mapping,CSV blank; source TargetMarketCountryCode=276; lowercase targetMarketCountryCode is empty,982,Streichcreme mit Senf 180g
04104420237735,nutrition_basis_lost_100g,Source basis 100 GRM omitted from CSV,982,Streichcreme mit Senf 180g
00000040045122,brand_mapping,Exported description as brand: 'Passata 690G'; source TIDBrandName='Alnatura',983,Passata 690G
00000040045122,market_country_mapping,CSV blank; source TargetMarketCountryCode=276; lowercase targetMarketCountryCode is empty,983,Passata 690G
00000040045122,less_than_qualifier_lost,"FAT < 0.5 GRM, slot .4, group preparationState; CSV has no qualifier",983,Passata 690G
00000040045122,less_than_qualifier_lost,"FASAT < 0.1 GRM, slot .6, group preparationState; CSV has no qualifier",983,Passata 690G
04104420236875,brand_mapping,Exported description as brand: 'Erdbeere-Himb.-Apfel 190G'; source TIDBrandName='Alnatura',984,Erdbeere-Himb.-Apfel 190G
04104420236875,market_country_mapping,CSV blank; source TargetMarketCountryCode=276; lowercase targetMarketCountryCode is empty,984,Erdbeere-Himb.-Apfel 190G
04104420236875,nutrition_basis_lost_100g,Source basis 100 GRM omitted from CSV,984,Erdbeere-Himb.-Apfel 190G
04104420236875,less_than_qualifier_lost,"SALTEQ < 0.01 GRM, slot .6, group preparationState; CSV has no qualifier",984,Erdbeere-Himb.-Apfel 190G
00000040045146,brand_mapping,Exported description as brand: 'Früchteriegel Mango-Apfel 23G'; source TIDBrandName='Alnatura',985,Früchteriegel Mango-Apfel 23G
00000040045146,market_country_mapping,CSV blank; source TargetMarketCountryCode=276; lowercase targetMarketCountryCode is empty,985,Früchteriegel Mango-Apfel 23G
00000040045146,nutrition_basis_lost_100g,Source basis 100 GRM omitted from CSV,985,Früchteriegel Mango-Apfel 23G
00000040045146,less_than_qualifier_lost,"SALTEQ < 0.01 GRM, slot .15, group preparationState.1; CSV has no qualifier",985,Früchteriegel Mango-Apfel 23G
00000040045146,secondary_serving_size_lost,{'servingSizeValue.1': '23'},985,Früchteriegel Mango-Apfel 23G
00000040045153,brand_mapping,Exported description as brand: 'Früchteriegel Traube-Himbeere 23G'; source TIDBrandName='Alnatura',986,Früchteriegel Traube-Himbeere 23G
00000040045153,market_country_mapping,CSV blank; source TargetMarketCountryCode=276; lowercase targetMarketCountryCode is empty,986,Früchteriegel Traube-Himbeere 23G
00000040045153,nutrition_basis_lost_100g,Source basis 100 GRM omitted from CSV,986,Früchteriegel Traube-Himbeere 23G
00000040045153,less_than_qualifier_lost,"SALTEQ < 0.01 GRM, slot .15, group preparationState.1; CSV has no qualifier",986,Früchteriegel Traube-Himbeere 23G
00000040045153,secondary_serving_size_lost,{'servingSizeValue.1': '23'},986,Früchteriegel Traube-Himbeere 23G
04104420240940,brand_mapping,Exported description as brand: 'Kokos Cuisine 200ml'; source TIDBrandName='Alnatura',987,Kokos Cuisine 200ml
04104420240940,market_country_mapping,CSV blank; source TargetMarketCountryCode=276; lowercase targetMarketCountryCode is empty,987,Kokos Cuisine 200ml
04104420240940,less_than_qualifier_lost,"FIBTG < 0.5 GRM, slot .5, group preparationState; CSV has no qualifier",987,Kokos Cuisine 200ml
00000040045184,brand_mapping,Exported description as brand: 'Früchteriegel Birne-Blaubeere 23G'; source TIDBrandName='Alnatura',988,Früchteriegel Birne-Blaubeere 23G
00000040045184,market_country_mapping,CSV blank; source TargetMarketCountryCode=276; lowercase targetMarketCountryCode is empty,988,Früchteriegel Birne-Blaubeere 23G
00000040045184,nutrition_basis_lost_100g,Source basis 100 GRM omitted from CSV,988,Früchteriegel Birne-Blaubeere 23G
00000040045184,less_than_qualifier_lost,"SALTEQ < 0.01 GRM, slot .15, group preparationState.1; CSV has no qualifier",988,Früchteriegel Birne-Blaubeere 23G
00000040045184,secondary_serving_size_lost,{'servingSizeValue.1': '23'},988,Früchteriegel Birne-Blaubeere 23G
00000040045177,brand_mapping,Exported description as brand: 'Früchteriegel Banane-Apfel 23G'; source TIDBrandName='Alnatura',989,Früchteriegel Banane-Apfel 23G
00000040045177,market_country_mapping,CSV blank; source TargetMarketCountryCode=276; lowercase targetMarketCountryCode is empty,989,Früchteriegel Banane-Apfel 23G
00000040045177,nutrition_basis_lost_100g,Source basis 100 GRM omitted from CSV,989,Früchteriegel Banane-Apfel 23G
00000040045177,less_than_qualifier_lost,"SALTEQ < 0.01 GRM, slot .15, group preparationState.1; CSV has no qualifier",989,Früchteriegel Banane-Apfel 23G
00000040045177,secondary_serving_size_lost,{'servingSizeValue.1': '23'},989,Früchteriegel Banane-Apfel 23G
04104420240841,brand_mapping,Exported description as brand: 'Dinkel Käse Sticks 80G'; source TIDBrandName='Alnatura',990,Dinkel Käse Sticks 80G
04104420240841,market_country_mapping,CSV blank; source TargetMarketCountryCode=276; lowercase targetMarketCountryCode is empty,990,Dinkel Käse Sticks 80G
04104420240841,nutrition_basis_lost_100g,Source basis 100 GRM omitted from CSV,990,Dinkel Käse Sticks 80G
04104420240841,less_than_qualifier_lost,"FIBTG < 0.5 GRM, slot .10, group preparationState.1; CSV has no qualifier",990,Dinkel Käse Sticks 80G
04104420240841,less_than_qualifier_lost,"SUGAR- < 0.5 GRM, slot .12, group preparationState.1; CSV has no qualifier",990,Dinkel Käse Sticks 80G
04104420240841,secondary_serving_size_lost,{'servingSizeValue.1': '2.4'},990,Dinkel Käse Sticks 80G
04104420241213,brand_mapping,Exported description as brand: 'Classic & Mandel Eis (TK) 440ML'; source TIDBrandName='Alnatura',991,Classic & Mandel Eis (TK) 440ML
04104420241213,market_country_mapping,CSV blank; source TargetMarketCountryCode=276; lowercase targetMarketCountryCode is empty,991,Classic & Mandel Eis (TK) 440ML
04104420241213,nutrition_basis_lost_100g,Source basis 100 GRM omitted from CSV,991,Classic & Mandel Eis (TK) 440ML
04104420241176,brand_mapping,Exported description as brand: 'Hafer Cuisine 200ml'; source TIDBrandName='Alnatura',992,Hafer Cuisine 200ml
04104420241176,market_country_mapping,CSV blank; source TargetMarketCountryCode=276; lowercase targetMarketCountryCode is empty,992,Hafer Cuisine 200ml
04104420241176,less_than_qualifier_lost,"PRO- < 0.7 GRM, slot .4, group preparationState; CSV has no qualifier",992,Hafer Cuisine 200ml
04104420241176,less_than_qualifier_lost,"FIBTG < 0.6 GRM, slot .5, group preparationState; CSV has no qualifier",992,Hafer Cuisine 200ml
00000040045139,brand_mapping,Exported description as brand: 'Hafer & Saaten Brot 300G'; source TIDBrandName='Alnatura',993,Hafer & Saaten Brot 300G
00000040045139,market_country_mapping,CSV blank; source TargetMarketCountryCode=276; lowercase targetMarketCountryCode is empty,993,Hafer & Saaten Brot 300G
00000040045139,nutrition_basis_lost_100g,Source basis 100 GRM omitted from CSV,993,Hafer & Saaten Brot 300G
04104420240124,brand_mapping,Exported description as brand: 'Volanti 500g'; source TIDBrandName='Alnatura',994,Volanti 500g
04104420240124,market_country_mapping,CSV blank; source TargetMarketCountryCode=276; lowercase targetMarketCountryCode is empty,994,Volanti 500g
04104420240124,nutrition_basis_lost_100g,Source basis 100 GRM omitted from CSV,994,Volanti 500g
04104420240124,less_than_qualifier_lost,"SALTEQ < 0.01 GRM, slot .6, group preparationState; CSV has no qualifier",994,Volanti 500g
04104420240407,brand_mapping,Exported description as brand: 'Fusilli 500G'; source TIDBrandName='Alnatura',995,Fusilli 500G
04104420240407,market_country_mapping,CSV blank; source TargetMarketCountryCode=276; lowercase targetMarketCountryCode is empty,995,Fusilli 500G
04104420240407,nutrition_basis_lost_100g,Source basis 100 GRM omitted from CSV,995,Fusilli 500G
04104420240407,less_than_qualifier_lost,"SALTEQ < 0.01 GRM, slot .6, group preparationState; CSV has no qualifier",995,Fusilli 500G
04104420241374,brand_mapping,Exported description as brand: '*Bunte Winternudeln 250G*'; source TIDBrandName='Alnatura',996,*Bunte Winternudeln 250G*
04104420241374,market_country_mapping,CSV blank; source TargetMarketCountryCode=276; lowercase targetMarketCountryCode is empty,996,*Bunte Winternudeln 250G*
04104420241374,nutrition_basis_lost_100g,Source basis 100 GRM omitted from CSV,996,*Bunte Winternudeln 250G*
04104420241374,less_than_qualifier_lost,"SALTEQ < 0.01 GRM, slot .6, group preparationState; CSV has no qualifier",996,*Bunte Winternudeln 250G*
04104420241275,brand_mapping,Exported description as brand: 'Couscous 500G'; source TIDBrandName='Alnatura',997,Couscous 500G
04104420241275,market_country_mapping,CSV blank; source TargetMarketCountryCode=276; lowercase targetMarketCountryCode is empty,997,Couscous 500G
04104420241275,nutrition_basis_lost_100g,Source basis 100 GRM omitted from CSV,997,Couscous 500G
04104420241275,less_than_qualifier_lost,"SALTEQ < 0.01 GRM, slot .6, group preparationState; CSV has no qualifier",997,Couscous 500G
04104420241886,brand_mapping,Exported description as brand: 'Leinsamen geschrotet 400G'; source TIDBrandName='Alnatura',998,Leinsamen geschrotet 400G
04104420241886,market_country_mapping,CSV blank; source TargetMarketCountryCode=276; lowercase targetMarketCountryCode is empty,998,Leinsamen geschrotet 400G
04104420241886,nutrition_basis_lost_100g,Source basis 100 GRM omitted from CSV,998,Leinsamen geschrotet 400G
04104420241565,brand_mapping,Exported description as brand: 'Kichererbsen Couscous 400G'; source TIDBrandName='Alnatura',999,Kichererbsen Couscous 400G
04104420241565,market_country_mapping,CSV blank; source TargetMarketCountryCode=276; lowercase targetMarketCountryCode is empty,999,Kichererbsen Couscous 400G
04104420241565,nutrition_basis_lost_100g,Source basis 100 GRM omitted from CSV,999,Kichererbsen Couscous 400G
04104420241923,brand_mapping,"Exported description as brand: 'Goldleinsamen, geschrotet 200G'; source TIDBrandName='Alnatura'",1000,"Goldleinsamen, geschrotet 200G"
04104420241923,market_country_mapping,CSV blank; source TargetMarketCountryCode=276; lowercase targetMarketCountryCode is empty,1000,"Goldleinsamen, geschrotet 200G"
04104420241923,nutrition_basis_lost_100g,Source basis 100 GRM omitted from CSV,1000,"Goldleinsamen, geschrotet 200G"
04104420239968,brand_mapping,Exported description as brand: 'Dunkle Nuss Schokolade 100G'; source TIDBrandName='Alnatura',1001,Dunkle Nuss Schokolade 100G
04104420239968,market_country_mapping,CSV blank; source TargetMarketCountryCode=276; lowercase targetMarketCountryCode is empty,1001,Dunkle Nuss Schokolade 100G
04104420239968,nutrition_basis_lost_100g,Source basis 100 GRM omitted from CSV,1001,Dunkle Nuss Schokolade 100G
04104420239968,less_than_qualifier_lost,"SALTEQ < 0.01 GRM, slot .6, group preparationState; CSV has no qualifier",1001,Dunkle Nuss Schokolade 100G
04104420239999,brand_mapping,Exported description as brand: 'Veganes Hack 100G'; source TIDBrandName='Alnatura',1002,Veganes Hack 100G
04104420239999,market_country_mapping,CSV blank; source TargetMarketCountryCode=276; lowercase targetMarketCountryCode is empty,1002,Veganes Hack 100G
04104420239999,nutrition_basis_lost_100g,Source basis 100 GRM omitted from CSV,1002,Veganes Hack 100G
04104420240438,brand_mapping,Exported description as brand: 'Vollkorn Farfalle 500G'; source TIDBrandName='Alnatura',1003,Vollkorn Farfalle 500G
04104420240438,market_country_mapping,CSV blank; source TargetMarketCountryCode=276; lowercase targetMarketCountryCode is empty,1003,Vollkorn Farfalle 500G
04104420240438,nutrition_basis_lost_100g,Source basis 100 GRM omitted from CSV,1003,Vollkorn Farfalle 500G
04104420242630,brand_mapping,Exported description as brand: 'Streichcreme für Kinder 180G'; source TIDBrandName='Alnatura',1004,Streichcreme für Kinder 180G
04104420242630,market_country_mapping,CSV blank; source TargetMarketCountryCode=276; lowercase targetMarketCountryCode is empty,1004,Streichcreme für Kinder 180G
04104420242630,nutrition_basis_lost_100g,Source basis 100 GRM omitted from CSV,1004,Streichcreme für Kinder 180G
04104420243781,brand_mapping,Exported description as brand: 'Mie Nudeln 250G'; source TIDBrandName='Alnatura',1005,Mie Nudeln 250G
04104420243781,market_country_mapping,CSV blank; source TargetMarketCountryCode=276; lowercase targetMarketCountryCode is empty,1005,Mie Nudeln 250G
04104420243781,nutrition_basis_lost_100g,Source basis 100 GRM omitted from CSV,1005,Mie Nudeln 250G
04104420243781,less_than_qualifier_lost,"SALTEQ < 0.01 GRM, slot .6, group preparationState; CSV has no qualifier",1005,Mie Nudeln 250G
04104420243347,brand_mapping,Exported description as brand: 'Weidemilch Buttermilch 500G'; source TIDBrandName='Alnatura',1006,Weidemilch Buttermilch 500G
04104420243347,market_country_mapping,CSV blank; source TargetMarketCountryCode=276; lowercase targetMarketCountryCode is empty,1006,Weidemilch Buttermilch 500G
04104420243347,nutrition_basis_lost_100g,Source basis 100 GRM omitted from CSV,1006,Weidemilch Buttermilch 500G
04104420243347,less_than_qualifier_lost,"FIBTG < 0.5 GRM, slot .4, group preparationState; CSV has no qualifier",1006,Weidemilch Buttermilch 500G
04104420240469,brand_mapping,Exported description as brand: 'Linguine 500G'; source TIDBrandName='Alnatura',1007,Linguine 500G
04104420240469,market_country_mapping,CSV blank; source TargetMarketCountryCode=276; lowercase targetMarketCountryCode is empty,1007,Linguine 500G
04104420240469,nutrition_basis_lost_100g,Source basis 100 GRM omitted from CSV,1007,Linguine 500G
04104420240469,less_than_qualifier_lost,"SALTEQ < 0.01 GRM, slot .6, group preparationState; CSV has no qualifier",1007,Linguine 500G
04104420243033,brand_mapping,Exported description as brand: 'Weidemilch Buttermilch 500G'; source TIDBrandName='Alnatura',1008,Weidemilch Buttermilch 500G
04104420243033,market_country_mapping,CSV blank; source TargetMarketCountryCode=276; lowercase targetMarketCountryCode is empty,1008,Weidemilch Buttermilch 500G
04104420243033,nutrition_basis_lost_100g,Source basis 100 GRM omitted from CSV,1008,Weidemilch Buttermilch 500G
04104420243033,less_than_qualifier_lost,"FAT < 0.5 GRM, slot .3, group preparationState; CSV has no qualifier",1008,Weidemilch Buttermilch 500G
04104420243033,less_than_qualifier_lost,"FIBTG < 0.5 GRM, slot .4, group preparationState; CSV has no qualifier",1008,Weidemilch Buttermilch 500G
04104420242005,brand_mapping,Exported description as brand: 'Leinsamen Pflaume und Dattel 200g'; source TIDBrandName='Alnatura',1009,Leinsamen Pflaume und Dattel 200g
04104420242005,market_country_mapping,CSV blank; source TargetMarketCountryCode=276; lowercase targetMarketCountryCode is empty,1009,Leinsamen Pflaume und Dattel 200g
04104420242005,nutrition_basis_lost_100g,Source basis 100 GRM omitted from CSV,1009,Leinsamen Pflaume und Dattel 200g
04104420239524,brand_mapping,Exported description as brand: 'Gartengemüse mit Reis & Huhn 190G'; source TIDBrandName='Alnatura',1010,Gartengemüse mit Reis & Huhn 190G
04104420239524,market_country_mapping,CSV blank; source TargetMarketCountryCode=276; lowercase targetMarketCountryCode is empty,1010,Gartengemüse mit Reis & Huhn 190G
04104420239524,nutrition_basis_lost_100g,Source basis 100 GRM omitted from CSV,1010,Gartengemüse mit Reis & Huhn 190G
04104420239524,secondary_serving_size_lost,{'servingSizeValue.1': '190'},1010,Gartengemüse mit Reis & Huhn 190G
04104420240087,brand_mapping,Exported description as brand: 'Fettuccine 500G'; source TIDBrandName='Alnatura',1011,Fettuccine 500G
04104420240087,market_country_mapping,CSV blank; source TargetMarketCountryCode=276; lowercase targetMarketCountryCode is empty,1011,Fettuccine 500G
04104420240087,nutrition_basis_lost_100g,Source basis 100 GRM omitted from CSV,1011,Fettuccine 500G
04104420240087,less_than_qualifier_lost,"SALTEQ < 0.01 GRM, slot .6, group preparationState; CSV has no qualifier",1011,Fettuccine 500G
04104420242081,brand_mapping,Exported description as brand: 'Apfelrotkohl 400g'; source TIDBrandName='Alnatura',1012,Apfelrotkohl 400g
04104420242081,market_country_mapping,CSV blank; source TargetMarketCountryCode=276; lowercase targetMarketCountryCode is empty,1012,Apfelrotkohl 400g
04104420242081,nutrition_basis_lost_100g,Source basis 100 GRM omitted from CSV,1012,Apfelrotkohl 400g
04104420242081,less_than_qualifier_lost,"FAT < 0.5 GRM, slot .5, group preparationState; CSV has no qualifier",1012,Apfelrotkohl 400g
04104420242081,less_than_qualifier_lost,"FASAT < 0.1 GRM, slot .6, group preparationState; CSV has no qualifier",1012,Apfelrotkohl 400g
04104420242128,brand_mapping,Exported description as brand: 'Mildes Sauerkraut 400g'; source TIDBrandName='Alnatura',1013,Mildes Sauerkraut 400g
04104420242128,market_country_mapping,CSV blank; source TargetMarketCountryCode=276; lowercase targetMarketCountryCode is empty,1013,Mildes Sauerkraut 400g
04104420242128,nutrition_basis_lost_100g,Source basis 100 GRM omitted from CSV,1013,Mildes Sauerkraut 400g
04104420242128,less_than_qualifier_lost,"FAT < 0.5 GRM, slot .5, group preparationState; CSV has no qualifier",1013,Mildes Sauerkraut 400g
04104420242128,less_than_qualifier_lost,"FASAT < 0.1 GRM, slot .6, group preparationState; CSV has no qualifier",1013,Mildes Sauerkraut 400g
04104420244702,brand_mapping,Exported description as brand: 'Pflaumen 540G'; source TIDBrandName='Alnatura',1014,Pflaumen 540G
04104420244702,market_country_mapping,CSV blank; source TargetMarketCountryCode=276; lowercase targetMarketCountryCode is empty,1014,Pflaumen 540G
04104420244702,nutrition_basis_lost_100g,Source basis 100 GRM omitted from CSV,1014,Pflaumen 540G
04104420244702,less_than_qualifier_lost,"PRO- < 0.5 GRM, slot .3, group preparationState; CSV has no qualifier",1014,Pflaumen 540G
04104420244702,less_than_qualifier_lost,"FAT < 0.5 GRM, slot .4, group preparationState; CSV has no qualifier",1014,Pflaumen 540G
04104420244702,less_than_qualifier_lost,"FASAT < 0.1 GRM, slot .5, group preparationState; CSV has no qualifier",1014,Pflaumen 540G
04104420244702,less_than_qualifier_lost,"SALTEQ < 0.01 GRM, slot .6, group preparationState; CSV has no qualifier",1014,Pflaumen 540G
04104420242258,brand_mapping,Exported description as brand: 'Ziegen Heumilch Camembert 100G'; source TIDBrandName='Alnatura',1015,Ziegen Heumilch Camembert 100G
04104420242258,market_country_mapping,CSV blank; source TargetMarketCountryCode=276; lowercase targetMarketCountryCode is empty,1015,Ziegen Heumilch Camembert 100G
04104420242258,nutrition_basis_lost_100g,Source basis 100 GRM omitted from CSV,1015,Ziegen Heumilch Camembert 100G
04104420242258,less_than_qualifier_lost,"SUGAR- < 0.5 GRM, slot .4, group preparationState; CSV has no qualifier",1015,Ziegen Heumilch Camembert 100G
04104420242258,less_than_qualifier_lost,"CHOAVL < 0.5 GRM, slot .5, group preparationState; CSV has no qualifier",1015,Ziegen Heumilch Camembert 100G
04104420242258,less_than_qualifier_lost,"FIBTG < 0.5 GRM, slot .6, group preparationState; CSV has no qualifier",1015,Ziegen Heumilch Camembert 100G
04104420241961,brand_mapping,Exported description as brand: 'Goldleinsamen 500G'; source TIDBrandName='Alnatura',1016,Goldleinsamen 500G
04104420241961,market_country_mapping,CSV blank; source TargetMarketCountryCode=276; lowercase targetMarketCountryCode is empty,1016,Goldleinsamen 500G
04104420241961,nutrition_basis_lost_100g,Source basis 100 GRM omitted from CSV,1016,Goldleinsamen 500G
00000040045252,brand_mapping,Exported description as brand: 'Veganer Ei-Ersatz 15G'; source TIDBrandName='Alnatura',1017,Veganer Ei-Ersatz 15G
00000040045252,market_country_mapping,CSV blank; source TargetMarketCountryCode=276; lowercase targetMarketCountryCode is empty,1017,Veganer Ei-Ersatz 15G
00000040045252,nutrition_basis_lost_100g,Source basis 100 GRM omitted from CSV,1017,Veganer Ei-Ersatz 15G
04104420243965,brand_mapping,Exported description as brand: 'Spaghetti 500G'; source TIDBrandName='Alnatura',1018,Spaghetti 500G
04104420243965,market_country_mapping,CSV blank; source TargetMarketCountryCode=276; lowercase targetMarketCountryCode is empty,1018,Spaghetti 500G
04104420243965,nutrition_basis_lost_100g,Source basis 100 GRM omitted from CSV,1018,Spaghetti 500G
04104420243965,less_than_qualifier_lost,"SALTEQ < 0.01 GRM, slot .6, group preparationState; CSV has no qualifier",1018,Spaghetti 500G
04104420244221,brand_mapping,Exported description as brand: 'Brechbohnen (TK) 450G'; source TIDBrandName='Alnatura',1019,Brechbohnen (TK) 450G
04104420244221,market_country_mapping,CSV blank; source TargetMarketCountryCode=276; lowercase targetMarketCountryCode is empty,1019,Brechbohnen (TK) 450G
04104420244221,nutrition_basis_lost_100g,Source basis 100 GRM omitted from CSV,1019,Brechbohnen (TK) 450G
04104420244221,less_than_qualifier_lost,"FAT < 0.5 GRM, slot .4, group preparationState; CSV has no qualifier",1019,Brechbohnen (TK) 450G
04104420244221,less_than_qualifier_lost,"FASAT < 0.1 GRM, slot .5, group preparationState; CSV has no qualifier",1019,Brechbohnen (TK) 450G
04104420244221,less_than_qualifier_lost,"SALTEQ < 0.01 GRM, slot .6, group preparationState; CSV has no qualifier",1019,Brechbohnen (TK) 450G
04104420241848,brand_mapping,"Exported description as brand: 'Leinsamen, geschrotet 200G'; source TIDBrandName='Alnatura'",1020,"Leinsamen, geschrotet 200G"
04104420241848,market_country_mapping,CSV blank; source TargetMarketCountryCode=276; lowercase targetMarketCountryCode is empty,1020,"Leinsamen, geschrotet 200G"
04104420241848,nutrition_basis_lost_100g,Source basis 100 GRM omitted from CSV,1020,"Leinsamen, geschrotet 200G"
04104420240490,brand_mapping,Exported description as brand: 'Vollkorn Pipe Rigate 500g'; source TIDBrandName='Alnatura',1021,Vollkorn Pipe Rigate 500g
04104420240490,market_country_mapping,CSV blank; source TargetMarketCountryCode=276; lowercase targetMarketCountryCode is empty,1021,Vollkorn Pipe Rigate 500g
04104420240490,nutrition_basis_lost_100g,Source basis 100 GRM omitted from CSV,1021,Vollkorn Pipe Rigate 500g
04104420242869,brand_mapping,Exported description as brand: 'Speckwürfel 80G'; source TIDBrandName='Alnatura',1022,Speckwürfel 80G
04104420242869,market_country_mapping,CSV blank; source TargetMarketCountryCode=276; lowercase targetMarketCountryCode is empty,1022,Speckwürfel 80G
04104420242869,nutrition_basis_lost_100g,Source basis 100 GRM omitted from CSV,1022,Speckwürfel 80G
04104420242869,less_than_qualifier_lost,"SUGAR- < 0.5 GRM, slot .5, group preparationState; CSV has no qualifier",1022,Speckwürfel 80G
04104420238466,brand_mapping,Exported description as brand: 'Dinkel Spaghetti 500G'; source TIDBrandName='Alnatura',1023,Dinkel Spaghetti 500G
04104420238466,market_country_mapping,CSV blank; source TargetMarketCountryCode=276; lowercase targetMarketCountryCode is empty,1023,Dinkel Spaghetti 500G
04104420238466,nutrition_basis_lost_100g,Source basis 100 GRM omitted from CSV,1023,Dinkel Spaghetti 500G
04104420238466,less_than_qualifier_lost,"SALTEQ < 0.01 GRM, slot .6, group preparationState; CSV has no qualifier",1023,Dinkel Spaghetti 500G
04104420242937,brand_mapping,Exported description as brand: 'Vegane Lyoner Classic 80G'; source TIDBrandName='Alnatura',1024,Vegane Lyoner Classic 80G
04104420242937,market_country_mapping,CSV blank; source TargetMarketCountryCode=276; lowercase targetMarketCountryCode is empty,1024,Vegane Lyoner Classic 80G
04104420242937,nutrition_basis_lost_100g,Source basis 100 GRM omitted from CSV,1024,Vegane Lyoner Classic 80G
04104420242968,brand_mapping,Exported description as brand: 'Vegane Lyoner Paprika 80G'; source TIDBrandName='Alnatura',1025,Vegane Lyoner Paprika 80G
04104420242968,market_country_mapping,CSV blank; source TargetMarketCountryCode=276; lowercase targetMarketCountryCode is empty,1025,Vegane Lyoner Paprika 80G
04104420242968,nutrition_basis_lost_100g,Source basis 100 GRM omitted from CSV,1025,Vegane Lyoner Paprika 80G
04104420238503,brand_mapping,Exported description as brand: 'Dinkel Spaghettini 500G'; source TIDBrandName='Alnatura',1026,Dinkel Spaghettini 500G
04104420238503,market_country_mapping,CSV blank; source TargetMarketCountryCode=276; lowercase targetMarketCountryCode is empty,1026,Dinkel Spaghettini 500G
04104420238503,nutrition_basis_lost_100g,Source basis 100 GRM omitted from CSV,1026,Dinkel Spaghettini 500G
04104420238503,less_than_qualifier_lost,"SALTEQ < 0.01 GRM, slot .6, group preparationState; CSV has no qualifier",1026,Dinkel Spaghettini 500G
04104420244092,brand_mapping,Exported description as brand: 'Chiasamen 200G'; source TIDBrandName='Alnatura',1027,Chiasamen 200G
04104420244092,market_country_mapping,CSV blank; source TargetMarketCountryCode=276; lowercase targetMarketCountryCode is empty,1027,Chiasamen 200G
04104420244092,nutrition_basis_lost_100g,Source basis 100 GRM omitted from CSV,1027,Chiasamen 200G
04104420244092,less_than_qualifier_lost,"CHOAVL < 0.5 GRM, slot .14, group preparationState.1; CSV has no qualifier",1027,Chiasamen 200G
04104420244092,less_than_qualifier_lost,"SUGAR- < 0.5 GRM, slot .15, group preparationState.1; CSV has no qualifier",1027,Chiasamen 200G
04104420244092,less_than_qualifier_lost,"SALTEQ < 0.01 GRM, slot .16, group preparationState.1; CSV has no qualifier",1027,Chiasamen 200G
04104420244092,less_than_qualifier_lost,"CHOAVL < 0.5 GRM, slot .22, group preparationState.2; CSV has no qualifier",1027,Chiasamen 200G
04104420244092,less_than_qualifier_lost,"SUGAR- < 0.5 GRM, slot .23, group preparationState.2; CSV has no qualifier",1027,Chiasamen 200G
04104420244092,less_than_qualifier_lost,"SALTEQ < 0.01 GRM, slot .24, group preparationState.2; CSV has no qualifier",1027,Chiasamen 200G
04104420244092,secondary_serving_size_lost,"{'servingSizeValue.1': '15', 'servingSizeValue.2': '15'}",1027,Chiasamen 200G
04104420241411,brand_mapping,Exported description as brand: 'Bauernhof Nudeln 250G'; source TIDBrandName='Alnatura',1028,Bauernhof Nudeln 250G
04104420241411,market_country_mapping,CSV blank; source TargetMarketCountryCode=276; lowercase targetMarketCountryCode is empty,1028,Bauernhof Nudeln 250G
04104420241411,nutrition_basis_lost_100g,Source basis 100 GRM omitted from CSV,1028,Bauernhof Nudeln 250G
04104420241411,less_than_qualifier_lost,"SALTEQ < 0.01 GRM, slot .6, group preparationState; CSV has no qualifier",1028,Bauernhof Nudeln 250G
04104420241671,brand_mapping,Exported description as brand: 'Taboulé 200G'; source TIDBrandName='Alnatura',1029,Taboulé 200G
04104420241671,market_country_mapping,CSV blank; source TargetMarketCountryCode=276; lowercase targetMarketCountryCode is empty,1029,Taboulé 200G
04104420241671,nutrition_basis_lost_100g,Source basis 100 GRM omitted from CSV,1029,Taboulé 200G
04104420241671,less_than_qualifier_lost,"FASAT < 0.1 GRM, slot .6, group preparationState; CSV has no qualifier",1029,Taboulé 200G
04104420245280,brand_mapping,Exported description as brand: 'Dinkel Vollkorn Spaghetti 500G'; source TIDBrandName='Alnatura',1030,Dinkel Vollkorn Spaghetti 500G
04104420245280,market_country_mapping,CSV blank; source TargetMarketCountryCode=276; lowercase targetMarketCountryCode is empty,1030,Dinkel Vollkorn Spaghetti 500G
04104420245280,nutrition_basis_lost_100g,Source basis 100 GRM omitted from CSV,1030,Dinkel Vollkorn Spaghetti 500G
04104420245280,less_than_qualifier_lost,"SALTEQ < 0.01 GRM, slot .6, group preparationState; CSV has no qualifier",1030,Dinkel Vollkorn Spaghetti 500G
04104420045224,brand_mapping,Exported description as brand: 'Putenbrust gegart 80G'; source TIDBrandName='Alnatura',1031,Putenbrust gegart 80G
04104420045224,market_country_mapping,CSV blank; source TargetMarketCountryCode=276; lowercase targetMarketCountryCode is empty,1031,Putenbrust gegart 80G
04104420045224,nutrition_basis_lost_100g,Source basis 100 GRM omitted from CSV,1031,Putenbrust gegart 80G
04104420045224,less_than_qualifier_lost,"FIBTG < 0.5 GRM, slot .3, group preparationState; CSV has no qualifier",1031,Putenbrust gegart 80G
04104420045224,less_than_qualifier_lost,"SUGAR- < 0.5 GRM, slot .5, group preparationState; CSV has no qualifier",1031,Putenbrust gegart 80G
04104420045224,less_than_qualifier_lost,"CHOAVL < 0.5 GRM, slot .6, group preparationState; CSV has no qualifier",1031,Putenbrust gegart 80G
04104420240810,brand_mapping,Exported description as brand: 'Apfelmark m. Birne 360G'; source TIDBrandName='Alnatura',1032,Apfelmark m. Birne 360G
04104420240810,market_country_mapping,CSV blank; source TargetMarketCountryCode=276; lowercase targetMarketCountryCode is empty,1032,Apfelmark m. Birne 360G
04104420240810,nutrition_basis_lost_100g,Source basis 100 GRM omitted from CSV,1032,Apfelmark m. Birne 360G
04104420240810,less_than_qualifier_lost,"PRO- < 0.5 GRM, slot .3, group preparationState; CSV has no qualifier",1032,Apfelmark m. Birne 360G
04104420240810,less_than_qualifier_lost,"FAT < 0.5 GRM, slot .4, group preparationState; CSV has no qualifier",1032,Apfelmark m. Birne 360G
04104420240810,less_than_qualifier_lost,"FASAT < 0.1 GRM, slot .5, group preparationState; CSV has no qualifier",1032,Apfelmark m. Birne 360G
04104420240810,less_than_qualifier_lost,"SALTEQ < 0.01 GRM, slot .6, group preparationState; CSV has no qualifier",1032,Apfelmark m. Birne 360G
04104420244368,brand_mapping,Exported description as brand: 'Fagioli Borlotti 500G'; source TIDBrandName='Biomio',1033,Fagioli Borlotti 500G
04104420244368,market_country_mapping,CSV blank; source TargetMarketCountryCode=276; lowercase targetMarketCountryCode is empty,1033,Fagioli Borlotti 500G
04104420244368,nutrition_basis_lost_100g,Source basis 100 GRM omitted from CSV,1033,Fagioli Borlotti 500G
04104420245815,brand_mapping,Exported description as brand: 'Geflügellyoner 80G'; source TIDBrandName='Alnatura',1034,Geflügellyoner 80G
04104420245815,market_country_mapping,CSV blank; source TargetMarketCountryCode=276; lowercase targetMarketCountryCode is empty,1034,Geflügellyoner 80G
04104420245815,nutrition_basis_lost_100g,Source basis 100 GRM omitted from CSV,1034,Geflügellyoner 80G
04104420245815,less_than_qualifier_lost,"CHOAVL < 0.5 GRM, slot .4, group preparationState; CSV has no qualifier",1034,Geflügellyoner 80G
04104420245815,less_than_qualifier_lost,"SUGAR- < 0.5 GRM, slot .5, group preparationState; CSV has no qualifier",1034,Geflügellyoner 80G
04104420242326,brand_mapping,Exported description as brand: 'Kakaobutter 100g'; source TIDBrandName='Alnatura',1035,Kakaobutter 100g
04104420242326,market_country_mapping,CSV blank; source TargetMarketCountryCode=276; lowercase targetMarketCountryCode is empty,1035,Kakaobutter 100g
04104420242326,nutrition_basis_lost_100g,Source basis 100 GRM omitted from CSV,1035,Kakaobutter 100g
04104420242326,less_than_qualifier_lost,"CHOAVL < 0.5 GRM, slot .2, group preparationState; CSV has no qualifier",1035,Kakaobutter 100g
04104420242326,less_than_qualifier_lost,"SUGAR- < 0.5 GRM, slot .3, group preparationState; CSV has no qualifier",1035,Kakaobutter 100g
04104420242326,less_than_qualifier_lost,"FIBTG < 0.5 GRM, slot .4, group preparationState; CSV has no qualifier",1035,Kakaobutter 100g
04104420242326,less_than_qualifier_lost,"PRO- < 0.5 GRM, slot .5, group preparationState; CSV has no qualifier",1035,Kakaobutter 100g
04104420242326,less_than_qualifier_lost,"SALTEQ < 0.01 GRM, slot .6, group preparationState; CSV has no qualifier",1035,Kakaobutter 100g
04104420246898,brand_mapping,Exported description as brand: 'Kokosblütenzucker 250g'; source TIDBrandName='Alnatura',1036,Kokosblütenzucker 250g
04104420246898,market_country_mapping,CSV blank; source TargetMarketCountryCode=276; lowercase targetMarketCountryCode is empty,1036,Kokosblütenzucker 250g
04104420246898,nutrition_basis_lost_100g,Source basis 100 GRM omitted from CSV,1036,Kokosblütenzucker 250g
04104420246898,less_than_qualifier_lost,"FAT < 0.5 GRM, slot .3, group preparationState; CSV has no qualifier",1036,Kokosblütenzucker 250g
04104420246898,less_than_qualifier_lost,"FIBTG < 0.5 GRM, slot .4, group preparationState; CSV has no qualifier",1036,Kokosblütenzucker 250g
04104420241749,brand_mapping,Exported description as brand: 'Pizza Grillgemüse Hummus (TK) 350G'; source TIDBrandName='Alnatura',1037,Pizza Grillgemüse Hummus (TK) 350G
04104420241749,market_country_mapping,CSV blank; source TargetMarketCountryCode=276; lowercase targetMarketCountryCode is empty,1037,Pizza Grillgemüse Hummus (TK) 350G
04104420241749,nutrition_basis_lost_100g,Source basis 100 GRM omitted from CSV,1037,Pizza Grillgemüse Hummus (TK) 350G
04104420241749,secondary_serving_size_lost,{'servingSizeValue.1': '350'},1037,Pizza Grillgemüse Hummus (TK) 350G
04104420241770,brand_mapping,Exported description as brand: 'Pizza Büffelmozzarella (TK) 315G'; source TIDBrandName='Alnatura',1038,Pizza Büffelmozzarella (TK) 315G
04104420241770,market_country_mapping,CSV blank; source TargetMarketCountryCode=276; lowercase targetMarketCountryCode is empty,1038,Pizza Büffelmozzarella (TK) 315G
04104420241770,nutrition_basis_lost_100g,Source basis 100 GRM omitted from CSV,1038,Pizza Büffelmozzarella (TK) 315G
04104420241770,secondary_serving_size_lost,{'servingSizeValue.1': '315'},1038,Pizza Büffelmozzarella (TK) 315G
04104420241800,brand_mapping,Exported description as brand: 'Pizza Thunfisch (TK) 350G'; source TIDBrandName='Alnatura',1039,Pizza Thunfisch (TK) 350G
04104420241800,market_country_mapping,CSV blank; source TargetMarketCountryCode=276; lowercase targetMarketCountryCode is empty,1039,Pizza Thunfisch (TK) 350G
04104420241800,nutrition_basis_lost_100g,Source basis 100 GRM omitted from CSV,1039,Pizza Thunfisch (TK) 350G
04104420241800,secondary_serving_size_lost,{'servingSizeValue.1': '350'},1039,Pizza Thunfisch (TK) 350G
04104420246973,brand_mapping,Exported description as brand: '*Praliné Variation 103G*'; source TIDBrandName='Alnatura',1040,*Praliné Variation 103G*
04104420246973,market_country_mapping,CSV blank; source TargetMarketCountryCode=276; lowercase targetMarketCountryCode is empty,1040,*Praliné Variation 103G*
04104420246973,nutrition_basis_lost_100g,Source basis 100 GRM omitted from CSV,1040,*Praliné Variation 103G*
04104420244429,brand_mapping,Exported description as brand: '*Zimtsterne 100G*'; source TIDBrandName='Alnatura',1041,*Zimtsterne 100G*
04104420244429,market_country_mapping,CSV blank; source TargetMarketCountryCode=276; lowercase targetMarketCountryCode is empty,1041,*Zimtsterne 100G*
04104420244429,nutrition_basis_lost_100g,Source basis 100 GRM omitted from CSV,1041,*Zimtsterne 100G*
04104420244467,brand_mapping,Exported description as brand: '*Kokosmakronen Zartbitter 100G*'; source TIDBrandName='Alnatura',1042,*Kokosmakronen Zartbitter 100G*
04104420244467,market_country_mapping,CSV blank; source TargetMarketCountryCode=276; lowercase targetMarketCountryCode is empty,1042,*Kokosmakronen Zartbitter 100G*
04104420244467,nutrition_basis_lost_100g,Source basis 100 GRM omitted from CSV,1042,*Kokosmakronen Zartbitter 100G*
00000040045238,brand_mapping,Exported description as brand: 'Passata 690G'; source TIDBrandName='Alnatura',1043,Passata 690G
00000040045238,market_country_mapping,CSV blank; source TargetMarketCountryCode=276; lowercase targetMarketCountryCode is empty,1043,Passata 690G
00000040045238,less_than_qualifier_lost,"FAT < 0.5 GRM, slot .4, group preparationState; CSV has no qualifier",1043,Passata 690G
00000040045238,less_than_qualifier_lost,"FASAT < 0.1 GRM, slot .6, group preparationState; CSV has no qualifier",1043,Passata 690G
04104420240537,brand_mapping,Exported description as brand: 'Vollkorn Mini Penne 500g'; source TIDBrandName='Alnatura',1044,Vollkorn Mini Penne 500g
04104420240537,market_country_mapping,CSV blank; source TargetMarketCountryCode=276; lowercase targetMarketCountryCode is empty,1044,Vollkorn Mini Penne 500g
04104420240537,nutrition_basis_lost_100g,Source basis 100 GRM omitted from CSV,1044,Vollkorn Mini Penne 500g
04104420240537,less_than_qualifier_lost,"SALTEQ < 0.01 GRM, slot .6, group preparationState; CSV has no qualifier",1044,Vollkorn Mini Penne 500g
04104420244160,brand_mapping,Exported description as brand: 'Pizza Margherita (TK) 300G'; source TIDBrandName='Alnatura',1045,Pizza Margherita (TK) 300G
04104420244160,market_country_mapping,CSV blank; source TargetMarketCountryCode=276; lowercase targetMarketCountryCode is empty,1045,Pizza Margherita (TK) 300G
04104420244160,nutrition_basis_lost_100g,Source basis 100 GRM omitted from CSV,1045,Pizza Margherita (TK) 300G
04104420244160,secondary_serving_size_lost,{'servingSizeValue.1': '300'},1045,Pizza Margherita (TK) 300G
04104420244191,brand_mapping,Exported description as brand: 'Pizza Vegetale (TK) 340G'; source TIDBrandName='Alnatura',1046,Pizza Vegetale (TK) 340G
04104420244191,market_country_mapping,CSV blank; source TargetMarketCountryCode=276; lowercase targetMarketCountryCode is empty,1046,Pizza Vegetale (TK) 340G
04104420244191,nutrition_basis_lost_100g,Source basis 100 GRM omitted from CSV,1046,Pizza Vegetale (TK) 340G
04104420244191,secondary_serving_size_lost,{'servingSizeValue.1': '340'},1046,Pizza Vegetale (TK) 340G
04104420244252,brand_mapping,Exported description as brand: 'Pizza Salami (TK) 320G'; source TIDBrandName='Alnatura',1047,Pizza Salami (TK) 320G
04104420244252,market_country_mapping,CSV blank; source TargetMarketCountryCode=276; lowercase targetMarketCountryCode is empty,1047,Pizza Salami (TK) 320G
04104420244252,nutrition_basis_lost_100g,Source basis 100 GRM omitted from CSV,1047,Pizza Salami (TK) 320G
04104420244252,secondary_serving_size_lost,{'servingSizeValue.1': '320'},1047,Pizza Salami (TK) 320G
04104420244986,brand_mapping,Exported description as brand: 'Haselnuss-Dattel Creme 240g'; source TIDBrandName='Alnatura',1048,Haselnuss-Dattel Creme 240g
04104420244986,market_country_mapping,CSV blank; source TargetMarketCountryCode=276; lowercase targetMarketCountryCode is empty,1048,Haselnuss-Dattel Creme 240g
04104420244986,nutrition_basis_lost_100g,Source basis 100 GRM omitted from CSV,1048,Haselnuss-Dattel Creme 240g
04104420242531,brand_mapping,Exported description as brand: 'Stieleis Classic Vegan 4 Stück 440M'; source TIDBrandName='Alnatura',1049,Stieleis Classic Vegan 4 Stück 440M
04104420242531,market_country_mapping,CSV blank; source TargetMarketCountryCode=276; lowercase targetMarketCountryCode is empty,1049,Stieleis Classic Vegan 4 Stück 440M
04104420242531,nutrition_basis_lost_100g,Source basis 100 GRM omitted from CSV,1049,Stieleis Classic Vegan 4 Stück 440M
04104420242562,brand_mapping,Exported description as brand: 'Stieleis Classic Vegan 1 Stück 110M'; source TIDBrandName='Alnatura',1050,Stieleis Classic Vegan 1 Stück 110M
04104420242562,market_country_mapping,CSV blank; source TargetMarketCountryCode=276; lowercase targetMarketCountryCode is empty,1050,Stieleis Classic Vegan 1 Stück 110M
04104420242562,secondary_serving_size_lost,{'servingSizeValue.1': '110'},1050,Stieleis Classic Vegan 1 Stück 110M
04104420244504,brand_mapping,Exported description as brand: 'Hafer Alge Drink 1L'; source TIDBrandName='Alnatura',1051,Hafer Alge Drink 1L
04104420244504,market_country_mapping,CSV blank; source TargetMarketCountryCode=276; lowercase targetMarketCountryCode is empty,1051,Hafer Alge Drink 1L
04104420244504,less_than_qualifier_lost,"FIBTG < 0.5 GRM, slot .4, group preparationState; CSV has no qualifier",1051,Hafer Alge Drink 1L
04015481258013,brand_mapping,Exported description as brand: 'Rinder-Hackfleisch (TK) 250G'; source TIDBrandName='BioLust',1052,Rinder-Hackfleisch (TK) 250G
04015481258013,market_country_mapping,CSV blank; source TargetMarketCountryCode=276; lowercase targetMarketCountryCode is empty,1052,Rinder-Hackfleisch (TK) 250G
04015481258013,nutrition_basis_lost_100g,Source basis 100 GRM omitted from CSV,1052,Rinder-Hackfleisch (TK) 250G
04104420244665,brand_mapping,Exported description as brand: 'Tomatenstücke Kräuter 400G'; source TIDBrandName='Alnatura',1053,Tomatenstücke Kräuter 400G
04104420244665,market_country_mapping,CSV blank; source TargetMarketCountryCode=276; lowercase targetMarketCountryCode is empty,1053,Tomatenstücke Kräuter 400G
04104420244665,nutrition_basis_lost_100g,Source basis 100 GRM omitted from CSV,1053,Tomatenstücke Kräuter 400G
04104420244627,brand_mapping,Exported description as brand: 'Ganze Tomaten 400G'; source TIDBrandName='Alnatura',1054,Ganze Tomaten 400G
04104420244627,market_country_mapping,CSV blank; source TargetMarketCountryCode=276; lowercase targetMarketCountryCode is empty,1054,Ganze Tomaten 400G
04104420244627,nutrition_basis_lost_100g,Source basis 100 GRM omitted from CSV,1054,Ganze Tomaten 400G
04104420245631,brand_mapping,Exported description as brand: 'Apfel-Birne mit Dinkelgrieß 190G'; source TIDBrandName='Alnatura',1055,Apfel-Birne mit Dinkelgrieß 190G
04104420245631,market_country_mapping,CSV blank; source TargetMarketCountryCode=276; lowercase targetMarketCountryCode is empty,1055,Apfel-Birne mit Dinkelgrieß 190G
04104420245631,nutrition_basis_lost_100g,Source basis 100 GRM omitted from CSV,1055,Apfel-Birne mit Dinkelgrieß 190G
04104420245631,less_than_qualifier_lost,"FAT < 0.3 GRM, slot .4, group preparationState; CSV has no qualifier",1055,Apfel-Birne mit Dinkelgrieß 190G
04104420245631,less_than_qualifier_lost,"SALTEQ < 0.01 GRM, slot .5, group preparationState; CSV has no qualifier",1055,Apfel-Birne mit Dinkelgrieß 190G
04104420247895,brand_mapping,Exported description as brand: 'Streichcreme Gartenkräuter 180G'; source TIDBrandName='Alnatura',1056,Streichcreme Gartenkräuter 180G
04104420247895,market_country_mapping,CSV blank; source TargetMarketCountryCode=276; lowercase targetMarketCountryCode is empty,1056,Streichcreme Gartenkräuter 180G
04104420247895,nutrition_basis_lost_100g,Source basis 100 GRM omitted from CSV,1056,Streichcreme Gartenkräuter 180G
04104420246447,brand_mapping,Exported description as brand: 'Naturreis mit Wildreis 500G'; source TIDBrandName='Alnatura',1057,Naturreis mit Wildreis 500G
04104420246447,market_country_mapping,CSV blank; source TargetMarketCountryCode=276; lowercase targetMarketCountryCode is empty,1057,Naturreis mit Wildreis 500G
04104420246447,nutrition_basis_lost_100g,Source basis 100 GRM omitted from CSV,1057,Naturreis mit Wildreis 500G
04104420246447,less_than_qualifier_lost,"SALTEQ < 0.01 GRM, slot .6, group preparationState; CSV has no qualifier",1057,Naturreis mit Wildreis 500G
04104420247215,brand_mapping,Exported description as brand: 'Praliné Noir 100G'; source TIDBrandName='Alnatura',1058,Praliné Noir 100G
04104420247215,market_country_mapping,CSV blank; source TargetMarketCountryCode=276; lowercase targetMarketCountryCode is empty,1058,Praliné Noir 100G
04104420247215,nutrition_basis_lost_100g,Source basis 100 GRM omitted from CSV,1058,Praliné Noir 100G
04104420245600,brand_mapping,Exported description as brand: 'Bratwürstchen aus Seitan 140G'; source TIDBrandName='Alnatura',1059,Bratwürstchen aus Seitan 140G
04104420245600,market_country_mapping,CSV blank; source TargetMarketCountryCode=276; lowercase targetMarketCountryCode is empty,1059,Bratwürstchen aus Seitan 140G
04104420245600,nutrition_basis_lost_100g,Source basis 100 GRM omitted from CSV,1059,Bratwürstchen aus Seitan 140G
04104420245730,brand_mapping,Exported description as brand: 'Frankfurter aus Seitan 100g'; source TIDBrandName='Alnatura',1060,Frankfurter aus Seitan 100g
04104420245730,market_country_mapping,CSV blank; source TargetMarketCountryCode=276; lowercase targetMarketCountryCode is empty,1060,Frankfurter aus Seitan 100g
04104420245730,nutrition_basis_lost_100g,Source basis 100 GRM omitted from CSV,1060,Frankfurter aus Seitan 100g
00000040045276,brand_mapping,Exported description as brand: 'Knackies aus Seitan 140G'; source TIDBrandName='Alnatura',1061,Knackies aus Seitan 140G
00000040045276,market_country_mapping,CSV blank; source TargetMarketCountryCode=276; lowercase targetMarketCountryCode is empty,1061,Knackies aus Seitan 140G
00000040045276,nutrition_basis_lost_100g,Source basis 100 GRM omitted from CSV,1061,Knackies aus Seitan 140G
00000040045283,brand_mapping,Exported description as brand: 'Rote Bratwurst aus Seitan 150G'; source TIDBrandName='Alnatura',1062,Rote Bratwurst aus Seitan 150G
00000040045283,market_country_mapping,CSV blank; source TargetMarketCountryCode=276; lowercase targetMarketCountryCode is empty,1062,Rote Bratwurst aus Seitan 150G
00000040045283,nutrition_basis_lost_100g,Source basis 100 GRM omitted from CSV,1062,Rote Bratwurst aus Seitan 150G
04104420245761,brand_mapping,"Exported description as brand: '""Salami"" aus Seitan 80g'; source TIDBrandName='Alnatura'",1063,"""Salami"" aus Seitan 80g"
04104420245761,market_country_mapping,CSV blank; source TargetMarketCountryCode=276; lowercase targetMarketCountryCode is empty,1063,"""Salami"" aus Seitan 80g"
04104420245761,nutrition_basis_lost_100g,Source basis 100 GRM omitted from CSV,1063,"""Salami"" aus Seitan 80g"
04104420238633,brand_mapping,Exported description as brand: 'Mildes Leinöl nativ 250ML'; source TIDBrandName='Alnatura',1064,Mildes Leinöl nativ 250ML
04104420238633,market_country_mapping,CSV blank; source TargetMarketCountryCode=276; lowercase targetMarketCountryCode is empty,1064,Mildes Leinöl nativ 250ML
04104420238633,less_than_qualifier_lost,"CHOAVL < 0.5 GRM, slot .3, group preparationState; CSV has no qualifier",1064,Mildes Leinöl nativ 250ML
04104420238633,less_than_qualifier_lost,"FIBTG < 0.5 GRM, slot .4, group preparationState; CSV has no qualifier",1064,Mildes Leinöl nativ 250ML
04104420238633,less_than_qualifier_lost,"PRO- < 0.5 GRM, slot .5, group preparationState; CSV has no qualifier",1064,Mildes Leinöl nativ 250ML
04104420238633,less_than_qualifier_lost,"SUGAR- < 0.5 GRM, slot .6, group preparationState; CSV has no qualifier",1064,Mildes Leinöl nativ 250ML
04104420238633,less_than_qualifier_lost,"SALTEQ < 0.01 GRM, slot .7, group preparationState; CSV has no qualifier",1064,Mildes Leinöl nativ 250ML
00000040045214,brand_mapping,Exported description as brand: 'Veganer Snack Mild (haltbar) 30 g'; source TIDBrandName='Alnatura',1065,Veganer Snack Mild (haltbar) 30 g
00000040045214,market_country_mapping,CSV blank; source TargetMarketCountryCode=276; lowercase targetMarketCountryCode is empty,1065,Veganer Snack Mild (haltbar) 30 g
00000040045214,nutrition_basis_lost_100g,Source basis 100 GRM omitted from CSV,1065,Veganer Snack Mild (haltbar) 30 g
00000040045214,less_than_qualifier_lost,"SUGAR- < 0.5 GRM, slot .6, group preparationState; CSV has no qualifier",1065,Veganer Snack Mild (haltbar) 30 g
00000040045221,brand_mapping,Exported description as brand: 'Veganer Snack Paprika (haltbar) 30'; source TIDBrandName='Alnatura',1066,Veganer Snack Paprika (haltbar) 30
00000040045221,market_country_mapping,CSV blank; source TargetMarketCountryCode=276; lowercase targetMarketCountryCode is empty,1066,Veganer Snack Paprika (haltbar) 30
00000040045221,nutrition_basis_lost_100g,Source basis 100 GRM omitted from CSV,1066,Veganer Snack Paprika (haltbar) 30
04104420242760,brand_mapping,Exported description as brand: 'Classic Eis am Stiel (TK) 110ML'; source TIDBrandName='Alnatura',1067,Classic Eis am Stiel (TK) 110ML
04104420242760,market_country_mapping,CSV blank; source TargetMarketCountryCode=276; lowercase targetMarketCountryCode is empty,1067,Classic Eis am Stiel (TK) 110ML
04104420242760,secondary_serving_size_lost,{'servingSizeValue.1': '110'},1067,Classic Eis am Stiel (TK) 110ML
04104420242791,brand_mapping,Exported description as brand: 'Mandel Eis am Stiel (TK) 110ML'; source TIDBrandName='Alnatura',1068,Mandel Eis am Stiel (TK) 110ML
04104420242791,market_country_mapping,CSV blank; source TargetMarketCountryCode=276; lowercase targetMarketCountryCode is empty,1068,Mandel Eis am Stiel (TK) 110ML
04104420242791,secondary_serving_size_lost,{'servingSizeValue.1': '110'},1068,Mandel Eis am Stiel (TK) 110ML
04104420246003,brand_mapping,Exported description as brand: 'Buchweizenmehl 500G'; source TIDBrandName='Alnatura',1069,Buchweizenmehl 500G
04104420246003,market_country_mapping,CSV blank; source TargetMarketCountryCode=276; lowercase targetMarketCountryCode is empty,1069,Buchweizenmehl 500G
04104420246003,nutrition_basis_lost_100g,Source basis 100 GRM omitted from CSV,1069,Buchweizenmehl 500G
04104420246003,less_than_qualifier_lost,"SUGAR- < 0.5 GRM, slot .4, group preparationState; CSV has no qualifier",1069,Buchweizenmehl 500G
04104420246003,less_than_qualifier_lost,"SALTEQ < 0.01 GRM, slot .6, group preparationState; CSV has no qualifier",1069,Buchweizenmehl 500G
04104420246515,brand_mapping,Exported description as brand: 'Garnelen (TK) 225G'; source TIDBrandName='Alnatura',1070,Garnelen (TK) 225G
04104420246515,market_country_mapping,CSV blank; source TargetMarketCountryCode=276; lowercase targetMarketCountryCode is empty,1070,Garnelen (TK) 225G
04104420246515,nutrition_basis_lost_100g,Source basis 100 GRM omitted from CSV,1070,Garnelen (TK) 225G
04104420246515,less_than_qualifier_lost,"CHOAVL < 0.5 GRM, slot .3, group preparationState; CSV has no qualifier",1070,Garnelen (TK) 225G
04104420246515,less_than_qualifier_lost,"FIBTG < 0.5 GRM, slot .4, group preparationState; CSV has no qualifier",1070,Garnelen (TK) 225G
04104420246515,less_than_qualifier_lost,"SUGAR- < 0.5 GRM, slot .5, group preparationState; CSV has no qualifier",1070,Garnelen (TK) 225G
04104420246270,brand_mapping,Exported description as brand: 'Frische Flammkuchenböden 340G'; source TIDBrandName='Alnatura',1071,Frische Flammkuchenböden 340G
04104420246270,market_country_mapping,CSV blank; source TargetMarketCountryCode=276; lowercase targetMarketCountryCode is empty,1071,Frische Flammkuchenböden 340G
04104420246270,nutrition_basis_lost_100g,Source basis 100 GRM omitted from CSV,1071,Frische Flammkuchenböden 340G
04104420246270,less_than_qualifier_lost,"FASAT < 0.5 GRM, slot .5, group preparationState; CSV has no qualifier",1071,Frische Flammkuchenböden 340G
04104420246270,less_than_qualifier_lost,"SUGAR- < 0.3 GRM, slot .6, group preparationState; CSV has no qualifier",1071,Frische Flammkuchenböden 340G
04104420246584,brand_mapping,Exported description as brand: 'Ganze Mandel Schokolade 100G'; source TIDBrandName='Alnatura',1072,Ganze Mandel Schokolade 100G
04104420246584,market_country_mapping,CSV blank; source TargetMarketCountryCode=276; lowercase targetMarketCountryCode is empty,1072,Ganze Mandel Schokolade 100G
04104420246584,nutrition_basis_lost_100g,Source basis 100 GRM omitted from CSV,1072,Ganze Mandel Schokolade 100G
04104420246546,brand_mapping,Exported description as brand: 'Ganze Nuss Schokolade 100G'; source TIDBrandName='Alnatura',1073,Ganze Nuss Schokolade 100G
04104420246546,market_country_mapping,CSV blank; source TargetMarketCountryCode=276; lowercase targetMarketCountryCode is empty,1073,Ganze Nuss Schokolade 100G
04104420246546,nutrition_basis_lost_100g,Source basis 100 GRM omitted from CSV,1073,Ganze Nuss Schokolade 100G
04104420246744,brand_mapping,Exported description as brand: 'Nuss Müsli 500G'; source TIDBrandName='Alnatura',1074,Nuss Müsli 500G
04104420246744,market_country_mapping,CSV blank; source TargetMarketCountryCode=276; lowercase targetMarketCountryCode is empty,1074,Nuss Müsli 500G
04104420246744,nutrition_basis_lost_100g,Source basis 100 GRM omitted from CSV,1074,Nuss Müsli 500G
04104420247772,brand_mapping,Exported description as brand: 'Brokkoli (TK) 450g'; source TIDBrandName='Alnatura',1075,Brokkoli (TK) 450g
04104420247772,market_country_mapping,CSV blank; source TargetMarketCountryCode=276; lowercase targetMarketCountryCode is empty,1075,Brokkoli (TK) 450g
04104420247772,nutrition_basis_lost_100g,Source basis 100 GRM omitted from CSV,1075,Brokkoli (TK) 450g
04104420247772,less_than_qualifier_lost,"FAT < 0.5 GRM, slot .4, group preparationState; CSV has no qualifier",1075,Brokkoli (TK) 450g
04104420247772,less_than_qualifier_lost,"FASAT < 0.1 GRM, slot .5, group preparationState; CSV has no qualifier",1075,Brokkoli (TK) 450g
00000040045313,brand_mapping,Exported description as brand: 'Gnocchi 400G'; source TIDBrandName='Alnatura',1076,Gnocchi 400G
00000040045313,market_country_mapping,CSV blank; source TargetMarketCountryCode=276; lowercase targetMarketCountryCode is empty,1076,Gnocchi 400G
00000040045313,nutrition_basis_lost_100g,Source basis 100 GRM omitted from CSV,1076,Gnocchi 400G
00000040045313,less_than_qualifier_lost,"SUGAR- < 0.5 GRM, slot .4, group preparationState; CSV has no qualifier",1076,Gnocchi 400G
00000040045313,less_than_qualifier_lost,"FAT < 0.5 GRM, slot .5, group preparationState; CSV has no qualifier",1076,Gnocchi 400G
00000040045313,less_than_qualifier_lost,"FASAT < 0.1 GRM, slot .6, group preparationState; CSV has no qualifier",1076,Gnocchi 400G
04104420241008,brand_mapping,Exported description as brand: 'Edamame (TK) 270G'; source TIDBrandName='Alnatura',1077,Edamame (TK) 270G
04104420241008,market_country_mapping,CSV blank; source TargetMarketCountryCode=276; lowercase targetMarketCountryCode is empty,1077,Edamame (TK) 270G
04104420241008,nutrition_basis_lost_100g,Source basis 100 GRM omitted from CSV,1077,Edamame (TK) 270G
04104420241008,less_than_qualifier_lost,"SALTEQ < 0.01 GRM, slot .6, group preparationState; CSV has no qualifier",1077,Edamame (TK) 270G
04104420249226,brand_mapping,Exported description as brand: 'Apfel Beeren Reiswaffeln 35G'; source TIDBrandName='Alnatura',1078,Apfel Beeren Reiswaffeln 35G
04104420249226,market_country_mapping,CSV blank; source TargetMarketCountryCode=276; lowercase targetMarketCountryCode is empty,1078,Apfel Beeren Reiswaffeln 35G
04104420249226,nutrition_basis_lost_100g,Source basis 100 GRM omitted from CSV,1078,Apfel Beeren Reiswaffeln 35G
04104420249226,less_than_qualifier_lost,"FASAT < 0.1 GRM, slot .12, group preparationState.1; CSV has no qualifier",1078,Apfel Beeren Reiswaffeln 35G
04104420249226,less_than_qualifier_lost,"FAT < 0.1 GRM, slot .13, group preparationState.1; CSV has no qualifier",1078,Apfel Beeren Reiswaffeln 35G
04104420249226,less_than_qualifier_lost,"FIBTG < 0.1 GRM, slot .14, group preparationState.1; CSV has no qualifier",1078,Apfel Beeren Reiswaffeln 35G
04104420249226,less_than_qualifier_lost,"SALTEQ < 0.01 GRM, slot .15, group preparationState.1; CSV has no qualifier",1078,Apfel Beeren Reiswaffeln 35G
04104420249226,secondary_serving_size_lost,{'servingSizeValue.1': '1.5'},1078,Apfel Beeren Reiswaffeln 35G
04104420247659,brand_mapping,Exported description as brand: 'Risotto Reis Ribe 500G'; source TIDBrandName='Alnatura',1079,Risotto Reis Ribe 500G
04104420247659,market_country_mapping,CSV blank; source TargetMarketCountryCode=276; lowercase targetMarketCountryCode is empty,1079,Risotto Reis Ribe 500G
04104420247659,nutrition_basis_lost_100g,Source basis 100 GRM omitted from CSV,1079,Risotto Reis Ribe 500G
04104420247659,less_than_qualifier_lost,"SUGAR- < 0.5 GRM, slot .4, group preparationState; CSV has no qualifier",1079,Risotto Reis Ribe 500G
04104420247543,brand_mapping,Exported description as brand: 'Soja Schnetzel fein 150G'; source TIDBrandName='Alnatura',1080,Soja Schnetzel fein 150G
04104420247543,market_country_mapping,CSV blank; source TargetMarketCountryCode=276; lowercase targetMarketCountryCode is empty,1080,Soja Schnetzel fein 150G
04104420247543,nutrition_basis_lost_100g,Source basis 100 GRM omitted from CSV,1080,Soja Schnetzel fein 150G
04104420248823,brand_mapping,"Exported description as brand: 'Olivenöl 0,5L'; source TIDBrandName='Alnatura'",1081,"Olivenöl 0,5L"
04104420248823,market_country_mapping,CSV blank; source TargetMarketCountryCode=276; lowercase targetMarketCountryCode is empty,1081,"Olivenöl 0,5L"
04104420248823,less_than_qualifier_lost,"CHOAVL < 0.5 GRM, slot .3, group preparationState; CSV has no qualifier",1081,"Olivenöl 0,5L"
04104420248823,less_than_qualifier_lost,"SUGAR- < 0.5 GRM, slot .4, group preparationState; CSV has no qualifier",1081,"Olivenöl 0,5L"
04104420248823,less_than_qualifier_lost,"FIBTG < 0.5 GRM, slot .5, group preparationState; CSV has no qualifier",1081,"Olivenöl 0,5L"
04104420248823,less_than_qualifier_lost,"PRO- < 0.5 GRM, slot .6, group preparationState; CSV has no qualifier",1081,"Olivenöl 0,5L"
04104420248823,less_than_qualifier_lost,"SALTEQ < 0.01 GRM, slot .7, group preparationState; CSV has no qualifier",1081,"Olivenöl 0,5L"
00000042230465,brand_mapping,Exported description as brand: 'Creme m. Feta u. Manouri Bärlauch 1'; source TIDBrandName='Alnatura',1082,Creme m. Feta u. Manouri Bärlauch 1
00000042230465,market_country_mapping,CSV blank; source TargetMarketCountryCode=276; lowercase targetMarketCountryCode is empty,1082,Creme m. Feta u. Manouri Bärlauch 1
00000042230465,nutrition_basis_lost_100g,Source basis 100 GRM omitted from CSV,1082,Creme m. Feta u. Manouri Bärlauch 1
00000042230465,less_than_qualifier_lost,"FIBTG < 0.5 GRM, slot .5, group preparationState; CSV has no qualifier",1082,Creme m. Feta u. Manouri Bärlauch 1
00000042230465,less_than_qualifier_lost,"SUGAR- < 0.5 GRM, slot .6, group preparationState; CSV has no qualifier",1082,Creme m. Feta u. Manouri Bärlauch 1
00000042230458,brand_mapping,Exported description as brand: 'Creme m. Feta u. Manouri Knob. u. P'; source TIDBrandName='Alnatura',1083,Creme m. Feta u. Manouri Knob. u. P
00000042230458,market_country_mapping,CSV blank; source TargetMarketCountryCode=276; lowercase targetMarketCountryCode is empty,1083,Creme m. Feta u. Manouri Knob. u. P
00000042230458,nutrition_basis_lost_100g,Source basis 100 GRM omitted from CSV,1083,Creme m. Feta u. Manouri Knob. u. P
00000042230458,less_than_qualifier_lost,"FIBTG < 0.5 GRM, slot .5, group preparationState; CSV has no qualifier",1083,Creme m. Feta u. Manouri Knob. u. P
00000042230458,less_than_qualifier_lost,"SUGAR- < 0.5 GRM, slot .6, group preparationState; CSV has no qualifier",1083,Creme m. Feta u. Manouri Knob. u. P
00000042317593,brand_mapping,Exported description as brand: 'Guacamole 125G'; source TIDBrandName='Alnatura',1084,Guacamole 125G
00000042317593,market_country_mapping,CSV blank; source TargetMarketCountryCode=276; lowercase targetMarketCountryCode is empty,1084,Guacamole 125G
00000042317593,nutrition_basis_lost_100g,Source basis 100 GRM omitted from CSV,1084,Guacamole 125G
00000042317593,less_than_qualifier_lost,"SUGAR- < 0.5 GRM, slot .6, group preparationState; CSV has no qualifier",1084,Guacamole 125G
04104420238152,brand_mapping,Exported description as brand: 'Focaccina Rosmarin (TK) 240G'; source TIDBrandName='Alnatura',1085,Focaccina Rosmarin (TK) 240G
04104420238152,market_country_mapping,CSV blank; source TargetMarketCountryCode=276; lowercase targetMarketCountryCode is empty,1085,Focaccina Rosmarin (TK) 240G
04104420238152,nutrition_basis_lost_100g,Source basis 100 GRM omitted from CSV,1085,Focaccina Rosmarin (TK) 240G
04104420246690,brand_mapping,Exported description as brand: 'Hafer Drink ohne Zucker 1L'; source TIDBrandName='Alnatura',1086,Hafer Drink ohne Zucker 1L
04104420246690,market_country_mapping,CSV blank; source TargetMarketCountryCode=276; lowercase targetMarketCountryCode is empty,1086,Hafer Drink ohne Zucker 1L
04104420246690,nutrition_basis_lost_100g,Source basis 100 GRM omitted from CSV,1086,Hafer Drink ohne Zucker 1L
04104420246690,less_than_qualifier_lost,"SUGAR- < 0.5 GRM, slot .4, group preparationState; CSV has no qualifier",1086,Hafer Drink ohne Zucker 1L
04031779614354,brand_mapping,Exported description as brand: 'Vollkorn Krustis 5 Stück (TK) 400G'; source TIDBrandName='Moin',1087,Vollkorn Krustis 5 Stück (TK) 400G
04031779614354,market_country_mapping,CSV blank; source TargetMarketCountryCode=276; lowercase targetMarketCountryCode is empty,1087,Vollkorn Krustis 5 Stück (TK) 400G
04031779614354,nutrition_basis_lost_100g,Source basis 100 GRM omitted from CSV,1087,Vollkorn Krustis 5 Stück (TK) 400G
04031779608353,brand_mapping,Exported description as brand: 'Sonntags Krustis 5 Stück 400G'; source TIDBrandName='Moin',1088,Sonntags Krustis 5 Stück 400G
04031779608353,market_country_mapping,CSV blank; source TargetMarketCountryCode=276; lowercase targetMarketCountryCode is empty,1088,Sonntags Krustis 5 Stück 400G
04031779608353,nutrition_basis_lost_100g,Source basis 100 GRM omitted from CSV,1088,Sonntags Krustis 5 Stück 400G
04104420247314,brand_mapping,Exported description as brand: 'Hafer Porridge Rote Beeren 500g'; source TIDBrandName='Alnatura',1089,Hafer Porridge Rote Beeren 500g
04104420247314,market_country_mapping,CSV blank; source TargetMarketCountryCode=276; lowercase targetMarketCountryCode is empty,1089,Hafer Porridge Rote Beeren 500g
04104420247314,nutrition_basis_lost_100g,Source basis 100 GRM omitted from CSV,1089,Hafer Porridge Rote Beeren 500g
00000040045344,brand_mapping,Exported description as brand: 'Backhefe 7G'; source TIDBrandName='Alnatura',1090,Backhefe 7G
00000040045344,market_country_mapping,CSV blank; source TargetMarketCountryCode=276; lowercase targetMarketCountryCode is empty,1090,Backhefe 7G
04104420248632,brand_mapping,Exported description as brand: 'Falafel 170G'; source TIDBrandName='Alnatura',1091,Falafel 170G
04104420248632,market_country_mapping,CSV blank; source TargetMarketCountryCode=276; lowercase targetMarketCountryCode is empty,1091,Falafel 170G
04104420248632,nutrition_basis_lost_100g,Source basis 100 GRM omitted from CSV,1091,Falafel 170G
00000040045351,brand_mapping,Exported description as brand: 'Pesto Verde 120G'; source TIDBrandName='Alnatura',1092,Pesto Verde 120G
00000040045351,market_country_mapping,CSV blank; source TargetMarketCountryCode=276; lowercase targetMarketCountryCode is empty,1092,Pesto Verde 120G
00000040045351,nutrition_basis_lost_100g,Source basis 100 GRM omitted from CSV,1092,Pesto Verde 120G
04104420250062,brand_mapping,Exported description as brand: 'Reisflocken 250G'; source TIDBrandName='Alnatura',1093,Reisflocken 250G
04104420250062,market_country_mapping,CSV blank; source TargetMarketCountryCode=276; lowercase targetMarketCountryCode is empty,1093,Reisflocken 250G
04104420250062,less_than_qualifier_lost,"SALTEQ < 0.01 GRM, slot .15, group preparationState.1; CSV has no qualifier",1093,Reisflocken 250G
04104420245396,brand_mapping,"Exported description as brand: 'Orangensaft mit Fruchtfleisch 0,75L'; source TIDBrandName='Alnatura'",1094,"Orangensaft mit Fruchtfleisch 0,75L"
04104420245396,market_country_mapping,CSV blank; source TargetMarketCountryCode=276; lowercase targetMarketCountryCode is empty,1094,"Orangensaft mit Fruchtfleisch 0,75L"
04104420245396,less_than_qualifier_lost,"FAT < 0.5 GRM, slot .3, group preparationState; CSV has no qualifier",1094,"Orangensaft mit Fruchtfleisch 0,75L"
04104420245396,less_than_qualifier_lost,"FIBTG < 0.5 GRM, slot .4, group preparationState; CSV has no qualifier",1094,"Orangensaft mit Fruchtfleisch 0,75L"
04104420245396,less_than_qualifier_lost,"FASAT < 0.1 GRM, slot .5, group preparationState; CSV has no qualifier",1094,"Orangensaft mit Fruchtfleisch 0,75L"
04104420245396,less_than_qualifier_lost,"SALTEQ < 0.01 GRM, slot .6, group preparationState; CSV has no qualifier",1094,"Orangensaft mit Fruchtfleisch 0,75L"
04104420249059,brand_mapping,Exported description as brand: 'Grober Linsenaufstrich 135G'; source TIDBrandName='Alnatura',1095,Grober Linsenaufstrich 135G
04104420249059,market_country_mapping,CSV blank; source TargetMarketCountryCode=276; lowercase targetMarketCountryCode is empty,1095,Grober Linsenaufstrich 135G
04104420249059,nutrition_basis_lost_100g,Source basis 100 GRM omitted from CSV,1095,Grober Linsenaufstrich 135G
04104420249097,brand_mapping,Exported description as brand: 'Feiner Linsenaufstrich 135G'; source TIDBrandName='Alnatura',1096,Feiner Linsenaufstrich 135G
04104420249097,market_country_mapping,CSV blank; source TargetMarketCountryCode=276; lowercase targetMarketCountryCode is empty,1096,Feiner Linsenaufstrich 135G
04104420249097,nutrition_basis_lost_100g,Source basis 100 GRM omitted from CSV,1096,Feiner Linsenaufstrich 135G
04104420249189,brand_mapping,"Exported description as brand: 'Vegetarische Soja Bolognese 0,35L'; source TIDBrandName='Alnatura'",1097,"Vegetarische Soja Bolognese 0,35L"
04104420249189,market_country_mapping,CSV blank; source TargetMarketCountryCode=276; lowercase targetMarketCountryCode is empty,1097,"Vegetarische Soja Bolognese 0,35L"
04104420249318,brand_mapping,Exported description as brand: 'Brotchips Knoblauch & Kräuter 100G'; source TIDBrandName='Alnatura',1098,Brotchips Knoblauch & Kräuter 100G
04104420249318,market_country_mapping,CSV blank; source TargetMarketCountryCode=276; lowercase targetMarketCountryCode is empty,1098,Brotchips Knoblauch & Kräuter 100G
04104420249318,nutrition_basis_lost_100g,Source basis 100 GRM omitted from CSV,1098,Brotchips Knoblauch & Kräuter 100G
04104420249356,brand_mapping,Exported description as brand: 'Brotchips Mediterrane Paprika 100G'; source TIDBrandName='Alnatura',1099,Brotchips Mediterrane Paprika 100G
04104420249356,market_country_mapping,CSV blank; source TargetMarketCountryCode=276; lowercase targetMarketCountryCode is empty,1099,Brotchips Mediterrane Paprika 100G
04104420249356,nutrition_basis_lost_100g,Source basis 100 GRM omitted from CSV,1099,Brotchips Mediterrane Paprika 100G
04104420250529,brand_mapping,Exported description as brand: 'Rübenzucker 500g'; source TIDBrandName='Alnatura',1100,Rübenzucker 500g
04104420250529,market_country_mapping,CSV blank; source TargetMarketCountryCode=276; lowercase targetMarketCountryCode is empty,1100,Rübenzucker 500g
04104420250529,nutrition_basis_lost_100g,Source basis 100 GRM omitted from CSV,1100,Rübenzucker 500g
04104420250529,less_than_qualifier_lost,"FAT < 0.5 GRM, slot .2, group preparationState; CSV has no qualifier",1100,Rübenzucker 500g
04104420250529,less_than_qualifier_lost,"FIBTG < 0.5 GRM, slot .3, group preparationState; CSV has no qualifier",1100,Rübenzucker 500g
04104420250529,less_than_qualifier_lost,"PRO- < 0.5 GRM, slot .4, group preparationState; CSV has no qualifier",1100,Rübenzucker 500g
04104420250529,less_than_qualifier_lost,"FASAT < 0.1 GRM, slot .5, group preparationState; CSV has no qualifier",1100,Rübenzucker 500g
04104420250529,less_than_qualifier_lost,"SALTEQ < 0.01 GRM, slot .6, group preparationState; CSV has no qualifier",1100,Rübenzucker 500g
04104420242494,brand_mapping,Exported description as brand: 'Hafer Doppelkeks Nougat 330G'; source TIDBrandName='Alnatura',1101,Hafer Doppelkeks Nougat 330G
04104420242494,market_country_mapping,CSV blank; source TargetMarketCountryCode=276; lowercase targetMarketCountryCode is empty,1101,Hafer Doppelkeks Nougat 330G
04104420242494,nutrition_basis_lost_100g,Source basis 100 GRM omitted from CSV,1101,Hafer Doppelkeks Nougat 330G
04104420250710,brand_mapping,Exported description as brand: 'Saaten Mischung 250G'; source TIDBrandName='Alnatura',1102,Saaten Mischung 250G
04104420250710,market_country_mapping,CSV blank; source TargetMarketCountryCode=276; lowercase targetMarketCountryCode is empty,1102,Saaten Mischung 250G
04104420250710,nutrition_basis_lost_100g,Source basis 100 GRM omitted from CSV,1102,Saaten Mischung 250G
00000040045078,brand_mapping,Exported description as brand: 'Sauerteig Extrakt 15G'; source TIDBrandName='Alnatura',1103,Sauerteig Extrakt 15G
00000040045078,market_country_mapping,CSV blank; source TargetMarketCountryCode=276; lowercase targetMarketCountryCode is empty,1103,Sauerteig Extrakt 15G
00000040045078,nutrition_basis_lost_100g,Source basis 100 GRM omitted from CSV,1103,Sauerteig Extrakt 15G
00000040045078,less_than_qualifier_lost,"SALTEQ < 0.01 GRM, slot .6, group preparationState; CSV has no qualifier",1103,Sauerteig Extrakt 15G
04104420250956,brand_mapping,Exported description as brand: 'Caffè Crema Pads 126G'; source TIDBrandName='Alnatura',1104,Caffè Crema Pads 126G
04104420250956,market_country_mapping,CSV blank; source TargetMarketCountryCode=276; lowercase targetMarketCountryCode is empty,1104,Caffè Crema Pads 126G
04104420243101,brand_mapping,Exported description as brand: 'Tilsiter 125G'; source TIDBrandName='Alnatura',1105,Tilsiter 125G
04104420243101,market_country_mapping,CSV blank; source TargetMarketCountryCode=276; lowercase targetMarketCountryCode is empty,1105,Tilsiter 125G
04104420243101,nutrition_basis_lost_100g,Source basis 100 GRM omitted from CSV,1105,Tilsiter 125G
04104420243101,less_than_qualifier_lost,"SUGAR- < 0.5 GRM, slot .4, group preparationState; CSV has no qualifier",1105,Tilsiter 125G
04104420243101,less_than_qualifier_lost,"CHOAVL < 0.5 GRM, slot .5, group preparationState; CSV has no qualifier",1105,Tilsiter 125G
04104420243101,less_than_qualifier_lost,"FIBTG < 0.5 GRM, slot .6, group preparationState; CSV has no qualifier",1105,Tilsiter 125G
04104420250680,brand_mapping,Exported description as brand: 'Tofu Hack vegan 180G'; source TIDBrandName='Alnatura',1106,Tofu Hack vegan 180G
04104420250680,market_country_mapping,CSV blank; source TargetMarketCountryCode=276; lowercase targetMarketCountryCode is empty,1106,Tofu Hack vegan 180G
04104420250680,nutrition_basis_lost_100g,Source basis 100 GRM omitted from CSV,1106,Tofu Hack vegan 180G
04104420251779,brand_mapping,Exported description as brand: 'Weizenbrötchen 350G'; source TIDBrandName='Alnatura',1107,Weizenbrötchen 350G
04104420251779,market_country_mapping,CSV blank; source TargetMarketCountryCode=276; lowercase targetMarketCountryCode is empty,1107,Weizenbrötchen 350G
04104420251779,nutrition_basis_lost_100g,Source basis 100 GRM omitted from CSV,1107,Weizenbrötchen 350G
04104420251809,brand_mapping,Exported description as brand: 'Körnerbrötchen 350G'; source TIDBrandName='Alnatura',1108,Körnerbrötchen 350G
04104420251809,market_country_mapping,CSV blank; source TargetMarketCountryCode=276; lowercase targetMarketCountryCode is empty,1108,Körnerbrötchen 350G
04104420251809,nutrition_basis_lost_100g,Source basis 100 GRM omitted from CSV,1108,Körnerbrötchen 350G
00000040045368,brand_mapping,Exported description as brand: 'Tofu Tomate 175G'; source TIDBrandName='Alnatura',1109,Tofu Tomate 175G
00000040045368,market_country_mapping,CSV blank; source TargetMarketCountryCode=276; lowercase targetMarketCountryCode is empty,1109,Tofu Tomate 175G
00000040045368,nutrition_basis_lost_100g,Source basis 100 GRM omitted from CSV,1109,Tofu Tomate 175G
00000040045375,brand_mapping,Exported description as brand: 'Tofu Basilikum 175G'; source TIDBrandName='Alnatura',1110,Tofu Basilikum 175G
00000040045375,market_country_mapping,CSV blank; source TargetMarketCountryCode=276; lowercase targetMarketCountryCode is empty,1110,Tofu Basilikum 175G
00000040045375,nutrition_basis_lost_100g,Source basis 100 GRM omitted from CSV,1110,Tofu Basilikum 175G
00000040045375,less_than_qualifier_lost,"SUGAR- < 0.5 GRM, slot .5, group preparationState; CSV has no qualifier",1110,Tofu Basilikum 175G
00000040045375,less_than_qualifier_lost,"CHOAVL < 0.5 GRM, slot .6, group preparationState; CSV has no qualifier",1110,Tofu Basilikum 175G
04104420252431,brand_mapping,Exported description as brand: 'Frischecreme Natur 150g'; source TIDBrandName='Alnatura',1111,Frischecreme Natur 150g
04104420252431,market_country_mapping,CSV blank; source TargetMarketCountryCode=276; lowercase targetMarketCountryCode is empty,1111,Frischecreme Natur 150g
04104420252431,nutrition_basis_lost_100g,Source basis 100 GRM omitted from CSV,1111,Frischecreme Natur 150g
04104420251830,brand_mapping,Exported description as brand: 'Laugenbrezeln 350G'; source TIDBrandName='Alnatura',1112,Laugenbrezeln 350G
04104420251830,market_country_mapping,CSV blank; source TargetMarketCountryCode=276; lowercase targetMarketCountryCode is empty,1112,Laugenbrezeln 350G
04104420251830,nutrition_basis_lost_100g,Source basis 100 GRM omitted from CSV,1112,Laugenbrezeln 350G
04104420250314,brand_mapping,Exported description as brand: 'Brokkoli (TK) 300G'; source TIDBrandName='Alnatura',1113,Brokkoli (TK) 300G
04104420250314,market_country_mapping,CSV blank; source TargetMarketCountryCode=276; lowercase targetMarketCountryCode is empty,1113,Brokkoli (TK) 300G
04104420250314,nutrition_basis_lost_100g,Source basis 100 GRM omitted from CSV,1113,Brokkoli (TK) 300G
04104420250314,less_than_qualifier_lost,"FAT < 0.5 GRM, slot .4, group preparationState; CSV has no qualifier",1113,Brokkoli (TK) 300G
04104420250314,less_than_qualifier_lost,"FASAT < 0.1 GRM, slot .5, group preparationState; CSV has no qualifier",1113,Brokkoli (TK) 300G
04104420251441,brand_mapping,Exported description as brand: 'Apfel-Rotkohl (TK) 450G'; source TIDBrandName='Alnatura',1114,Apfel-Rotkohl (TK) 450G
04104420251441,market_country_mapping,CSV blank; source TargetMarketCountryCode=276; lowercase targetMarketCountryCode is empty,1114,Apfel-Rotkohl (TK) 450G
04104420251441,nutrition_basis_lost_100g,Source basis 100 GRM omitted from CSV,1114,Apfel-Rotkohl (TK) 450G
04104420251441,less_than_qualifier_lost,"FASAT < 0.1 GRM, slot .6, group preparationState; CSV has no qualifier",1114,Apfel-Rotkohl (TK) 450G
04104420252493,brand_mapping,Exported description as brand: 'Hummus Classic 150G'; source TIDBrandName='Alnatura',1115,Hummus Classic 150G
04104420252493,market_country_mapping,CSV blank; source TargetMarketCountryCode=276; lowercase targetMarketCountryCode is empty,1115,Hummus Classic 150G
04104420252493,nutrition_basis_lost_100g,Source basis 100 GRM omitted from CSV,1115,Hummus Classic 150G
04104420252554,brand_mapping,Exported description as brand: 'Hummus getrocknete Tomate 150g'; source TIDBrandName='Alnatura',1116,Hummus getrocknete Tomate 150g
04104420252554,market_country_mapping,CSV blank; source TargetMarketCountryCode=276; lowercase targetMarketCountryCode is empty,1116,Hummus getrocknete Tomate 150g
04104420252554,nutrition_basis_lost_100g,Source basis 100 GRM omitted from CSV,1116,Hummus getrocknete Tomate 150g
04104420252400,brand_mapping,Exported description as brand: 'Frischecreme Kräuter 150g'; source TIDBrandName='Alnatura',1117,Frischecreme Kräuter 150g
04104420252400,market_country_mapping,CSV blank; source TargetMarketCountryCode=276; lowercase targetMarketCountryCode is empty,1117,Frischecreme Kräuter 150g
04104420252400,nutrition_basis_lost_100g,Source basis 100 GRM omitted from CSV,1117,Frischecreme Kräuter 150g
04104420252073,brand_mapping,Exported description as brand: 'Chili Sin Carne 400G'; source TIDBrandName='Alnatura',1118,Chili Sin Carne 400G
04104420252073,market_country_mapping,CSV blank; source TargetMarketCountryCode=276; lowercase targetMarketCountryCode is empty,1118,Chili Sin Carne 400G
04104420252073,nutrition_basis_lost_100g,Source basis 100 GRM omitted from CSV,1118,Chili Sin Carne 400G
04104420252073,less_than_qualifier_lost,"FASAT < 0.1 GRM, slot .6, group preparationState; CSV has no qualifier",1118,Chili Sin Carne 400G
04104420249967,brand_mapping,Exported description as brand: 'Chiasamen 500g'; source TIDBrandName='Alnatura',1119,Chiasamen 500g
04104420249967,market_country_mapping,CSV blank; source TargetMarketCountryCode=276; lowercase targetMarketCountryCode is empty,1119,Chiasamen 500g
04104420249967,nutrition_basis_lost_100g,Source basis 100 GRM omitted from CSV,1119,Chiasamen 500g
04104420249967,secondary_serving_size_lost,{'servingSizeValue.1': '15'},1119,Chiasamen 500g
04104420249875,brand_mapping,Exported description as brand: 'Gelbe Linsen 500G'; source TIDBrandName='Alnatura',1120,Gelbe Linsen 500G
04104420249875,market_country_mapping,CSV blank; source TargetMarketCountryCode=276; lowercase targetMarketCountryCode is empty,1120,Gelbe Linsen 500G
04104420249875,nutrition_basis_lost_100g,Source basis 100 GRM omitted from CSV,1120,Gelbe Linsen 500G
04104420251939,brand_mapping,Exported description as brand: 'Dinkel Getreidebrei 250G'; source TIDBrandName='Alnatura',1121,Dinkel Getreidebrei 250G
04104420251939,market_country_mapping,CSV blank; source TargetMarketCountryCode=276; lowercase targetMarketCountryCode is empty,1121,Dinkel Getreidebrei 250G
04104420253056,brand_mapping,Exported description as brand: 'Black Tiger Garnelen (TK) 180g'; source TIDBrandName='Alnatura',1122,Black Tiger Garnelen (TK) 180g
04104420253056,market_country_mapping,CSV blank; source TargetMarketCountryCode=276; lowercase targetMarketCountryCode is empty,1122,Black Tiger Garnelen (TK) 180g
04104420253056,nutrition_basis_lost_100g,Source basis 100 GRM omitted from CSV,1122,Black Tiger Garnelen (TK) 180g
04104420253056,less_than_qualifier_lost,"FIBTG < 0.5 GRM, slot .2, group preparationState; CSV has no qualifier",1122,Black Tiger Garnelen (TK) 180g
04104420253056,less_than_qualifier_lost,"SUGAR- < 0.5 GRM, slot .4, group preparationState; CSV has no qualifier",1122,Black Tiger Garnelen (TK) 180g
04104420253056,less_than_qualifier_lost,"CHOAVL < 0.5 GRM, slot .5, group preparationState; CSV has no qualifier",1122,Black Tiger Garnelen (TK) 180g
04104420251892,brand_mapping,Exported description as brand: 'Grieß Milchbrei 250G'; source TIDBrandName='Alnatura',1123,Grieß Milchbrei 250G
04104420251892,market_country_mapping,CSV blank; source TargetMarketCountryCode=276; lowercase targetMarketCountryCode is empty,1123,Grieß Milchbrei 250G
04104420252011,brand_mapping,Exported description as brand: 'Hafer Milchbrei 250G'; source TIDBrandName='Alnatura',1124,Hafer Milchbrei 250G
04104420252011,market_country_mapping,CSV blank; source TargetMarketCountryCode=276; lowercase targetMarketCountryCode is empty,1124,Hafer Milchbrei 250G
04104420251977,brand_mapping,Exported description as brand: 'Hafer Beeren Porridge 250G'; source TIDBrandName='Alnatura',1125,Hafer Beeren Porridge 250G
04104420251977,market_country_mapping,CSV blank; source TargetMarketCountryCode=276; lowercase targetMarketCountryCode is empty,1125,Hafer Beeren Porridge 250G
04104420251977,less_than_qualifier_lost,"SALTEQ < 0.01 GRM, slot .6, group preparationState; CSV has no qualifier",1125,Hafer Beeren Porridge 250G
04104420250277,brand_mapping,Exported description as brand: 'Dinkel Tortelloni Ricotta 250G'; source TIDBrandName='Alnatura',1126,Dinkel Tortelloni Ricotta 250G
04104420250277,market_country_mapping,CSV blank; source TargetMarketCountryCode=276; lowercase targetMarketCountryCode is empty,1126,Dinkel Tortelloni Ricotta 250G
04104420250277,nutrition_basis_lost_100g,Source basis 100 GRM omitted from CSV,1126,Dinkel Tortelloni Ricotta 250G
04104420250239,brand_mapping,Exported description as brand: 'Tortellini Käse semi frisch 250G'; source TIDBrandName='Alnatura',1127,Tortellini Käse semi frisch 250G
04104420250239,market_country_mapping,CSV blank; source TargetMarketCountryCode=276; lowercase targetMarketCountryCode is empty,1127,Tortellini Käse semi frisch 250G
04104420250239,nutrition_basis_lost_100g,Source basis 100 GRM omitted from CSV,1127,Tortellini Käse semi frisch 250G
04104420250192,brand_mapping,Exported description as brand: 'Tortellini Gemüse semi frisch 250G'; source TIDBrandName='Alnatura',1128,Tortellini Gemüse semi frisch 250G
04104420250192,market_country_mapping,CSV blank; source TargetMarketCountryCode=276; lowercase targetMarketCountryCode is empty,1128,Tortellini Gemüse semi frisch 250G
04104420250192,nutrition_basis_lost_100g,Source basis 100 GRM omitted from CSV,1128,Tortellini Gemüse semi frisch 250G
04104420252523,brand_mapping,Exported description as brand: 'Hummus gegrillte Paprika 150g'; source TIDBrandName='Alnatura',1129,Hummus gegrillte Paprika 150g
04104420252523,market_country_mapping,CSV blank; source TargetMarketCountryCode=276; lowercase targetMarketCountryCode is empty,1129,Hummus gegrillte Paprika 150g
04104420252523,nutrition_basis_lost_100g,Source basis 100 GRM omitted from CSV,1129,Hummus gegrillte Paprika 150g
04104420253162,brand_mapping,Exported description as brand: 'Blattspinat (TK) 450G'; source TIDBrandName='Alnatura',1130,Blattspinat (TK) 450G
04104420253162,market_country_mapping,CSV blank; source TargetMarketCountryCode=276; lowercase targetMarketCountryCode is empty,1130,Blattspinat (TK) 450G
04104420253162,nutrition_basis_lost_100g,Source basis 100 GRM omitted from CSV,1130,Blattspinat (TK) 450G
04104420253162,less_than_qualifier_lost,"FAT < 0.5 GRM, slot .3, group preparationState; CSV has no qualifier",1130,Blattspinat (TK) 450G
04104420253162,less_than_qualifier_lost,"SUGAR- < 0.5 GRM, slot .4, group preparationState; CSV has no qualifier",1130,Blattspinat (TK) 450G
04104420253162,less_than_qualifier_lost,"FASAT < 0.1 GRM, slot .5, group preparationState; CSV has no qualifier",1130,Blattspinat (TK) 450G
04104420251380,brand_mapping,Exported description as brand: 'Remoulade 250ML'; source TIDBrandName='Alnatura',1131,Remoulade 250ML
04104420251380,market_country_mapping,CSV blank; source TargetMarketCountryCode=276; lowercase targetMarketCountryCode is empty,1131,Remoulade 250ML
04104420253285,brand_mapping,Exported description as brand: 'Soja Schnetzel grob 150G'; source TIDBrandName='Alnatura',1132,Soja Schnetzel grob 150G
04104420253285,market_country_mapping,CSV blank; source TargetMarketCountryCode=276; lowercase targetMarketCountryCode is empty,1132,Soja Schnetzel grob 150G
04104420253285,nutrition_basis_lost_100g,Source basis 100 GRM omitted from CSV,1132,Soja Schnetzel grob 150G
04104420253346,brand_mapping,Exported description as brand: 'Buchweizenflocken 350G'; source TIDBrandName='Alnatura',1133,Buchweizenflocken 350G
04104420253346,market_country_mapping,CSV blank; source TargetMarketCountryCode=276; lowercase targetMarketCountryCode is empty,1133,Buchweizenflocken 350G
04104420253346,nutrition_basis_lost_100g,Source basis 100 GRM omitted from CSV,1133,Buchweizenflocken 350G
04104420253346,less_than_qualifier_lost,"SUGAR- < 0.5 GRM, slot .5, group preparationState; CSV has no qualifier",1133,Buchweizenflocken 350G
04104420253346,less_than_qualifier_lost,"SALTEQ < 0.01 GRM, slot .6, group preparationState; CSV has no qualifier",1133,Buchweizenflocken 350G
04104420242722,brand_mapping,Exported description as brand: 'Ratatouille mit Kartoffeln 220G'; source TIDBrandName='Alnatura',1134,Ratatouille mit Kartoffeln 220G
04104420242722,market_country_mapping,CSV blank; source TargetMarketCountryCode=276; lowercase targetMarketCountryCode is empty,1134,Ratatouille mit Kartoffeln 220G
04104420242722,nutrition_basis_lost_100g,Source basis 100 GRM omitted from CSV,1134,Ratatouille mit Kartoffeln 220G
04104420242722,secondary_serving_size_lost,{'servingSizeValue.1': '220'},1134,Ratatouille mit Kartoffeln 220G
04104420250345,brand_mapping,Exported description as brand: 'Passierte Tomaten 500G'; source TIDBrandName='Alnatura',1135,Passierte Tomaten 500G
04104420250345,market_country_mapping,CSV blank; source TargetMarketCountryCode=276; lowercase targetMarketCountryCode is empty,1135,Passierte Tomaten 500G
04104420250345,nutrition_basis_lost_100g,Source basis 100 GRM omitted from CSV,1135,Passierte Tomaten 500G
04104420250345,less_than_qualifier_lost,"FAT < 0.5 GRM, slot .4, group preparationState; CSV has no qualifier",1135,Passierte Tomaten 500G
04104420250345,less_than_qualifier_lost,"FASAT < 0.1 GRM, slot .5, group preparationState; CSV has no qualifier",1135,Passierte Tomaten 500G
04104420253957,brand_mapping,Exported description as brand: 'Paranusskerne 200G'; source TIDBrandName='Alnatura',1136,Paranusskerne 200G
04104420253957,market_country_mapping,CSV blank; source TargetMarketCountryCode=276; lowercase targetMarketCountryCode is empty,1136,Paranusskerne 200G
04104420253957,nutrition_basis_lost_100g,Source basis 100 GRM omitted from CSV,1136,Paranusskerne 200G
04104420252608,brand_mapping,Exported description as brand: 'Honigwaffeln 175G'; source TIDBrandName='Alnatura',1137,Honigwaffeln 175G
04104420252608,market_country_mapping,CSV blank; source TargetMarketCountryCode=276; lowercase targetMarketCountryCode is empty,1137,Honigwaffeln 175G
04104420252608,nutrition_basis_lost_100g,Source basis 100 GRM omitted from CSV,1137,Honigwaffeln 175G
04104420251533,brand_mapping,Exported description as brand: 'Schoko Butterkeks Zartbitter 130G'; source TIDBrandName='Alnatura',1138,Schoko Butterkeks Zartbitter 130G
04104420251533,market_country_mapping,CSV blank; source TargetMarketCountryCode=276; lowercase targetMarketCountryCode is empty,1138,Schoko Butterkeks Zartbitter 130G
04104420251533,nutrition_basis_lost_100g,Source basis 100 GRM omitted from CSV,1138,Schoko Butterkeks Zartbitter 130G
04104420253551,brand_mapping,Exported description as brand: 'Hirse-Getreidebrei 250G'; source TIDBrandName='Alnatura',1139,Hirse-Getreidebrei 250G
04104420253551,market_country_mapping,CSV blank; source TargetMarketCountryCode=276; lowercase targetMarketCountryCode is empty,1139,Hirse-Getreidebrei 250G
04104420250918,brand_mapping,"Exported description as brand: 'Caffè Crema, ganze Bohne 1.000G'; source TIDBrandName='Alnatura'",1140,"Caffè Crema, ganze Bohne 1.000G"
04104420250918,market_country_mapping,CSV blank; source TargetMarketCountryCode=276; lowercase targetMarketCountryCode is empty,1140,"Caffè Crema, ganze Bohne 1.000G"
04104420247031,brand_mapping,Exported description as brand: 'Mini Karamellwaffeln 150G'; source TIDBrandName='Alnatura',1141,Mini Karamellwaffeln 150G
04104420247031,market_country_mapping,CSV blank; source TargetMarketCountryCode=276; lowercase targetMarketCountryCode is empty,1141,Mini Karamellwaffeln 150G
04104420247031,nutrition_basis_lost_100g,Source basis 100 GRM omitted from CSV,1141,Mini Karamellwaffeln 150G
04104420251885,brand_mapping,Exported description as brand: 'Quitte Birne Fruchtmark 360G'; source TIDBrandName='Alnatura',1142,Quitte Birne Fruchtmark 360G
04104420251885,market_country_mapping,CSV blank; source TargetMarketCountryCode=276; lowercase targetMarketCountryCode is empty,1142,Quitte Birne Fruchtmark 360G
04104420251885,nutrition_basis_lost_100g,Source basis 100 GRM omitted from CSV,1142,Quitte Birne Fruchtmark 360G
04104420251885,less_than_qualifier_lost,"FAT < 0.5 GRM, slot .4, group preparationState; CSV has no qualifier",1142,Quitte Birne Fruchtmark 360G
04104420251885,less_than_qualifier_lost,"FASAT < 0.1 GRM, slot .5, group preparationState; CSV has no qualifier",1142,Quitte Birne Fruchtmark 360G
04104420251885,less_than_qualifier_lost,"SALTEQ < 0.01 GRM, slot .6, group preparationState; CSV has no qualifier",1142,Quitte Birne Fruchtmark 360G
04104420252264,brand_mapping,"Exported description as brand: '*Weißer Glühwein 0,75L*'; source TIDBrandName='Alnatura'",1143,"*Weißer Glühwein 0,75L*"
04104420252264,market_country_mapping,CSV blank; source TargetMarketCountryCode=276; lowercase targetMarketCountryCode is empty,1143,"*Weißer Glühwein 0,75L*"
04104420253582,brand_mapping,Exported description as brand: 'Kürbiskerne 200G'; source TIDBrandName='Alnatura',1144,Kürbiskerne 200G
04104420253582,market_country_mapping,CSV blank; source TargetMarketCountryCode=276; lowercase targetMarketCountryCode is empty,1144,Kürbiskerne 200G
04104420253582,nutrition_basis_lost_100g,Source basis 100 GRM omitted from CSV,1144,Kürbiskerne 200G
04104420253582,less_than_qualifier_lost,"SALTEQ < 0.01 GRM, slot .6, group preparationState; CSV has no qualifier",1144,Kürbiskerne 200G
04104420253629,brand_mapping,Exported description as brand: 'Sesam ungeschält 400G'; source TIDBrandName='Alnatura',1145,Sesam ungeschält 400G
04104420253629,market_country_mapping,CSV blank; source TargetMarketCountryCode=276; lowercase targetMarketCountryCode is empty,1145,Sesam ungeschält 400G
04104420253629,nutrition_basis_lost_100g,Source basis 100 GRM omitted from CSV,1145,Sesam ungeschält 400G
04104420253629,less_than_qualifier_lost,"SUGAR- < 0.5 GRM, slot .5, group preparationState; CSV has no qualifier",1145,Sesam ungeschält 400G
04104420253414,brand_mapping,Exported description as brand: 'Sesam ungeschält 200G'; source TIDBrandName='Alnatura',1146,Sesam ungeschält 200G
04104420253414,market_country_mapping,CSV blank; source TargetMarketCountryCode=276; lowercase targetMarketCountryCode is empty,1146,Sesam ungeschält 200G
04104420253414,nutrition_basis_lost_100g,Source basis 100 GRM omitted from CSV,1146,Sesam ungeschält 200G
04104420253414,less_than_qualifier_lost,"SALTEQ < 0.01 GRM, slot .6, group preparationState; CSV has no qualifier",1146,Sesam ungeschält 200G
04104420248861,brand_mapping,Exported description as brand: 'Mungobohnen 500G'; source TIDBrandName='Alnatura',1147,Mungobohnen 500G
04104420248861,market_country_mapping,CSV blank; source TargetMarketCountryCode=276; lowercase targetMarketCountryCode is empty,1147,Mungobohnen 500G
04104420248861,nutrition_basis_lost_100g,Source basis 100 GRM omitted from CSV,1147,Mungobohnen 500G
04104420253704,brand_mapping,Exported description as brand: 'Mezzi Rigatoni 500G'; source TIDBrandName='Alnatura',1148,Mezzi Rigatoni 500G
04104420253704,market_country_mapping,CSV blank; source TargetMarketCountryCode=276; lowercase targetMarketCountryCode is empty,1148,Mezzi Rigatoni 500G
04104420253704,nutrition_basis_lost_100g,Source basis 100 GRM omitted from CSV,1148,Mezzi Rigatoni 500G
04104420253704,less_than_qualifier_lost,"SALTEQ < 0.01 GRM, slot .6, group preparationState; CSV has no qualifier",1148,Mezzi Rigatoni 500G
04104420253667,brand_mapping,Exported description as brand: 'Spaghetti Quadrati 500G'; source TIDBrandName='Alnatura',1149,Spaghetti Quadrati 500G
04104420253667,market_country_mapping,CSV blank; source TargetMarketCountryCode=276; lowercase targetMarketCountryCode is empty,1149,Spaghetti Quadrati 500G
04104420253667,nutrition_basis_lost_100g,Source basis 100 GRM omitted from CSV,1149,Spaghetti Quadrati 500G
04104420253667,less_than_qualifier_lost,"SALTEQ < 0.01 GRM, slot .6, group preparationState; CSV has no qualifier",1149,Spaghetti Quadrati 500G
00000040045382,brand_mapping,Exported description as brand: 'Banane Beere Hafer Riegel 23G'; source TIDBrandName='Alnatura',1150,Banane Beere Hafer Riegel 23G
00000040045382,market_country_mapping,CSV blank; source TargetMarketCountryCode=276; lowercase targetMarketCountryCode is empty,1150,Banane Beere Hafer Riegel 23G
00000040045382,nutrition_basis_lost_100g,Source basis 100 GRM omitted from CSV,1150,Banane Beere Hafer Riegel 23G
00000040045382,less_than_qualifier_lost,"SALTEQ < 0.01 GRM, slot .15, group preparationState.1; CSV has no qualifier",1150,Banane Beere Hafer Riegel 23G
00000040045382,secondary_serving_size_lost,{'servingSizeValue.1': '23'},1150,Banane Beere Hafer Riegel 23G
00000040045399,brand_mapping,Exported description as brand: 'Reinweinstein Backpulver 72G'; source TIDBrandName='Alnatura',1151,Reinweinstein Backpulver 72G
00000040045399,market_country_mapping,CSV blank; source TargetMarketCountryCode=276; lowercase targetMarketCountryCode is empty,1151,Reinweinstein Backpulver 72G
00000040045399,nutrition_basis_lost_100g,Source basis 100 GRM omitted from CSV,1151,Reinweinstein Backpulver 72G
00000040045399,less_than_qualifier_lost,"SUGAR- < 0.5 GRM, slot .2, group preparationState; CSV has no qualifier",1151,Reinweinstein Backpulver 72G
00000040045399,less_than_qualifier_lost,"FAT < 0.5 GRM, slot .3, group preparationState; CSV has no qualifier",1151,Reinweinstein Backpulver 72G
00000040045399,less_than_qualifier_lost,"FIBTG < 0.5 GRM, slot .4, group preparationState; CSV has no qualifier",1151,Reinweinstein Backpulver 72G
00000040045399,less_than_qualifier_lost,"PRO- < 0.5 GRM, slot .5, group preparationState; CSV has no qualifier",1151,Reinweinstein Backpulver 72G
00000040045399,less_than_qualifier_lost,"FASAT < 0.1 GRM, slot .6, group preparationState; CSV has no qualifier",1151,Reinweinstein Backpulver 72G
04104420254510,brand_mapping,Exported description as brand: 'Brat Olivenöl 750ML'; source TIDBrandName='Alnatura',1152,Brat Olivenöl 750ML
04104420254510,market_country_mapping,CSV blank; source TargetMarketCountryCode=276; lowercase targetMarketCountryCode is empty,1152,Brat Olivenöl 750ML
04104420254510,less_than_qualifier_lost,"CHOAVL < 0.5 GRM, slot .2, group preparationState; CSV has no qualifier",1152,Brat Olivenöl 750ML
04104420254510,less_than_qualifier_lost,"SUGAR- < 0.5 GRM, slot .3, group preparationState; CSV has no qualifier",1152,Brat Olivenöl 750ML
04104420254510,less_than_qualifier_lost,"FIBTG < 0.5 GRM, slot .4, group preparationState; CSV has no qualifier",1152,Brat Olivenöl 750ML
04104420254510,less_than_qualifier_lost,"PRO- < 0.5 GRM, slot .5, group preparationState; CSV has no qualifier",1152,Brat Olivenöl 750ML
04104420254510,less_than_qualifier_lost,"SALTEQ < 0.01 GRM, slot .6, group preparationState; CSV has no qualifier",1152,Brat Olivenöl 750ML
04104420254305,brand_mapping,Exported description as brand: 'Hirse 1.000G'; source TIDBrandName='Alnatura',1153,Hirse 1.000G
04104420254305,market_country_mapping,CSV blank; source TargetMarketCountryCode=276; lowercase targetMarketCountryCode is empty,1153,Hirse 1.000G
04104420254305,nutrition_basis_lost_100g,Source basis 100 GRM omitted from CSV,1153,Hirse 1.000G
04104420254305,less_than_qualifier_lost,"SALTEQ < 0.01 GRM, slot .6, group preparationState; CSV has no qualifier",1153,Hirse 1.000G
04104420253742,brand_mapping,Exported description as brand: 'Voll Drink 1L'; source TIDBrandName='Alnatura',1154,Voll Drink 1L
04104420253742,market_country_mapping,CSV blank; source TargetMarketCountryCode=276; lowercase targetMarketCountryCode is empty,1154,Voll Drink 1L
04104420253742,less_than_qualifier_lost,"FIBTG < 0.5 GRM, slot .5, group preparationState; CSV has no qualifier",1154,Voll Drink 1L
04104420251601,brand_mapping,Exported description as brand: 'Ceylon Zimtstangen 6ST'; source TIDBrandName='Alnatura',1155,Ceylon Zimtstangen 6ST
04104420251601,market_country_mapping,CSV blank; source TargetMarketCountryCode=276; lowercase targetMarketCountryCode is empty,1155,Ceylon Zimtstangen 6ST
00000040045405,brand_mapping,Exported description as brand: 'Bourbon Vanille gemahlen 5G'; source TIDBrandName='Alnatura',1156,Bourbon Vanille gemahlen 5G
00000040045405,market_country_mapping,CSV blank; source TargetMarketCountryCode=276; lowercase targetMarketCountryCode is empty,1156,Bourbon Vanille gemahlen 5G
04104420235809,brand_mapping,"Exported description as brand: '(CH) Olivenöl 0,5 L'; source TIDBrandName='Alnatura'",1157,"(CH) Olivenöl 0,5 L"
04104420235809,market_country_mapping,CSV blank; source TargetMarketCountryCode=276; lowercase targetMarketCountryCode is empty,1157,"(CH) Olivenöl 0,5 L"
04104420235809,nutrition_basis_lost_100g,Source basis 100 GRM omitted from CSV,1157,"(CH) Olivenöl 0,5 L"
04104420235809,less_than_qualifier_lost,"CHOAVL < 0.5 GRM, slot .4, group preparationState; CSV has no qualifier",1157,"(CH) Olivenöl 0,5 L"
04104420235809,less_than_qualifier_lost,"FIBTG < 0.5 GRM, slot .5, group preparationState; CSV has no qualifier",1157,"(CH) Olivenöl 0,5 L"
04104420235809,less_than_qualifier_lost,"PRO- < 0.5 GRM, slot .6, group preparationState; CSV has no qualifier",1157,"(CH) Olivenöl 0,5 L"
04104420235809,less_than_qualifier_lost,"SUGAR- < 0.5 GRM, slot .7, group preparationState; CSV has no qualifier",1157,"(CH) Olivenöl 0,5 L"
04104420235809,less_than_qualifier_lost,"SALTEQ < 0.01 GRM, slot .8, group preparationState; CSV has no qualifier",1157,"(CH) Olivenöl 0,5 L"
00000042400691,brand_mapping,Exported description as brand: 'Saaten Taler 100G'; source TIDBrandName='Alnatura',1158,Saaten Taler 100G
00000042400691,market_country_mapping,CSV blank; source TargetMarketCountryCode=276; lowercase targetMarketCountryCode is empty,1158,Saaten Taler 100G
00000042400691,nutrition_basis_lost_100g,Source basis 100 GRM omitted from CSV,1158,Saaten Taler 100G
04104420254558,brand_mapping,Exported description as brand: 'Grill- und Pfannenkäse 180G'; source TIDBrandName='Alnatura',1159,Grill- und Pfannenkäse 180G
04104420254558,market_country_mapping,CSV blank; source TargetMarketCountryCode=276; lowercase targetMarketCountryCode is empty,1159,Grill- und Pfannenkäse 180G
04104420254558,nutrition_basis_lost_100g,Source basis 100 GRM omitted from CSV,1159,Grill- und Pfannenkäse 180G
04104420254558,less_than_qualifier_lost,"FIBTG < 0.5 GRM, slot .6, group preparationState; CSV has no qualifier",1159,Grill- und Pfannenkäse 180G
04104420247079,brand_mapping,Exported description as brand: 'Fruchtaufstrich Aprikose 420G'; source TIDBrandName='Alnatura',1160,Fruchtaufstrich Aprikose 420G
04104420247079,market_country_mapping,CSV blank; source TargetMarketCountryCode=276; lowercase targetMarketCountryCode is empty,1160,Fruchtaufstrich Aprikose 420G
04104420247079,nutrition_basis_lost_100g,Source basis 100 GRM omitted from CSV,1160,Fruchtaufstrich Aprikose 420G
04104420247079,less_than_qualifier_lost,"PRO- < 0.5 GRM, slot .3, group preparationState; CSV has no qualifier",1160,Fruchtaufstrich Aprikose 420G
04104420247079,less_than_qualifier_lost,"FAT < 0.5 GRM, slot .4, group preparationState; CSV has no qualifier",1160,Fruchtaufstrich Aprikose 420G
04104420247079,less_than_qualifier_lost,"FASAT < 0.1 GRM, slot .5, group preparationState; CSV has no qualifier",1160,Fruchtaufstrich Aprikose 420G
04104420253865,brand_mapping,Exported description as brand: 'Hafercookies 250G'; source TIDBrandName='Alnatura',1161,Hafercookies 250G
04104420253865,market_country_mapping,CSV blank; source TargetMarketCountryCode=276; lowercase targetMarketCountryCode is empty,1161,Hafercookies 250G
04104420253865,nutrition_basis_lost_100g,Source basis 100 GRM omitted from CSV,1161,Hafercookies 250G
04104420253377,brand_mapping,Exported description as brand: 'Edelbitter Schokolade 80G'; source TIDBrandName='Alnatura',1162,Edelbitter Schokolade 80G
04104420253377,market_country_mapping,CSV blank; source TargetMarketCountryCode=276; lowercase targetMarketCountryCode is empty,1162,Edelbitter Schokolade 80G
04104420253377,nutrition_basis_lost_100g,Source basis 100 GRM omitted from CSV,1162,Edelbitter Schokolade 80G
00000042400707,brand_mapping,Exported description as brand: 'Haselnuss Knacker 100G'; source TIDBrandName='Alnatura',1163,Haselnuss Knacker 100G
00000042400707,market_country_mapping,CSV blank; source TargetMarketCountryCode=276; lowercase targetMarketCountryCode is empty,1163,Haselnuss Knacker 100G
00000042400707,nutrition_basis_lost_100g,Source basis 100 GRM omitted from CSV,1163,Haselnuss Knacker 100G
04104420253445,brand_mapping,Exported description as brand: 'Abendbrei Hafer-Dinkel 190g'; source TIDBrandName='Alnatura',1164,Abendbrei Hafer-Dinkel 190g
04104420253445,market_country_mapping,CSV blank; source TargetMarketCountryCode=276; lowercase targetMarketCountryCode is empty,1164,Abendbrei Hafer-Dinkel 190g
04104420253445,nutrition_basis_lost_100g,Source basis 100 GRM omitted from CSV,1164,Abendbrei Hafer-Dinkel 190g
04104420253445,secondary_serving_size_lost,{'servingSizeValue.1': '190'},1164,Abendbrei Hafer-Dinkel 190g
04104420254862,brand_mapping,Exported description as brand: 'Weidemilch Buttermilch 1000G'; source TIDBrandName='Alnatura',1165,Weidemilch Buttermilch 1000G
04104420254862,market_country_mapping,CSV blank; source TargetMarketCountryCode=276; lowercase targetMarketCountryCode is empty,1165,Weidemilch Buttermilch 1000G
04104420254862,nutrition_basis_lost_100g,Source basis 100 GRM omitted from CSV,1165,Weidemilch Buttermilch 1000G
04104420254862,less_than_qualifier_lost,"FIBTG < 0.5 GRM, slot .4, group preparationState; CSV has no qualifier",1165,Weidemilch Buttermilch 1000G
04104420254077,brand_mapping,Exported description as brand: 'Berglinsen 400G'; source TIDBrandName='Alnatura',1166,Berglinsen 400G
04104420254077,market_country_mapping,CSV blank; source TargetMarketCountryCode=276; lowercase targetMarketCountryCode is empty,1166,Berglinsen 400G
04104420254077,nutrition_basis_lost_100g,Source basis 100 GRM omitted from CSV,1166,Berglinsen 400G
04104420254107,brand_mapping,Exported description as brand: 'Rote Linsen 400G'; source TIDBrandName='Alnatura',1167,Rote Linsen 400G
04104420254107,market_country_mapping,CSV blank; source TargetMarketCountryCode=276; lowercase targetMarketCountryCode is empty,1167,Rote Linsen 400G
04104420254107,nutrition_basis_lost_100g,Source basis 100 GRM omitted from CSV,1167,Rote Linsen 400G
04104420252462,brand_mapping,Exported description as brand: 'Hummus frische Minze 150g'; source TIDBrandName='Alnatura',1168,Hummus frische Minze 150g
04104420252462,market_country_mapping,CSV blank; source TargetMarketCountryCode=276; lowercase targetMarketCountryCode is empty,1168,Hummus frische Minze 150g
04104420252462,nutrition_basis_lost_100g,Source basis 100 GRM omitted from CSV,1168,Hummus frische Minze 150g
04104420254183,brand_mapping,Exported description as brand: 'Sticks Rote Bete & Meersalz 100G'; source TIDBrandName='Alnatura',1169,Sticks Rote Bete & Meersalz 100G
04104420254183,market_country_mapping,CSV blank; source TargetMarketCountryCode=276; lowercase targetMarketCountryCode is empty,1169,Sticks Rote Bete & Meersalz 100G
04104420254183,nutrition_basis_lost_100g,Source basis 100 GRM omitted from CSV,1169,Sticks Rote Bete & Meersalz 100G
04104420253476,brand_mapping,Exported description as brand: 'Dinkel Butterkekse 125g'; source TIDBrandName='Alnatura',1170,Dinkel Butterkekse 125g
04104420253476,market_country_mapping,CSV blank; source TargetMarketCountryCode=276; lowercase targetMarketCountryCode is empty,1170,Dinkel Butterkekse 125g
04104420253476,nutrition_basis_lost_100g,Source basis 100 GRM omitted from CSV,1170,Dinkel Butterkekse 125g
04104420253476,less_than_qualifier_lost,"SALTEQ < 0.01 GRM, slot .15, group preparationState.1; CSV has no qualifier",1170,Dinkel Butterkekse 125g
04104420253476,secondary_serving_size_lost,{'servingSizeValue.1': '2.5'},1170,Dinkel Butterkekse 125g
04104420254411,brand_mapping,Exported description as brand: 'Knusper Gebäck 150G'; source TIDBrandName='Alnatura',1171,Knusper Gebäck 150G
04104420254411,market_country_mapping,CSV blank; source TargetMarketCountryCode=276; lowercase targetMarketCountryCode is empty,1171,Knusper Gebäck 150G
04104420254411,nutrition_basis_lost_100g,Source basis 100 GRM omitted from CSV,1171,Knusper Gebäck 150G
04104420255210,brand_mapping,Exported description as brand: 'Dinkelmehl Type 1050 1.000G'; source TIDBrandName='Alnatura',1172,Dinkelmehl Type 1050 1.000G
04104420255210,market_country_mapping,CSV blank; source TargetMarketCountryCode=276; lowercase targetMarketCountryCode is empty,1172,Dinkelmehl Type 1050 1.000G
04104420255210,nutrition_basis_lost_100g,Source basis 100 GRM omitted from CSV,1172,Dinkelmehl Type 1050 1.000G
04104420255210,less_than_qualifier_lost,"SALTEQ < 0.01 GRM, slot .6, group preparationState; CSV has no qualifier",1172,Dinkelmehl Type 1050 1.000G
04104420253896,brand_mapping,Exported description as brand: 'Abendbrei Grießbrei pur 190G'; source TIDBrandName='Alnatura',1173,Abendbrei Grießbrei pur 190G
04104420253896,market_country_mapping,CSV blank; source TargetMarketCountryCode=276; lowercase targetMarketCountryCode is empty,1173,Abendbrei Grießbrei pur 190G
04104420253896,nutrition_basis_lost_100g,Source basis 100 GRM omitted from CSV,1173,Abendbrei Grießbrei pur 190G
04104420253896,secondary_serving_size_lost,{'servingSizeValue.1': '190'},1173,Abendbrei Grießbrei pur 190G
04104420253926,brand_mapping,Exported description as brand: 'Abendbrei Mehrkornbrei 190G'; source TIDBrandName='Alnatura',1174,Abendbrei Mehrkornbrei 190G
04104420253926,market_country_mapping,CSV blank; source TargetMarketCountryCode=276; lowercase targetMarketCountryCode is empty,1174,Abendbrei Mehrkornbrei 190G
04104420253926,nutrition_basis_lost_100g,Source basis 100 GRM omitted from CSV,1174,Abendbrei Mehrkornbrei 190G
04104420253926,secondary_serving_size_lost,{'servingSizeValue.1': '190'},1174,Abendbrei Mehrkornbrei 190G
04104420255005,brand_mapping,Exported description as brand: 'Erdnuss-Dattel-Kakao Creme 250G'; source TIDBrandName='Alnatura',1175,Erdnuss-Dattel-Kakao Creme 250G
04104420255005,market_country_mapping,CSV blank; source TargetMarketCountryCode=276; lowercase targetMarketCountryCode is empty,1175,Erdnuss-Dattel-Kakao Creme 250G
04104420255005,nutrition_basis_lost_100g,Source basis 100 GRM omitted from CSV,1175,Erdnuss-Dattel-Kakao Creme 250G
04104420254626,brand_mapping,Exported description as brand: 'Haferflocken Feinblatt 1.000G'; source TIDBrandName='Alnatura',1176,Haferflocken Feinblatt 1.000G
04104420254626,market_country_mapping,CSV blank; source TargetMarketCountryCode=276; lowercase targetMarketCountryCode is empty,1176,Haferflocken Feinblatt 1.000G
04104420254626,nutrition_basis_lost_100g,Source basis 100 GRM omitted from CSV,1176,Haferflocken Feinblatt 1.000G
04104420254626,less_than_qualifier_lost,"SALTEQ < 0.01 GRM, slot .6, group preparationState; CSV has no qualifier",1176,Haferflocken Feinblatt 1.000G
04104420252882,brand_mapping,Exported description as brand: 'Gemüse m. Kartoffeln und Kokosmilch'; source TIDBrandName='Alnatura',1177,Gemüse m. Kartoffeln und Kokosmilch
04104420252882,market_country_mapping,CSV blank; source TargetMarketCountryCode=276; lowercase targetMarketCountryCode is empty,1177,Gemüse m. Kartoffeln und Kokosmilch
04104420252882,nutrition_basis_lost_100g,Source basis 100 GRM omitted from CSV,1177,Gemüse m. Kartoffeln und Kokosmilch
04104420252882,secondary_serving_size_lost,{'servingSizeValue.1': '250'},1177,Gemüse m. Kartoffeln und Kokosmilch
00000040045412,brand_mapping,Exported description as brand: 'Pesto Calabrese 120G'; source TIDBrandName='Alnatura',1178,Pesto Calabrese 120G
00000040045412,market_country_mapping,CSV blank; source TargetMarketCountryCode=276; lowercase targetMarketCountryCode is empty,1178,Pesto Calabrese 120G
00000040045412,nutrition_basis_lost_100g,Source basis 100 GRM omitted from CSV,1178,Pesto Calabrese 120G
04104420254220,brand_mapping,Exported description as brand: 'Sticks Thymian & Meersalz 100G'; source TIDBrandName='Alnatura',1179,Sticks Thymian & Meersalz 100G
04104420254220,market_country_mapping,CSV blank; source TargetMarketCountryCode=276; lowercase targetMarketCountryCode is empty,1179,Sticks Thymian & Meersalz 100G
04104420254220,nutrition_basis_lost_100g,Source basis 100 GRM omitted from CSV,1179,Sticks Thymian & Meersalz 100G
04104420254756,brand_mapping,Exported description as brand: 'Dinkel Crunchy 750G'; source TIDBrandName='Alnatura',1180,Dinkel Crunchy 750G
04104420254756,market_country_mapping,CSV blank; source TargetMarketCountryCode=276; lowercase targetMarketCountryCode is empty,1180,Dinkel Crunchy 750G
04104420254756,nutrition_basis_lost_100g,Source basis 100 GRM omitted from CSV,1180,Dinkel Crunchy 750G
04104420253087,brand_mapping,Exported description as brand: 'Apfel-Pfirsich mit 3-Korn 190g'; source TIDBrandName='Alnatura',1181,Apfel-Pfirsich mit 3-Korn 190g
04104420253087,market_country_mapping,CSV blank; source TargetMarketCountryCode=276; lowercase targetMarketCountryCode is empty,1181,Apfel-Pfirsich mit 3-Korn 190g
04104420253087,nutrition_basis_lost_100g,Source basis 100 GRM omitted from CSV,1181,Apfel-Pfirsich mit 3-Korn 190g
04104420253087,less_than_qualifier_lost,"SALTEQ < 0.01 GRM, slot .6, group preparationState; CSV has no qualifier",1181,Apfel-Pfirsich mit 3-Korn 190g
04104420255609,brand_mapping,"Exported description as brand: 'Johannisbeer Nektar 0,75L'; source TIDBrandName='Alnatura'",1182,"Johannisbeer Nektar 0,75L"
04104420255609,market_country_mapping,CSV blank; source TargetMarketCountryCode=276; lowercase targetMarketCountryCode is empty,1182,"Johannisbeer Nektar 0,75L"
04104420255609,less_than_qualifier_lost,"FAT < 0.5 GRM, slot .2, group preparationState; CSV has no qualifier",1182,"Johannisbeer Nektar 0,75L"
04104420255609,less_than_qualifier_lost,"FIBTG < 0.5 GRM, slot .3, group preparationState; CSV has no qualifier",1182,"Johannisbeer Nektar 0,75L"
04104420255609,less_than_qualifier_lost,"PRO- < 0.5 GRM, slot .4, group preparationState; CSV has no qualifier",1182,"Johannisbeer Nektar 0,75L"
04104420255609,less_than_qualifier_lost,"FASAT < 0.1 GRM, slot .5, group preparationState; CSV has no qualifier",1182,"Johannisbeer Nektar 0,75L"
04104420255609,less_than_qualifier_lost,"SALTEQ < 0.01 GRM, slot .6, group preparationState; CSV has no qualifier",1182,"Johannisbeer Nektar 0,75L"
04104420254688,brand_mapping,Exported description as brand: 'Erdnussflips Linse & Kichererbse 75G'; source TIDBrandName='Alnatura',1183,Erdnussflips Linse & Kichererbse 75G
04104420254688,market_country_mapping,CSV blank; source TargetMarketCountryCode=276; lowercase targetMarketCountryCode is empty,1183,Erdnussflips Linse & Kichererbse 75G
04104420254688,nutrition_basis_lost_100g,Source basis 100 GRM omitted from CSV,1183,Erdnussflips Linse & Kichererbse 75G
04104420255388,brand_mapping,Exported description as brand: 'Ingwer Shot 250ML'; source TIDBrandName='Alnatura',1184,Ingwer Shot 250ML
04104420255388,market_country_mapping,CSV blank; source TargetMarketCountryCode=276; lowercase targetMarketCountryCode is empty,1184,Ingwer Shot 250ML
04104420255388,less_than_qualifier_lost,"FAT < 0.5 GRM, slot .2, group preparationState; CSV has no qualifier",1184,Ingwer Shot 250ML
04104420255388,less_than_qualifier_lost,"FIBTG < 0.5 GRM, slot .3, group preparationState; CSV has no qualifier",1184,Ingwer Shot 250ML
04104420255388,less_than_qualifier_lost,"PRO- < 0.5 GRM, slot .4, group preparationState; CSV has no qualifier",1184,Ingwer Shot 250ML
04104420255388,less_than_qualifier_lost,"FASAT < 0.1 GRM, slot .5, group preparationState; CSV has no qualifier",1184,Ingwer Shot 250ML
04104420255388,less_than_qualifier_lost,"SALTEQ < 0.01 GRM, slot .6, group preparationState; CSV has no qualifier",1184,Ingwer Shot 250ML
04104420255340,brand_mapping,Exported description as brand: 'Kurkuma Shot 250ML'; source TIDBrandName='Alnatura',1185,Kurkuma Shot 250ML
04104420255340,market_country_mapping,CSV blank; source TargetMarketCountryCode=276; lowercase targetMarketCountryCode is empty,1185,Kurkuma Shot 250ML
04104420255340,less_than_qualifier_lost,"FAT < 0.5 GRM, slot .2, group preparationState; CSV has no qualifier",1185,Kurkuma Shot 250ML
04104420255340,less_than_qualifier_lost,"FIBTG < 0.5 GRM, slot .3, group preparationState; CSV has no qualifier",1185,Kurkuma Shot 250ML
04104420255340,less_than_qualifier_lost,"PRO- < 0.5 GRM, slot .4, group preparationState; CSV has no qualifier",1185,Kurkuma Shot 250ML
04104420255340,less_than_qualifier_lost,"FASAT < 0.1 GRM, slot .5, group preparationState; CSV has no qualifier",1185,Kurkuma Shot 250ML
04104420255340,less_than_qualifier_lost,"SALTEQ < 0.01 GRM, slot .6, group preparationState; CSV has no qualifier",1185,Kurkuma Shot 250ML
04104420255906,brand_mapping,Exported description as brand: 'Amaranth 500G'; source TIDBrandName='Alnatura',1186,Amaranth 500G
04104420255906,market_country_mapping,CSV blank; source TargetMarketCountryCode=276; lowercase targetMarketCountryCode is empty,1186,Amaranth 500G
04104420255906,nutrition_basis_lost_100g,Source basis 100 GRM omitted from CSV,1186,Amaranth 500G
04104420256149,brand_mapping,Exported description as brand: 'Junge Erbsen (TK) 450G'; source TIDBrandName='Alnatura',1187,Junge Erbsen (TK) 450G
04104420256149,market_country_mapping,CSV blank; source TargetMarketCountryCode=276; lowercase targetMarketCountryCode is empty,1187,Junge Erbsen (TK) 450G
04104420256149,nutrition_basis_lost_100g,Source basis 100 GRM omitted from CSV,1187,Junge Erbsen (TK) 450G
00000040045467,brand_mapping,Exported description as brand: 'Kartoffel Salat 400G'; source TIDBrandName='Alnatura',1188,Kartoffel Salat 400G
00000040045467,market_country_mapping,CSV blank; source TargetMarketCountryCode=276; lowercase targetMarketCountryCode is empty,1188,Kartoffel Salat 400G
00000040045467,nutrition_basis_lost_100g,Source basis 100 GRM omitted from CSV,1188,Kartoffel Salat 400G
04104420255531,brand_mapping,Exported description as brand: 'Blaumohn 200G'; source TIDBrandName='Alnatura',1189,Blaumohn 200G
04104420255531,market_country_mapping,CSV blank; source TargetMarketCountryCode=276; lowercase targetMarketCountryCode is empty,1189,Blaumohn 200G
04104420255531,nutrition_basis_lost_100g,Source basis 100 GRM omitted from CSV,1189,Blaumohn 200G
04104420255531,less_than_qualifier_lost,"SUGAR- < 0.5 GRM, slot .5, group preparationState; CSV has no qualifier",1189,Blaumohn 200G
04104420256712,brand_mapping,Exported description as brand: 'Linseneintopf 400G'; source TIDBrandName='Alnatura',1190,Linseneintopf 400G
04104420256712,market_country_mapping,CSV blank; source TargetMarketCountryCode=276; lowercase targetMarketCountryCode is empty,1190,Linseneintopf 400G
04104420256712,nutrition_basis_lost_100g,Source basis 100 GRM omitted from CSV,1190,Linseneintopf 400G
04104420256712,less_than_qualifier_lost,"FASAT < 0.1 GRM, slot .6, group preparationState; CSV has no qualifier",1190,Linseneintopf 400G
04104420250383,brand_mapping,"Exported description as brand: 'Frische Kuh&Kalb Heumilch 3,8% 1L V'; source TIDBrandName='Alnatura'",1191,"Frische Kuh&Kalb Heumilch 3,8% 1L V"
04104420250383,market_country_mapping,CSV blank; source TargetMarketCountryCode=276; lowercase targetMarketCountryCode is empty,1191,"Frische Kuh&Kalb Heumilch 3,8% 1L V"
04104420250383,less_than_qualifier_lost,"FIBTG < 0.5 GRM, slot .5, group preparationState; CSV has no qualifier",1191,"Frische Kuh&Kalb Heumilch 3,8% 1L V"
00000040045474,brand_mapping,Exported description as brand: 'Farmer Salat 200G'; source TIDBrandName='Alnatura',1192,Farmer Salat 200G
00000040045474,market_country_mapping,CSV blank; source TargetMarketCountryCode=276; lowercase targetMarketCountryCode is empty,1192,Farmer Salat 200G
00000040045474,nutrition_basis_lost_100g,Source basis 100 GRM omitted from CSV,1192,Farmer Salat 200G
04104420255296,brand_mapping,Exported description as brand: 'Dinkel gepufft ungesüßt 170G'; source TIDBrandName='Alnatura',1193,Dinkel gepufft ungesüßt 170G
04104420255296,market_country_mapping,CSV blank; source TargetMarketCountryCode=276; lowercase targetMarketCountryCode is empty,1193,Dinkel gepufft ungesüßt 170G
04104420255296,nutrition_basis_lost_100g,Source basis 100 GRM omitted from CSV,1193,Dinkel gepufft ungesüßt 170G
04104420255296,less_than_qualifier_lost,"SALTEQ < 0.01 GRM, slot .6, group preparationState; CSV has no qualifier",1193,Dinkel gepufft ungesüßt 170G
04104420255227,brand_mapping,Exported description as brand: 'Weizenvollkornmehl 1.000G'; source TIDBrandName='Alnatura',1194,Weizenvollkornmehl 1.000G
04104420255227,market_country_mapping,CSV blank; source TargetMarketCountryCode=276; lowercase targetMarketCountryCode is empty,1194,Weizenvollkornmehl 1.000G
04104420255227,nutrition_basis_lost_100g,Source basis 100 GRM omitted from CSV,1194,Weizenvollkornmehl 1.000G
04104420255227,less_than_qualifier_lost,"SALTEQ < 0.01 GRM, slot .6, group preparationState; CSV has no qualifier",1194,Weizenvollkornmehl 1.000G
04104420255562,brand_mapping,Exported description as brand: 'Maiswaffel natur 110G'; source TIDBrandName='Alnatura',1195,Maiswaffel natur 110G
04104420255562,market_country_mapping,CSV blank; source TargetMarketCountryCode=276; lowercase targetMarketCountryCode is empty,1195,Maiswaffel natur 110G
04104420255562,nutrition_basis_lost_100g,Source basis 100 GRM omitted from CSV,1195,Maiswaffel natur 110G
04104420255562,less_than_qualifier_lost,"FASAT < 0.5 GRM, slot .4, group preparationState; CSV has no qualifier",1195,Maiswaffel natur 110G
04104420255562,less_than_qualifier_lost,"SALTEQ < 0.01 GRM, slot .6, group preparationState; CSV has no qualifier",1195,Maiswaffel natur 110G
04104420256637,brand_mapping,Exported description as brand: 'Weizenmehl Type 550 1.000G'; source TIDBrandName='Alnatura',1196,Weizenmehl Type 550 1.000G
04104420256637,market_country_mapping,CSV blank; source TargetMarketCountryCode=276; lowercase targetMarketCountryCode is empty,1196,Weizenmehl Type 550 1.000G
04104420256637,nutrition_basis_lost_100g,Source basis 100 GRM omitted from CSV,1196,Weizenmehl Type 550 1.000G
04104420256637,less_than_qualifier_lost,"SALTEQ < 0.01 GRM, slot .6, group preparationState; CSV has no qualifier",1196,Weizenmehl Type 550 1.000G
04104420256675,brand_mapping,Exported description as brand: 'Dinkelmehl Type 630 1.000G'; source TIDBrandName='Alnatura',1197,Dinkelmehl Type 630 1.000G
04104420256675,market_country_mapping,CSV blank; source TargetMarketCountryCode=276; lowercase targetMarketCountryCode is empty,1197,Dinkelmehl Type 630 1.000G
04104420256675,nutrition_basis_lost_100g,Source basis 100 GRM omitted from CSV,1197,Dinkelmehl Type 630 1.000G
04104420256675,less_than_qualifier_lost,"SALTEQ < 0.01 GRM, slot .6, group preparationState; CSV has no qualifier",1197,Dinkelmehl Type 630 1.000G
04104420255838,brand_mapping,Exported description as brand: 'Dinkel wie Reis 400G'; source TIDBrandName='Alnatura',1198,Dinkel wie Reis 400G
04104420255838,market_country_mapping,CSV blank; source TargetMarketCountryCode=276; lowercase targetMarketCountryCode is empty,1198,Dinkel wie Reis 400G
04104420255838,nutrition_basis_lost_100g,Source basis 100 GRM omitted from CSV,1198,Dinkel wie Reis 400G
04104420255838,less_than_qualifier_lost,"SUGAR- < 0.5 GRM, slot .4, group preparationState; CSV has no qualifier",1198,Dinkel wie Reis 400G
04104420255838,less_than_qualifier_lost,"SALTEQ < 0.01 GRM, slot .6, group preparationState; CSV has no qualifier",1198,Dinkel wie Reis 400G
04104420257641,brand_mapping,Exported description as brand: 'Cornichons 330G'; source TIDBrandName='Alnatura',1199,Cornichons 330G
04104420257641,market_country_mapping,CSV blank; source TargetMarketCountryCode=276; lowercase targetMarketCountryCode is empty,1199,Cornichons 330G
04104420257641,nutrition_basis_lost_100g,Source basis 100 GRM omitted from CSV,1199,Cornichons 330G
04104420257641,less_than_qualifier_lost,"FAT < 0.5 GRM, slot .4, group preparationState; CSV has no qualifier",1199,Cornichons 330G
04104420257641,less_than_qualifier_lost,"FIBTG < 0.5 GRM, slot .5, group preparationState; CSV has no qualifier",1199,Cornichons 330G
04104420257603,brand_mapping,Exported description as brand: 'Gewürzgurken 670G'; source TIDBrandName='Alnatura',1200,Gewürzgurken 670G
04104420257603,market_country_mapping,CSV blank; source TargetMarketCountryCode=276; lowercase targetMarketCountryCode is empty,1200,Gewürzgurken 670G
04104420257603,nutrition_basis_lost_100g,Source basis 100 GRM omitted from CSV,1200,Gewürzgurken 670G
04104420257603,less_than_qualifier_lost,"FAT < 0.5 GRM, slot .5, group preparationState; CSV has no qualifier",1200,Gewürzgurken 670G
04104420257603,less_than_qualifier_lost,"FASAT < 0.1 GRM, slot .6, group preparationState; CSV has no qualifier",1200,Gewürzgurken 670G
04104420256262,brand_mapping,Exported description as brand: 'Jasmin Reis 500G'; source TIDBrandName='Alnatura',1201,Jasmin Reis 500G
04104420256262,market_country_mapping,CSV blank; source TargetMarketCountryCode=276; lowercase targetMarketCountryCode is empty,1201,Jasmin Reis 500G
04104420256262,nutrition_basis_lost_100g,Source basis 100 GRM omitted from CSV,1201,Jasmin Reis 500G
04104420256262,less_than_qualifier_lost,"SUGAR- < 0.5 GRM, slot .4, group preparationState; CSV has no qualifier",1201,Jasmin Reis 500G
04104420256262,less_than_qualifier_lost,"FASAT < 0.1 GRM, slot .5, group preparationState; CSV has no qualifier",1201,Jasmin Reis 500G
04104420254930,brand_mapping,Exported description as brand: 'Schoko Maiswaffeln ZB 65G'; source TIDBrandName='Alnatura',1202,Schoko Maiswaffeln ZB 65G
04104420254930,market_country_mapping,CSV blank; source TargetMarketCountryCode=276; lowercase targetMarketCountryCode is empty,1202,Schoko Maiswaffeln ZB 65G
04104420254930,nutrition_basis_lost_100g,Source basis 100 GRM omitted from CSV,1202,Schoko Maiswaffeln ZB 65G
04104420254930,less_than_qualifier_lost,"SALTEQ < 0.01 GRM, slot .6, group preparationState; CSV has no qualifier",1202,Schoko Maiswaffeln ZB 65G
04104420254893,brand_mapping,Exported description as brand: 'Schoko Maiswaffeln VM 65G'; source TIDBrandName='Alnatura',1203,Schoko Maiswaffeln VM 65G
04104420254893,market_country_mapping,CSV blank; source TargetMarketCountryCode=276; lowercase targetMarketCountryCode is empty,1203,Schoko Maiswaffeln VM 65G
04104420254893,nutrition_basis_lost_100g,Source basis 100 GRM omitted from CSV,1203,Schoko Maiswaffeln VM 65G
04104420256569,brand_mapping,Exported description as brand: 'Hafer&Frucht Apfel-Erdbeere 138G'; source TIDBrandName='Alnatura',1204,Hafer&Frucht Apfel-Erdbeere 138G
04104420256569,market_country_mapping,CSV blank; source TargetMarketCountryCode=276; lowercase targetMarketCountryCode is empty,1204,Hafer&Frucht Apfel-Erdbeere 138G
04104420256569,nutrition_basis_lost_100g,Source basis 100 GRM omitted from CSV,1204,Hafer&Frucht Apfel-Erdbeere 138G
04104420256569,secondary_serving_size_lost,{'servingSizeValue.1': '23'},1204,Hafer&Frucht Apfel-Erdbeere 138G
04104420257016,brand_mapping,Exported description as brand: 'Rinder Bratwürstchen 160G'; source TIDBrandName='Alnatura',1205,Rinder Bratwürstchen 160G
04104420257016,market_country_mapping,CSV blank; source TargetMarketCountryCode=276; lowercase targetMarketCountryCode is empty,1205,Rinder Bratwürstchen 160G
04104420257016,nutrition_basis_lost_100g,Source basis 100 GRM omitted from CSV,1205,Rinder Bratwürstchen 160G
04104420257078,brand_mapping,Exported description as brand: 'Wiener Würstchen Rind 200G'; source TIDBrandName='Alnatura',1206,Wiener Würstchen Rind 200G
04104420257078,market_country_mapping,CSV blank; source TargetMarketCountryCode=276; lowercase targetMarketCountryCode is empty,1206,Wiener Würstchen Rind 200G
04104420257078,nutrition_basis_lost_100g,Source basis 100 GRM omitted from CSV,1206,Wiener Würstchen Rind 200G
04104420257078,less_than_qualifier_lost,"SUGAR- < 0.5 GRM, slot .6, group preparationState; CSV has no qualifier",1206,Wiener Würstchen Rind 200G
04104420257047,brand_mapping,Exported description as brand: 'Rindersalami 160G'; source TIDBrandName='Alnatura',1207,Rindersalami 160G
04104420257047,market_country_mapping,CSV blank; source TargetMarketCountryCode=276; lowercase targetMarketCountryCode is empty,1207,Rindersalami 160G
04104420257047,nutrition_basis_lost_100g,Source basis 100 GRM omitted from CSV,1207,Rindersalami 160G
04104420257047,less_than_qualifier_lost,"SUGAR- < 0.5 GRM, slot .4, group preparationState; CSV has no qualifier",1207,Rindersalami 160G
04104420257047,less_than_qualifier_lost,"CHOAVL < 0.5 GRM, slot .5, group preparationState; CSV has no qualifier",1207,Rindersalami 160G
04104420257047,less_than_qualifier_lost,"FIBTG < 0.5 GRM, slot .6, group preparationState; CSV has no qualifier",1207,Rindersalami 160G
04104420256750,brand_mapping,Exported description as brand: 'Erbseneintopf vegetarisch 400G'; source TIDBrandName='Alnatura',1208,Erbseneintopf vegetarisch 400G
04104420256750,market_country_mapping,CSV blank; source TargetMarketCountryCode=276; lowercase targetMarketCountryCode is empty,1208,Erbseneintopf vegetarisch 400G
04104420256750,nutrition_basis_lost_100g,Source basis 100 GRM omitted from CSV,1208,Erbseneintopf vegetarisch 400G
04104420256750,less_than_qualifier_lost,"FASAT < 0.1 GRM, slot .6, group preparationState; CSV has no qualifier",1208,Erbseneintopf vegetarisch 400G
04104420257344,brand_mapping,Exported description as brand: 'Pesto Rosso 130G'; source TIDBrandName='Alnatura',1209,Pesto Rosso 130G
04104420257344,market_country_mapping,CSV blank; source TargetMarketCountryCode=276; lowercase targetMarketCountryCode is empty,1209,Pesto Rosso 130G
04104420257344,nutrition_basis_lost_100g,Source basis 100 GRM omitted from CSV,1209,Pesto Rosso 130G
04104420256989,brand_mapping,Exported description as brand: 'Gemüseaufstrich Antipasti Feta 135G'; source TIDBrandName='Alnatura',1210,Gemüseaufstrich Antipasti Feta 135G
04104420256989,market_country_mapping,CSV blank; source TargetMarketCountryCode=276; lowercase targetMarketCountryCode is empty,1210,Gemüseaufstrich Antipasti Feta 135G
04104420256989,nutrition_basis_lost_100g,Source basis 100 GRM omitted from CSV,1210,Gemüseaufstrich Antipasti Feta 135G
04104420256958,brand_mapping,Exported description as brand: 'Gemüseaufstrich Aubergine Bergkäse'; source TIDBrandName='Alnatura',1211,Gemüseaufstrich Aubergine Bergkäse
04104420256958,market_country_mapping,CSV blank; source TargetMarketCountryCode=276; lowercase targetMarketCountryCode is empty,1211,Gemüseaufstrich Aubergine Bergkäse
04104420256958,nutrition_basis_lost_100g,Source basis 100 GRM omitted from CSV,1211,Gemüseaufstrich Aubergine Bergkäse
04104420256019,brand_mapping,Exported description as brand: 'Hafer Riegel Erdbeere 60G'; source TIDBrandName='Alnatura',1212,Hafer Riegel Erdbeere 60G
04104420256019,market_country_mapping,CSV blank; source TargetMarketCountryCode=276; lowercase targetMarketCountryCode is empty,1212,Hafer Riegel Erdbeere 60G
04104420256019,nutrition_basis_lost_100g,Source basis 100 GRM omitted from CSV,1212,Hafer Riegel Erdbeere 60G
04104420257740,brand_mapping,"Exported description as brand: 'Weide Jog. Stracc. 3,8% 500G Voll'; source TIDBrandName='Alnatura'",1213,"Weide Jog. Stracc. 3,8% 500G Voll"
04104420257740,market_country_mapping,CSV blank; source TargetMarketCountryCode=276; lowercase targetMarketCountryCode is empty,1213,"Weide Jog. Stracc. 3,8% 500G Voll"
04104420257740,nutrition_basis_lost_100g,Source basis 100 GRM omitted from CSV,1213,"Weide Jog. Stracc. 3,8% 500G Voll"
04104420257740,less_than_qualifier_lost,"FIBTG < 0.5 GRM, slot .5, group preparationState; CSV has no qualifier",1213,"Weide Jog. Stracc. 3,8% 500G Voll"
04104420257832,brand_mapping,Exported description as brand: 'Weidemilch Sahnejoghurt griech. Art'; source TIDBrandName='Alnatura',1214,Weidemilch Sahnejoghurt griech. Art
04104420257832,market_country_mapping,CSV blank; source TargetMarketCountryCode=276; lowercase targetMarketCountryCode is empty,1214,Weidemilch Sahnejoghurt griech. Art
04104420257832,nutrition_basis_lost_100g,Source basis 100 GRM omitted from CSV,1214,Weidemilch Sahnejoghurt griech. Art
04104420257832,less_than_qualifier_lost,"FIBTG < 0.5 GRM, slot .5, group preparationState; CSV has no qualifier",1214,Weidemilch Sahnejoghurt griech. Art
04104420257993,brand_mapping,Exported description as brand: 'Mais-Amaranth Waffeln Rosmarin 115G'; source TIDBrandName='Alnatura',1215,Mais-Amaranth Waffeln Rosmarin 115G
04104420257993,market_country_mapping,CSV blank; source TargetMarketCountryCode=276; lowercase targetMarketCountryCode is empty,1215,Mais-Amaranth Waffeln Rosmarin 115G
04104420257993,nutrition_basis_lost_100g,Source basis 100 GRM omitted from CSV,1215,Mais-Amaranth Waffeln Rosmarin 115G
00000040045498,brand_mapping,Exported description as brand: 'Bourbon Vanillezucker (3x8g) 24G'; source TIDBrandName='Alnatura',1216,Bourbon Vanillezucker (3x8g) 24G
00000040045498,market_country_mapping,CSV blank; source TargetMarketCountryCode=276; lowercase targetMarketCountryCode is empty,1216,Bourbon Vanillezucker (3x8g) 24G
00000040045498,nutrition_basis_lost_100g,Source basis 100 GRM omitted from CSV,1216,Bourbon Vanillezucker (3x8g) 24G
00000040045498,less_than_qualifier_lost,"PRO- < 0.5 GRM, slot .3, group preparationState; CSV has no qualifier",1216,Bourbon Vanillezucker (3x8g) 24G
00000040045498,less_than_qualifier_lost,"FAT < 0.5 GRM, slot .4, group preparationState; CSV has no qualifier",1216,Bourbon Vanillezucker (3x8g) 24G
00000040045498,less_than_qualifier_lost,"FASAT < 0.1 GRM, slot .5, group preparationState; CSV has no qualifier",1216,Bourbon Vanillezucker (3x8g) 24G
00000040045498,less_than_qualifier_lost,"SALTEQ < 0.01 GRM, slot .6, group preparationState; CSV has no qualifier",1216,Bourbon Vanillezucker (3x8g) 24G
04104420256910,brand_mapping,Exported description as brand: 'Gemüseravioli 400G'; source TIDBrandName='Alnatura',1217,Gemüseravioli 400G
04104420256910,market_country_mapping,CSV blank; source TargetMarketCountryCode=276; lowercase targetMarketCountryCode is empty,1217,Gemüseravioli 400G
04104420256910,nutrition_basis_lost_100g,Source basis 100 GRM omitted from CSV,1217,Gemüseravioli 400G
04104420256910,less_than_qualifier_lost,"FASAT < 0.1 GRM, slot .6, group preparationState; CSV has no qualifier",1217,Gemüseravioli 400G
04104420253827,brand_mapping,Exported description as brand: 'Müsli Riegel Schoko 150G'; source TIDBrandName='Alnatura',1218,Müsli Riegel Schoko 150G
04104420253827,market_country_mapping,CSV blank; source TargetMarketCountryCode=276; lowercase targetMarketCountryCode is empty,1218,Müsli Riegel Schoko 150G
04104420253827,nutrition_basis_lost_100g,Source basis 100 GRM omitted from CSV,1218,Müsli Riegel Schoko 150G
04104420253827,secondary_serving_size_lost,{'servingSizeValue.1': '25'},1218,Müsli Riegel Schoko 150G
04104420256071,brand_mapping,Exported description as brand: 'Kindereis Vanille Schoko (TK) 4 St'; source TIDBrandName='Alnatura',1219,Kindereis Vanille Schoko (TK) 4 St
04104420256071,market_country_mapping,CSV blank; source TargetMarketCountryCode=276; lowercase targetMarketCountryCode is empty,1219,Kindereis Vanille Schoko (TK) 4 St
04104420256071,nutrition_basis_lost_100g,Source basis 100 GRM omitted from CSV,1219,Kindereis Vanille Schoko (TK) 4 St
04104420256071,less_than_qualifier_lost,"FIBTG < 0.5 GRM, slot .14, group preparationState.1; CSV has no qualifier",1219,Kindereis Vanille Schoko (TK) 4 St
04104420256606,brand_mapping,Exported description as brand: 'Kindereis Vanille Schoko (TK) 1 St'; source TIDBrandName='Alnatura',1220,Kindereis Vanille Schoko (TK) 1 St
04104420256606,market_country_mapping,CSV blank; source TargetMarketCountryCode=276; lowercase targetMarketCountryCode is empty,1220,Kindereis Vanille Schoko (TK) 1 St
04104420256606,less_than_qualifier_lost,"FIBTG < 0.5 GRM, slot .5, group preparationState; CSV has no qualifier",1220,Kindereis Vanille Schoko (TK) 1 St
04104420256606,less_than_qualifier_lost,"FIBTG < 0.5 GRM, slot .14, group preparationState.1; CSV has no qualifier",1220,Kindereis Vanille Schoko (TK) 1 St
04104420256606,secondary_serving_size_lost,{'servingSizeValue.1': '65'},1220,Kindereis Vanille Schoko (TK) 1 St
04104420257863,brand_mapping,Exported description as brand: 'Erdnuss Sauce 325ML'; source TIDBrandName='Alnatura',1221,Erdnuss Sauce 325ML
04104420257863,market_country_mapping,CSV blank; source TargetMarketCountryCode=276; lowercase targetMarketCountryCode is empty,1221,Erdnuss Sauce 325ML
04104420257863,nutrition_basis_lost_100g,Source basis 100 GRM omitted from CSV,1221,Erdnuss Sauce 325ML
04104420257528,brand_mapping,Exported description as brand: 'Farfalle 500G'; source TIDBrandName='Alnatura',1222,Farfalle 500G
04104420257528,market_country_mapping,CSV blank; source TargetMarketCountryCode=276; lowercase targetMarketCountryCode is empty,1222,Farfalle 500G
04104420257528,nutrition_basis_lost_100g,Source basis 100 GRM omitted from CSV,1222,Farfalle 500G
04104420257528,less_than_qualifier_lost,"SALTEQ < 0.01 GRM, slot .6, group preparationState; CSV has no qualifier",1222,Farfalle 500G
04104420257146,brand_mapping,Exported description as brand: 'Hafer Crunchy 750G'; source TIDBrandName='Alnatura',1223,Hafer Crunchy 750G
04104420257146,market_country_mapping,CSV blank; source TargetMarketCountryCode=276; lowercase targetMarketCountryCode is empty,1223,Hafer Crunchy 750G
04104420257146,nutrition_basis_lost_100g,Source basis 100 GRM omitted from CSV,1223,Hafer Crunchy 750G
04104420258501,brand_mapping,Exported description as brand: 'Schoko-Nuss 250G'; source TIDBrandName='Alnatura',1224,Schoko-Nuss 250G
04104420258501,market_country_mapping,CSV blank; source TargetMarketCountryCode=276; lowercase targetMarketCountryCode is empty,1224,Schoko-Nuss 250G
04104420258501,nutrition_basis_lost_100g,Source basis 100 GRM omitted from CSV,1224,Schoko-Nuss 250G
04104420258808,brand_mapping,Exported description as brand: '*Winter Dattel Konfekt Lebkucheng.'; source TIDBrandName='Alnatura',1225,*Winter Dattel Konfekt Lebkucheng.
04104420258808,market_country_mapping,CSV blank; source TargetMarketCountryCode=276; lowercase targetMarketCountryCode is empty,1225,*Winter Dattel Konfekt Lebkucheng.
04104420258808,nutrition_basis_lost_100g,Source basis 100 GRM omitted from CSV,1225,*Winter Dattel Konfekt Lebkucheng.
04104420259324,brand_mapping,Exported description as brand: '*Schoko Zimt Mandeln 100G*'; source TIDBrandName='Alnatura',1226,*Schoko Zimt Mandeln 100G*
04104420259324,market_country_mapping,CSV blank; source TargetMarketCountryCode=276; lowercase targetMarketCountryCode is empty,1226,*Schoko Zimt Mandeln 100G*
04104420259324,nutrition_basis_lost_100g,Source basis 100 GRM omitted from CSV,1226,*Schoko Zimt Mandeln 100G*
04104420259294,brand_mapping,Exported description as brand: '*Nougat Cashews 90G*'; source TIDBrandName='Alnatura',1227,*Nougat Cashews 90G*
04104420259294,market_country_mapping,CSV blank; source TargetMarketCountryCode=276; lowercase targetMarketCountryCode is empty,1227,*Nougat Cashews 90G*
04104420259294,nutrition_basis_lost_100g,Source basis 100 GRM omitted from CSV,1227,*Nougat Cashews 90G*
04104420257221,brand_mapping,Exported description as brand: 'Nuss Hafer Crunchy 375g'; source TIDBrandName='Alnatura',1228,Nuss Hafer Crunchy 375g
04104420257221,market_country_mapping,CSV blank; source TargetMarketCountryCode=276; lowercase targetMarketCountryCode is empty,1228,Nuss Hafer Crunchy 375g
04104420257221,nutrition_basis_lost_100g,Source basis 100 GRM omitted from CSV,1228,Nuss Hafer Crunchy 375g
04104420256040,brand_mapping,Exported description as brand: 'Apfelmark m. Aprikose 360G'; source TIDBrandName='Alnatura',1229,Apfelmark m. Aprikose 360G
04104420256040,market_country_mapping,CSV blank; source TargetMarketCountryCode=276; lowercase targetMarketCountryCode is empty,1229,Apfelmark m. Aprikose 360G
04104420256040,nutrition_basis_lost_100g,Source basis 100 GRM omitted from CSV,1229,Apfelmark m. Aprikose 360G
04104420256040,less_than_qualifier_lost,"PRO- < 0.5 GRM, slot .3, group preparationState; CSV has no qualifier",1229,Apfelmark m. Aprikose 360G
04104420256040,less_than_qualifier_lost,"FAT < 0.5 GRM, slot .4, group preparationState; CSV has no qualifier",1229,Apfelmark m. Aprikose 360G
04104420256040,less_than_qualifier_lost,"FASAT < 0.1 GRM, slot .5, group preparationState; CSV has no qualifier",1229,Apfelmark m. Aprikose 360G
04104420256040,less_than_qualifier_lost,"SALTEQ < 0.01 GRM, slot .6, group preparationState; CSV has no qualifier",1229,Apfelmark m. Aprikose 360G
04104420257108,brand_mapping,Exported description as brand: 'Dinkel Hafer Crunchy 375G'; source TIDBrandName='Alnatura',1230,Dinkel Hafer Crunchy 375G
04104420257108,market_country_mapping,CSV blank; source TargetMarketCountryCode=276; lowercase targetMarketCountryCode is empty,1230,Dinkel Hafer Crunchy 375G
04104420257108,nutrition_basis_lost_100g,Source basis 100 GRM omitted from CSV,1230,Dinkel Hafer Crunchy 375G
04104420257184,brand_mapping,Exported description as brand: 'Kokos Hafer Crunchy 375G'; source TIDBrandName='Alnatura',1231,Kokos Hafer Crunchy 375G
04104420257184,market_country_mapping,CSV blank; source TargetMarketCountryCode=276; lowercase targetMarketCountryCode is empty,1231,Kokos Hafer Crunchy 375G
04104420257184,nutrition_basis_lost_100g,Source basis 100 GRM omitted from CSV,1231,Kokos Hafer Crunchy 375G
04104420258105,brand_mapping,Exported description as brand: 'Hafer & Saaten Toastbrötchen 350G'; source TIDBrandName='Alnatura',1232,Hafer & Saaten Toastbrötchen 350G
04104420258105,market_country_mapping,CSV blank; source TargetMarketCountryCode=276; lowercase targetMarketCountryCode is empty,1232,Hafer & Saaten Toastbrötchen 350G
04104420258105,nutrition_basis_lost_100g,Source basis 100 GRM omitted from CSV,1232,Hafer & Saaten Toastbrötchen 350G
04104420258761,brand_mapping,Exported description as brand: 'Knusper Granola Beeren 350G'; source TIDBrandName='Alnatura',1233,Knusper Granola Beeren 350G
04104420258761,market_country_mapping,CSV blank; source TargetMarketCountryCode=276; lowercase targetMarketCountryCode is empty,1233,Knusper Granola Beeren 350G
04104420258761,nutrition_basis_lost_100g,Source basis 100 GRM omitted from CSV,1233,Knusper Granola Beeren 350G
04104420258723,brand_mapping,Exported description as brand: 'Knusper Granola Kerne & Saaten 350G'; source TIDBrandName='Alnatura',1234,Knusper Granola Kerne & Saaten 350G
04104420258723,market_country_mapping,CSV blank; source TargetMarketCountryCode=276; lowercase targetMarketCountryCode is empty,1234,Knusper Granola Kerne & Saaten 350G
04104420258723,nutrition_basis_lost_100g,Source basis 100 GRM omitted from CSV,1234,Knusper Granola Kerne & Saaten 350G
04104420257306,brand_mapping,Exported description as brand: 'Zartbitter Hafer Crunchy 375G'; source TIDBrandName='Alnatura',1235,Zartbitter Hafer Crunchy 375G
04104420257306,market_country_mapping,CSV blank; source TargetMarketCountryCode=276; lowercase targetMarketCountryCode is empty,1235,Zartbitter Hafer Crunchy 375G
04104420257306,nutrition_basis_lost_100g,Source basis 100 GRM omitted from CSV,1235,Zartbitter Hafer Crunchy 375G
04104420259393,brand_mapping,Exported description as brand: 'Maxi Müsli 1.000G'; source TIDBrandName='Alnatura',1236,Maxi Müsli 1.000G
04104420259393,market_country_mapping,CSV blank; source TargetMarketCountryCode=276; lowercase targetMarketCountryCode is empty,1236,Maxi Müsli 1.000G
04104420259393,nutrition_basis_lost_100g,Source basis 100 GRM omitted from CSV,1236,Maxi Müsli 1.000G
04104420259393,less_than_qualifier_lost,"SALTEQ < 0.01 GRM, slot .6, group preparationState; CSV has no qualifier",1236,Maxi Müsli 1.000G
04104420258433,brand_mapping,Exported description as brand: 'Mandelmus weiß 250G'; source TIDBrandName='Alnatura',1237,Mandelmus weiß 250G
04104420258433,market_country_mapping,CSV blank; source TargetMarketCountryCode=276; lowercase targetMarketCountryCode is empty,1237,Mandelmus weiß 250G
04104420258433,nutrition_basis_lost_100g,Source basis 100 GRM omitted from CSV,1237,Mandelmus weiß 250G
04104420258433,less_than_qualifier_lost,"SALTEQ < 0.01 GRM, slot .6, group preparationState; CSV has no qualifier",1237,Mandelmus weiß 250G
04104420259928,brand_mapping,Exported description as brand: '*Dominosteine 125G*'; source TIDBrandName='Alnatura',1238,*Dominosteine 125G*
04104420259928,market_country_mapping,CSV blank; source TargetMarketCountryCode=276; lowercase targetMarketCountryCode is empty,1238,*Dominosteine 125G*
04104420259928,nutrition_basis_lost_100g,Source basis 100 GRM omitted from CSV,1238,*Dominosteine 125G*
04104420258648,brand_mapping,Exported description as brand: 'Erdnussbutter Crunchy 250G'; source TIDBrandName='Alnatura',1239,Erdnussbutter Crunchy 250G
04104420258648,market_country_mapping,CSV blank; source TargetMarketCountryCode=276; lowercase targetMarketCountryCode is empty,1239,Erdnussbutter Crunchy 250G
04104420258648,nutrition_basis_lost_100g,Source basis 100 GRM omitted from CSV,1239,Erdnussbutter Crunchy 250G
04104420258532,brand_mapping,Exported description as brand: 'Kokos-Mandel-Creme 250G'; source TIDBrandName='Alnatura',1240,Kokos-Mandel-Creme 250G
04104420258532,market_country_mapping,CSV blank; source TargetMarketCountryCode=276; lowercase targetMarketCountryCode is empty,1240,Kokos-Mandel-Creme 250G
04104420258532,nutrition_basis_lost_100g,Source basis 100 GRM omitted from CSV,1240,Kokos-Mandel-Creme 250G
04104420258372,brand_mapping,Exported description as brand: 'Haselnuss-Nougat-Creme 250G'; source TIDBrandName='Alnatura',1241,Haselnuss-Nougat-Creme 250G
04104420258372,market_country_mapping,CSV blank; source TargetMarketCountryCode=276; lowercase targetMarketCountryCode is empty,1241,Haselnuss-Nougat-Creme 250G
04104420258372,nutrition_basis_lost_100g,Source basis 100 GRM omitted from CSV,1241,Haselnuss-Nougat-Creme 250G
04104420258372,less_than_qualifier_lost,"SALTEQ < 0.01 GRM, slot .6, group preparationState; CSV has no qualifier",1241,Haselnuss-Nougat-Creme 250G
04104420258600,brand_mapping,Exported description as brand: 'Gebrannte Mandel 225G'; source TIDBrandName='Alnatura',1242,Gebrannte Mandel 225G
04104420258600,market_country_mapping,CSV blank; source TargetMarketCountryCode=276; lowercase targetMarketCountryCode is empty,1242,Gebrannte Mandel 225G
04104420258600,nutrition_basis_lost_100g,Source basis 100 GRM omitted from CSV,1242,Gebrannte Mandel 225G
04104420204003,brand_mapping,Exported description as brand: 'Bruderhahn Eier 10er'; source TIDBrandName='Alnatura',1243,Bruderhahn Eier 10er
04104420204003,market_country_mapping,CSV blank; source TargetMarketCountryCode=276; lowercase targetMarketCountryCode is empty,1243,Bruderhahn Eier 10er
04104420203969,brand_mapping,Exported description as brand: 'Bruderhahn Eier 10er'; source TIDBrandName='Alnatura',1244,Bruderhahn Eier 10er
04104420203969,market_country_mapping,CSV blank; source TargetMarketCountryCode=276; lowercase targetMarketCountryCode is empty,1244,Bruderhahn Eier 10er
04104420215436,brand_mapping,Exported description as brand: 'Bruderhahn Eier 6er'; source TIDBrandName='Alnatura',1245,Bruderhahn Eier 6er
04104420215436,market_country_mapping,CSV blank; source TargetMarketCountryCode=276; lowercase targetMarketCountryCode is empty,1245,Bruderhahn Eier 6er
04104420258402,brand_mapping,Exported description as brand: 'Erdnussmus fein ohne Salz 250G'; source TIDBrandName='Alnatura',1246,Erdnussmus fein ohne Salz 250G
04104420258402,market_country_mapping,CSV blank; source TargetMarketCountryCode=276; lowercase targetMarketCountryCode is empty,1246,Erdnussmus fein ohne Salz 250G
04104420258402,nutrition_basis_lost_100g,Source basis 100 GRM omitted from CSV,1246,Erdnussmus fein ohne Salz 250G
04262366594005,brand_mapping,Exported description as brand: 'EPS 156-Pfandkiste Bruderhahn-Eier'; source TIDBrandName='Alnatura',1247,EPS 156-Pfandkiste Bruderhahn-Eier
04262366594005,market_country_mapping,CSV blank; source TargetMarketCountryCode=276; lowercase targetMarketCountryCode is empty,1247,EPS 156-Pfandkiste Bruderhahn-Eier
04104420257269,brand_mapping,Exported description as brand: 'Waldbeere Hafer Crunchy 375G'; source TIDBrandName='Alnatura',1248,Waldbeere Hafer Crunchy 375G
04104420257269,market_country_mapping,CSV blank; source TargetMarketCountryCode=276; lowercase targetMarketCountryCode is empty,1248,Waldbeere Hafer Crunchy 375G
04104420257269,nutrition_basis_lost_100g,Source basis 100 GRM omitted from CSV,1248,Waldbeere Hafer Crunchy 375G
04104420256873,brand_mapping,Exported description as brand: 'Knabber Eulen 100G'; source TIDBrandName='Alnatura',1249,Knabber Eulen 100G
04104420256873,market_country_mapping,CSV blank; source TargetMarketCountryCode=276; lowercase targetMarketCountryCode is empty,1249,Knabber Eulen 100G
04104420256873,nutrition_basis_lost_100g,Source basis 100 GRM omitted from CSV,1249,Knabber Eulen 100G
04104420258464,brand_mapping,Exported description as brand: 'Schoko-Nuss 500G'; source TIDBrandName='Alnatura',1250,Schoko-Nuss 500G
04104420258464,market_country_mapping,CSV blank; source TargetMarketCountryCode=276; lowercase targetMarketCountryCode is empty,1250,Schoko-Nuss 500G
04104420258464,nutrition_basis_lost_100g,Source basis 100 GRM omitted from CSV,1250,Schoko-Nuss 500G
04104420255944,brand_mapping,Exported description as brand: 'Kokos Snack pur 100G'; source TIDBrandName='Alnatura',1251,Kokos Snack pur 100G
04104420255944,market_country_mapping,CSV blank; source TargetMarketCountryCode=276; lowercase targetMarketCountryCode is empty,1251,Kokos Snack pur 100G
04104420255944,nutrition_basis_lost_100g,Source basis 100 GRM omitted from CSV,1251,Kokos Snack pur 100G
04104420258839,brand_mapping,Exported description as brand: 'Pistazienmus 180G'; source TIDBrandName='Alnatura',1252,Pistazienmus 180G
04104420258839,market_country_mapping,CSV blank; source TargetMarketCountryCode=276; lowercase targetMarketCountryCode is empty,1252,Pistazienmus 180G
04104420258839,nutrition_basis_lost_100g,Source basis 100 GRM omitted from CSV,1252,Pistazienmus 180G
04104420258839,less_than_qualifier_lost,"SALTEQ < 0.01 GRM, slot .6, group preparationState; CSV has no qualifier",1252,Pistazienmus 180G
04104420257801,brand_mapping,Exported description as brand: 'Reis Pfanne Asiatische Art 450G(TK)'; source TIDBrandName='Alnatura',1253,Reis Pfanne Asiatische Art 450G(TK)
04104420257801,market_country_mapping,CSV blank; source TargetMarketCountryCode=276; lowercase targetMarketCountryCode is empty,1253,Reis Pfanne Asiatische Art 450G(TK)
04104420257801,nutrition_basis_lost_100g,Source basis 100 GRM omitted from CSV,1253,Reis Pfanne Asiatische Art 450G(TK)
04104420257801,secondary_serving_size_lost,{'servingSizeValue.1': '450'},1253,Reis Pfanne Asiatische Art 450G(TK)
04104420257771,brand_mapping,Exported description as brand: 'Pasta Pfanne Tomate Spinat 450G(TK)'; source TIDBrandName='Alnatura',1254,Pasta Pfanne Tomate Spinat 450G(TK)
04104420257771,market_country_mapping,CSV blank; source TargetMarketCountryCode=276; lowercase targetMarketCountryCode is empty,1254,Pasta Pfanne Tomate Spinat 450G(TK)
04104420257771,nutrition_basis_lost_100g,Source basis 100 GRM omitted from CSV,1254,Pasta Pfanne Tomate Spinat 450G(TK)
04104420257771,secondary_serving_size_lost,{'servingSizeValue.1': '450'},1254,Pasta Pfanne Tomate Spinat 450G(TK)
04104420260696,brand_mapping,"Exported description as brand: 'Pfefferminz Tee Btl. 20x1,5g 30G'; source TIDBrandName='Alnatura'",1255,"Pfefferminz Tee Btl. 20x1,5g 30G"
04104420260696,market_country_mapping,CSV blank; source TargetMarketCountryCode=276; lowercase targetMarketCountryCode is empty,1255,"Pfefferminz Tee Btl. 20x1,5g 30G"
04104420260467,brand_mapping,Exported description as brand: 'Ingwersaft 200ML'; source TIDBrandName='Alnatura',1256,Ingwersaft 200ML
04104420260467,market_country_mapping,CSV blank; source TargetMarketCountryCode=276; lowercase targetMarketCountryCode is empty,1256,Ingwersaft 200ML
04104420260467,nutrition_basis_lost_100g,Source basis 100 GRM omitted from CSV,1256,Ingwersaft 200ML
04104420260467,less_than_qualifier_lost,"FAT < 0.5 GRM, slot .2, group preparationState; CSV has no qualifier",1256,Ingwersaft 200ML
04104420260467,less_than_qualifier_lost,"FIBTG < 0.5 GRM, slot .3, group preparationState; CSV has no qualifier",1256,Ingwersaft 200ML
04104420260467,less_than_qualifier_lost,"PRO- < 0.5 GRM, slot .4, group preparationState; CSV has no qualifier",1256,Ingwersaft 200ML
04104420260467,less_than_qualifier_lost,"FASAT < 0.1 GRM, slot .5, group preparationState; CSV has no qualifier",1256,Ingwersaft 200ML
04104420260467,less_than_qualifier_lost,"SALTEQ < 0.01 GRM, slot .6, group preparationState; CSV has no qualifier",1256,Ingwersaft 200ML
04260026019608,brand_mapping,Exported description as brand: 'EPS 186-Pfandkiste Bruderhahn-Eier'; source TIDBrandName='Alnatura',1257,EPS 186-Pfandkiste Bruderhahn-Eier
04260026019608,market_country_mapping,CSV blank; source TargetMarketCountryCode=276; lowercase targetMarketCountryCode is empty,1257,EPS 186-Pfandkiste Bruderhahn-Eier
00000040045481,brand_mapping,Exported description as brand: 'Pflanzliches Geliermittel 6G'; source TIDBrandName='Alnatura',1258,Pflanzliches Geliermittel 6G
00000040045481,market_country_mapping,CSV blank; source TargetMarketCountryCode=276; lowercase targetMarketCountryCode is empty,1258,Pflanzliches Geliermittel 6G
00000040045481,nutrition_basis_lost_100g,Source basis 100 GRM omitted from CSV,1258,Pflanzliches Geliermittel 6G
00000040045481,less_than_qualifier_lost,"FAT < 0.5 GRM, slot .2, group preparationState; CSV has no qualifier",1258,Pflanzliches Geliermittel 6G
00000040045481,less_than_qualifier_lost,"PRO- < 0.5 GRM, slot .3, group preparationState; CSV has no qualifier",1258,Pflanzliches Geliermittel 6G
00000040045481,less_than_qualifier_lost,"SUGAR- < 0.5 GRM, slot .4, group preparationState; CSV has no qualifier",1258,Pflanzliches Geliermittel 6G
00000040045481,less_than_qualifier_lost,"FASAT < 0.1 GRM, slot .6, group preparationState; CSV has no qualifier",1258,Pflanzliches Geliermittel 6G
04104420259690,brand_mapping,Exported description as brand: 'Fruchteis Mango 4 Stk 184ml (TK)'; source TIDBrandName='Alnatura',1259,Fruchteis Mango 4 Stk 184ml (TK)
04104420259690,market_country_mapping,CSV blank; source TargetMarketCountryCode=276; lowercase targetMarketCountryCode is empty,1259,Fruchteis Mango 4 Stk 184ml (TK)
04104420259690,nutrition_basis_lost_100g,Source basis 100 GRM omitted from CSV,1259,Fruchteis Mango 4 Stk 184ml (TK)
04104420259690,less_than_qualifier_lost,"PRO- < 0.5 GRM, slot .3, group preparationState; CSV has no qualifier",1259,Fruchteis Mango 4 Stk 184ml (TK)
04104420259690,less_than_qualifier_lost,"FAT < 0.5 GRM, slot .4, group preparationState; CSV has no qualifier",1259,Fruchteis Mango 4 Stk 184ml (TK)
04104420259690,less_than_qualifier_lost,"FASAT < 0.1 GRM, slot .5, group preparationState; CSV has no qualifier",1259,Fruchteis Mango 4 Stk 184ml (TK)
04104420259690,less_than_qualifier_lost,"SALTEQ < 0.01 GRM, slot .6, group preparationState; CSV has no qualifier",1259,Fruchteis Mango 4 Stk 184ml (TK)
04104420259690,less_than_qualifier_lost,"PRO- < 0.5 GRM, slot .12, group preparationState.1; CSV has no qualifier",1259,Fruchteis Mango 4 Stk 184ml (TK)
04104420259690,less_than_qualifier_lost,"FAT < 0.5 GRM, slot .13, group preparationState.1; CSV has no qualifier",1259,Fruchteis Mango 4 Stk 184ml (TK)
04104420259690,less_than_qualifier_lost,"FASAT < 0.1 GRM, slot .14, group preparationState.1; CSV has no qualifier",1259,Fruchteis Mango 4 Stk 184ml (TK)
04104420259690,less_than_qualifier_lost,"SALTEQ < 0.01 GRM, slot .15, group preparationState.1; CSV has no qualifier",1259,Fruchteis Mango 4 Stk 184ml (TK)
04104420259690,less_than_qualifier_lost,"PRO- < 0.5 GRM, slot .20, group preparationState.2; CSV has no qualifier",1259,Fruchteis Mango 4 Stk 184ml (TK)
04104420259690,less_than_qualifier_lost,"FAT < 0.5 GRM, slot .21, group preparationState.2; CSV has no qualifier",1259,Fruchteis Mango 4 Stk 184ml (TK)
04104420259690,less_than_qualifier_lost,"SALTEQ < 0.01 GRM, slot .23, group preparationState.2; CSV has no qualifier",1259,Fruchteis Mango 4 Stk 184ml (TK)
04104420259690,secondary_serving_size_lost,{'servingSizeValue.2': '49'},1259,Fruchteis Mango 4 Stk 184ml (TK)
04104420259751,brand_mapping,Exported description as brand: 'Fruchteis Himb. 4 Stk 184ml (TK)'; source TIDBrandName='Alnatura',1260,Fruchteis Himb. 4 Stk 184ml (TK)
04104420259751,market_country_mapping,CSV blank; source TargetMarketCountryCode=276; lowercase targetMarketCountryCode is empty,1260,Fruchteis Himb. 4 Stk 184ml (TK)
04104420259751,nutrition_basis_lost_100g,Source basis 100 GRM omitted from CSV,1260,Fruchteis Himb. 4 Stk 184ml (TK)
04104420259751,less_than_qualifier_lost,"FAT < 0.5 GRM, slot .4, group preparationState; CSV has no qualifier",1260,Fruchteis Himb. 4 Stk 184ml (TK)
04104420259751,less_than_qualifier_lost,"FASAT < 0.1 GRM, slot .5, group preparationState; CSV has no qualifier",1260,Fruchteis Himb. 4 Stk 184ml (TK)
04104420259751,less_than_qualifier_lost,"SALTEQ < 0.01 GRM, slot .6, group preparationState; CSV has no qualifier",1260,Fruchteis Himb. 4 Stk 184ml (TK)
04104420259751,less_than_qualifier_lost,"FAT < 0.5 GRM, slot .13, group preparationState.1; CSV has no qualifier",1260,Fruchteis Himb. 4 Stk 184ml (TK)
04104420259751,less_than_qualifier_lost,"FASAT < 0.1 GRM, slot .14, group preparationState.1; CSV has no qualifier",1260,Fruchteis Himb. 4 Stk 184ml (TK)
04104420259751,less_than_qualifier_lost,"SALTEQ < 0.01 GRM, slot .15, group preparationState.1; CSV has no qualifier",1260,Fruchteis Himb. 4 Stk 184ml (TK)
04104420259751,less_than_qualifier_lost,"PRO- < 0.5 GRM, slot .20, group preparationState.2; CSV has no qualifier",1260,Fruchteis Himb. 4 Stk 184ml (TK)
04104420259751,less_than_qualifier_lost,"FAT < 0.5 GRM, slot .21, group preparationState.2; CSV has no qualifier",1260,Fruchteis Himb. 4 Stk 184ml (TK)
04104420259751,less_than_qualifier_lost,"FASAT < 0.1 GRM, slot .22, group preparationState.2; CSV has no qualifier",1260,Fruchteis Himb. 4 Stk 184ml (TK)
04104420259751,less_than_qualifier_lost,"SALTEQ < 0.01 GRM, slot .23, group preparationState.2; CSV has no qualifier",1260,Fruchteis Himb. 4 Stk 184ml (TK)
04104420259751,secondary_serving_size_lost,{'servingSizeValue.2': '49'},1260,Fruchteis Himb. 4 Stk 184ml (TK)
04104420259720,brand_mapping,"Exported description as brand: 'Fruchteis Mango 1 Stück, 46 ml (TK)'; source TIDBrandName='Alnatura'",1261,"Fruchteis Mango 1 Stück, 46 ml (TK)"
04104420259720,market_country_mapping,CSV blank; source TargetMarketCountryCode=276; lowercase targetMarketCountryCode is empty,1261,"Fruchteis Mango 1 Stück, 46 ml (TK)"
04104420259720,nutrition_basis_lost_100g,Source basis 100 GRM omitted from CSV,1261,"Fruchteis Mango 1 Stück, 46 ml (TK)"
04104420259720,less_than_qualifier_lost,"PRO- < 0.5 GRM, slot .3, group preparationState; CSV has no qualifier",1261,"Fruchteis Mango 1 Stück, 46 ml (TK)"
04104420259720,less_than_qualifier_lost,"FAT < 0.5 GRM, slot .4, group preparationState; CSV has no qualifier",1261,"Fruchteis Mango 1 Stück, 46 ml (TK)"
04104420259720,less_than_qualifier_lost,"FASAT < 0.1 GRM, slot .5, group preparationState; CSV has no qualifier",1261,"Fruchteis Mango 1 Stück, 46 ml (TK)"
04104420259720,less_than_qualifier_lost,"SALTEQ < 0.01 GRM, slot .6, group preparationState; CSV has no qualifier",1261,"Fruchteis Mango 1 Stück, 46 ml (TK)"
04104420259720,less_than_qualifier_lost,"PRO- < 0.5 GRM, slot .12, group preparationState.1; CSV has no qualifier",1261,"Fruchteis Mango 1 Stück, 46 ml (TK)"
04104420259720,less_than_qualifier_lost,"FAT < 0.5 GRM, slot .13, group preparationState.1; CSV has no qualifier",1261,"Fruchteis Mango 1 Stück, 46 ml (TK)"
04104420259720,less_than_qualifier_lost,"FASAT < 0.1 GRM, slot .14, group preparationState.1; CSV has no qualifier",1261,"Fruchteis Mango 1 Stück, 46 ml (TK)"
04104420259720,less_than_qualifier_lost,"SALTEQ < 0.01 GRM, slot .15, group preparationState.1; CSV has no qualifier",1261,"Fruchteis Mango 1 Stück, 46 ml (TK)"
04104420259782,brand_mapping,"Exported description as brand: 'Fruchteis Himbeere 1 Stk, 46 ml'; source TIDBrandName='Alnatura'",1262,"Fruchteis Himbeere 1 Stk, 46 ml"
04104420259782,market_country_mapping,CSV blank; source TargetMarketCountryCode=276; lowercase targetMarketCountryCode is empty,1262,"Fruchteis Himbeere 1 Stk, 46 ml"
04104420259782,nutrition_basis_lost_100g,Source basis 100 GRM omitted from CSV,1262,"Fruchteis Himbeere 1 Stk, 46 ml"
04104420259782,less_than_qualifier_lost,"FAT < 0.5 GRM, slot .4, group preparationState; CSV has no qualifier",1262,"Fruchteis Himbeere 1 Stk, 46 ml"
04104420259782,less_than_qualifier_lost,"FASAT < 0.1 GRM, slot .5, group preparationState; CSV has no qualifier",1262,"Fruchteis Himbeere 1 Stk, 46 ml"
04104420259782,less_than_qualifier_lost,"SALTEQ < 0.01 GRM, slot .6, group preparationState; CSV has no qualifier",1262,"Fruchteis Himbeere 1 Stk, 46 ml"
04104420259782,less_than_qualifier_lost,"FAT < 0.5 GRM, slot .13, group preparationState.1; CSV has no qualifier",1262,"Fruchteis Himbeere 1 Stk, 46 ml"
04104420259782,less_than_qualifier_lost,"FASAT < 0.1 GRM, slot .14, group preparationState.1; CSV has no qualifier",1262,"Fruchteis Himbeere 1 Stk, 46 ml"
04104420259782,less_than_qualifier_lost,"SALTEQ < 0.01 GRM, slot .15, group preparationState.1; CSV has no qualifier",1262,"Fruchteis Himbeere 1 Stk, 46 ml"
04104420259980,brand_mapping,Exported description as brand: 'Rote Bete Saft milchsauer vergoren'; source TIDBrandName='Alnatura',1263,Rote Bete Saft milchsauer vergoren
04104420259980,market_country_mapping,CSV blank; source TargetMarketCountryCode=276; lowercase targetMarketCountryCode is empty,1263,Rote Bete Saft milchsauer vergoren
04104420259980,less_than_qualifier_lost,"FAT < 0.5 GRM, slot .3, group preparationState; CSV has no qualifier",1263,Rote Bete Saft milchsauer vergoren
04104420259980,less_than_qualifier_lost,"FIBTG < 0.5 GRM, slot .4, group preparationState; CSV has no qualifier",1263,Rote Bete Saft milchsauer vergoren
04104420259980,less_than_qualifier_lost,"FASAT < 0.1 GRM, slot .6, group preparationState; CSV has no qualifier",1263,Rote Bete Saft milchsauer vergoren
04104420257382,brand_mapping,Exported description as brand: 'Fruchtaufstrich Wildheidelbeere 250'; source TIDBrandName='Alnatura',1264,Fruchtaufstrich Wildheidelbeere 250
04104420257382,market_country_mapping,CSV blank; source TargetMarketCountryCode=276; lowercase targetMarketCountryCode is empty,1264,Fruchtaufstrich Wildheidelbeere 250
04104420257382,nutrition_basis_lost_100g,Source basis 100 GRM omitted from CSV,1264,Fruchtaufstrich Wildheidelbeere 250
04104420257382,less_than_qualifier_lost,"PRO- < 0.5 GRM, slot .3, group preparationState; CSV has no qualifier",1264,Fruchtaufstrich Wildheidelbeere 250
04104420257382,less_than_qualifier_lost,"FAT < 0.5 GRM, slot .4, group preparationState; CSV has no qualifier",1264,Fruchtaufstrich Wildheidelbeere 250
04104420257382,less_than_qualifier_lost,"FASAT < 0.1 GRM, slot .5, group preparationState; CSV has no qualifier",1264,Fruchtaufstrich Wildheidelbeere 250
04104420257382,less_than_qualifier_lost,"SALTEQ < 0.01 GRM, slot .6, group preparationState; CSV has no qualifier",1264,Fruchtaufstrich Wildheidelbeere 250
04104420257429,brand_mapping,Exported description as brand: 'Fruchtaufstrich Süße Orange 250G'; source TIDBrandName='Alnatura',1265,Fruchtaufstrich Süße Orange 250G
04104420257429,market_country_mapping,CSV blank; source TargetMarketCountryCode=276; lowercase targetMarketCountryCode is empty,1265,Fruchtaufstrich Süße Orange 250G
04104420257429,nutrition_basis_lost_100g,Source basis 100 GRM omitted from CSV,1265,Fruchtaufstrich Süße Orange 250G
04104420257429,less_than_qualifier_lost,"FAT < 0.5 GRM, slot .4, group preparationState; CSV has no qualifier",1265,Fruchtaufstrich Süße Orange 250G
04104420257429,less_than_qualifier_lost,"FASAT < 0.1 GRM, slot .5, group preparationState; CSV has no qualifier",1265,Fruchtaufstrich Süße Orange 250G
04104420258983,brand_mapping,Exported description as brand: 'Knäcke Hafer & Saaten 225g'; source TIDBrandName='Alnatura',1266,Knäcke Hafer & Saaten 225g
04104420258983,market_country_mapping,CSV blank; source TargetMarketCountryCode=276; lowercase targetMarketCountryCode is empty,1266,Knäcke Hafer & Saaten 225g
04104420258983,nutrition_basis_lost_100g,Source basis 100 GRM omitted from CSV,1266,Knäcke Hafer & Saaten 225g
04104420257948,brand_mapping,Exported description as brand: 'Kichererbsenmehl 400G'; source TIDBrandName='Alnatura',1267,Kichererbsenmehl 400G
04104420257948,market_country_mapping,CSV blank; source TargetMarketCountryCode=276; lowercase targetMarketCountryCode is empty,1267,Kichererbsenmehl 400G
04104420257948,nutrition_basis_lost_100g,Source basis 100 GRM omitted from CSV,1267,Kichererbsenmehl 400G
04104420254657,brand_mapping,Exported description as brand: 'Haferflocken Großblatt 1.000G'; source TIDBrandName='Alnatura',1268,Haferflocken Großblatt 1.000G
04104420254657,market_country_mapping,CSV blank; source TargetMarketCountryCode=276; lowercase targetMarketCountryCode is empty,1268,Haferflocken Großblatt 1.000G
04104420254657,nutrition_basis_lost_100g,Source basis 100 GRM omitted from CSV,1268,Haferflocken Großblatt 1.000G
04104420254657,less_than_qualifier_lost,"SALTEQ < 0.01 GRM, slot .6, group preparationState; CSV has no qualifier",1268,Haferflocken Großblatt 1.000G
04104420260641,brand_mapping,Exported description as brand: 'Speisestärke 250G'; source TIDBrandName='Alnatura',1269,Speisestärke 250G
04104420260641,market_country_mapping,CSV blank; source TargetMarketCountryCode=276; lowercase targetMarketCountryCode is empty,1269,Speisestärke 250G
04104420260641,nutrition_basis_lost_100g,Source basis 100 GRM omitted from CSV,1269,Speisestärke 250G
04104420260641,less_than_qualifier_lost,"PRO- < 0.5 GRM, slot .2, group preparationState; CSV has no qualifier",1269,Speisestärke 250G
04104420260641,less_than_qualifier_lost,"SUGAR- < 0.5 GRM, slot .3, group preparationState; CSV has no qualifier",1269,Speisestärke 250G
04104420260641,less_than_qualifier_lost,"FAT < 0.5 GRM, slot .4, group preparationState; CSV has no qualifier",1269,Speisestärke 250G
04104420260641,less_than_qualifier_lost,"FASAT < 0.1 GRM, slot .5, group preparationState; CSV has no qualifier",1269,Speisestärke 250G
04104420260641,less_than_qualifier_lost,"SALTEQ < 0.01 GRM, slot .6, group preparationState; CSV has no qualifier",1269,Speisestärke 250G
04104420261020,brand_mapping,Exported description as brand: 'Sesamöl nativ 250ML'; source TIDBrandName='Alnatura',1270,Sesamöl nativ 250ML
04104420261020,market_country_mapping,CSV blank; source TargetMarketCountryCode=276; lowercase targetMarketCountryCode is empty,1270,Sesamöl nativ 250ML
04104420261020,less_than_qualifier_lost,"CHOAVL < 0.5 GRM, slot .2, group preparationState; CSV has no qualifier",1270,Sesamöl nativ 250ML
04104420261020,less_than_qualifier_lost,"SUGAR- < 0.5 GRM, slot .3, group preparationState; CSV has no qualifier",1270,Sesamöl nativ 250ML
04104420261020,less_than_qualifier_lost,"FIBTG < 0.5 GRM, slot .4, group preparationState; CSV has no qualifier",1270,Sesamöl nativ 250ML
04104420261020,less_than_qualifier_lost,"PRO- < 0.5 GRM, slot .5, group preparationState; CSV has no qualifier",1270,Sesamöl nativ 250ML
04104420261020,less_than_qualifier_lost,"SALTEQ < 0.01 GRM, slot .6, group preparationState; CSV has no qualifier",1270,Sesamöl nativ 250ML
04104420258563,brand_mapping,Exported description as brand: 'Macadamia Creme 225G'; source TIDBrandName='Alnatura',1271,Macadamia Creme 225G
04104420258563,market_country_mapping,CSV blank; source TargetMarketCountryCode=276; lowercase targetMarketCountryCode is empty,1271,Macadamia Creme 225G
04104420258563,nutrition_basis_lost_100g,Source basis 100 GRM omitted from CSV,1271,Macadamia Creme 225G
04104420260252,brand_mapping,Exported description as brand: 'Himalaya Basmati Reis 500G'; source TIDBrandName='Alnatura',1272,Himalaya Basmati Reis 500G
04104420260252,market_country_mapping,CSV blank; source TargetMarketCountryCode=276; lowercase targetMarketCountryCode is empty,1272,Himalaya Basmati Reis 500G
04104420260252,nutrition_basis_lost_100g,Source basis 100 GRM omitted from CSV,1272,Himalaya Basmati Reis 500G
04104420260252,less_than_qualifier_lost,"SUGAR- < 0.5 GRM, slot .4, group preparationState; CSV has no qualifier",1272,Himalaya Basmati Reis 500G
04104420260733,brand_mapping,Exported description as brand: 'Rahmspinat (TK) 450G'; source TIDBrandName='Alnatura',1273,Rahmspinat (TK) 450G
04104420260733,market_country_mapping,CSV blank; source TargetMarketCountryCode=276; lowercase targetMarketCountryCode is empty,1273,Rahmspinat (TK) 450G
04104420260733,nutrition_basis_lost_100g,Source basis 100 GRM omitted from CSV,1273,Rahmspinat (TK) 450G
04104420259850,brand_mapping,Exported description as brand: 'Bowl nach mediterraner Art 250G'; source TIDBrandName='Alnatura',1274,Bowl nach mediterraner Art 250G
04104420259850,market_country_mapping,CSV blank; source TargetMarketCountryCode=276; lowercase targetMarketCountryCode is empty,1274,Bowl nach mediterraner Art 250G
04104420259850,nutrition_basis_lost_100g,Source basis 100 GRM omitted from CSV,1274,Bowl nach mediterraner Art 250G
04104420259812,brand_mapping,Exported description as brand: 'Dattelsirup 180ML'; source TIDBrandName='Alnatura',1275,Dattelsirup 180ML
04104420259812,market_country_mapping,CSV blank; source TargetMarketCountryCode=276; lowercase targetMarketCountryCode is empty,1275,Dattelsirup 180ML
04104420259812,nutrition_basis_lost_100g,Source basis 100 GRM omitted from CSV,1275,Dattelsirup 180ML
04104420259812,less_than_qualifier_lost,"FAT < 0.5 GRM, slot .4, group preparationState; CSV has no qualifier",1275,Dattelsirup 180ML
04104420259812,less_than_qualifier_lost,"FASAT < 0.1 GRM, slot .6, group preparationState; CSV has no qualifier",1275,Dattelsirup 180ML
04104420260290,brand_mapping,Exported description as brand: 'Himalaya Basmati Vollkorn Reis 500G'; source TIDBrandName='Alnatura',1276,Himalaya Basmati Vollkorn Reis 500G
04104420260290,market_country_mapping,CSV blank; source TargetMarketCountryCode=276; lowercase targetMarketCountryCode is empty,1276,Himalaya Basmati Vollkorn Reis 500G
04104420260290,nutrition_basis_lost_100g,Source basis 100 GRM omitted from CSV,1276,Himalaya Basmati Vollkorn Reis 500G
04104420260290,less_than_qualifier_lost,"SALTEQ < 0.01 GRM, slot .6, group preparationState; CSV has no qualifier",1276,Himalaya Basmati Vollkorn Reis 500G
04104420260177,brand_mapping,Exported description as brand: 'Himalaya Basmati Reis 1KG'; source TIDBrandName='Alnatura',1277,Himalaya Basmati Reis 1KG
04104420260177,market_country_mapping,CSV blank; source TargetMarketCountryCode=276; lowercase targetMarketCountryCode is empty,1277,Himalaya Basmati Reis 1KG
04104420260177,nutrition_basis_lost_100g,Source basis 100 GRM omitted from CSV,1277,Himalaya Basmati Reis 1KG
04104420260177,less_than_qualifier_lost,"SUGAR- < 0.5 GRM, slot .4, group preparationState; CSV has no qualifier",1277,Himalaya Basmati Reis 1KG
04104420261136,brand_mapping,Exported description as brand: 'Rote Bete Saft 1L'; source TIDBrandName='Alnatura',1278,Rote Bete Saft 1L
04104420261136,market_country_mapping,CSV blank; source TargetMarketCountryCode=276; lowercase targetMarketCountryCode is empty,1278,Rote Bete Saft 1L
04104420261136,less_than_qualifier_lost,"FAT < 0.5 GRM, slot .2, group preparationState; CSV has no qualifier",1278,Rote Bete Saft 1L
04104420261136,less_than_qualifier_lost,"FIBTG < 0.5 GRM, slot .3, group preparationState; CSV has no qualifier",1278,Rote Bete Saft 1L
04104420261136,less_than_qualifier_lost,"PRO- < 0.5 GRM, slot .4, group preparationState; CSV has no qualifier",1278,Rote Bete Saft 1L
04104420261136,less_than_qualifier_lost,"FASAT < 0.1 GRM, slot .5, group preparationState; CSV has no qualifier",1278,Rote Bete Saft 1L
04104420260214,brand_mapping,Exported description as brand: 'Langkorn Reis parboiled 1KG'; source TIDBrandName='Alnatura',1279,Langkorn Reis parboiled 1KG
04104420260214,market_country_mapping,CSV blank; source TargetMarketCountryCode=276; lowercase targetMarketCountryCode is empty,1279,Langkorn Reis parboiled 1KG
04104420260214,nutrition_basis_lost_100g,Source basis 100 GRM omitted from CSV,1279,Langkorn Reis parboiled 1KG
04104420260214,less_than_qualifier_lost,"SUGAR- < 0.5 GRM, slot .4, group preparationState; CSV has no qualifier",1279,Langkorn Reis parboiled 1KG
04104420258686,brand_mapping,Exported description as brand: 'Hafercookies Schoko Vollmilch 200G'; source TIDBrandName='Alnatura',1280,Hafercookies Schoko Vollmilch 200G
04104420258686,market_country_mapping,CSV blank; source TargetMarketCountryCode=276; lowercase targetMarketCountryCode is empty,1280,Hafercookies Schoko Vollmilch 200G
04104420258686,nutrition_basis_lost_100g,Source basis 100 GRM omitted from CSV,1280,Hafercookies Schoko Vollmilch 200G
04104420260139,brand_mapping,Exported description as brand: 'Hafer Drink Natur 1L'; source TIDBrandName='Alnatura',1281,Hafer Drink Natur 1L
04104420260139,market_country_mapping,CSV blank; source TargetMarketCountryCode=276; lowercase targetMarketCountryCode is empty,1281,Hafer Drink Natur 1L
04104420260139,less_than_qualifier_lost,"FIBTG < 0.5 GRM, slot .4, group preparationState; CSV has no qualifier",1281,Hafer Drink Natur 1L
04104420260337,brand_mapping,Exported description as brand: 'Reis Drink Natur 1L'; source TIDBrandName='Alnatura',1282,Reis Drink Natur 1L
04104420260337,market_country_mapping,CSV blank; source TargetMarketCountryCode=276; lowercase targetMarketCountryCode is empty,1282,Reis Drink Natur 1L
04104420260337,less_than_qualifier_lost,"FIBTG < 0.5 GRM, slot .3, group preparationState; CSV has no qualifier",1282,Reis Drink Natur 1L
04104420260337,less_than_qualifier_lost,"PRO- < 0.5 GRM, slot .4, group preparationState; CSV has no qualifier",1282,Reis Drink Natur 1L
04104420260337,less_than_qualifier_lost,"FASAT < 0.1 GRM, slot .5, group preparationState; CSV has no qualifier",1282,Reis Drink Natur 1L
04104420258037,brand_mapping,Exported description as brand: 'Apfel-Aprikose mit Hirse 190g'; source TIDBrandName='Alnatura',1283,Apfel-Aprikose mit Hirse 190g
04104420258037,market_country_mapping,CSV blank; source TargetMarketCountryCode=276; lowercase targetMarketCountryCode is empty,1283,Apfel-Aprikose mit Hirse 190g
04104420258037,nutrition_basis_lost_100g,Source basis 100 GRM omitted from CSV,1283,Apfel-Aprikose mit Hirse 190g
04104420258037,less_than_qualifier_lost,"SALTEQ < 0.01 GRM, slot .6, group preparationState; CSV has no qualifier",1283,Apfel-Aprikose mit Hirse 190g
04104420257467,brand_mapping,Exported description as brand: 'Erdbeeren gefriergetrocknet 20G'; source TIDBrandName='Alnatura',1284,Erdbeeren gefriergetrocknet 20G
04104420257467,market_country_mapping,CSV blank; source TargetMarketCountryCode=276; lowercase targetMarketCountryCode is empty,1284,Erdbeeren gefriergetrocknet 20G
04104420257467,nutrition_basis_lost_100g,Source basis 100 GRM omitted from CSV,1284,Erdbeeren gefriergetrocknet 20G
04104420257467,less_than_qualifier_lost,"SALTEQ < 0.01 GRM, slot .6, group preparationState; CSV has no qualifier",1284,Erdbeeren gefriergetrocknet 20G
04104420257498,brand_mapping,Exported description as brand: 'Himbeeren gefriergetrocknet 20G'; source TIDBrandName='Alnatura',1285,Himbeeren gefriergetrocknet 20G
04104420257498,market_country_mapping,CSV blank; source TargetMarketCountryCode=276; lowercase targetMarketCountryCode is empty,1285,Himbeeren gefriergetrocknet 20G
04104420257498,nutrition_basis_lost_100g,Source basis 100 GRM omitted from CSV,1285,Himbeeren gefriergetrocknet 20G
04104420257498,less_than_qualifier_lost,"SALTEQ < 0.01 GRM, slot .6, group preparationState; CSV has no qualifier",1285,Himbeeren gefriergetrocknet 20G
04104420261693,brand_mapping,Exported description as brand: 'Rinderschinken 80G'; source TIDBrandName='Alnatura',1286,Rinderschinken 80G
04104420261693,market_country_mapping,CSV blank; source TargetMarketCountryCode=276; lowercase targetMarketCountryCode is empty,1286,Rinderschinken 80G
04104420261693,nutrition_basis_lost_100g,Source basis 100 GRM omitted from CSV,1286,Rinderschinken 80G
04104420261693,less_than_qualifier_lost,"FIBTG < 0.5 GRM, slot .5, group preparationState; CSV has no qualifier",1286,Rinderschinken 80G
04104420261693,less_than_qualifier_lost,"SUGAR- < 0.5 GRM, slot .6, group preparationState; CSV has no qualifier",1286,Rinderschinken 80G
04104420259652,brand_mapping,Exported description as brand: 'Baby-Früchte-Tee Btl. 20x2G 40G'; source TIDBrandName='Alnatura',1287,Baby-Früchte-Tee Btl. 20x2G 40G
04104420259652,market_country_mapping,CSV blank; source TargetMarketCountryCode=276; lowercase targetMarketCountryCode is empty,1287,Baby-Früchte-Tee Btl. 20x2G 40G
04104420259652,less_than_qualifier_lost,"SALTEQ < 0.01 GRM, slot .2, group preparationState; CSV has no qualifier",1287,Baby-Früchte-Tee Btl. 20x2G 40G
00000040045566,brand_mapping,Exported description as brand: 'Sauerteig Extrakt 15G'; source TIDBrandName='Alnatura',1288,Sauerteig Extrakt 15G
00000040045566,market_country_mapping,CSV blank; source TargetMarketCountryCode=276; lowercase targetMarketCountryCode is empty,1288,Sauerteig Extrakt 15G
00000040045566,nutrition_basis_lost_100g,Source basis 100 GRM omitted from CSV,1288,Sauerteig Extrakt 15G
00000040045566,less_than_qualifier_lost,"SALTEQ < 0.01 GRM, slot .6, group preparationState; CSV has no qualifier",1288,Sauerteig Extrakt 15G
04104420262126,brand_mapping,Exported description as brand: 'Caffè Crema Pads 126G'; source TIDBrandName='Alnatura',1289,Caffè Crema Pads 126G
04104420262126,market_country_mapping,CSV blank; source TargetMarketCountryCode=276; lowercase targetMarketCountryCode is empty,1289,Caffè Crema Pads 126G
04104420260580,brand_mapping,Exported description as brand: 'Curry Dattel Creme 135G'; source TIDBrandName='Alnatura',1290,Curry Dattel Creme 135G
04104420260580,market_country_mapping,CSV blank; source TargetMarketCountryCode=276; lowercase targetMarketCountryCode is empty,1290,Curry Dattel Creme 135G
04104420260580,nutrition_basis_lost_100g,Source basis 100 GRM omitted from CSV,1290,Curry Dattel Creme 135G
04104420260610,brand_mapping,Exported description as brand: 'Tomaten Pistazien Creme 135G'; source TIDBrandName='Alnatura',1291,Tomaten Pistazien Creme 135G
04104420260610,market_country_mapping,CSV blank; source TargetMarketCountryCode=276; lowercase targetMarketCountryCode is empty,1291,Tomaten Pistazien Creme 135G
04104420260610,nutrition_basis_lost_100g,Source basis 100 GRM omitted from CSV,1291,Tomaten Pistazien Creme 135G
04104420260016,brand_mapping,Exported description as brand: 'Hirsebällchen 75G'; source TIDBrandName='Alnatura',1292,Hirsebällchen 75G
04104420260016,market_country_mapping,CSV blank; source TargetMarketCountryCode=276; lowercase targetMarketCountryCode is empty,1292,Hirsebällchen 75G
04104420260016,nutrition_basis_lost_100g,Source basis 100 GRM omitted from CSV,1292,Hirsebällchen 75G
04104420261488,brand_mapping,Exported description as brand: 'Honigwaffeln 175G'; source TIDBrandName='Alnatura',1293,Honigwaffeln 175G
04104420261488,market_country_mapping,CSV blank; source TargetMarketCountryCode=276; lowercase targetMarketCountryCode is empty,1293,Honigwaffeln 175G
04104420261488,nutrition_basis_lost_100g,Source basis 100 GRM omitted from CSV,1293,Honigwaffeln 175G
04104420261365,brand_mapping,"Exported description as brand: 'Ingwer Minze Tee Btl. 20x1,5g 30G'; source TIDBrandName='Alnatura'",1294,"Ingwer Minze Tee Btl. 20x1,5g 30G"
04104420261365,market_country_mapping,CSV blank; source TargetMarketCountryCode=276; lowercase targetMarketCountryCode is empty,1294,"Ingwer Minze Tee Btl. 20x1,5g 30G"
04104420261327,brand_mapping,"Exported description as brand: 'Kräuter Lavendel Tee Btl. 20x1,5g 30G'; source TIDBrandName='Alnatura'",1295,"Kräuter Lavendel Tee Btl. 20x1,5g 30G"
04104420261327,market_country_mapping,CSV blank; source TargetMarketCountryCode=276; lowercase targetMarketCountryCode is empty,1295,"Kräuter Lavendel Tee Btl. 20x1,5g 30G"
00000042328674,brand_mapping,Exported description as brand: 'Mozzarella Rolle 300g'; source TIDBrandName='Alnatura',1296,Mozzarella Rolle 300g
00000042328674,market_country_mapping,CSV blank; source TargetMarketCountryCode=276; lowercase targetMarketCountryCode is empty,1296,Mozzarella Rolle 300g
00000042328674,nutrition_basis_lost_100g,Source basis 100 GRM omitted from CSV,1296,Mozzarella Rolle 300g
00000042328674,less_than_qualifier_lost,"FIBTG < 0.5 GRM, slot .6, group preparationState; CSV has no qualifier",1296,Mozzarella Rolle 300g
