code,brand_owner,brands,ingredients,serving_size,serving_size_unit,branded_food_category,package_weight,market_country,short_description,labelNutrients.fat.value,labelNutrients.saturatedFat.value,labelNutrients.sodium.value,labelNutrients.carbohydrates.value,labelNutrients.fiber.value,labelNutrients.sugars.value,labelNutrients.protein.value,labelNutrients.calories.value,foodNutrients.Protein.amount,foodNutrients.Protein.nutrient.unitName,foodNutrients.Total Sugars.amount,foodNutrients.Total Sugars.nutrient.unitName,"foodNutrients.Sodium, Na.amount","foodNutrients.Sodium, Na.nutrient.unitName","foodNutrients.Fatty acids, total saturated.amount","foodNutrients.Fatty acids, total saturated.nutrient.unitName",foodNutrients.Energy.amount,foodNutrients.Energy.nutrient.unitName,fat_value,fat_unit,saturated_fat_value,saturated_fat_unit,carbohydrates_value,carbohydrates_unit,sugar_value,sugar_unit,fiber_value,fiber_unit,protein_value,protein_unit,salt_value,salt_unit,energy_value,energy_unit,energy_kj_value,energy_kj_unit
00000040045009,Alnatura GmbH,"Café Biscuit Schokoriegel 37,5G","Zutaten: Vollmilchschokolade* 50 % (Rohrohrzucker*, Kakaobutter*, VOLLMILCHPULVER*, Kakaomasse*, SAHNEPULVER*, MAGERMILCHPULVER*, Bourbonvanilleextrakt*), Espresso-Milchcreme-Füllung* 47 % (Rohrohrzucker*, VOLLMILCHPULVER* 26 %, Palmöl*, Kakaobutter*, Espresso-Kaffee* 3 %), Waffelstückchen* 2,5 % (WEIZENMEHL*, Emulgator: Lecithin*, Sonnenblumenöl*, Meersalz), *aus biologischer Landwirtschaft. Kann Spuren von Mandel, Haselnuss, Pecannuss und Pistazie enthalten.",,,Schokoriegel,37.5,,"Café Biscuit Schokoriegel 37,5G",41.0,24.0,96.0,47.0,1.8,45.0,7.4,590,7.4,g,45.0,g,0.096,g,24.0,g,590,kcal,41.0,g,24.0,g,47.0,g,45.0,g,1.8,g,7.4,g,0.24,g,590.0,kcal,2456.0,kJ
00000040045016,Alnatura GmbH,"Himbeer Joghurt Schokoriegel 37,5G","Zutaten: Vollmilchschokolade* 50 % (Rohrohrzucker*, Kakaobutter*, VOLLMILCHPULVER*, Kakaomasse*, SAHNEPULVER*, MAGERMILCHPULVER*, Bourbonvanilleextrakt*), HIMBEER-JOGHURT-FÜLLUNG* 50 % (Palmöl*, Rohrohrzucker*, MAGERMILCHPULVER*, MAGERMILCHJOGHURTPULVER* 9 %, MOLKENERZEUGNIS*, Himbeerpulver* 3,6 %) *aus biologischer Landwirtschaft. Kann Spuren von Gluten, Mandel, Haselnuss, Pecannuss und Pistazie enthalten.",,,Schokoriegel,37.5,,"Himbeer Joghurt Schokoriegel 37,5G",38.0,21.0,152.0,48.0,1.7,47.0,8.4,571,8.4,g,47.0,g,0.152,g,21.0,g,571,kcal,38.0,g,21.0,g,48.0,g,47.0,g,1.7,g,8.4,g,0.38,g,571.0,kcal,2378.0,kJ
00000040045030,Alnatura GmbH,*Winter VM Schoko Lolli 15G*,"Zutaten: Rohrohrzucker*, Kakaobutter*, VOLLMILCHPULVER*, Kakaomasse* *aus biologischer Landwirtschaft. Kann Spuren von Soja, Mandel und Nüssen enthalten.",,,Weihn. Zwidu süß,15,,*Winter VM Schoko Lolli 15G*,42.0,27.0,80.0,47.0,2.3,46.0,6.1,595,6.1,g,46.0,g,0.08,g,27.0,g,595,kcal,42.0,g,27.0,g,47.0,g,46.0,g,2.3,g,6.1,g,0.2,g,595.0,kcal,2475.0,kJ
00000040045047,Alnatura GmbH,Brotgewürz 8G,"Zutaten: Anis*, Fenchel*, Koriander*, Kümmel* *aus biologischer Landwirtschaft
Kann Spuren von Sellerie und Senf enthalten.",,,Gewürz/Kräutermisch,8,,Brotgewürz 8G,0.0,0.0,0.0,0.0,0.0,0.0,0.0,0,0.0,g,0.0,g,0.0,g,0.0,g,0,kcal,0.0,g,0.0,g,0.0,g,0.0,g,0.0,g,0.0,g,0.0,g,0.0,kcal,0.0,kJ
00000040045078,Alnatura GmbH,Sauerteig Extrakt 15G,"Zutaten: ROGGENVOLLKORNMEHL*, Starterkulturen *aus biologischer Landwirtschaft.",,,Backtriebmittel,15,,Sauerteig Extrakt 15G,1.8,0.5,4.0,52.0,14.0,2.1,11.0,331,11.0,g,2.1,g,0.004,g,0.5,g,331,kcal,1.8,g,0.5,g,52.0,g,2.1,g,14.0,g,11.0,g,0.01,g,331.0,kcal,1400.0,kJ
00000040045092,Alnatura GmbH,Dattel-Brownie Riegel 34G,"Zutaten: Datteln* getrocknet 61 %, Zartbitterschokolade* 20 % (Kakaomasse*, Rohrohrzucker*, Kakaobutter*), stark entöltes Kakaopulver* 10 % , Dattelsaftkonzentrat* 8 %, Bourbonvanilleschote* gemahlen *aus biologischer Landwirtschaft. Kann Spuren von Gluten, Ei, Soja, Milch, Mandel, Nüssen, Sesam und Lupine enthalten.",,,Schokoriegel,34,,Dattel-Brownie Riegel 34G,10.0,6.1,12.0,54.0,13.0,50.0,5.6,354,5.6,g,50.0,g,0.012,g,6.1,g,354,kcal,10.0,g,6.1,g,54.0,g,50.0,g,13.0,g,5.6,g,0.03,g,354.0,kcal,1487.0,kJ
00000040045115,Alnatura GmbH,Rote Bratwurst aus Seitan (haltbar),"Zutaten: SEITAN* 71 % (Wasser, WEIZENEIWEIß*), Zwiebeln*, Sonnenblumenöl*, Paprika* 3,2%, Hefeextrakt*, Speisesalz, Gewürze*, Verdickungsmittel: Johannisbrotkernmehl* und Agar-Agar*, Buchenholzrauch. * aus biologischer Landwirtschaft. Kann Spuren von Soja, Sellerie und Senf enthalten.",,,veg. Wursters. ungek,100,,Rote Bratwurst aus Seitan (haltbar),10.0,1.0,640.0,5.3,1.5,1.6,30.0,234,30.0,g,1.6,g,0.64,g,1.0,g,234,kcal,10.0,g,1.0,g,5.3,g,1.6,g,1.5,g,30.0,g,1.6,g,234.0,kcal,982.0,kJ
00000040045122,Alnatura GmbH,Passata 690G,"Zutaten: Tomaten*, Meersalz *aus biologischer Landwirtschaft",,,Tomatenmark/Passata,690,,Passata 690G,0.5,0.1,120.0,3.3,0.9,3.3,1.2,20,1.2,g,3.3,g,0.12,g,0.1,g,20,kcal,0.5,g,0.1,g,3.3,g,3.3,g,0.9,g,1.2,g,0.3,g,20.0,kcal,84.0,kJ
00000040045139,Alnatura GmbH,Hafer & Saaten Brot 300G,"Zutaten: Wasser, HAFERKERNE* 27 %, Sonnenblumenkerne*, Leinsamen*, Kürbiskerne*, Apfelessig*, Flohsamenschalen*, HAFERFLOCKEN* 2 %, Speisesalz *aus biologischer Landwirtschaft
Kann Spuren von Soja, Mandel, Nüssen und Sesam enthalten.",,,Brot SB,300,,Hafer & Saaten Brot 300G,18.0,2.5,400.0,18.0,8.1,0.7,11.0,294,11.0,g,0.7,g,0.4,g,2.5,g,294,kcal,18.0,g,2.5,g,18.0,g,0.7,g,8.1,g,11.0,g,1.0,g,294.0,kcal,1224.0,kJ
00000040045146,Alnatura GmbH,Früchteriegel Mango-Apfel 23G,"Zutaten: HAFERVOLLKORNMEHL* 17 %, WEIZENVOLLKORNFLOCKEN* gemahlen 13 %, Traubensaftkonzentrat* weiß 13 %, Bananenflocken* 10 %, Mangosaftkonzentrat* 10 %, Mangoflocken* (aus getrocknetem Mangopüree*) 9 %, Apfelsaftkonzentrat* 9%, Palmöl*, Apfelflocken* 6 %, Oblaten* (WEIZENMEHL*, Kartoffelstärke*), Reismehl* *aus biologischer Landwirtschaft
Kann Spuren von Soja, Mandel und Nüssen enthalten.",,,Riegel,23,,Früchteriegel Mango-Apfel 23G,9.5,4.1,12.0,62.3,5.4,38.4,5.4,372,5.4,g,38.4,g,0.012,g,4.1,g,372,kcal,9.5,g,4.1,g,62.3,g,38.4,g,5.4,g,5.4,g,0.03,g,372.0,kcal,1565.0,kJ
00000040045153,Alnatura GmbH,Früchteriegel Traube-Himbeere 23G,"Zutaten: Bananenflocken* 17%, HAFERVOLLKORNMEHL* 17%, Apfelflocken* 14%, Traubensaftkonzentrat* weiß 14%, WEIZENVOLLKORNFLOCKEN* gemahlen 13%, Apfelsaftkonzentrat* 9%, Palmöl*, Himbeersaftkonzentrat* 5%, Oblaten* (WEIZENMEHL*, Kartoffelstärke*), Reismehl* *aus biologischer Landwirtschaft
Kann Spuren von Soja, Mandeln und Nüssen enthalten.",,,Riegel,23,,Früchteriegel Traube-Himbeere 23G,7.0,3.0,8.0,64.9,5.3,41.2,5.3,360,5.3,g,41.2,g,0.008,g,3.0,g,360,kcal,7.0,g,3.0,g,64.9,g,41.2,g,5.3,g,5.3,g,0.02,g,360.0,kcal,1517.0,kJ
00000040045160,Alnatura GmbH,Früchteriegel Fruchtallerlei 23G,"Zutaten: Apfelflocken* 18%, Traubensaftkonzentrat* weiß 17%, Bananenflocken* 14%, HAFERVOLLKORNMEHL* 12%, WEIZENVOLLKORNFLOCKEN* gemahlen 12%, Apfelsaftkonzentrat* 9%, Palmöl*, Aprikosensaftkonzentrat* 5%, Oblaten* (WEIZENMEHL*, Kartoffelstärke*), Reismehl* *aus biologischer Landwirtschaft. Kann Spuren von Soja, Mandel und Nüssen enthalten.",,,Riegel,23,,Früchteriegel Fruchtallerlei 23G,8.1,3.6,12.0,65.3,5.2,41.8,4.8,368,4.8,g,41.8,g,0.012,g,3.6,g,368,kcal,8.1,g,3.6,g,65.3,g,41.8,g,5.2,g,4.8,g,0.03,g,368.0,kcal,1553.0,kJ
00000040045177,Alnatura GmbH,Früchteriegel Banane-Apfel 23G,"Zutaten: Apfelsaftkonzentrat* 33%, Bananenflocken* 26 %, WEIZENVOLLKORNFLOCKEN* gemahlen 17 %, HAFERVOLLKORNMEHL* 13 %, Palmöl*, Oblaten* (WEIZENMEHL*, Kartoffelstärke*) *aus biologischer Landwirtschaft
Kann Spuren von Soja, Mandel und Nüssen enthalten.",,,Riegel,23,,Früchteriegel Banane-Apfel 23G,9.1,4.1,12.0,63.6,5.1,39.1,5.1,372,5.1,g,39.1,g,0.012,g,4.1,g,372,kcal,9.1,g,4.1,g,63.6,g,39.1,g,5.1,g,5.1,g,0.03,g,372.0,kcal,1569.0,kJ
00000040045184,Alnatura GmbH,Früchteriegel Birne-Blaubeere 23G,"Zutaten: Birnensaftkonzentrat* 25%, Bananenflocken* 20%, HAFERVOLLKORNMEHL* 18%, WEIZENVOLLKORNFLOCKEN* gemahlen 13% , Traubensaftkonzentrat* weiß 10%, Blaubeersaftkonzentrat* 6%, Palmöl*, Oblaten* (WEIZENMEHL*, Kartoffelstärke*) *aus biologischer Landwirtschaft. Kann Spuren von Soja, Mandeln und Nüssen enthalten.",,,Riegel,23,,Früchteriegel Birne-Blaubeere 23G,6.4,2.7,12.0,62.8,4.3,37.8,5.9,346,5.9,g,37.8,g,0.012,g,2.7,g,346,kcal,6.4,g,2.7,g,62.8,g,37.8,g,4.3,g,5.9,g,0.03,g,346.0,kcal,1460.0,kJ
00000040045214,Alnatura GmbH,Veganer Snack Mild (haltbar) 30 g,"Zutaten: SEITAN* 82 % (Wasser, WEIZENEIWEIß*), Sonnenblumenöl*, Hefeextrakt*, Speisesalz, Gewürze* (ENTHÄLT SENF*), Zwiebeln*, Verdickungsmittel: Johannisbrotkernmehl*, Paprikaextrakt*, Buchenholzrauch *aus biologischer Landwirtschaft. Kann Spuren von Soja und Sellerie enthalten.",,,Veganer Wurster. un.,30,,Veganer Snack Mild (haltbar) 30 g,15.0,1.3,680.0,3.7,3.8,0.5,31.0,281,31.0,g,0.5,g,0.6799999999999999,g,1.3,g,281,kcal,15.0,g,1.3,g,3.7,g,0.5,g,3.8,g,31.0,g,1.7,g,281.0,kcal,1175.0,kJ
00000040045221,Alnatura GmbH,Veganer Snack Paprika (haltbar) 30,"Zutaten: SEITAN* 67 % (Wasser, WEIZENEIWEIß*), Paprika rot* 16,5%, Kokosfett*, Zwiebeln*, Hefeextrakt*, Speisesalz, Gewürze* (ENTHÄLT SELLERIE* UND SENF*), Verdickungsmittel: Johannisbrotkernmehl*, Buchenholzrauch *aus biologischer Landwirtschaft. Kann Spuren von Soja enthalten.",,,Veganer Wurster. un.,30,,Veganer Snack Paprika (haltbar) 30,11.0,9.3,720.0,5.9,3.4,2.9,29.0,245,29.0,g,2.9,g,0.72,g,9.3,g,245,kcal,11.0,g,9.3,g,5.9,g,2.9,g,3.4,g,29.0,g,1.8,g,245.0,kcal,1028.0,kJ
00000040045238,Alnatura GmbH,Passata 690G,"Zutaten: Tomaten*, Meersalz *aus biologischer Landwirtschaft",,,Tomatenmark/Passata,690,,Passata 690G,0.5,0.1,120.0,5.0,2.0,3.9,1.7,35,1.7,g,3.9,g,0.12,g,0.1,g,35,kcal,0.5,g,0.1,g,5.0,g,3.9,g,2.0,g,1.7,g,0.3,g,35.0,kcal,148.0,kJ
00000040045252,Alnatura GmbH,Veganer Ei-Ersatz 15G,"Zutaten: SÜßLUPINENMEHL* 52 %, Maismehl*, Verdickungsmittel: Guarkernmehl*; Leinsamenmehl* teilentfettet, Sonnenblumenkernmehl* teilentfettet* *aus biologischer Landwirtschaft
Kann Spuren von Soja, Mandel, Cashewnuss, Senf und Sesam enthalten.",,,Backzutaten,15,,Veganer Ei-Ersatz 15G,6.0,0.8,32.0,27.0,30.0,2.4,25.0,322,25.0,g,2.4,g,0.032,g,0.8,g,322,kcal,6.0,g,0.8,g,27.0,g,2.4,g,30.0,g,25.0,g,0.08,g,322.0,kcal,1346.0,kJ
00000040045276,Alnatura GmbH,Knackies aus Seitan 140G,"Zutaten: Seitan* 84 % (Wasser, WEIZENEIWEIß*), Sonnenblumenöl*, Hefeextrakt*, Speisesalz, Gewürze*, WEIZENSTÄRKE*, Zwiebeln*, Verdickungsmittel: Agar-Agar*, Guarkernmehl*, Johannisbrotkernmehl*; Buchenholzrauch *aus biologischer Landwirtschaft
Kann Spuren von Soja, Sellerie und Senf enthalten.",,,veg. Wurstersatz,140,,Knackies aus Seitan 140G,12.0,1.2,600.0,3.5,3.9,1.5,28.0,242,28.0,g,1.5,g,0.6,g,1.2,g,242,kcal,12.0,g,1.2,g,3.5,g,1.5,g,3.9,g,28.0,g,1.5,g,242.0,kcal,1011.0,kJ
00000040045283,Alnatura GmbH,Rote Bratwurst aus Seitan 150G,"Zutaten: SEITAN* 71 % (Wasser, WEIZENEIWEIß*), Zwiebeln*, Sonnenblumenöl*, Paprika* 3,2 %, Hefeextrakt*, Speisesalz, Gewürze*, Verdickungsmittel: Agar-Agar*, Johannisbrotkernmehl*; Buchenholzrauch *aus biologischer Landwirtschaft. Kann Spuren von Soja, Sellerie und Senf enthalten.",,,veg. Wurstersatz,150,,Rote Bratwurst aus Seitan 150G,12.0,1.3,640.0,5.3,3.2,1.8,28.0,248,28.0,g,1.8,g,0.64,g,1.3,g,248,kcal,12.0,g,1.3,g,5.3,g,1.8,g,3.2,g,28.0,g,1.6,g,248.0,kcal,1036.0,kJ
00000040045313,Alnatura GmbH,Gnocchi 400G,"Zutaten: Kartoffelpüree* 80% (Wasser, Kartoffelflocken* 22,5 % (dehydrierte Kartoffeln* 99,9 %, Antioxidationsmittel: Extrakt aus Rosmarin* 0,1 %)), WEIZENMEHL* 10%, Kartoffelstärke*, Reismehl*, Meersalz, Säureregulator: Milchsäure *aus biologischer Landwirtschaft. Kann Spuren von Soja und Senf enthalten.",,,ungefüllte Nudeln,400,,Gnocchi 400G,0.5,0.1,560.0,34.0,2.1,0.5,3.7,155,3.7,g,0.5,g,0.5599999999999999,g,0.1,g,155,kcal,0.5,g,0.1,g,34.0,g,0.5,g,2.1,g,3.7,g,1.4,g,155.0,kcal,658.0,kJ
00000040045344,Alnatura GmbH,Backhefe 7G,"Zutaten: Backhefe* getrocknet *aus biologischer Landwirtschaft
Kann Spuren von Soja, Mandel, Lupine und Nüssen enthalten.",,,Backtriebmittel,7,,Backhefe 7G,,,,,,,,,,g,,g,,g,,g,,kcal,,g,,g,,g,,g,,g,,g,,g,,kcal,,kJ
00000040045351,Alnatura GmbH,Pesto Verde 120G,"Zutaten: Basilikum* 25 %, natives Olivenöl extra* 18,5 %, Sonnenblumenöl* 18,5 %, WALNÜSSE* 14 %, CASHEWNÜSSE* 13 %, Hartkäse 7 % (PECORINO*, PARMIGIANO REGGIANO G.U.*), Meersalz, Pinienkerne*, Knoblauch* *aus biologischer Landwirtschaft
Kann Spuren von Gluten, Ei, Soja, Mandel, Sellerie, Senf und Sesam enthalten.",,,Pesti,120,,Pesto Verde 120G,56.0,8.2,960.0,5.1,2.6,2.4,7.7,560,7.7,g,2.4,g,0.96,g,8.2,g,560,kcal,56.0,g,8.2,g,5.1,g,2.4,g,2.6,g,7.7,g,2.4,g,560.0,kcal,2310.0,kJ
00000040045368,Alnatura GmbH,Tofu Tomate 175G,"Zutaten: Wasser, SOJABOHNEN* 16%, Sonnenblumenöl*, Tomaten* getrocknet 4% (Tomaten*, Speisesalz), Tomatenstifte* getrocknet 2% (Tomaten*, Maisstärke*), Basilikum* 1,7%, Speisesalz, Zitronensaftkonzentrat*, Oregano*, Paprikaextrakt*, Gerinnungsmittel: Calciumsulfat, Calciumchlorid, Magnesiumchlorid *aus biologischer Landwirtschaft",,,Tofu und Seitan,175,,Tofu Tomate 175G,15.0,2.2,680.0,4.4,2.6,2.4,16.0,222,16.0,g,2.4,g,0.6799999999999999,g,2.2,g,222,kcal,15.0,g,2.2,g,4.4,g,2.4,g,2.6,g,16.0,g,1.7,g,222.0,kcal,923.0,kJ
00000040045375,Alnatura GmbH,Tofu Basilikum 175G,"Zutaten: Wasser, SOJABOHNEN* 16 %, Olivenöl*, Basilikum* 7,1 %, Speisesalz, Gewürze*, Kräuter*, Maismehl*, Zitronensaftkonzentrat*, Gerinnungsmittel: Calciumsulfat, Calciumchlorid, Magnesiumchlorid *aus biologischer Landwirtschaft",,,Tofu und Seitan,175,,Tofu Basilikum 175G,17.0,1.8,560.0,0.5,2.8,0.5,16.0,223,16.0,g,0.5,g,0.5599999999999999,g,1.8,g,223,kcal,17.0,g,1.8,g,0.5,g,0.5,g,2.8,g,16.0,g,1.4,g,223.0,kcal,923.0,kJ
00000040045382,Alnatura GmbH,Banane Beere Hafer Riegel 23G,"Zutaten: Bananenflocken* 17%, HAFERVOLLKORNFLOCKEN* 16%, Birnensaftkonzentrat*, Traubensaftkonzentrat* rot 13%, HAFERVOLLKORNMEHL* 12%, Apfelpulver*, Sonnenblumenöl*, schwarzes Johannisbeersaftkonzentrat* 5%, Oblaten* (Kartoffelstärke*, Sonnenblumenöl*) *aus biologischer Landwirtschaft
Kann Spuren von Milch, Mandel, Haselnuss, Walnuss und Cashewnuss enthalten.",,,Riegel,23,,Banane Beere Hafer Riegel 23G,10.3,0.9,8.0,68.1,5.0,35.9,4.6,394,4.6,g,35.9,g,0.008,g,0.9,g,394,kcal,10.3,g,0.9,g,68.1,g,35.9,g,5.0,g,4.6,g,0.02,g,394.0,kcal,1657.0,kJ
00000040045399,Alnatura GmbH,Reinweinstein Backpulver 72G,"Zutaten: Maisstärke* , Backtriebmittel: Natriumhydrogencarbonat (E 500ii); Säuerungsmittel: Monokaliumtartrat (E 336i) 25% *aus biologischer Landwirtschaft
Kann Spuren von Soja, Mandel, Walnuss, Cashewnuss und Lupine enthalten.",,,Backtriebmittel,72,,Reinweinstein Backpulver 72G,0.5,0.1,6840.000000000001,44.0,0.5,0.5,0.5,176,0.5,g,0.5,g,6.840000000000001,g,0.1,g,176,kcal,0.5,g,0.1,g,44.0,g,0.5,g,0.5,g,0.5,g,17.1,g,176.0,kcal,748.0,kJ
00000040045405,Alnatura GmbH,Bourbon Vanille gemahlen 5G,"Zutaten: Bourbonvanilleschote* gemahlen *aus biologischer Landwirtschaft
Kann Spuren von Mandel, Nüssen, Sellerie und Senf enthalten.",,,Backzutaten,5,,Bourbon Vanille gemahlen 5G,,,,,,,,,,g,,g,,g,,g,,kcal,,g,,g,,g,,g,,g,,g,,g,,kcal,,kJ
00000040045412,Alnatura GmbH,Pesto Calabrese 120G,"Zutaten: Paprika* 40 %, Sonnenblumenöl*, Zwiebeln*, Tomatenmark* zweifach konzentriert 12 %, MOLKENEIWEIßKÄSE RICOTTA* 7,6 %, CASHEWNÜSSE*, Basilikum*, Weinessig*, HARTKÄSE PECORINO AUS SCHAFMILCH* 2,5 %, Meersalz, Chili* 0,8 %, natives Olivenöl* extra, Oregano* *aus biologischer Landwirtschaft.
Kann Spuren von Gluten, Ei, Soja, Mandel, anderen Nüssen, Sellerie, Senf und Sesam enthalten.",,,Pesti,120,,Pesto Calabrese 120G,17.0,2.7,640.0,8.8,2.2,7.4,2.2,201,2.2,g,7.4,g,0.64,g,2.7,g,201,kcal,17.0,g,2.7,g,8.8,g,7.4,g,2.2,g,2.2,g,1.6,g,201.0,kcal,834.0,kJ
00000040045467,Alnatura GmbH,Kartoffel Salat 400G,"Zutaten: Kartoffeln* 65 %, Rapsöl*, Wasser, Gurken* 6 %, Rübenzucker*, Branntweinessig*, Zwiebeln*, Maisstärke*, Kräuter*, Gewürze*, Meersalz, SENFSAAT*, Sonnenblumenprotein*, Verdickungsmittel: Guarkernmehl*, Xanthan *aus biologischer Landwirtschaft",,,Feinkostsalate/-aufs,400,,Kartoffel Salat 400G,10.0,0.8,600.0,14.0,1.7,4.0,1.4,155,1.4,g,4.0,g,0.6,g,0.8,g,155,kcal,10.0,g,0.8,g,14.0,g,4.0,g,1.7,g,1.4,g,1.5,g,155.0,kcal,645.0,kJ
00000040045474,Alnatura GmbH,Farmer Salat 200G,"Zutaten: Karotten* 30 %, Rapsöl*, SELLERIE* 17 %, Wasser, Porree* 6 %, Rübenzucker*, Branntweinessig*, Maisstärke*, Sonnenblumenprotein*, Gewürze*, Kräuter*, Meersalz, SENFSAAT*, Verdickungsmittel: Guarkernmehl*, Xanthan *aus biologischer Landwirtschaft",,,Feinkostsalate/-aufs,200,,Farmer Salat 200G,20.0,1.5,392.0,9.3,1.7,6.2,0.7,223,0.7,g,6.2,g,0.392,g,1.5,g,223,kcal,20.0,g,1.5,g,9.3,g,6.2,g,1.7,g,0.7,g,0.98,g,223.0,kcal,924.0,kJ
00000040045481,Alnatura GmbH,Pflanzliches Geliermittel 6G,"Zutaten: Geliermittel: Agar-Agar* (E 406); Kartoffelstärke*, Säuerungsmittel: Kaliumtartrate (E 336) *aus biologischer Landwirtschaft
Kann Spuren von Cashewnuss und Lupine enthalten.",,,Binde/Geliermittel,6,,Pflanzliches Geliermittel 6G,0.5,0.1,40.0,34.0,48.0,0.5,0.5,243,0.5,g,0.5,g,0.04,g,0.1,g,243,kcal,0.5,g,0.1,g,34.0,g,0.5,g,48.0,g,0.5,g,0.1,g,243.0,kcal,1011.0,kJ
00000040045498,Alnatura GmbH,Bourbon Vanillezucker (3x8g) 24G,"Zutaten: Rohrohrzucker*, Bourbonvanilleschote* gemahlen 10% *aus biologischer Landwirtschaft
Kann Spuren von Cashewnuss und Lupine enthalten.",,,Backzutaten,24,,Bourbon Vanillezucker (3x8g) 24G,0.5,0.1,4.0,96.0,2.6,91.0,0.5,389,0.5,g,91.0,g,0.004,g,0.1,g,389,kcal,0.5,g,0.1,g,96.0,g,91.0,g,2.6,g,0.5,g,0.01,g,389.0,kcal,1653.0,kJ
00000040045566,Alnatura GmbH,Sauerteig Extrakt 15G,"Zutaten: ROGGENVOLLKORNMEHL*, ROGGEN-STARTERSAUERTEIG* *aus biologischer Landwirtschaft
Kann Spuren von Mandeln und Nüssen enthalten.",,,Backtriebmittel,15,,Sauerteig Extrakt 15G,1.8,0.5,4.0,52.0,14.0,2.1,11.0,331,11.0,g,2.1,g,0.004,g,0.5,g,331,kcal,1.8,g,0.5,g,52.0,g,2.1,g,14.0,g,11.0,g,0.01,g,331.0,kcal,1400.0,kJ
00000042096184,Alnatura GmbH,Mandel Honig Riegel 40G,"Zutaten: MANDELN* 51 %, Honig* 31 %, VOLLMILCHPULVER*, Reissirup*, Oblaten* (WEIZENMEHL*, Kartoffelstärke*) *aus biologischer Landwirtschaft
Kann Spuren von Haselnuss, Cashewnuss und Pistazie enthalten.",,,Fruchtschnitte,40,,Mandel Honig Riegel 40G,27.0,3.7,52.0,39.0,5.8,36.0,13.0,463,13.0,g,36.0,g,0.052000000000000005,g,3.7,g,463,kcal,27.0,g,3.7,g,39.0,g,36.0,g,5.8,g,13.0,g,0.13,g,463.0,kcal,1929.0,kJ
00000042096214,Alnatura GmbH,Banane Mandel Riegel 40G,"Zutaten: Bananen* getrocknet 31 %, MANDELN* 27 %, Rohrohrzucker*, Bananenflocken* 7,5 %, Honig*, Oblaten* (WEIZENMEHL*, Kartoffelstärke*), Invertzuckersirup* *aus biologischer Landwirtschaft
Kann Spuren von Haselnuss, Cashewnuss und Pistazie enthalten.",,,Fruchtschnitte,40,,Banane Mandel Riegel 40G,18.0,1.2,20.0,56.0,6.0,49.0,7.3,427,7.3,g,49.0,g,0.02,g,1.2,g,427,kcal,18.0,g,1.2,g,56.0,g,49.0,g,6.0,g,7.3,g,0.05,g,427.0,kcal,1790.0,kJ
00000042096221,Alnatura GmbH,Vielfrucht Riegel 40G,"Zutaten: Rosinen* 33%, CASHEWNÜSSE* 12%, Feigen* getrocknet 12%, Pflaumen* getrocknet 12%, Datteln* getrocknet, Aprikosen* getrocknet 12%, Palmöl*, Oblaten* (WEIZENMEHL*, Kartoffelstärke*) *aus biologischer Landwirtschaft
Kann Spuren von Mandel und Haselnuss enthalten.",,,Fruchtschnitte,40,,Vielfrucht Riegel 40G,9.2,3.0,20.0,53.0,7.9,49.0,5.0,336,5.0,g,49.0,g,0.02,g,3.0,g,336,kcal,9.2,g,3.0,g,53.0,g,49.0,g,7.9,g,5.0,g,0.05,g,336.0,kcal,1413.0,kJ
00000042100454,Alnatura GmbH,Mandel Schnitte 75G,"Zutaten: MANDELN* 43 %, Rohrohrzucker*, Honig*, Oblaten* (WEIZENMEHL*, Kartoffelstärke*), Invertzuckersirup* *aus biologischer Landwirtschaft
Kann Spuren von Haselnuss, Cashewnuss und Pistazie enthalten.",,,Fruchtschnitte,75,,Mandel Schnitte 75G,23.0,2.2,12.0,50.0,5.3,48.0,8.9,453,8.9,g,48.0,g,0.012,g,2.2,g,453,kcal,23.0,g,2.2,g,50.0,g,48.0,g,5.3,g,8.9,g,0.03,g,453.0,kcal,1895.0,kJ
00000042100478,Alnatura GmbH,Beeren Fruchtschnitte 75G,"Zutaten: Apfelpulver* 16 % (Äpfel* 87 %, Reismehl*), HAFERVOLLKORNFLOCKEN* 15 %, WEIZENVOLLKORNFLOCKEN* 12 %, Mehrfruchtsaftkonzentrat* 11 % (Holunder*, Himbeere*, Heidelbeere*, Schwarze Johannisbeere*), Rohrohrzucker*, Honig*, MANDELN*, Rosinen* geölt 7,1 % (Rosinen*, Sonnenblumenöl*), Korinthen* 3,5 %, Oblaten* (WEIZENMEHL*, Kartoffelstärke*), Palmöl*, Invertzuckersirup* *aus biologischer Landwirtschaft
Kann Spuren von Haselnuss, Cashewnuss und Pistazie enthalten.",,,Fruchtschnitte,75,,Beeren Fruchtschnitte 75G,8.5,2.0,12.0,57.0,5.3,43.0,5.8,376,5.8,g,43.0,g,0.012,g,2.0,g,376,kcal,8.5,g,2.0,g,57.0,g,43.0,g,5.3,g,5.8,g,0.03,g,376.0,kcal,1586.0,kJ
00000042100522,Alnatura GmbH,Cocos Riegel VM 40G,"Zutaten: Kokosraspel* 37%, Vollmilchschokolade* 36% (Rohrohrzucker*, Kakaobutter*, VOLLMILCHPULVER*, Kakaomasse*), Glukose-Fruktose-Sirup*, Rohrohrzucker*, Glukosesirup* *aus biologischer Landwirtschaft. Kann Spuren von Gluten, Soja, Mandel, Nüssen und Sesam enthalten.",,,Schokoriegel,40,,Cocos Riegel VM 40G,38.0,29.0,52.0,41.0,7.8,41.0,4.5,540,4.5,g,41.0,g,0.052000000000000005,g,29.0,g,540,kcal,38.0,g,29.0,g,41.0,g,41.0,g,7.8,g,4.5,g,0.13,g,540.0,kcal,2242.0,kJ
00000042143956,Alnatura GmbH,Cocos Riegel ZB 40G,"Zutaten: Kokosraspel* 37%, Zartbitterschokolade* 25% (Kakaomasse*, Rohrohrzucker*, Kakaobutter*), Glukose-Fruktose-Sirup*, Vollmilchschokolade* 11% (Rohrohrzucker*, Kakaobutter*, VOLLMILCHPULVER*, Kakaomasse*), Rohrohrzucker*, Glukosesirup* *aus biologischer Landwirtschaft. Kann Spuren von Gluten, Soja, Mandel, Nüssen und Sesam enthalten.",,,Schokoriegel,40,,Cocos Riegel ZB 40G,39.0,29.0,32.0,39.0,9.4,36.0,4.7,545,4.7,g,36.0,g,0.032,g,29.0,g,545,kcal,39.0,g,29.0,g,39.0,g,36.0,g,9.4,g,4.7,g,0.08,g,545.0,kcal,2261.0,kJ
00000042204954,Alnatura GmbH,Florentiner 100G,"Zutaten: MANDELN* geröstet 60 %, Orangeat* (Orangenschale*, Glukose-Fruktose-Sirup*, Zitronensaft*), Zartbitterschokolade* 10 % (Kakaomasse*, Rohrohrzucker*, Kakaobutter*), Rohrohrzucker*, Glukosesirup*, Honig*, BUTTER*, VOLLMILCHPULVER* *aus biologischer Landwirtschaft
Kann Spuren von Gluten, Ei, Soja, Nüssen und Sesam enthalten.",,,Confiserie,100,,Florentiner 100G,43.0,7.6,44.0,30.0,9.5,29.0,12.0,574,12.0,g,29.0,g,0.044,g,7.6,g,574,kcal,43.0,g,7.6,g,30.0,g,29.0,g,9.5,g,12.0,g,0.11,g,574.0,kcal,2381.0,kJ
00000042214366,Alnatura GmbH,Granatapfel Traube Fruchtschnitte 7,"Zutaten: Mehrfruchtsaftkonzentrat* 20 % (Rote Trauben* 57 %, Granatapfel* 37 %, Schwarze Johannisbeere*), Apfelpulver* 19 % (Äpfel*, Reismehl*), HAFERVOLLKORNFLOCKEN* 14 %, Rohrohrzucker*, MANDELN*, WEIZENVOLLKORNFLOCKEN* 7 %, Rosinen* geölt 6,9 % (Rosinen*, Sonnenblumenöl*), Korinthen* 6 %, Palmöl*, Oblaten* (WEIZENMEHL*, Kartoffelstärke*), Invertzuckersirup* *aus biologischer Landwirtschaft
Kann Spuren von Haselnuss, Cashewnuss und Pistazie enthalten.",,,Fruchtschnitte,75,,Granatapfel Traube Fruchtschnitte 7,11.0,3.3,16.0,58.0,5.2,44.0,5.6,386,5.6,g,44.0,g,0.016,g,3.3,g,386,kcal,11.0,g,3.3,g,58.0,g,44.0,g,5.2,g,5.6,g,0.04,g,386.0,kcal,1626.0,kJ
00000042214458,Alnatura GmbH,Marzipan Riegel ZB 40G,"Zutaten: Edelmarzipan* 75 % (MANDELN* 43 %, Rohrohrzucker*, Wasser, Invertzuckersirup*, Alkohol* 0,9 %), Zartbitterschokolade* 25 % (Rohrohrzucker*, Kakaomasse*, Kakaobutter*, Bourbonvanilleschote* gemahlen) *aus biologischer Landwirtschaft. Kann Spuren von Soja, Milch, Haselnuss, Cashewnuss und Pistazie enthalten.",,,Schokoriegel,40,,Marzipan Riegel ZB 40G,28.0,6.7,12.0,49.0,4.1,47.0,7.2,490,7.2,g,47.0,g,0.012,g,6.7,g,490,kcal,28.0,g,6.7,g,49.0,g,47.0,g,4.1,g,7.2,g,0.03,g,490.0,kcal,2045.0,kJ
00000042215165,Alnatura GmbH,Cashew Krokant Riegel 30G,"Zutaten: CASHEWNÜSSE* 65 %, Glukosesirup*, Honig* *aus biologischer Landwirtschaft
Kann Spuren von Erdnuss und Sesam enthalten.",,,Nussriegel,30,,Cashew Krokant Riegel 30G,29.0,5.6,20.0,48.0,2.9,26.0,15.0,519,15.0,g,26.0,g,0.02,g,5.6,g,519,kcal,29.0,g,5.6,g,48.0,g,26.0,g,2.9,g,15.0,g,0.05,g,519.0,kcal,2167.0,kJ
00000042221562,Alnatura GmbH,Geflügel Salat 125G,"Zutaten: Hühnerbrustfleisch* gegart 39 %, Rapsöl*, Wasser, Champignons* 6 %, Pfirsiche* 5 %, Branntweinessig*, SELLERIE* 3,5 %, Rübenzucker*, Maisstärke*, Kräuter*, Gewürze*, Meersalz, SENFSAAT*, Sonnenblumenprotein*, Verdickungsmittel: Guarkernmehl*, Xanthan *aus biologischer Landwirtschaft
Kann Spuren von Ei enthalten.",,,Feinkostsalate/-aufs,125,,Geflügel Salat 125G,20.0,1.7,440.00000000000006,5.1,0.5,3.5,9.9,240,9.9,g,3.5,g,0.44000000000000006,g,1.7,g,240,kcal,20.0,g,1.7,g,5.1,g,3.5,g,0.5,g,9.9,g,1.1,g,240.0,kcal,995.0,kJ
00000042221579,Alnatura GmbH,Fleisch Salat 150G,"Zutaten: Fleischbrät* 34% (Schweinefleisch*, Wasser, Speck*, Speisesalz, Schweineschwarten*, Gewürze* (Paprika*, Ingwer*, Zwiebel*, Pfeffer*, Knoblauch*), SENFMEHL*, Kartoffelstärke*, Säureregulatoren: Natriumcitrate, Natriumcarbonate; Glukosesirup*, färbendes Lebensmittel: Rote-Bete-Pulver*), Rapsöl*, Gurken* 20%, Wasser, Rübenzucker*, Branntweinessig*, Maisstärke*, Gewürze*, Kräuter*, Meersalz, SENFSAAT*, Sonnenblumenprotein*, Verdickungsmittel: Guarkernmehl*, Xanthan *aus biologischer Landwirtschaft",,,Feinkostsalate/-aufs,150,,Fleisch Salat 150G,29.0,4.8,600.0,6.0,0.5,4.0,4.2,302,4.2,g,4.0,g,0.6,g,4.8,g,302,kcal,29.0,g,4.8,g,6.0,g,4.0,g,0.5,g,4.2,g,1.5,g,302.0,kcal,1246.0,kJ
00000042230458,Alnatura GmbH,Creme m. Feta u. Manouri Knob. u. P,"Zutaten: Schaf*- und Ziegenkäse* 83 % (FETA* 52 %, MANOURI* 31 %), Sonnenblumenöl*, Paprika* 3,5 %, Knoblauch* 2 %, Meersalz, Branntweinessig*, Peperoni* *aus biologischer Landwirtschaft.",,,Frischkäse,125,,Creme m. Feta u. Manouri Knob. u. P,43.0,20.0,600.0,2.4,0.5,0.5,11.0,441,11.0,g,0.5,g,0.6,g,20.0,g,441,kcal,43.0,g,20.0,g,2.4,g,0.5,g,0.5,g,11.0,g,1.5,g,441.0,kcal,1819.0,kJ
00000042230465,Alnatura GmbH,Creme m. Feta u. Manouri Bärlauch 1,"Zutaten: Feta*¹, MANOURI*¹, Sonnenblumenöl*, Bärlauch* 6 %, Meersalz *aus biologischer Landwirtschaft ¹aus min. 70 % Schafs- und max. 30 % Ziegenmilch.",,,Frischkäse,125,,Creme m. Feta u. Manouri Bärlauch 1,46.0,19.0,640.0,2.0,0.5,0.5,9.9,462,9.9,g,0.5,g,0.64,g,19.0,g,462,kcal,46.0,g,19.0,g,2.0,g,0.5,g,0.5,g,9.9,g,1.6,g,462.0,kcal,1904.0,kJ
00000042239475,Alnatura GmbH,Parmigiano Reggiano gerieben 40G,"Zutaten: MILCH*, Speisesalz, tierisches Lab, *aus biologischer Landwirtschaft.",,,anderer Käse,40,,Parmigiano Reggiano gerieben 40G,30.0,20.0,640.0,0.5,0.5,0.5,32.0,402,32.0,g,0.5,g,0.64,g,20.0,g,402,kcal,30.0,g,20.0,g,0.5,g,0.5,g,0.5,g,32.0,g,1.6,g,402.0,kcal,1671.0,kJ
00000042239482,Alnatura GmbH,"""Bratwürstchen"" vegan (ungekühlt) 2","Zutaten: Seitan* 48 % (Wasser, WEIZENEIWEIß*), Tofu* 39 % (SOJABOHNEN*, Wasser), Sonnenblumenöl*, Meersalz, Gewürze*, Rohrohrzucker*, Verdickungsmittel: Johannisbrotkernmehl*, SELLERIE*, Knoblauch*, Koriander* *aus biologischer Landwirtschaft",,,Veganer Wurster. un.,250,,"""Bratwürstchen"" vegan (ungekühlt) 2",14.0,2.3,720.0,2.4,3.0,2.2,22.0,230,22.0,g,2.2,g,0.72,g,2.3,g,230,kcal,14.0,g,2.3,g,2.4,g,2.2,g,3.0,g,22.0,g,1.8,g,230.0,kcal,957.0,kJ
00000042239499,Alnatura GmbH,Veggie Salami 50G,"Zutaten: SEITAN* 46% (Wasser, WEIZENEIWEIß*), RÄUCHERTOFU* 24% (SOJABOHNEN*, Wasser, SOJASAUCE* (Wasser, SOJABOHNEN*, Meersalz, WEIZEN*), Buchenholzrauch), Sonnenblumenöl*, Paprika 6%, Meersalz, Tomatenmark*, Mandelmehl*, Paprikaflocken* 2%, Gewürze*, Rohrohrzucker*, Knoblauch*, Verdickungsmittel: Johannisbrotkernmehl*, Paprika edelsüß*, Koriander* *aus biologischer Landwirtschaft .",,,veg. Wurstersatz,50,,Veggie Salami 50G,13.0,2.6,960.0,5.1,2.1,4.2,31.0,266,31.0,g,4.2,g,0.96,g,2.6,g,266,kcal,13.0,g,2.6,g,5.1,g,4.2,g,2.1,g,31.0,g,2.4,g,266.0,kcal,1112.0,kJ
00000042242697,Alnatura GmbH,*Gefüllte Lebkuchenherzen 125G*,"Zutaten: Sauerkirschkonfitüre* 30 % (Rübenzucker*, Sauerkirschen* 35 %, Geliermittel: Pektin; Säuerungsmittel: Citronensäure), Zartbitterschokolade* 30 % (Kakaomasse*, Rohrzucker*, Kakaobutter*), WEIZENMEHL*, Invertzuckersirup*, DINKELMEHL*¹, Palmöl*, Backtriebmittel: Ammoniumhydrogencarbonat, Kaliumcarbonat; Karamellzuckersirup*, Säuerungsmittel: Citronensäure; Gewürze* *aus biologischer Landwirtschaft / ¹Dinkel ist eine WEIZENART
Kann Spuren von Ei, Milch, Mandel und Haselnuss enthalten.",,,Weihn. Zwidu süß,125,,*Gefüllte Lebkuchenherzen 125G*,13.0,7.3,16.0,60.0,3.9,43.0,4.5,383,4.5,g,43.0,g,0.016,g,7.3,g,383,kcal,13.0,g,7.3,g,60.0,g,43.0,g,3.9,g,4.5,g,0.04,g,383.0,kcal,1609.0,kJ
00000042247104,Alnatura GmbH,Marzipan Nougat Riegel 40G,"Zutaten: Edelmarzipan* 60 % (MANDELN* 43 %, Rohrohrzucker*, Wasser, Invertzuckersirup*, Alkohol 0,9 %), Edelbitterschokolade* 25 % (Kakaomasse*, Rohrohrzucker*, Kakaobutter*, Bourbonvanilleschote* gemahlen), NOUGAT* 15 % (Rohrohrzucker*, HASELNÜSSE* 34 %, Kakaobutter*, Kakaomasse*) *aus biologischer Landwirtschaft. Kann Spuren von Soja, Milch, Cashewnuss und Pistazie enthalten.",,,Schokoriegel,40,,Marzipan Nougat Riegel 40G,31.0,9.5,20.0,44.0,7.5,42.0,8.8,509,8.8,g,42.0,g,0.02,g,9.5,g,509,kcal,31.0,g,9.5,g,44.0,g,42.0,g,7.5,g,8.8,g,0.05,g,509.0,kcal,2120.0,kJ
00000042247111,Alnatura GmbH,Dinkel Doppelkeks mini 90G,"Zutaten: DINKELMEHL*¹ Type 1050 44 %, Rübenzucker*, Palmöl*, stark entöltes Kakaopulver* 3,8 %, VOLLMILCHPULVER*, Maisstärke*, Honig*, Glukosesirup*, Backtriebmittel: Natriumhydrogencarbonat, Meersalz, Bourbonvanilleschote* gemahlen *aus biologischer Landwirtschaft ¹Dinkel ist eine WEIZENART
Kann Spuren von Ei, Soja, Mandel, Haselnuss und Paranuss enthalten.",,,Kekse,90,,Dinkel Doppelkeks mini 90G,23.0,12.0,112.00000000000001,62.0,3.5,28.0,7.5,492,7.5,g,28.0,g,0.11200000000000002,g,12.0,g,492,kcal,23.0,g,12.0,g,62.0,g,28.0,g,3.5,g,7.5,g,0.28,g,492.0,kcal,2061.0,kJ
00000042255475,Alnatura GmbH,Sahnestand 24G,"Zutaten: Maisquellstärke*, Puderzucker* *aus biologischer Landwirtschaft",,,Stärke,24,,Sahnestand 24G,0.5,0.1,28.000000000000004,95.0,0.5,30.0,0.5,380,0.5,g,30.0,g,0.028000000000000004,g,0.1,g,380,kcal,0.5,g,0.1,g,95.0,g,30.0,g,0.5,g,0.5,g,0.07,g,380.0,kcal,1615.0,kJ
00000042256199,Alnatura GmbH,Orangenschale ger. 5G,"Zutaten: Orangenschale* gerieben, gefriergetrocknet 68%, Orangenschale* gerieben, getrocknet 29%, Orangenöl* 3 % *aus biologischer Landwirtschaft",,,Backzutaten,5,,Orangenschale ger. 5G,4.2,1.2,16.0,57.0,18.0,39.0,4.5,320,4.5,g,39.0,g,0.016,g,1.2,g,320,kcal,4.2,g,1.2,g,57.0,g,39.0,g,18.0,g,4.5,g,0.04,g,320.0,kcal,1345.0,kJ
00000042256205,Alnatura GmbH,Zitronenschale ger. 5G,"Zutaten: Zitronenschale* gerieben, gefriergetrocknet 68%, Zitronenschale* gerieben, getrocknet 29%, Zitronenöl* 3% *aus biologischer Landwirtschaft",,,Backzutaten,5,,Zitronenschale ger. 5G,1.0,0.2,64.0,42.0,35.0,23.0,6.1,283,6.1,g,23.0,g,0.064,g,0.2,g,283,kcal,1.0,g,0.2,g,42.0,g,23.0,g,35.0,g,6.1,g,0.16,g,283.0,kcal,1184.0,kJ
00000042267980,Alnatura GmbH,Mini Wiener vegan (ungekühlt) 170G,"Zutaten: Seitan* 47% (Wasser, WEIZENEIWEIß*), Tofu* 31% (SOJABOHNEN*, Wasser), Sonnenblumenöl*, Paprika*, Meersalz, Gewürze*, Rohrohrzucker*, Verdickungsmittel: Johannisbrotkernmehl*, Tomatenmark* 0,2%, Koriander*, SELLERIE* *aus biologischer Landwirtschaft",,,Veganer Wurster. un.,170,,Mini Wiener vegan (ungekühlt) 170G,15.0,1.9,880.0000000000001,4.1,2.0,2.9,26.0,259,26.0,g,2.9,g,0.8800000000000001,g,1.9,g,259,kcal,15.0,g,1.9,g,4.1,g,2.9,g,2.0,g,26.0,g,2.2,g,259.0,kcal,1083.0,kJ
00000042268505,Alnatura GmbH,Weidemilch Quark Magerstufe 500G,,,,Quark Natur,500,,Weidemilch Quark Magerstufe 500G,0.2,0.1,36.0,4.0,0.5,4.0,12.0,68,12.0,g,4.0,g,0.036,g,0.1,g,68,kcal,0.2,g,0.1,g,4.0,g,4.0,g,0.5,g,12.0,g,0.09,g,68.0,kcal,288.0,kJ
00000042270980,Alnatura GmbH,Pesto Arrabbiata 130G,"Zutaten: Tomaten* 41%, Sonnenblumenöl*, Tomaten* getrocknet 5,3%, Wasser,
CASHEWNÜSSE*, Chili* 3,2%, Kartoffelflocken*, Basilikum*, Meersalz,
natives Olivenöl extra*, Knoblauch*, Pinienkerne* *aus biologischer
Landwirtschaft.",,,Pesti,130,,Pesto Arrabbiata 130G,35.0,3.3,720.0,6.8,1.7,2.4,1.8,353,1.8,g,2.4,g,0.72,g,3.3,g,353,kcal,35.0,g,3.3,g,6.8,g,2.4,g,1.7,g,1.8,g,1.8,g,353.0,kcal,1455.0,kJ
00000042270997,Alnatura GmbH,Pesto Ricotta 140G,"Zutaten: Sonnenblumenöl*, RICOTTA-KÄSE* 22%, Tomatenmark* zweifach konzentriert 11%, Tomaten* 10%, WALNÜSSE* 5%, SCHAFSKÄSE*, Reismehl*, CASHEWNÜSSE*, Basilikum*, Meersalz, Knoblauch*, Säuerungsmittel: MILCHSÄURE *aus biologischer Landwirtschaft .",,,Pesti,140,,Pesto Ricotta 140G,57.0,5.2,360.0,3.0,0.8,1.9,8.5,561,8.5,g,1.9,g,0.36,g,5.2,g,561,kcal,57.0,g,5.2,g,3.0,g,1.9,g,0.8,g,8.5,g,0.9,g,561.0,kcal,2311.0,kJ
00000042271017,Alnatura GmbH,Getrocknete Tomaten 180G,"Zutaten: Tomaten* getrocknet, gesalzen, rehydriert 56% (Tomaten* getrocknet, Wasser, Weinessig*, Meersalz), Sonnenblumenöl* 33%, natives Olivenöl extra* 11% *aus biologischer Landwirtschaft.",,,Gemüse i Öl o Lake,180,,Getrocknete Tomaten 180G,44.0,5.0,1520.0,13.0,4.7,13.0,1.2,462,1.2,g,13.0,g,1.52,g,5.0,g,462,kcal,44.0,g,5.0,g,13.0,g,13.0,g,4.7,g,1.2,g,3.8,g,462.0,kcal,1908.0,kJ
00000042271024,Alnatura GmbH,Bruschetta Schwarze Olive 130G,"Zutaten: Schwarze Oliven* 67%, natives Olivenöl extra*, Zitronensaft*, Meersalz *aus biologischer Landwirtschaft .",,,Bruschetta,130,,Bruschetta Schwarze Olive 130G,47.0,6.2,440.00000000000006,0.6,2.7,0.6,1.1,435,1.1,g,0.6,g,0.44000000000000006,g,6.2,g,435,kcal,47.0,g,6.2,g,0.6,g,0.6,g,2.7,g,1.1,g,1.1,g,435.0,kcal,1790.0,kJ
00000042274285,Alnatura GmbH,"Räucher Tofu 175g, gekühlt 175G","Zutaten: SOJABOHNEN*, Wasser, Koagulationsmittel: Calciumsulfat, Meersalz, Buchenholzrauch *aus biologischer Landwirtschaft",,,Tofu & Tempeh,175,,"Räucher Tofu 175g, gekühlt 175G",11.0,1.8,480.0,1.3,2.5,0.6,21.0,193,21.0,g,0.6,g,0.48,g,1.8,g,193,kcal,11.0,g,1.8,g,1.3,g,0.6,g,2.5,g,21.0,g,1.2,g,193.0,kcal,806.0,kJ
00000042275077,Alnatura GmbH,Kartoffel Salat 400G,"Zutaten: Kartoffeln* 55 %, EIER* 10 %, Rapsöl*, Gurken* 6 %, Wasser, Rohrohrzucker*, Branntweinessig*, Zwiebeln*, Kartoffelpulver* 1,5 %, EIGELB*, Kräuter*, Gewürze*, Meersalz, SENFSAAT*, Reisstärke*, Sonnenblumenöl*. *aus biologischer Landwirtschaft.",,,Feinkost und Salate,400,,Kartoffel Salat 400G,10.0,1.1,600.0,17.0,1.9,6.6,2.9,173,2.9,g,6.6,g,0.6,g,1.1,g,173,kcal,10.0,g,1.1,g,17.0,g,6.6,g,1.9,g,2.9,g,1.5,g,173.0,kcal,724.0,kJ
00000042298601,Alnatura GmbH,Kapern 150G,"Zutaten: Kapern*, Wasser, Weinessig*, Meersalz *aus biologischer Landwirtschaft",,,Gemüse i Öl o Lake,150,,Kapern 150G,1.1,0.4,4079.9999999999995,1.0,3.2,0.5,2.4,30,2.4,g,0.5,g,4.08,g,0.4,g,30,kcal,1.1,g,0.4,g,1.0,g,0.5,g,3.2,g,2.4,g,10.2,g,30.0,kcal,124.0,kJ
00000042305880,Alnatura GmbH,Kokos Schnitte 75G,"Zutaten: Kokosraspel* 45 %, Reissirup*, HAFERVOLLKORNMEHL*, Oblaten* (WEIZENMEHL*, Kartoffelstärke*), Rohrohrzucker*, Kokosfett*, Bourbonvanilleschote* gemahlen *aus biologischer Landwirtschaft
Kann Spuren von Mandel, Haselnuss und Cashewnuss enthalten.",,,Fruchtschnitte,75,,Kokos Schnitte 75G,29.0,26.0,40.0,45.0,7.8,31.0,4.0,473,4.0,g,31.0,g,0.04,g,26.0,g,473,kcal,29.0,g,26.0,g,45.0,g,31.0,g,7.8,g,4.0,g,0.1,g,473.0,kcal,1968.0,kJ
00000042315766,Alnatura GmbH,Seidentofu 400g,"Zutaten: Wasser, SOJABOHNEN* 21 %, Gerinnungsmittel: Magnesiumchlorid *aus biologischer Landwirtschaft",,,Tofu und Seitan,400,,Seidentofu 400g,2.1,0.5,4.0,1.8,0.5,0.5,5.3,47,5.3,g,0.5,g,0.004,g,0.5,g,47,kcal,2.1,g,0.5,g,1.8,g,0.5,g,0.5,g,5.3,g,0.01,g,47.0,kcal,198.0,kJ
00000042317593,Alnatura GmbH,Guacamole 125G,"Zutaten: Avocado* 97 %, Zitronensaftkonzentrat*, Meersalz, Knoblauch* *aus biologischer Landwirtschaft.",,,Salate und Antipasti,125,,Guacamole 125G,11.0,2.7,356.0,5.9,4.5,0.5,1.8,139,1.8,g,0.5,g,0.356,g,2.7,g,139,kcal,11.0,g,2.7,g,5.9,g,0.5,g,4.5,g,1.8,g,0.89,g,139.0,kcal,574.0,kJ
00000042327783,Alnatura GmbH,Orangeat 100g,"Zutaten: Orangenschale* 57%, Glukose-Fruktose-Sirup*, Zitronensaft* *aus biologischer Landwirtschaft",,,Backzutaten,100,,Orangeat 100g,0.5,0.1,160.0,76.0,5.0,70.0,0.5,314,0.5,g,70.0,g,0.16,g,0.1,g,314,kcal,0.5,g,0.1,g,76.0,g,70.0,g,5.0,g,0.5,g,0.4,g,314.0,kcal,1332.0,kJ
00000042327790,Alnatura GmbH,Zitronat 100g,"Zutaten: Zitronenschale* 57%, Glukose-Fruktose-Sirup*, Zitronensaft* *aus biologischer Landwirtschaft",,,Backzutaten,100,,Zitronat 100g,0.5,0.1,160.0,76.0,5.0,70.0,0.5,314,0.5,g,70.0,g,0.16,g,0.1,g,314,kcal,0.5,g,0.1,g,76.0,g,70.0,g,5.0,g,0.5,g,0.4,g,314.0,kcal,1332.0,kJ
00000042328674,Alnatura GmbH,Mozzarella Rolle 300g,"Zutaten: MILCH* pasteurisiert, Speisesalz, mikrobielles Lab, Säuerungsmittel: Milchsäure *aus biologischer Landwirtschaft",,,anderer Käse,300,,Mozzarella Rolle 300g,19.0,12.0,240.0,1.0,0.5,1.0,19.0,251,19.0,g,1.0,g,0.24,g,12.0,g,251,kcal,19.0,g,12.0,g,1.0,g,1.0,g,0.5,g,19.0,g,0.6,g,251.0,kcal,1043.0,kJ
00000042390350,Alnatura GmbH,*Vollmilch Schoko Lolli 15G*,"Zutaten: Rohrohrzucker*, Kakaobutter*, VOLLMILCHPULVER*, Kakaomasse* *aus biologischer Landwirtschaft. Kann Spuren von Soja, Mandel und Nüssen enthalten.",,,Ostern Zwidu süß,15,,*Vollmilch Schoko Lolli 15G*,42.0,27.0,80.0,47.0,2.3,46.0,6.1,595,6.1,g,46.0,g,0.08,g,27.0,g,595,kcal,42.0,g,27.0,g,47.0,g,46.0,g,2.3,g,6.1,g,0.2,g,595.0,kcal,2475.0,kJ
00000042398479,Alnatura GmbH,Salsa Dip Mild 245ML,"Zutaten: Tomaten in Tomatensaft* 36%, Tomatenmark* zweifach konzentriert 18%, Wasser, eingelegte Paprika* (Paprika*, Branntweinessig*, Rohrohrzucker*, Meersalz), Zwiebeln*, Paprikawürfel* 6%, Rohrohrzucker*, Branntweinessig*, Meersalz, Maisstärke*, Knoblauch*, Gewürze* *aus biologischer Landwirtschaft.",,,Dips,265,,Salsa Dip Mild 245ML,0.5,0.1,880.0000000000001,12.0,1.3,8.9,1.7,57,1.7,g,8.9,g,0.8800000000000001,g,0.1,g,57,kcal,0.5,g,0.1,g,12.0,g,8.9,g,1.3,g,1.7,g,2.2,g,57.0,kcal,243.0,kJ
00000042400608,Alnatura GmbH,"Mini Schokotäfelchen VM 12,5G","Zutaten: Rohrohrzucker*, Kakaobutter*, VOLLMILCHPULVER*, Kakaomasse*, Sahnepulver*, MAGERMILCHPULVER*, Bourbonvanilleextrakt* *aus biologischer Landwirtschaft . Kann Spuren von Gluten, Mandel, Haselnuss, Pecannuss und Pistazie enthalten.",,,Probiergrößen,12.5,,"Mini Schokotäfelchen VM 12,5G",39.0,25.0,96.0,49.0,1.9,48.0,7.0,579,7.0,g,48.0,g,0.096,g,25.0,g,579,kcal,39.0,g,25.0,g,49.0,g,48.0,g,1.9,g,7.0,g,0.24,g,579.0,kcal,2410.0,kJ
00000042400615,Alnatura GmbH,"Mini Schokotäfelchen f. Bitter 12,5","Zutaten: Kakaomasse*, Rohrohrzucker*, Kakaobutter* *aus biologischer Landwirtschaft. Kann Spuren von Gluten, Milch, Mandel, Haselnuss,
Pecannuss und Pistazie enthalten.",,,Schokotafeln Dunkel,12.5,,"Mini Schokotäfelchen f. Bitter 12,5",41.0,26.0,8.0,35.0,12.0,29.0,7.5,563,7.5,g,29.0,g,0.008,g,26.0,g,563,kcal,41.0,g,26.0,g,35.0,g,29.0,g,12.0,g,7.5,g,0.02,g,563.0,kcal,2336.0,kJ
00000042400653,Alnatura GmbH,Nougat Mandel Riegel vegan 35G,"Zutaten: Rohrohrzucker*, Kakaobutter*, HASELNUSSMARK* 14 %, Reissiruppulver* 13 %, MANDELGRIESS* 8,4 %, MANDELN* geröstet und gehackt 6,5 % *aus biologischer Landwirtschaft. Kann Spuren von Gluten, Milch, Pecannuss und Pistazie enthalten.",,,Schokoriegel,35,,Nougat Mandel Riegel vegan 35G,38.0,14.0,4.0,52.0,3.2,40.0,5.6,579,5.6,g,40.0,g,0.004,g,14.0,g,579,kcal,38.0,g,14.0,g,52.0,g,40.0,g,3.2,g,5.6,g,0.01,g,579.0,kcal,2411.0,kJ
00000042400660,Alnatura GmbH,Oliven Mix mit Kräutern 180G,"Zutaten: Oliven* grün 50%, Oliven* schwarz 49%, natives Olivenöl extra*, Oregano*, Thymian*, Rosmarin*, Weißweinessig*, Meersalz *aus biologischer Landwirtschaft.",,,Oliven,180,,Oliven Mix mit Kräutern 180G,20.0,2.9,1160.0,1.6,4.1,0.5,2.2,203,2.2,g,0.5,g,1.16,g,2.9,g,203,kcal,20.0,g,2.9,g,1.6,g,0.5,g,4.1,g,2.2,g,2.9,g,203.0,kcal,837.0,kJ
00000042400691,Alnatura GmbH,Saaten Taler 100G,"Zutaten: MANDELN* blanchiert und geröstet 28 %, Sonnenblumenkerne* 20 %, Zartbitterschokolade* 15% (Kakaomasse*, Rohrohrzucker*, Kakaobutter*), Kürbiskerne* 14 %, Glukosesirup*, Rohrohrzucker*, SESAM* 5,7 %, BUTTER*, VOLLMILCHPULVER* *aus biologischer Landwirtschaft
Kann Spuren von Gluten, Ei, Soja und anderen Nüssen enthalten.",,,Confiserie,100,,Saaten Taler 100G,44.0,10.0,24.0,22.0,9.3,15.0,18.0,575,18.0,g,15.0,g,0.024,g,10.0,g,575,kcal,44.0,g,10.0,g,22.0,g,15.0,g,9.3,g,18.0,g,0.06,g,575.0,kcal,2382.0,kJ
00000042400707,Alnatura GmbH,Haselnuss Knacker 100G,"Zutaten: HASELNÜSSE* geröstet 70 %, Zartbitterschokolade* 10 % (Kakaomasse*, Rohrohrzucker*, Kakaobutter*), Rohrohrzucker*, Glukosesirup*, BUTTER*, Honig*, VOLLMILCHPULVER* *aus biologischer Landwirtschaft
Kann Spuren von Gluten, Ei, Soja, Mandel, anderen Nüssen und Sesam enthalten.",,,Confiserie,100,,Haselnuss Knacker 100G,52.0,8.0,8.0,25.0,7.2,20.0,9.6,621,9.6,g,20.0,g,0.008,g,8.0,g,621,kcal,52.0,g,8.0,g,25.0,g,20.0,g,7.2,g,9.6,g,0.02,g,621.0,kcal,2570.0,kJ
00000042406105,Alnatura GmbH,Obst Nuss Riegel 40G,"Zutaten: Honig* 21%, Apfelflocken* 9% (Äpfel* 87%, Reismehl*), MANDELN* 9%, HASELNÜSSE* 7%, Korinthen* 6,3%, HAFERFLOCKEN*, DINKELFLOCKEN*¹, Apfelsaftkonzentrat* 4,5%, Birnensaftkonzentrat*, Rohrohrzucker*, Schwarzes Johannisbeersaftkonzentrat*, Birnenpulver*, (Birnen*, Reismehl*), Birnen* getrocknet, Äpfel* getrocknet 3,5%, Palmöl*, Oblaten* (WEIZENMEHL*, Kartoffelstärke*), Reissirup*, Rosinen* 1,5%, Zitronat* (Zitronenschalen*, Maissirup*, Meersalz) *aus biologischer Landwirtschaft/¹Dinkel ist eine WEIZENART
Kann Spuren von Soja und Pistazie enthalten.",,,Fruchtschnitte,40,,Obst Nuss Riegel 40G,13.0,2.2,20.0,61.0,4.6,49.0,4.7,394,4.7,g,49.0,g,0.02,g,2.2,g,394,kcal,13.0,g,2.2,g,61.0,g,49.0,g,4.6,g,4.7,g,0.05,g,394.0,kcal,1658.0,kJ
00000042406174,Alnatura GmbH,Feige Dattel Riegel 30G,"Zutaten: Feigen* getrocknet 37 %, Zartbitterschokolade* 25 % (Rohrohrzucker*, Kakaomasse*, Kakaobutter*, Bourbonvanilleschote* gemahlen), Datteln* getrocknet 22 %, Dattelsirup* 7 %, CASHEWNÜSSE*, Palmöl*, stark entölter Kakao*, Zitronensaftkonzentrat* *aus biologischer Landwirtschaft. Kann Spuren von Gluten, Soja, Milch, Mandel und anderen Nüssen enthalten.",,,Schokoriegel,30,,Feige Dattel Riegel 30G,15.0,8.1,20.0,57.0,8.2,53.0,4.2,396,4.2,g,53.0,g,0.02,g,8.1,g,396,kcal,15.0,g,8.1,g,57.0,g,53.0,g,8.2,g,4.2,g,0.05,g,396.0,kcal,1661.0,kJ
00000042406204,Alnatura GmbH,*Vollmilch Weihnachts Mann 70G*,"Zutaten: Rohrohrzucker*, Kakaobutter*, VOLLMILCHPULVER*, Kakaomasse* *aus biologischer Landwirtschaft
Kann Spuren von Gluten, Soja, Mandel und Nüssen enthalten.",,,Weihn. Zwidu süß,70,,*Vollmilch Weihnachts Mann 70G*,42.0,27.0,80.0,47.0,2.3,46.0,6.0,595,6.0,g,46.0,g,0.08,g,27.0,g,595,kcal,42.0,g,27.0,g,47.0,g,46.0,g,2.3,g,6.0,g,0.2,g,595.0,kcal,2473.0,kJ
00000042406716,Alnatura GmbH,Mandel Cranberry Fruchtschnitte 75G,"Zutaten: Reissirup*, Bananenflocken* 20 %, HAFERVOLLKORNFLOCKEN* 16 %, Cranberrys* getrocknet, gesüßt und geölt 13 % (Cranberrys* 60 %, Apfelsaftkonzentrat*, Sonnenblumenöl*), MANDELN* 13 %, Aroniasaftkonzentrat*, Oblaten* (WEIZENMEHL*, Kartoffelstärke*), Kokosfett*, Apfelsaftkonzentrat*, Zitronensaftkonzentrat* *aus biologischer Landwirtschaft
Kann Spuren von Haselnuss, Cashewnuss und Pistazien enthalten.",,,Fruchtschnitte,75,,Mandel Cranberry Fruchtschnitte 75G,11.0,3.1,32.0,64.0,4.1,42.0,7.0,397,7.0,g,42.0,g,0.032,g,3.1,g,397,kcal,11.0,g,3.1,g,64.0,g,42.0,g,4.1,g,7.0,g,0.08,g,397.0,kcal,1670.0,kJ
00000042412991,Alnatura GmbH,*Vollmilch Hase 60G*,"Zutaten: Rohrohrzucker*, Kakaobutter*, VOLLMILCHPULVER*, Kakaomasse* *aus biologischer Landwirtschaft. Kann Spuren von Gluten, Soja, Mandel und Nüssen enthalten.",,,Ostern Zwidu süß,60,,*Vollmilch Hase 60G*,42.0,27.0,80.0,47.0,2.3,46.0,6.0,595,6.0,g,46.0,g,0.08,g,27.0,g,595,kcal,42.0,g,27.0,g,47.0,g,46.0,g,2.3,g,6.0,g,0.2,g,595.0,kcal,2473.0,kJ
04015481258013,LFW Ludwigsluster Fleisch- und Wurstspezialitäten GmbH & Co. KG,Rinder-Hackfleisch (TK) 250G,Zutaten: Rindfleisch* (100%). *aus kontrolliert ökologischer Erzeugung,,,Fleisch TK,250,,Rinder-Hackfleisch (TK) 250G,18.0,6.9,40.0,0.0,0.0,0.0,18.0,234,18.0,g,0.0,g,0.04,g,6.9,g,234,kcal,18.0,g,6.9,g,0.0,g,0.0,g,0.0,g,18.0,g,0.1,g,234.0,kcal,972.0,kJ
04026813010018,Bio Inside,Petersilie (TK) 75G,Zutaten: Petersilie aus kontrolliert ökologischer Erzeugung,,,Kräuter TK,75,,Petersilie (TK) 75G,0.4,0.0,36.0,7.4,4.3,0.9,4.4,59,4.4,g,0.9,g,0.036,g,0.0,g,59,kcal,0.4,g,0.0,g,7.4,g,0.9,g,4.3,g,4.4,g,0.09,g,59.0,kcal,247.0,kJ
04026813010025,Demeter Felderzeugnisse GmbH,Schnittlauch (TK) 75G,Zutaten: Schnittlauch* *aus kontrolliert ökologischer Erzeugung,,,Kräuter TK,75,,Schnittlauch (TK) 75G,0.7,0.1,4.0,1.6,,1.6,3.6,27,3.6,g,1.6,g,0.004,g,0.1,g,27,kcal,0.7,g,0.1,g,1.6,g,1.6,g,,g,3.6,g,0.01,g,27.0,kcal,115.0,kJ
04026813110510,Natural Cool,Bauern-Kroketten (TK) 400G,"Zutaten: Kartoffeln** 86 %, Rapsöl*, Kartoffelflocken*, Kartoffelstärke*, naturreines Meersalz, Zwiebelpulver*, Pfeffer*, Muskat*, Curcuma* *aus kontrolliert ökologischer Erzeugung, **aus biodynamischer Erzeugung",,,Kartoffelprodukte TK,400,,Bauern-Kroketten (TK) 400G,6.9,0.6,320.0,24.0,4.1,0.5,3.2,179,3.2,g,0.5,g,0.32,g,0.6,g,179,kcal,6.9,g,0.6,g,24.0,g,0.5,g,4.1,g,3.2,g,0.8,g,179.0,kcal,751.0,kJ
04026813330390,Bio inside,Pizza Pesto (TK) 345G,"Zutaten: Belag: Tomatensauce* (Tomatenpassata*, Sonnenblumenöl*, Zwiebel*, Knoblauchpulver*, Basilikum*, Oregano*, Pfeffer*), veganer Pizzabelag* 17,4% (Wasser, Kokosfett*, Kartoffelstärke*, LUPINENMEHL*, Meersalz, Curcuma*), Cocktailtomaten* 13%, Pestosauce* 4% [Wasser, Pesto* 33% (Basilikum*, Sonnenblumenöl*, Meersalz), Spinat*, natives Olivenöl extra*, Maisstärke*, Knoblauchpulver*]; Teig: WEIZENMEHL*, Wasser, Hefe, Meersalz, Sonnenblumenöl*
* = kontrolliert biologischer Anbau
Allergenhinweis: LUPINEN, GLUTEN. Kann Spuren von MILCH, SELLERIE, SENF und SOJA enthalten.",,,Pizza TK,345,,Pizza Pesto (TK) 345G,6.4,3.8,520.0,29.0,1.8,2.4,4.8,195,4.8,g,2.4,g,0.52,g,3.8,g,195,kcal,6.4,g,3.8,g,29.0,g,2.4,g,1.8,g,4.8,g,1.3,g,195.0,kcal,815.0,kJ
04031779608353,Moin Bio Backwaren GmbH,Sonntags Krustis 5 Stück 400G,"Zutaten: WEIZENMEHL* Type 550, Wasser, Steinsalz, Olivenöl*, Hefe*, GERSTENMALZ*, Acerolakirschsaftpulver*. *aus kontrolliert ökologischer Erzeugung",,,Halbfertig- / Fertigprodukte TK,400,,Sonntags Krustis 5 Stück 400G,3.2,0.7,600.0,49.2,1.8,2.8,8.2,262,8.2,g,2.8,g,0.6,g,0.7,g,262,kcal,3.2,g,0.7,g,49.2,g,2.8,g,1.8,g,8.2,g,1.5,g,262.0,kcal,1109.0,kJ
04031779614354,Moin Bio Backwaren GmbH,Vollkorn Krustis 5 Stück (TK) 400G,"Zutaten: WEIZENVOLLKORNMEHL*, Wasser, Steinsalz, Olivenöl*, WEIZENEIWEIß*, Hefe*, GERSTENMALZ*, 4-Kornflocken*(HAFER-*, GERSTE-*, WEIZEN-*, ROGGENFLOCKEN*), Acerolakirschsaftpulver* . *aus kontrolliert ökologischer Erzeugung",,,Halbfertig- / Fertigprodukte TK,400,,Vollkorn Krustis 5 Stück (TK) 400G,3.0,0.4,440.00000000000006,48.9,3.7,3.1,9.5,268,9.5,g,3.1,g,0.44000000000000006,g,0.4,g,268,kcal,3.0,g,0.4,g,48.9,g,3.1,g,3.7,g,9.5,g,1.1,g,268.0,kcal,1133.0,kJ
04031779907340,Moin,Spinat Taschen (TK) 220G,"Zutaten: Teig*: WEIZENMEHL* Type 550, BUTTER*, Wasser, Steinsalz, Reissirup* (Reis*, Wasser), WEIZENEIWEIß*, GERSTENMALZ*, Acerolakirschsaftpulver*. Füllung* 35%: Blattspinat* 75%, Zwiebeln*, KÄSE*, WEIZENSTÄRKE*, Wasser, Steinsalz, Sonnenblumenöl*, Gemüsebrühe* (Meersalz, Reisvollkornmehl*, Gemüse* (Zwiebel*, Karotten*, SELLERIE*, Röstzwiebeln*, Pastinake*), Hefeextrakt*, Sonnenblumenöl*, Kurkuma*, Petersilie*, Macis*, Pfeffer*, Lorbeer*, Liebstöckelblätter*), Pfeffer*, MOLKENPULVER*, Reismehl*. *aus kontrolliert ökologischem Anbau. 
Kann Spuren enthalten von: Sesam, Senf, Schalenfrüchte. Mindestens haltbar bis: siehe Seitenlasche. Nicht zum Rohverzehr geeignet.",,,Feinbackw Kuchen TK,220,,Spinat Taschen (TK) 220G,17.3,10.5,400.0,25.9,1.3,0.7,4.9,282,4.9,g,0.7,g,0.4,g,10.5,g,282,kcal,17.3,g,10.5,g,25.9,g,0.7,g,1.3,g,4.9,g,1.0,g,282.0,kcal,1174.0,kJ
04031829253205,Ökoland,Gartenkräuter (TK) 50G,"Zutaten: Kresse*, Schnittlauch*, Sauerampfer*, Basilikum*, Dill* (in veränderlichen Gewichtsanteilen), Petersilie*. *aus kontrolliert ökologischer Erzeugung
Kann Sellerie enthalten.",,,Kräuter TK,50,,Gartenkräuter (TK) 50G,0.6,0.2,20.0,2.8,3.4,1.3,3.0,35,3.0,g,1.3,g,0.02,g,0.2,g,35,kcal,0.6,g,0.2,g,2.8,g,1.3,g,3.4,g,3.0,g,0.05,g,35.0,kcal,148.0,kJ
04031829253601,Ökoland GmbH Nord,Italienische Kräuter (TK) 50G,"Zutaten: 34 % rote Zwiebeln*, Petersilie*, Basilikum*, Bärlauch*, Oregano*, Thymian*. *aus kontrolliert ökologischer Erzeugung
Kann Sellerie enthalten.",,,Kräuter TK,50,,Italienische Kräuter (TK) 50G,0.4,0.1,16.0,4.7,3.0,2.7,2.4,38,2.4,g,2.7,g,0.016,g,0.1,g,38,kcal,0.4,g,0.1,g,4.7,g,2.7,g,3.0,g,2.4,g,0.04,g,38.0,kcal,160.0,kJ
04036396900026,Freiländer Bio Geflügel,Hähnchen Kinder Dinos (TK) 180G,"Zutaten: 67% Hähnchenfleisch*, WEIZENMEHL*, WEIZENSTÄRKE*, Trinkwasser, Speisesalz, Gewürze*, Rapsöl*, Hefe *aus kontrolliert ökologischer Landwirtschaft.",,,Fleisch TK,180,,Hähnchen Kinder Dinos (TK) 180G,16.0,2.3,520.0,16.0,,0.5,13.0,263,13.0,g,0.5,g,0.52,g,2.3,g,263,kcal,16.0,g,2.3,g,16.0,g,0.5,g,,g,13.0,g,1.3,g,263.0,kcal,1096.0,kJ
04055084088945,Alnatura GmbH,Baumwollbeutel Obst und Gemüse 2ST,,,,Taschen und Boxen,82,,Baumwollbeutel Obst und Gemüse 2ST,,,,,,,,,,g,,g,,g,,g,,kcal,,g,,g,,g,,g,,g,,g,,g,,kcal,,kJ
04104420005280,Alnatura GmbH,*Feine Oblaten Lebkuchen 200G*,"Zutaten: Rohrohrzucker*, Zartbitterschokolade* (Kakaomasse*, Rohrohrzucker*, Kakaobutter*), WEIZENVOLLKORNMEHL*, MANDELN* 6 %, Zuckerglasur* (Puderzucker*, WEIZENSTÄRKE*, HÜHNEREIEIWEIßPULVER*, Verdickungsmittel: Guarkernmehl*), VOLLEI*, ROGGENVOLLKORNMEHL*, Honig*, Orangenschalen* kandiert (Glukose-Fruktose-Sirup*, Orangenschalen*, Zitronensaft*), Backoblaten* (WEIZENMEHL*, Kartoffelstärke*), Marzipan* 4 % (MANDELN* 52 %, Rohrohrzucker*, Wasser, Invertzuckersirup*), Agavendicksaft*, HASELNÜSSE* 3 %, Zuckerrübensirup*, Apfelfaser*, HÜHNEREIEIWEIßPULVER*, SÜßLUPINENMEHL*, Gewürze*, Verdickungsmittel: Guarkernmehl*, Backtriebmittel: Ammoniumhydrogencarbonat, Kaliumcarbonat; Meersalz *aus biologischer Landwirtschaft
Kann Spuren von Soja, Milch, Walnuss und Pistazie enthalten.",,,Weihn. Zwidu süß,200,,*Feine Oblaten Lebkuchen 200G*,12.0,4.4,120.0,60.0,7.0,41.0,7.6,392,7.6,g,41.0,g,0.12,g,4.4,g,392,kcal,12.0,g,4.4,g,60.0,g,41.0,g,7.0,g,7.6,g,0.3,g,392.0,kcal,1649.0,kJ
04104420007147,Alnatura GmbH,"Bienenschmaus 4,41G",,,,Samen & Sporen,4.41,,"Bienenschmaus 4,41G",,,,,,,,,,g,,g,,g,,g,,kcal,,g,,g,,g,,g,,g,,g,,g,,kcal,,kJ
04104420007840,Alnatura GmbH,*Frucht Punsch Holunder 750ML*,"Zutaten: Apfelsaft* 80 %, Holunderbeersaft* 11 %, Sauerkirschsaft* 6 %, Traubensaftkonzentrat* 2,5 %, Gewürzextrakt* (aus Hagebuttenschalen*, Hibiskusblüten*, Nelken*, Apfelstücken*, Sternanis*, Zitronenschalen*, Orangenschalen*, Rooibos*, Zimt*, Sultaninen*, Bourbonvanilleschote* gemahlen), Nelkenextrakt* *aus biologischer Landwirtschaft",,,Weihn. Kaltgetränke,790.16,,*Frucht Punsch Holunder 750ML*,0.5,0.1,4.0,14.0,0.5,13.0,0.5,56,0.5,g,13.0,g,0.004,g,0.1,g,56,kcal,0.5,g,0.1,g,14.0,g,13.0,g,0.5,g,0.5,g,0.01,g,56.0,kcal,238.0,kJ
04104420007901,Alnatura GmbH,*Winter Kräutertee Btl.20x2g 40G*,"Zutaten: Zitronengras*, Rooibos*, Zimt*, Hibiskus*, Holunderbeeren*, Ingwer*, Sternanis* *aus biologischer Landwirtschaft.",,,Weihn. Warmgetränke,40,,*Winter Kräutertee Btl.20x2g 40G*,,,,,,,,,,g,,g,,g,,g,,kcal,,g,,g,,g,,g,,g,,g,,g,,kcal,,kJ
04104420007963,Alnatura GmbH,*Nougat Cashews 90G*,"Zutaten: Vollmilchschokolade* 38 % (Rohrohrzucker*, Kakaobutter*, VOLLMILCHPULVER*, Kakaomasse*), CASHEWNÜSSE* geröstet 35 %, NOUGAT* 24 % (Rohrohrzucker*, HASELNÜSSE* 38 %, Kakaomasse* Kakaobutter*), Rohrohrzucker* 3 % *aus biologischer Landwirtschaft. Kann Spuren von Gluten, Soja, Mandel und anderen Nüssen enthalten.",,,Weihn. Zwidu süß,90,,*Nougat Cashews 90G*,40.0,15.0,40.0,44.0,3.5,37.0,9.8,582,9.8,g,37.0,g,0.04,g,15.0,g,582,kcal,40.0,g,15.0,g,44.0,g,37.0,g,3.5,g,9.8,g,0.1,g,582.0,kcal,2423.0,kJ
04104420007987,Alnatura GmbH,*Mini Schoko Lebkuchen 140G*,"Zutaten: Rohrohrzucker*, Zartbitterschokolade* 20 % (Kakaomasse*, Rohrohrzucker*, Kakaobutter*), Marzipan* (MANDELN* 52 %, Rohrohrzucker*, Wasser, Invertzuckersirup*), WEIZENVOLLKORNMEHL*, ROGGENVOLLKORNMEHL*, VOLLEI*, Honig*, MANDELN* 4 %, Orangenschalen* kandiert (Glukose-Fruktose-Sirup*, Orangenschalen*, Zitronensaft*), Backoblaten* (WEIZENMEHL*, Kartoffelstärke*), Apfelfaser*, HASELNÜSSE*, Zuckerrübensirup*, Agavendicksaft*, HÜHNEREIEIWEIßPULVER*, SÜßLUPINENMEHL*, Lebkuchengewürze*, Verdickungsmittel: Guarkernmehl*, Backtriebmittel: Ammoniumhydrogencarbonat, Meersalz *aus biologischer Landwirtschaft
Kann Spuren von Soja, Milch, Walnuss und Pistazie enthalten.",,,Weihn. Zwidu süß,140,,*Mini Schoko Lebkuchen 140G*,16.0,7.6,100.0,58.0,7.3,43.0,8.0,423,8.0,g,43.0,g,0.1,g,7.6,g,423,kcal,16.0,g,7.6,g,58.0,g,43.0,g,7.3,g,8.0,g,0.25,g,423.0,kcal,1772.0,kJ
04104420008403,,Schmetterlingsgruß 9G,"Samen von Esparsette**, Persischer Klee**, Kornrade**, Malve*, Dill*, Schwarzkümmel*, Herzgespann*, Sonnenhut*, Klatschmohn**, *aus Demeter Bio-Landbau **aus biologischer Landwirtschaft",,,Samen & Sporen,9,,Schmetterlingsgruß 9G,,,,,,,,,,g,,g,,g,,g,,kcal,,g,,g,,g,,g,,g,,g,,g,,kcal,,kJ
04104420008441,Alnatura GmbH,"Essbare Blütenmischung 2,3G",,,,Samen & Sporen,2.3,,"Essbare Blütenmischung 2,3G",,,,,,,,,,g,,g,,g,,g,,kcal,,g,,g,,g,,g,,g,,g,,g,,kcal,,kJ
04104420010604,Alnatura GmbH,Haferflocken zartschmelzend 250G,Zutaten: HAFERVOLLKORNFLOCKEN* *aus biologischer Landwirtschaft,,,Flocken/Flockenmisch,250,,Haferflocken zartschmelzend 250G,5.9,1.1,4.0,60.0,8.7,1.2,13.0,363,13.0,g,1.2,g,0.004,g,1.1,g,363,kcal,5.9,g,1.1,g,60.0,g,1.2,g,8.7,g,13.0,g,0.01,g,363.0,kcal,1529.0,kJ
04104420010680,Alnatura GmbH,3-Korn Flocken 500G,"Zutaten: HAFERVOLLKORNFLOCKEN*, DINKELVOLLKORNFLOCKEN*¹, ROGGENVOLLKORNFLOCKEN* *aus Demeter Bio-Landbau ¹Dinkel ist eine WEIZENART
Kann Spuren von Soja, Milch, Mandel, Nüssen, Sesam und Lupine enthalten.",,,Flocken/Flockenmisch,500,,3-Korn Flocken 500G,4.4,0.8,4.0,59.0,10.0,1.2,12.0,344,12.0,g,1.2,g,0.004,g,0.8,g,344,kcal,4.4,g,0.8,g,59.0,g,1.2,g,10.0,g,12.0,g,0.01,g,344.0,kcal,1450.0,kJ
04104420011625,Alnatura GmbH,Hafer 500G,"Zutaten: HAFER* *aus Demeter Bio-Landbau
Kann Spuren von Soja und Lupine enthalten.",,,Getreide ganz Natur,500,,Hafer 500G,6.2,1.0,8.0,61.0,8.1,1.3,13.0,368,13.0,g,1.3,g,0.008,g,1.0,g,368,kcal,6.2,g,1.0,g,61.0,g,1.3,g,8.1,g,13.0,g,0.02,g,368.0,kcal,1552.0,kJ
04104420011908,Alnatura GmbH,Grünkern 500G,"Zutaten: GRÜNKERN* ¹ *aus biologischer Landwirtschaft ¹Grünkern ist eine WEIZENART
Kann Spuren von Soja und Sesam enthalten.",,,Getreide ganz Natur,500,,Grünkern 500G,2.7,0.3,4.0,63.0,8.8,0.7,12.0,342,12.0,g,0.7,g,0.004,g,0.3,g,342,kcal,2.7,g,0.3,g,63.0,g,0.7,g,8.8,g,12.0,g,0.01,g,342.0,kcal,1445.0,kJ
04104420012554,Alnatura GmbH,5-Korn-Flocken 500G,"Zutaten: WEIZENVOLLKORNFLOCKEN*, GERSTENVOLLKORNFLOCKEN*, HAFERVOLLKORNFLOCKEN*, ROGGENVOLLKORNFLOCKEN*, Reisvollkornflocken** *aus Demeter Bio-Landbau **aus biologischer Landwirtschaft
Kann Spuren von Soja, Milch, Mandel, Nüssen, Sesam und Lupine enthalten.",,,Flocken/Flockenmisch,500,,5-Korn-Flocken 500G,3.0,0.6,12.0,62.0,10.0,1.1,11.0,339,11.0,g,1.1,g,0.012,g,0.6,g,339,kcal,3.0,g,0.6,g,62.0,g,1.1,g,10.0,g,11.0,g,0.03,g,339.0,kcal,1432.0,kJ
04104420013308,Alnatura GmbH,Hirseflocken 500G,"Zutaten: Hirsevollkornflocken* *aus biologischer Landwirtschaft
Kann Spuren von Gluten, Soja, Milch, Mandel, Nüssen, Sesam und Lupine enthalten.",,,Flocken/Flockenmisch,500,,Hirseflocken 500G,3.9,1.0,4.0,69.0,3.8,1.5,11.0,363,11.0,g,1.5,g,0.004,g,1.0,g,363,kcal,3.9,g,1.0,g,69.0,g,1.5,g,3.8,g,11.0,g,0.01,g,363.0,kcal,1535.0,kJ
04104420014459,Alnatura GmbH,Haferkleie mit Keim 500G,Zutaten: HAFERKLEIE* *aus biologischer Landwirtschaft,,,Kleie,500,,Haferkleie mit Keim 500G,7.4,1.4,12.0,55.0,12.0,1.4,15.0,371,15.0,g,1.4,g,0.012,g,1.4,g,371,kcal,7.4,g,1.4,g,55.0,g,1.4,g,12.0,g,15.0,g,0.03,g,371.0,kcal,1560.0,kJ
04104420015227,Alnatura GmbH,Mandeln gehobelt 100G,Zutaten: MANDELN* *aus biologischer Landwirtschaft. Kann Spuren von Erdnuss und Nüssen enthalten. Kann Schalenbestandteile enthalten.,,,Backzutaten,100,,Mandeln gehobelt 100G,54.0,4.0,4.0,5.4,14.0,3.7,22.0,624,22.0,g,3.7,g,0.004,g,4.0,g,624,kcal,54.0,g,4.0,g,5.4,g,3.7,g,14.0,g,22.0,g,0.01,g,624.0,kcal,2576.0,kJ
04104420015241,Alnatura GmbH,Mandeln gehackt 100G,Zutaten: MANDELN* *aus biologischer Landwirtschaft. Kann Spuren von Erdnuss und Nüssen enthalten. Kann Schalenbestandteile enthalten.,,,Backzutaten,100,,Mandeln gehackt 100G,54.0,4.0,4.0,5.4,14.0,3.7,22.0,624,22.0,g,3.7,g,0.004,g,4.0,g,624,kcal,54.0,g,4.0,g,5.4,g,3.7,g,14.0,g,22.0,g,0.01,g,624.0,kcal,2576.0,kJ
04104420015289,Alnatura GmbH,Kokos geraspelt 200G,"Zutaten: Kokosraspel *aus biologischer Landwirtschaft. Kann Spuren von Erdnuss, Mandel und Nüssen enthalten. Kann Schalenbestandteile enthalten.",,,Backzutaten,200,,Kokos geraspelt 200G,62.0,58.0,36.0,7.5,15.0,6.6,7.8,649,7.8,g,6.6,g,0.036,g,58.0,g,649,kcal,62.0,g,58.0,g,7.5,g,6.6,g,15.0,g,7.8,g,0.09,g,649.0,kcal,2674.0,kJ
04104420016057,Alnatura GmbH,Knäckebrot Delikatess 250G,"Zutaten: ROGGENVOLLKORNMEHL* 94%, Meersalz *aus biologischer Landwirtschaft. Kann Spuren von Sesam enthalten.",,,Knäckebrot,250,,Knäckebrot Delikatess 250G,1.8,0.3,520.0,63.0,16.0,2.4,8.6,335,8.6,g,2.4,g,0.52,g,0.3,g,335,kcal,1.8,g,0.3,g,63.0,g,2.4,g,16.0,g,8.6,g,1.3,g,335.0,kcal,1412.0,kJ
04104420016088,Alnatura GmbH,Knäckebrot Roggen & Dinkel 250G,"Zutaten: ROGGENVOLLKORNMEHL* 83 %, DINKELVOLLKORNMEHL*¹ 6 %, DINKELFLOCKEN*¹ 5 %, Meersalz *aus biologischer Landwirtschaft ¹DINKEL IST EINE WEIZENART. Kann Spuren von Sesam enthalten.",,,Knäckebrot,250,,Knäckebrot Roggen & Dinkel 250G,2.0,0.4,520.0,66.0,15.0,2.4,8.4,346,8.4,g,2.4,g,0.52,g,0.4,g,346,kcal,2.0,g,0.4,g,66.0,g,2.4,g,15.0,g,8.4,g,1.3,g,346.0,kcal,1459.0,kJ
04104420016408,Alnatura GmbH,Kartoffel Püree 160G,"Zutaten: Kartoffelflocken* 96 %, Meersalz, Gewürze* (Zwiebelpulver*, Muskatnuss*, Knoblauchpulver*, Liebstöckel*, Kurkuma*), Sonnenblumenöl* *aus biologischer Landwirtschaft
Kann Spuren von Gluten und Milch enthalten.",,,Kartoffelprodukte,160,,Kartoffel Püree 160G,1.6,0.6,212.0,12.0,1.1,2.2,2.3,74,2.3,g,2.2,g,0.21200000000000002,g,0.6,g,74,kcal,1.6,g,0.6,g,12.0,g,2.2,g,1.1,g,2.3,g,0.53,g,74.0,kcal,311.0,kJ
04104420016460,Alnatura GmbH,Reisflocken 500G,"Zutaten: Reisvollkornflocken* *aus biologischer Landwirtschaft
Kann Spuren von Soja, Milch, Mandel, Nüssen, Sesam und Lupine enthalten.",,,Flocken/Flockenmisch,500,,Reisflocken 500G,2.2,0.6,12.0,74.0,2.2,0.6,7.8,351,7.8,g,0.6,g,0.012,g,0.6,g,351,kcal,2.2,g,0.6,g,74.0,g,0.6,g,2.2,g,7.8,g,0.03,g,351.0,kcal,1490.0,kJ
04104420016484,Alnatura GmbH,Dinkelflocken Feinblatt 500G,"Zutaten: DINKELVOLLKORNFLOCKEN*¹ *aus Demeter Bio-Landbau ¹Dinkel ist eine WEIZENART
Kann Spuren von Soja, Milch, Mandel, Nüssen, Sesam und Lupine enthalten.",,,Flocken/Flockenmisch,500,,Dinkelflocken Feinblatt 500G,2.6,0.2,4.0,64.0,8.4,1.7,14.0,352,14.0,g,1.7,g,0.004,g,0.2,g,352,kcal,2.6,g,0.2,g,64.0,g,1.7,g,8.4,g,14.0,g,0.01,g,352.0,kcal,1489.0,kJ
04104420016521,Alnatura GmbH,Dinkelgrieß 500G,"Zutaten: DINKELGRIEß* ¹ *aus biologischer Landwirtschaft ¹Dinkel ist eine WEIZENART
Kann Spuren von Soja und Lupinen enthalten.",,,Grieße,500,,Dinkelgrieß 500G,2.0,0.4,4.0,69.0,5.8,1.3,12.0,354,12.0,g,1.3,g,0.004,g,0.4,g,354,kcal,2.0,g,0.4,g,69.0,g,1.3,g,5.8,g,12.0,g,0.01,g,354.0,kcal,1497.0,kJ
04104420016545,Alnatura GmbH,Weizengrieß 500G,"Zutaten: WEIZENGRIEß* *aus biologischer Landwirtschaft
Kann Spuren von Soja und Lupine enthalten.",,,Grieße,500,,Weizengrieß 500G,1.2,0.2,4.0,69.0,5.0,0.8,11.0,341,11.0,g,0.8,g,0.004,g,0.2,g,341,kcal,1.2,g,0.2,g,69.0,g,0.8,g,5.0,g,11.0,g,0.01,g,341.0,kcal,1444.0,kJ
04104420016569,Alnatura GmbH,Polenta 500G,"Zutaten: Maisgrieß* *aus Demeter Bio-Landbau
Kann Spuren von Soja und Lupine enthalten.",,,Grieße,500,,Polenta 500G,0.8,0.2,4.0,74.0,3.0,1.5,7.7,334,7.7,g,1.5,g,0.004,g,0.2,g,334,kcal,0.8,g,0.2,g,74.0,g,1.5,g,3.0,g,7.7,g,0.01,g,334.0,kcal,1416.0,kJ
04104420016644,Alnatura GmbH,Tomatencreme Suppe 46G,"Zutaten: Tomatenpulver* 37 %, Maisstärke*, WEIZENMEHL*, Rohrohrzucker*, Meersalz, Kartoffeln*, Zwiebeln* Röstzwiebeln*, Rote Bete*, natives Olivenöl* extra, Petersilie*, Paprika*, Rosmarin*, Basilikum*, Oregano*, Thymian* *aus biologischer Landwirtschaft. Kann Spuren von Ei, Soja, Milch, Sellerie und Senf enthalten.",,,Tütensuppen,46,,Tomatencreme Suppe 46G,0.5,0.1,316.0,5.9,0.6,2.4,0.7,28,0.7,g,2.4,g,0.316,g,0.1,g,28,kcal,0.5,g,0.1,g,5.9,g,2.4,g,0.6,g,0.7,g,0.79,g,28.0,kcal,117.0,kJ
04104420016767,Alnatura GmbH,Maismehl 500G,"Zutaten: Maismehl* *aus Demeter Bio-Landbau
Kann Spuren von Soja und Lupine enthalten.",,,Spezialmehle,500,,Maismehl 500G,0.8,0.2,4.0,74.0,3.0,1.5,7.7,334,7.7,g,1.5,g,0.004,g,0.2,g,334,kcal,0.8,g,0.2,g,74.0,g,1.5,g,3.0,g,7.7,g,0.01,g,334.0,kcal,1416.0,kJ
04104420016781,Alnatura GmbH,Dinkel Kleie 250G,"Kann Spuren von Soja, Milch, Mandel, Nüssen, Sesam und Lupine enthalten.",,,Kleie,250,,Dinkel Kleie 250G,4.7,0.8,4.0,18.0,45.0,1.9,16.0,268,16.0,g,1.9,g,0.004,g,0.8,g,268,kcal,4.7,g,0.8,g,18.0,g,1.9,g,45.0,g,16.0,g,0.01,g,268.0,kcal,1112.0,kJ
04104420016828,Alnatura GmbH,Leinsamen 500G,Kann Spuren von Gluten enthalten.,,,Ölsaaten & Samen,500,,Leinsamen 500G,41.0,4.0,40.0,1.6,28.0,1.1,22.0,519,22.0,g,1.1,g,0.04,g,4.0,g,519,kcal,41.0,g,4.0,g,1.6,g,1.1,g,28.0,g,22.0,g,0.1,g,519.0,kcal,2142.0,kJ
04104420017023,Alnatura GmbH,Gemüse Nudel Suppe 40G,"Zutaten: Teigwaren* 35 % (HARTWEIZENVOLLKORNMEHL*), Meersalz, Karotten* 9,7 %, Zwiebeln*, Kartoffeln* 7,5 %, Maisstärke*, Lauch* 5 %, Tomatenpulver* 4,6 %, Glukosesirup*, Paprika* 2,5 %, Rohrohrzucker*, SELLERIE*, Petersilie*, natives Olivenöl* extra, Karottensaftkonzentrat*, Rote Bete*, Kurkuma*, Pastinaken*, Pfeffer*, Liebstöckelblätter*, Sonnenblumenöl*, Liebstöckelwurzel*, Ingwer* *aus biologischer Landwirtschaft. Kann Spuren von Ei, Soja, Milch und Senf enthalten.",,,Tütensuppen,40,,Gemüse Nudel Suppe 40G,0.5,0.1,352.0,4.3,1.1,1.2,0.8,23,0.8,g,1.2,g,0.352,g,0.1,g,23,kcal,0.5,g,0.1,g,4.3,g,1.2,g,1.1,g,0.8,g,0.88,g,23.0,kcal,96.0,kJ
04104420017849,Alnatura GmbH,Schoko Müsli 750G,"Zutaten: HAFERVOLLKORNFLOCKEN*, WEIZENVOLLKORNFLOCKEN*, Vollmilchschokolade* (Rohrohrzucker*, MILCHPULVER*, Kakaobutter*, Kakaomasse*, Emulgator: SOJALECITHIN*, Bourbon Vanilleschote* gemahlen), Reisgrieß* extrudiert mit Kakao-Überzug* 10% (Reisgrieß, Rohrohrzucker*, Kakao*, Maismalz, GERSTENMALZ*, Sonnenblumenöl*, Meersalz) *aus biologischer Landwirtschaft. Kann Spuren von Mandel, Nüssen und Sesam enthalten.",,,Müslis,750,,Schoko Müsli 750G,10.0,5.0,60.0,61.0,8.4,12.0,11.0,395,11.0,g,12.0,g,0.06,g,5.0,g,395,kcal,10.0,g,5.0,g,61.0,g,12.0,g,8.4,g,11.0,g,0.15,g,395.0,kcal,1661.0,kJ
04104420017948,Alnatura GmbH,6-Korn Mischung 1.000G,"Zutaten: WEIZEN* 36%, ROGGEN* 27%, DINKEL*¹ 14%, GERSTE* 9%, HAFER* 9%, Hirse** 5% *aus Demeter Bio-Landbau **aus biologischer Landwirtschaft ¹DINKEL IST EINE URWEIZENART. Kann Spuren von Soja, Senf und Lupine enthalten.",,,Getreide ganz Natur,1000,,6-Korn Mischung 1.000G,2.5,0.5,8.0,61.0,12.0,1.0,11.0,335,11.0,g,1.0,g,0.008,g,0.5,g,335,kcal,2.5,g,0.5,g,61.0,g,1.0,g,12.0,g,11.0,g,0.02,g,335.0,kcal,1413.0,kJ
04104420017986,Alnatura GmbH,Kartoffel Lauch Suppe 58G,,,,Tütensuppen,58,,Kartoffel Lauch Suppe 58G,0.5,0.2,352.0,7.2,0.8,0.9,1.1,35,1.1,g,0.9,g,0.352,g,0.2,g,35,kcal,0.5,g,0.2,g,7.2,g,0.9,g,0.8,g,1.1,g,0.88,g,35.0,kcal,148.0,kJ
04104420018426,Alnatura GmbH,Himalaya Basmati Vollkorn Reis 500G,,,,Reis,500,,Himalaya Basmati Vollkorn Reis 500G,2.2,0.6,12.0,74.0,2.2,0.6,7.8,351,7.8,g,0.6,g,0.012,g,0.6,g,351,kcal,2.2,g,0.6,g,74.0,g,0.6,g,2.2,g,7.8,g,0.03,g,351.0,kcal,1490.0,kJ
04104420018709,Alnatura GmbH,Dinkel gepufft 200G,"Zutaten: DINKEL*¹ gepufft 75 %, Honig* 25 % *aus biologischer Landwirtschaft ¹Dinkel ist eine WEIZENART
Kann Spuren von Soja, Milch, Mandel, Nüssen und Sesam enthalten.",,,gepufftes Getreide,200,,Dinkel gepufft 200G,3.0,0.4,4.0,78.0,6.7,23.0,9.7,391,9.7,g,23.0,g,0.004,g,0.4,g,391,kcal,3.0,g,0.4,g,78.0,g,23.0,g,6.7,g,9.7,g,0.01,g,391.0,kcal,1656.0,kJ
04104420018747,Alnatura GmbH,Dinkel Flakes 200G,"Zutaten: DINKELVOLLKORNMEHL*¹ 86 %, Rübenzucker*, GERSTENMALZMEHL*, Meersalz *aus biologischer Landwirtschaft ¹Dinkel ist eine WEIZENART
Kann Spuren von Soja, Milch, Mandel, Nüssen und Sesam enthalten.",,,Flakes,200,,Dinkel Flakes 200G,2.4,0.2,520.0,69.0,7.8,11.0,13.0,365,13.0,g,11.0,g,0.52,g,0.2,g,365,kcal,2.4,g,0.2,g,69.0,g,11.0,g,7.8,g,13.0,g,1.3,g,365.0,kcal,1545.0,kJ
04104420018907,Alnatura GmbH,Knusper Bär Müsli 375G,"Zutaten: HAFERVOLLKORNFLOCKEN* 43%, DINKELVOLLKORNFLOCKEN*¹ 19%, Cornflakes* 10% (Mais*, Trennmittel: Lecithin*), WEIZENVOLLKORNFLOCKEN* 9,4%, Vollmilchschokolade* 7,1 % (Rohrohrzucker*, Kakaobutter*, VOLLMILCHPULVER*, Kakaomasse*), Honig*, DINKEL*¹ gepufft 3%, Reis* gepufft 1,9 %, Sonnenblumenöl*, Zartbitterschokolade* 0,8 % (Kakaomasse*, Rohrohrzucker*, Kakaobutter*), Himbeeren* gefriergetrocknet, Überzugsmittel: Gummi arabicum*, Ceylon-Zimt* gemahlen *aus biologischer Landwirtschaft ¹ DINKEL IST EINE URWEIZENART. Kann Spuren von Soja, Mandel, Nüssen und Sesam enthalten.",,,Müslis,375,,Knusper Bär Müsli 375G,8.0,2.8,8.0,62.0,9.0,7.5,12.0,386,12.0,g,7.5,g,0.008,g,2.8,g,386,kcal,8.0,g,2.8,g,62.0,g,7.5,g,9.0,g,12.0,g,0.02,g,386.0,kcal,1626.0,kJ
04104420019546,Alnatura GmbH,Amaranth gepufft 125G,"Zutaten: Amaranth* gepufft *aus biologischer Landwirtschaft
Kann Spuren von Soja, Milch, Mandel, Nüssen und Sesam enthalten.",,,gepufftes Getreide,125,,Amaranth gepufft 125G,7.9,1.7,4.0,65.0,8.0,1.4,16.0,411,16.0,g,1.4,g,0.004,g,1.7,g,411,kcal,7.9,g,1.7,g,65.0,g,1.4,g,8.0,g,16.0,g,0.01,g,411.0,kcal,1733.0,kJ
04104420019683,Alnatura GmbH,Cornflakes 375G,"Zutaten: Mais* 94%, Rohrohrzucker*, Meersalz *aus biologischer Landwirtschaft
Kann Spuren von Soja, Milch, Mandel, Nüssen und Sesam enthalten.",,,Flakes,375,,Cornflakes 375G,1.6,0.3,480.0,83.0,2.6,4.9,6.3,377,6.3,g,4.9,g,0.48,g,0.3,g,377,kcal,1.6,g,0.3,g,83.0,g,4.9,g,2.6,g,6.3,g,1.2,g,377.0,kcal,1598.0,kJ
04104420019805,Alnatura GmbH,Bircher Müsli 500G,"Zutaten: HAFERVOLLKORNFLOCKEN*, HAFERKLEIE*, WEIZENVOLLKORNFLOCKEN*, WEIZENVOLLKORNMEHL*, GERSTENVOLLKORNFLOCKEN*, Dattelsirup* 4,5 %, HASELNÜSSE* geröstet 4 %, Apfelsaftkonzentrat* 3 %, Sultaninen* getrocknet und geölt 3 % (Sultaninen*, Sonnenblumenöl*), Apfelstücke* getrocknet 3 %, Bananenpüree* 2 %, MANDELSTÜCKE* geröstet 1 %, Apfelpüree* 1 %, Reismehl* *aus biologischer Landwirtschaft
Kann Spuren von Soja, Cashewnuss und Sesam enthalten.",,,Müslis,500,,Bircher Müsli 500G,6.7,0.9,16.0,59.0,8.8,14.0,9.9,354,9.9,g,14.0,g,0.016,g,0.9,g,354,kcal,6.7,g,0.9,g,59.0,g,14.0,g,8.8,g,9.9,g,0.04,g,354.0,kcal,1490.0,kJ
04104420020405,Alnatura GmbH,Hühner Nudel Suppe 38G,"Zutaten: Teigwaren* 68% (HARTWEIZENGRIEß*), Meersalz, Hühnerfleischpulver* 8,1%, Karotten* 3,3%, Glukosesirup*, Lauch* 2,2%, Rohrohrzucker*, Zwiebeln*, Hühnerfett* 0,4%, Hefeextrakt*, Geflügelbrühe* (Truthahnkarkasse*, Huhnkarkasse*, Speisesalz) 0,2%, SELLERIE*, Kurkuma*, Karamellzucker*, Liebstöckelblätter* *aus biologischer Landwirtschaft
Kann Spuren von Ei, Soja, Milch und Senf enthalten.",,,Tütensuppen,38,,Hühner Nudel Suppe 38G,0.5,0.1,320.0,4.2,0.5,0.5,1.1,21,1.1,g,0.5,g,0.32,g,0.1,g,21,kcal,0.5,g,0.1,g,4.2,g,0.5,g,0.5,g,1.1,g,0.8,g,21.0,kcal,90.0,kJ
04104420020443,Alnatura GmbH,Vollkorn Burger Gemüse 210G,"Zutaten: HAFERVOLLKORNFLOCKEN* 24 %, DINKELVOLLKORNGRIEß*¹ 23 %, DINKELVOLLKORNFLOCKEN*¹ 16 %, cornflakes* (Maismehl*, Rohrohrzucker*, Meersalz), Zwiebeln* 5,7 %, Lauch* 4,4 %, Karotten* 4,3 %, Sonnenblumenöl*, Meersalz, Tomatenpulver*, Zucchini*, Knoblauch*, Gewürze* (Pfeffer*, Macis*, Kurkuma*), Kräuter* (Liebstöckelblätter*, Oregano*) *aus biologischer Landwirtschaft ¹DINKEL IST EINE WEIZENART. Kann Spuren von Ei, Soja, Milch, Sellerie und Senf enthalten.",,,Bratlinge Mischungen,210,,Vollkorn Burger Gemüse 210G,2.9,0.3,400.0,27.0,4.5,3.3,5.6,166,5.6,g,3.3,g,0.4,g,0.3,g,166,kcal,2.9,g,0.3,g,27.0,g,3.3,g,4.5,g,5.6,g,1.0,g,166.0,kcal,698.0,kJ
04104420020467,Alnatura GmbH,Dinkel Backerbsen 125G,"Zutaten: DINKELMEHL*¹ 56%, Sonnenblumenöl*, Maismehl*, Steinsalz, MAGERMILCHPULVER*, Muskat*, Backpulver* (Maisstärke*, Säuerungsmittel: Monokaliumtartrate, Backtriebmittel: Natriumhydrogencarbonat) *aus biologischer Landwirtschaft ¹DINKEL IST EINE WEIZENART.",,,Tütensuppen,125,,Dinkel Backerbsen 125G,29.0,2.6,1000.0,53.0,3.9,0.6,8.1,513,8.1,g,0.6,g,1.0,g,2.6,g,513,kcal,29.0,g,2.6,g,53.0,g,0.6,g,3.9,g,8.1,g,2.5,g,513.0,kcal,2143.0,kJ
04104420021013,Alnatura GmbH,"Ahornsirup Grad A 0,25L",,,,Sirupe/Malze/Melasse,330,,"Ahornsirup Grad A 0,25L",0.5,0.1,4.0,67.0,0.5,66.0,0.5,269,0.5,g,66.0,g,0.004,g,0.1,g,269,kcal,0.5,g,0.1,g,67.0,g,66.0,g,0.5,g,0.5,g,0.01,g,269.0,kcal,1142.0,kJ
04104420021037,Alnatura GmbH,"Ahornsirup Grad C 0,375L",,,,Sirupe/Malze/Melasse,500,,"Ahornsirup Grad C 0,375L",0.5,0.1,4.0,67.0,0.5,66.0,0.5,269,0.5,g,66.0,g,0.004,g,0.1,g,269,kcal,0.5,g,0.1,g,67.0,g,66.0,g,0.5,g,0.5,g,0.01,g,269.0,kcal,1142.0,kJ
04104420021167,Alnatura GmbH,"Mango-Fruchtsauce 0,25L","Zutaten: Mangopüree* 77%, Wasser, Agavendicksaft*, Rohrohrzucker*, Apfelsaftkonzentrat*, Verdickungsmittel: Johannisbrotkernmehl*, Zitronensaftkonzentrat* *aus biologischer Landwirtschaft.",,,Fruchtsoßen,250,,"Mango-Fruchtsauce 0,25L",0.9,0.5,24.0,22.0,1.3,22.0,0.5,99,0.5,g,22.0,g,0.024,g,0.5,g,99,kcal,0.9,g,0.5,g,22.0,g,22.0,g,1.3,g,0.5,g,0.06,g,99.0,kcal,418.0,kJ
04104420021327,Alnatura GmbH,Rohrohrzucker 500G,Zutaten: Rohrohrzucker* *aus biologischer Landwirtschaft,,,Zucker,500,,Rohrohrzucker 500G,0.5,0.1,4.0,97.0,0.5,97.0,0.5,388,0.5,g,97.0,g,0.004,g,0.1,g,388,kcal,0.5,g,0.1,g,97.0,g,97.0,g,0.5,g,0.5,g,0.01,g,388.0,kcal,1649.0,kJ
04104420021785,Alnatura GmbH,Rohrohrzucker 1.000G,Zutaten: Rohrohrzucker* *aus biologischer Landwirtschaft,,,Zucker,1000,,Rohrohrzucker 1.000G,0.5,0.1,4.0,97.0,0.5,97.0,0.5,388,0.5,g,97.0,g,0.004,g,0.1,g,388,kcal,0.5,g,0.1,g,97.0,g,97.0,g,0.5,g,0.5,g,0.01,g,388.0,kcal,1649.0,kJ
04104420021884,Alnatura GmbH,Dinkelmehl Type 630 1.000G,"Zutaten: DINKELMEHL*¹ Type 630 *aus biologischer Landwirtschaft ¹Dinkel ist eine WEIZENART
Kann Spuren von Soja und Lupine enthalten.",,,ausgemahlene Mehle,1000,,Dinkelmehl Type 630 1.000G,1.3,0.1,4.0,69.0,3.7,0.8,12.0,343,12.0,g,0.8,g,0.004,g,0.1,g,343,kcal,1.3,g,0.1,g,69.0,g,0.8,g,3.7,g,12.0,g,0.01,g,343.0,kcal,1455.0,kJ
04104420021921,Alnatura GmbH,Haferflocken Feinblatt 1.000G,"Zutaten: HAFERVOLLKORNFLOCKEN* *aus Demeter Bio-Landbau
Kann Spuren von Soja, Milch, Mandel, Nüssen, Sesam und Lupine enthalten.",,,Flocken/Flockenmisch,1000,,Haferflocken Feinblatt 1.000G,7.1,1.4,8.0,56.0,9.7,1.1,11.0,351,11.0,g,1.1,g,0.008,g,1.4,g,351,kcal,7.1,g,1.4,g,56.0,g,1.1,g,9.7,g,11.0,g,0.02,g,351.0,kcal,1479.0,kJ
04104420022089,Alnatura GmbH,Sojaflocken 500G,"Zutaten: SOJAFLOCKEN* *aus biologischer Landwirtschaft
Kann Spuren von Gluten, Mandel, Milch, Nüssen, Sesam und Lupine enthalten.",,,Flocken/Flockenmisch,500,,Sojaflocken 500G,21.0,2.9,4.0,7.0,19.0,3.0,41.0,419,41.0,g,3.0,g,0.004,g,2.9,g,419,kcal,21.0,g,2.9,g,7.0,g,3.0,g,19.0,g,41.0,g,0.01,g,419.0,kcal,1745.0,kJ
04104420022287,Alnatura GmbH,Gersten Graupen 500G,"Zutaten: GERSTE* *aus biologischer Landwirtschaft
Kann Spuren von Soja und Sesam enthalten.",,,Getreide ganz Natur,500,,Gersten Graupen 500G,1.4,0.3,4.0,71.0,4.6,3.4,10.0,346,10.0,g,3.4,g,0.004,g,0.3,g,346,kcal,1.4,g,0.3,g,71.0,g,3.4,g,4.6,g,10.0,g,0.01,g,346.0,kcal,1466.0,kJ
04104420022683,Alnatura GmbH,Kichererbsen getrocknet 500G,"Zutaten: Kichererbsen* *aus biologischer Landwirtschaft. Kann Spuren von Gluten, Soja, Mandel, Nüssen und Sesam enthalten.",,,Hülsenfrüchte/Saaten,500,,Kichererbsen getrocknet 500G,5.9,0.01,4.0,44.0,16.0,2.4,19.0,337,19.0,g,2.4,g,0.004,g,0.01,g,337,kcal,5.9,g,0.01,g,44.0,g,2.4,g,16.0,g,19.0,g,0.01,g,337.0,kcal,1417.0,kJ
04104420022720,Alnatura GmbH,Beluga Linsen 500G,"Zutaten: Beluga Linsen* *aus biologischer Landwirtschaft
Kann Spuren von Gluten, Soja, Mandel, Nüssen und Sesam enthalten.",,,Hülsenfrüchte/Saaten,500,,Beluga Linsen 500G,1.0,0.3,4.0,46.0,13.0,2.0,25.0,319,25.0,g,2.0,g,0.004,g,0.3,g,319,kcal,1.0,g,0.3,g,46.0,g,2.0,g,13.0,g,25.0,g,0.01,g,319.0,kcal,1348.0,kJ
04104420022782,Alnatura GmbH,Kakao schwach entölt 125G,"Zutaten: Kakaopulver 95%*, Säureregulator: Kaliumcarbonat 5%*aus biologischer Landwirtschaft.",,,Backzutaten,125,,Kakao schwach entölt 125G,21.0,13.0,20.0,12.0,31.0,0.5,22.0,387,22.0,g,0.5,g,0.02,g,13.0,g,387,kcal,21.0,g,13.0,g,12.0,g,0.5,g,31.0,g,22.0,g,0.05,g,387.0,kcal,1603.0,kJ
04104420024045,Alnatura GmbH,Waldhonig flüssig 350G,,,,Honige,350,,Waldhonig flüssig 350G,,,,,,,,,,g,,g,,g,,g,,kcal,,g,,g,,g,,g,,g,,g,,g,,kcal,,kJ
04104420024106,Alnatura GmbH,Vollrohrzucker 500G,Zutaten: Vollrohrzucker* *aus biologischer Landwirtschaft,,,Zucker,500,,Vollrohrzucker 500G,0.5,0.1,4.0,95.0,0.5,95.0,0.5,380,0.5,g,95.0,g,0.004,g,0.1,g,380,kcal,0.5,g,0.1,g,95.0,g,95.0,g,0.5,g,0.5,g,0.01,g,380.0,kcal,1615.0,kJ
04104420024403,Alnatura GmbH,Blütenhonig 350G,,,,Honige,350,,Blütenhonig 350G,,,,,,,,,,g,,g,,g,,g,,kcal,,g,,g,,g,,g,,g,,g,,g,,kcal,,kJ
04104420024441,Alnatura GmbH,Feine Blüte 500G,,,,Honige,500,,Feine Blüte 500G,,,,,,,,,,g,,g,,g,,g,,kcal,,g,,g,,g,,g,,g,,g,,g,,kcal,,kJ
04104420024465,Alnatura GmbH,Akazienhonig 500G,,,,Honige,500,,Akazienhonig 500G,,,,,,,,,,g,,g,,g,,g,,kcal,,g,,g,,g,,g,,g,,g,,g,,kcal,,kJ
04104420024489,Alnatura GmbH,Vielblütenhonig 500G,,,,Honige,500,,Vielblütenhonig 500G,,,,,,,,,,g,,g,,g,,g,,kcal,,g,,g,,g,,g,,g,,g,,g,,kcal,,kJ
04104420024526,Alnatura GmbH,Waldhonig 500G,,,,Honige,500,,Waldhonig 500G,,,,,,,,,,g,,g,,g,,g,,kcal,,g,,g,,g,,g,,g,,g,,g,,kcal,,kJ
04104420024564,Alnatura GmbH,Agavendicksaft 250ML,,,,Sirupe/Malze/Melasse,350,,Agavendicksaft 250ML,0.5,0.1,12.0,75.0,0.5,75.0,0.5,300,0.5,g,75.0,g,0.012,g,0.1,g,300,kcal,0.5,g,0.1,g,75.0,g,75.0,g,0.5,g,0.5,g,0.03,g,300.0,kcal,1275.0,kJ
04104420024588,Alnatura GmbH,Deutscher Blütenhonig 500G,,,,Honige,500,,Deutscher Blütenhonig 500G,,,,,,,,,,g,,g,,g,,g,,kcal,,g,,g,,g,,g,,g,,g,,g,,kcal,,kJ
04104420024601,Alnatura GmbH,Apfel Ringe 125G,"Zutaten: Äpfel* *aus biologischer Landwirtschaft. Kann Spuren von Erdnuss, Mandel und Nüssen enthalten.",,,Tro Früchte verarb,125,,Apfel Ringe 125G,0.5,0.1,96.0,64.0,9.1,57.0,1.2,279,1.2,g,57.0,g,0.096,g,0.1,g,279,kcal,0.5,g,0.1,g,64.0,g,57.0,g,9.1,g,1.2,g,0.24,g,279.0,kcal,1180.0,kJ
04104420024625,Alnatura GmbH,Apfel Chips 70G,"Zutaten: Apfel* *aus biologischer Landwirtschaft. Kann Spuren von Erdnuss, Mandel und Nüssen enthalten.",,,Tro Früchte verarb,70,,Apfel Chips 70G,0.8,0.2,4.0,74.0,15.0,67.0,2.7,348,2.7,g,67.0,g,0.004,g,0.2,g,348,kcal,0.8,g,0.2,g,74.0,g,67.0,g,15.0,g,2.7,g,0.01,g,348.0,kcal,1469.0,kJ
04104420024649,Alnatura GmbH,Aprikosen 200G,"Zutaten: Aprikosen* *aus biologischer Landwirtschaft. Kann Spuren von Erdnuss, Mandel, Nüssen und Sesam enthalten.",,,Trockenfrüchte ganz,200,,Aprikosen 200G,0.6,0.1,8.0,64.0,8.2,40.0,2.2,287,2.2,g,40.0,g,0.008,g,0.1,g,287,kcal,0.6,g,0.1,g,64.0,g,40.0,g,8.2,g,2.2,g,0.02,g,287.0,kcal,1213.0,kJ
04104420024663,Alnatura GmbH,Datteln entsteint 200G,"Zutaten: Datteln* *aus biologischer Landwirtschaft. Kann Spuren von Erdnuss, Mandel, Nüssen und Sesam enthalten.",,,Trockenfrüchte ganz,200,,Datteln entsteint 200G,0.5,0.2,12.0,67.0,8.7,55.0,2.3,296,2.3,g,55.0,g,0.012,g,0.2,g,296,kcal,0.5,g,0.2,g,67.0,g,55.0,g,8.7,g,2.3,g,0.03,g,296.0,kcal,1256.0,kJ
04104420024687,Alnatura GmbH,Feigen 250G,"Zutaten: Feigen* *aus biologischer Landwirtschaft. Kann Spuren von Erdnuss, Mandel und Nüssen enthalten.",,,Trockenfrüchte ganz,250,,Feigen 250G,1.3,0.2,40.0,55.0,13.0,55.0,3.5,275,3.5,g,55.0,g,0.04,g,0.2,g,275,kcal,1.3,g,0.2,g,55.0,g,55.0,g,13.0,g,3.5,g,0.1,g,275.0,kcal,1161.0,kJ
04104420024748,Alnatura GmbH,Rosinen 200G,"Zutaten: Rosinen* 99,5%, Sonnenblumenöl* 0,5% *aus biologischer Landwirtschaft. Kann Spuren von Erdnuss, Mandel und anderen Nüssen enthalten.",,,Trockenfrüchte ganz,200,,Rosinen 200G,1.3,0.4,4.0,73.0,3.9,68.0,2.7,327,2.7,g,68.0,g,0.004,g,0.4,g,327,kcal,1.3,g,0.4,g,73.0,g,68.0,g,3.9,g,2.7,g,0.01,g,327.0,kcal,1385.0,kJ
04104420024762,Alnatura GmbH,Rosinen 500G,"Zutaten: Rosinen* 99,5%, Sonnenblumenöl* 0,5% *aus biologischer Landwirtschaft. Kann Spuren von Erdnuss, Mandel und Nüssen enthalten.",,,Trockenfrüchte ganz,500,,Rosinen 500G,1.3,0.4,4.0,73.0,3.9,68.0,2.7,327,2.7,g,68.0,g,0.004,g,0.4,g,327,kcal,1.3,g,0.4,g,73.0,g,68.0,g,3.9,g,2.7,g,0.01,g,327.0,kcal,1385.0,kJ
04104420024847,Alnatura GmbH,Bananen Chips 150G,"Zutaten: Bananen* 68%, Kokosöl*, Rohrohrzucker*, Honig* 1% *aus biologischer Landwirtschaft. Kann Spuren von Erdnuss, Mandel, Nüssen und Sesam enthalten.",,,Tro Früchte verarb,150,,Bananen Chips 150G,31.0,28.0,8.0,59.0,4.0,15.0,1.9,531,1.9,g,15.0,g,0.008,g,28.0,g,531,kcal,31.0,g,28.0,g,59.0,g,15.0,g,4.0,g,1.9,g,0.02,g,531.0,kcal,2214.0,kJ
04104420024885,Alnatura GmbH,Kokos Chips 100G,"Zutaten: Kokos* *aus biologischer Landwirtschaft. Kann Spuren von Erdnuss, Mandel und Nüssen enthalten.",,,Tro Früchte verarb,100,,Kokos Chips 100G,62.0,58.0,36.0,7.5,15.0,6.6,7.8,649,7.8,g,6.6,g,0.036,g,58.0,g,649,kcal,62.0,g,58.0,g,7.5,g,6.6,g,15.0,g,7.8,g,0.09,g,649.0,kcal,2674.0,kJ
04104420024908,Alnatura GmbH,Mango Stücke 100G,"Zutaten: Mango* *aus biologischer Landwirtschaft. Kann Spuren von Erdnuss, Mandel und Nüssen enthalten.",,,Tro Früchte verarb,100,,Mango Stücke 100G,1.2,0.3,4.0,70.0,9.3,56.0,3.4,337,3.4,g,56.0,g,0.004,g,0.3,g,337,kcal,1.2,g,0.3,g,70.0,g,56.0,g,9.3,g,3.4,g,0.01,g,337.0,kcal,1425.0,kJ
04104420024922,Alnatura GmbH,Ingwer Würfel 100G,"Zutaten: Rohrohrzucker*, Ingwer* 25% *aus biologischer Landwirtschaft. Kann Spuren von Erdnuss, Mandel und Nüssen enthalten.",,,Tro Früchte verarb,100,,Ingwer Würfel 100G,0.5,0.1,24.0,81.0,4.3,79.0,0.5,339,0.5,g,79.0,g,0.024,g,0.1,g,339,kcal,0.5,g,0.1,g,81.0,g,79.0,g,4.3,g,0.5,g,0.06,g,339.0,kcal,1440.0,kJ
04104420024960,Alnatura GmbH,Cashewkerne 150G,"Zutaten: CASHEWNÜSSE* *aus biologischer Landwirtschaft. Kann Spuren von Erdnuss, Mandel und anderen Nüssen enthalten.",,,Nüsse & Kerne mono,150,,Cashewkerne 150G,42.0,8.8,16.0,31.0,2.9,9.1,21.0,592,21.0,g,9.1,g,0.016,g,8.8,g,592,kcal,42.0,g,8.8,g,31.0,g,9.1,g,2.9,g,21.0,g,0.04,g,592.0,kcal,2461.0,kJ
04104420024984,Alnatura GmbH,Haselnusskerne 200G,"Zutaten: HASELNUSSKERNE* *aus biologischer Landwirtschaft. Kann Spuren von Erdnuss, Mandel, anderen Nüssen und Sesam enthalten.",,,Nüsse & Kerne mono,200,,Haselnusskerne 200G,60.0,6.0,8.0,5.8,12.0,4.1,16.0,651,16.0,g,4.1,g,0.008,g,6.0,g,651,kcal,60.0,g,6.0,g,5.8,g,4.1,g,12.0,g,16.0,g,0.02,g,651.0,kcal,2687.0,kJ
04104420025066,Alnatura GmbH,Walnusskerne 150G,"Zutaten: WALNUSSKERNE* *aus biologischer Landwirtschaft. Kann Spuren von Erdnuss, Mandel und anderen Nüssen enthalten.",,,Nüsse & Kerne mono,150,,Walnusskerne 150G,63.0,6.8,4.0,11.0,6.1,7.0,17.0,691,17.0,g,7.0,g,0.004,g,6.8,g,691,kcal,63.0,g,6.8,g,11.0,g,7.0,g,6.1,g,17.0,g,0.01,g,691.0,kcal,2856.0,kJ
04104420025226,Alnatura GmbH,Studentenfutter 200G,"Zutaten: Weinbeeren* geölt 30 % (Weinbeeren*, Sonnenblumenöl*), Sultaninen* geölt 20 % (Sultaninen*, Sonnenblumenöl*), MANDELN* weiß 15 %, HASELNUSSKERNE* 14 %, CASHEWKERNE* 14 %, WALNUSSKERNE* 7% *aus biologischer Landwirtschaft. Kann Spuren von Erdnuss, anderen Nüssen und Sesam enthalten.",,,Nuss-/Fruchtmischung,200,,Studentenfutter 200G,27.0,2.4,12.0,42.0,5.8,29.0,12.0,471,12.0,g,29.0,g,0.012,g,2.4,g,471,kcal,27.0,g,2.4,g,42.0,g,29.0,g,5.8,g,12.0,g,0.03,g,471.0,kcal,1963.0,kJ
04104420025486,Alnatura GmbH,Cranberries 100G,"Zutaten: Cranberrys* 60%, Apfelsaftkonzentrat* 39%, Sonnenblumenöl* 1% *aus biologischer Landwirtschaft. Kann Spuren von Erdnuss, Mandel und Nüssen enthalten.",,,Tro Früchte verarb,100,,Cranberries 100G,1.0,0.2,12.0,70.0,5.9,59.0,0.9,310,0.9,g,59.0,g,0.012,g,0.2,g,310,kcal,1.0,g,0.2,g,70.0,g,59.0,g,5.9,g,0.9,g,0.03,g,310.0,kcal,1313.0,kJ
04104420025721,Alnatura GmbH,"Erdnüsse geröstet, in Schale 250G","Zutaten: ERDNÜSSE*, geröstet *aus biologischer Landwirtschaft. Kann Spuren von Mandel und Nüssen enthalten.",,,Nüsse & Kerne mono,250,,"Erdnüsse geröstet, in Schale 250G",48.0,6.4,12.0,7.5,12.0,5.5,30.0,606,30.0,g,5.5,g,0.012,g,6.4,g,606,kcal,48.0,g,6.4,g,7.5,g,5.5,g,12.0,g,30.0,g,0.03,g,606.0,kcal,2510.0,kJ
04104420025905,Alnatura GmbH,Hühnerbouillon 140G,"Zutaten: Meersalz, Reisvollkornmehl*, Hühnerfleischpulver* 9,5%, Zwiebelpulver* 3,8%, Geflügelbrühe* (Truthahnkarkasse*, Huhnkarkasse*, Speisesalz), Hühnerfett* 1,1 %, SELLERIE* , Kurkuma* , Koriandersamen*, Knoblauch* , Petersilie*, Rosmarin* , Liebstöckelblätter* *aus biologischer Landwirtschaft
Kann Spuren von Gluten, Ei, Soja, Milch und Senf enthalten.",,,Brühen Hefefrei,140,,Hühnerbouillon 140G,0.5,0.1,384.0,0.7,0.5,0.5,0.5,3,0.5,g,0.5,g,0.384,g,0.1,g,3,kcal,0.5,g,0.1,g,0.7,g,0.5,g,0.5,g,0.5,g,0.96,g,3.0,kcal,12.0,kJ
04104420025929,Alnatura GmbH,Leinöl 250ML,,,,Saatenöle,231,,Leinöl 250ML,93.0,10.0,4.0,0.5,0.5,0.5,0.5,837,0.5,g,0.5,g,0.004,g,10.0,g,837,kcal,93.0,g,10.0,g,0.5,g,0.5,g,0.5,g,0.5,g,0.01,g,837.0,kcal,3441.0,kJ
04104420026667,Alnatura GmbH,Aprikosen 500G,"Zutaten: Aprikosen* *aus biologischer Landwirtschaft. Kann Spuren von Erdnuss, Mandel, Nüssen und Sesam enthalten.",,,Trockenfrüchte ganz,500,,Aprikosen 500G,0.6,0.1,8.0,64.0,8.2,40.0,2.2,287,2.2,g,40.0,g,0.008,g,0.1,g,287,kcal,0.6,g,0.1,g,64.0,g,40.0,g,8.2,g,2.2,g,0.02,g,287.0,kcal,1213.0,kJ
04104420026681,Alnatura GmbH,Cashew Cranberry Mix 150G,"Zutaten: CASHEWNÜSSE* 62%, Cranberrys* getrocknet, gesüßt und geölt 38%, (Cranberrys* 60%, Apfelsaftkonzentrat* 39%, Sonnenblumenöl*) *aus biologischer Landwirtschaft. Kann Spuren von Erdnuss, Mandel und anderen Nüssen enthalten.",,,Nuss-/Fruchtmischung,150,,Cashew Cranberry Mix 150G,27.0,5.5,8.0,47.0,3.9,29.0,13.0,493,13.0,g,29.0,g,0.008,g,5.5,g,493,kcal,27.0,g,5.5,g,47.0,g,29.0,g,3.9,g,13.0,g,0.02,g,493.0,kcal,2058.0,kJ
04104420026704,Alnatura GmbH,Cashewkerne 300G,"Zutaten: CASHEWKERNE* *aus biologischer Landwirtschaft. Kann Spuren von Erdnuss, Mandel und anderen Nüssen enthalten.",,,Nüsse & Kerne mono,300,,Cashewkerne 300G,42.0,8.8,16.0,31.0,2.9,9.1,21.0,592,21.0,g,9.1,g,0.016,g,8.8,g,592,kcal,42.0,g,8.8,g,31.0,g,9.1,g,2.9,g,21.0,g,0.04,g,592.0,kcal,2461.0,kJ
04104420026766,Alnatura GmbH,Pinienkerne 60G,"Zutaten: Pinienkerne* *aus biologischer Landwirtschaft. Kann Spuren von Erdnuss, Mandel und Nüssen enthalten.",,,Nüsse & Kerne mono,60,,Pinienkerne 60G,60.0,9.6,4.0,21.0,1.0,0.2,13.0,678,13.0,g,0.2,g,0.004,g,9.6,g,678,kcal,60.0,g,9.6,g,21.0,g,0.2,g,1.0,g,13.0,g,0.01,g,678.0,kcal,2806.0,kJ
04104420026780,Alnatura GmbH,Bourbon Vanilleschoten 2ST,,,,Backzutaten,5,,Bourbon Vanilleschoten 2ST,,,,,,,,,,g,,g,,g,,g,,kcal,,g,,g,,g,,g,,g,,g,,g,,kcal,,kJ
04104420028142,Alnatura GmbH,Curry Gewürz Ketchup 500ML,"Zutaten: Wasser, Tomatenmark einfach konzentriert* 26%, Rohrohrzucker*, Branntweinessig*, Maisstärke*, Speisesalz, CURRY* (ENTHÄLT SENF*, SELLERIE*), Gewürze*, Karamellzuckersirup*, Verdickungsmittel: Guarkernmehl* *aus biologischer Landwirtschaft.",,,Tomatenketchup,500,,Curry Gewürz Ketchup 500ML,0.6,0.2,880.0000000000001,25.0,2.0,22.0,0.9,115,0.9,g,22.0,g,0.8800000000000001,g,0.2,g,115,kcal,0.6,g,0.2,g,25.0,g,22.0,g,2.0,g,0.9,g,2.2,g,115.0,kcal,487.0,kJ
04104420028166,Alnatura GmbH,Delikatess Mayonnaise 250ML,"Zutaten: Sonnenblumenöl* desodoriert 78 %, EIGELB* 6,3 %, Wasser, Branntweinessig*, Senf* (Wasser, SENFKÖRNER*, Branntweinessig*, Meersalz, Rohrohrzucker*, Kurkuma*), Rübenzucker*, Meersalz *aus biologischer Landwirtschaft",,,Mayonnaisen,250,,Delikatess Mayonnaise 250ML,81.0,10.0,320.0,1.2,0.5,1.1,1.1,738,1.1,g,1.1,g,0.32,g,10.0,g,738,kcal,81.0,g,10.0,g,1.2,g,1.1,g,0.5,g,1.1,g,0.8,g,738.0,kcal,3036.0,kJ
04104420028241,Alnatura GmbH,Basilikum 20G,Zutaten: Basilikum* *aus Demeter Bio-Landbau. Kann Spuren von Sellerie und Senf enthalten.,,,Kräuter mono,20,,Basilikum 20G,,,,,,,,,,g,,g,,g,,g,,kcal,,g,,g,,g,,g,,g,,g,,g,,kcal,,kJ
04104420028265,Alnatura GmbH,Curry mittelscharf 60G,"Zutaten: Kurkuma*, SENFKÖRNER* gemahlen, Koriander*, Pfeffer*, Knoblauch*, Chili*, Ingwer* *aus biologischer Landwirtschaft. Kann Spuren von Sellerie enthalten.",,,Gewürz/Kräutermisch,60,,Curry mittelscharf 60G,,,,,,,,,,g,,g,,g,,g,,kcal,,g,,g,,g,,g,,g,,g,,g,,kcal,,kJ
04104420028289,Alnatura GmbH,Dillspitzen 15G,Zutaten: Dillspitzen* *aus biologischer Landwirtschaft. Kann Spuren von Senf und Sellerie enthalten.,,,Kräuter mono,15,,Dillspitzen 15G,,,,,,,,,,g,,g,,g,,g,,kcal,,g,,g,,g,,g,,g,,g,,g,,kcal,,kJ
04104420028302,Alnatura GmbH,"Ingwer, gemahlen 45G","Zutaten: Ingwer* *aus biologischer Landwirtschaft
Kann Spuren von Senf und Sellerie enthalten.",,,Gewürze mono,45,,"Ingwer, gemahlen 45G",,,,,,,,,,g,,g,,g,,g,,kcal,,g,,g,,g,,g,,g,,g,,g,,kcal,,kJ
04104420028326,Alnatura GmbH,Italienische Kräuter 35G,"Zutaten: Majoran*, Rosmarin*, Zwiebel*, Thymian*, Basilikum*, Oregano*, Knoblauch*, Chili* *aus biologischer Landwirtschaft. Kann Spuren von Senf und Sellerie enthalten.",,,Gewürz/Kräutermisch,35,,Italienische Kräuter 35G,,,,,,,,,,g,,g,,g,,g,,kcal,,g,,g,,g,,g,,g,,g,,g,,kcal,,kJ
04104420028340,Alnatura GmbH,Kümmel 50G,Zutaten: Kümmel* *aus biologischer Landwirtschaft. Kann Spuren von Senf und Sellerie enthalten.,,,Gewürze mono,50,,Kümmel 50G,,,,,,,,,,g,,g,,g,,g,,kcal,,g,,g,,g,,g,,g,,g,,g,,kcal,,kJ
04104420028364,Alnatura GmbH,Lorbeerblätter 8G,Zutaten: Lorbeerblätter* *aus biologischer Landwirtschaft.,,,Kräuter mono,8,,Lorbeerblätter 8G,,,,,,,,,,g,,g,,g,,g,,kcal,,g,,g,,g,,g,,g,,g,,g,,kcal,,kJ
04104420028388,Alnatura GmbH,"Paprika, edelsüß 70G","Zutaten: Paprika* edelsüß *aus biologischer Landwirtschaft
Kann Spuren von Sellerie und Senf enthalten.",,,Gewürze mono,70,,"Paprika, edelsüß 70G",,,,,,,,,,g,,g,,g,,g,,kcal,,g,,g,,g,,g,,g,,g,,g,,kcal,,kJ
04104420028401,Alnatura GmbH,Rosmarin 35G,Zutaten: Rosmarin* *aus biologischer Landwirtschaft. Kann Spuren von Senf und Sellerie enthalten.,,,Kräuter mono,35,,Rosmarin 35G,,,,,,,,,,g,,g,,g,,g,,kcal,,g,,g,,g,,g,,g,,g,,g,,kcal,,kJ
04104420028425,Alnatura GmbH,Salatkräuter 40G,"Zutaten: Dillspitzen*, Zwiebel*, Tomate*, Lauch*, Pastinake*, Karotte*, Petersilie* *aus biologischer Landwirtschaft. Kann Spuren von Senf und Sellerie enthalten.",,,Gewürz/Kräutermisch,40,,Salatkräuter 40G,,,,,,,,,,g,,g,,g,,g,,kcal,,g,,g,,g,,g,,g,,g,,g,,kcal,,kJ
04104420028449,Alnatura GmbH,"Schwarzer Pfeffer, ganz 70G",Zutaten: Schwarzer Pfeffer* *aus biologischer Landwirtschaft,,,Gewürze mono,70,,"Schwarzer Pfeffer, ganz 70G",,,,,,,,,,g,,g,,g,,g,,kcal,,g,,g,,g,,g,,g,,g,,g,,kcal,,kJ
04104420028463,Alnatura GmbH,"Schwarzer Pfeffer, gemahlen 70G",Zutaten: Schwarzer Pfeffer* *aus biologischer Landwirtschaft. Kann Spuren von Senf und Sellerie enthalten.,,,Gewürze mono,70,,"Schwarzer Pfeffer, gemahlen 70G",,,,,,,,,,g,,g,,g,,g,,kcal,,g,,g,,g,,g,,g,,g,,g,,kcal,,kJ
04104420028487,Alnatura GmbH,Thymian 20G,Zutaten: Thymian* *aus biologischer Landwirtschaft,,,Kräuter mono,20,,Thymian 20G,,,,,,,,,,g,,g,,g,,g,,kcal,,g,,g,,g,,g,,g,,g,,g,,kcal,,kJ
04104420028500,Alnatura GmbH,Ceylon Zimt 50G,"Zutaten: Ceylon-Zimt* *aus biologischer Landwirtschaft
Kann Spuren von Sellerie und Senf enthalten.",,,Gewürze mono,50,,Ceylon Zimt 50G,,,,,,,,,,g,,g,,g,,g,,kcal,,g,,g,,g,,g,,g,,g,,g,,kcal,,kJ
04104420028586,Alnatura GmbH,"Gemüsebouillon hefefrei, Würfel 66G","Zutaten: Meersalz 52 %, Palmöl*, Reisvollkornmehl*, Zwiebeln* 6,5 %, Karotten* 3,7 %, Lauch*, Röstzwiebeln*, Petersilie*, Liebstöckelblätter*, Knoblauch*, Kurkuma*, Muskatnuss* Pfeffer* *aus biologischer Landwirtschaft. Kann Spuren von Sellerie enthalten.",,,Brühwürfel Hefefrei,66,,"Gemüsebouillon hefefrei, Würfel 66G",0.5,0.2,440.00000000000006,0.5,0.5,0.5,0.5,4,0.5,g,0.5,g,0.44000000000000006,g,0.2,g,4,kcal,0.5,g,0.2,g,0.5,g,0.5,g,0.5,g,0.5,g,1.1,g,4.0,kcal,15.0,kJ
04104420028647,Alnatura GmbH,Rote Thai Curry-Paste 135G,"Zutaten: Wasser, Knoblauch* 15%, SOJASAUCE* (Wasser, SOJABOHNEN*, Meersalz), Meersalz, Chilipulver* 4,5%, Rohrohrzucker*, Rote-Bete-Pulver*, Tomatenmark*, Zitronenschalenpaste* (Rübenzucker*, Zitronen*, Zitronenöl*), Kurkuma*, Paprika*, Zitronensaftkonzentrat*, Zwiebeln*, Zitronengras*, Maisstärke*, Ingwer*, Galgant*, Koriander*, Kreuzkümmel* *aus biologischer Landwirtschaft.",,,Würzpasten,135,,Rote Thai Curry-Paste 135G,1.6,0.3,3520.0000000000005,19.0,2.5,9.5,3.5,109,3.5,g,9.5,g,3.5200000000000005,g,0.3,g,109,kcal,1.6,g,0.3,g,19.0,g,9.5,g,2.5,g,3.5,g,8.8,g,109.0,kcal,462.0,kJ
04104420028708,Alnatura GmbH,Ghee 180G,Zutaten: BUTTER* geklärt *aus biologischer Landwirtschaft,,,sonstige Öle & Fette,180,,Ghee 180G,99.0,65.0,4.0,0.5,0.5,0.5,0.5,896,0.5,g,0.5,g,0.004,g,65.0,g,896,kcal,99.0,g,65.0,g,0.5,g,0.5,g,0.5,g,0.5,g,0.01,g,896.0,kcal,3684.0,kJ
04104420029606,Alnatura GmbH,Dinkelflocken Großblatt 500G,"Zutaten: DINKELVOLLKORNFLOCKEN*¹ *aus Demeter Bio-Landbau ¹Dinkel ist eine WEIZENART
Kann Spuren von Soja, Milch, Mandel, Nüssen, Sesam und Lupine enthalten.",,,Flocken/Flockenmisch,500,,Dinkelflocken Großblatt 500G,2.6,0.2,4.0,64.0,8.4,1.7,14.0,352,14.0,g,1.7,g,0.004,g,0.2,g,352,kcal,2.6,g,0.2,g,64.0,g,1.7,g,8.4,g,14.0,g,0.01,g,352.0,kcal,1489.0,kJ
04104420030220,Alnatura GmbH,"Italienisches Olivenöl 0,5L",,,,Olivenöle,500,,"Italienisches Olivenöl 0,5L",92.0,13.0,4.0,0.5,0.5,0.5,0.5,828,0.5,g,0.5,g,0.004,g,13.0,g,828,kcal,92.0,g,13.0,g,0.5,g,0.5,g,0.5,g,0.5,g,0.01,g,828.0,kcal,3404.0,kJ
04104420030282,Alnatura GmbH,Oregano 15G,Zutaten: Oregano* *aus biologischer Landwirtschaft. Kann Spuren von Senf und Sellerie enthalten.,,,Kräuter mono,15,,Oregano 15G,,,,,,,,,,g,,g,,g,,g,,kcal,,g,,g,,g,,g,,g,,g,,g,,kcal,,kJ
04104420030367,Alnatura GmbH,Kräuter der Provence 25G,"Zutaten: Rosmarin*, Thymian*, Bohnenkraut*, Oregano*, Lorbeerblätter*, Basilikum* *aus biologischer Landwirtschaft. Kann Spuren von Senf und Sellerie enthalten.",,,Gewürz/Kräutermisch,25,,Kräuter der Provence 25G,,,,,,,,,,g,,g,,g,,g,,kcal,,g,,g,,g,,g,,g,,g,,g,,kcal,,kJ
04104420030428,Alnatura GmbH,"Majoran 12,5G",Zutaten: Majoran* *aus biologischer Landwirtschaft. Kann Spuren von Senf und Sellerie enthalten.,,,Kräuter mono,12.5,,"Majoran 12,5G",,,,,,,,,,g,,g,,g,,g,,kcal,,g,,g,,g,,g,,g,,g,,g,,kcal,,kJ
04104420030602,Alnatura GmbH,Wacholderbeeren 30G,Zutaten: Wacholderbeeren* *aus biologischer Landwirtschaft. Kann Spuren von Senf und Sellerie enthalten.,,,Gewürze mono,30,,Wacholderbeeren 30G,,,,,,,,,,g,,g,,g,,g,,kcal,,g,,g,,g,,g,,g,,g,,g,,kcal,,kJ
04104420030626,Alnatura GmbH,Muskatnuss ganz 12G,Zutaten: Muskatnüsse* *aus biologischer Landwirtschaft.,,,Gewürze mono,12,,Muskatnuss ganz 12G,,,,,,,,,,g,,g,,g,,g,,kcal,,g,,g,,g,,g,,g,,g,,g,,kcal,,kJ
04104420030923,Alnatura GmbH,"Aceto Balsamico 0,5L","Zutaten: Weinessig*¹, Traubenmost*¹ konzentriert *aus biologischer Landwirtschaft ¹ENTHÄLT SULFITE.",,,Balsamico,500,,"Aceto Balsamico 0,5L",0.5,0.1,32.0,21.0,0.5,20.0,0.7,105,0.7,g,20.0,g,0.032,g,0.1,g,105,kcal,0.5,g,0.1,g,21.0,g,20.0,g,0.5,g,0.7,g,0.08,g,105.0,kcal,449.0,kJ
04104420030947,Alnatura GmbH,"Hühnerbouillon, Würfel 66G","Zutaten: Meersalz 42 %, Reisvollkornmehl*, Hühnerfleischpulver* 9,7 %, Hühnerfett* 8,5 %, Palmöl*, Hefeextrakt*, Zwiebelpulver*, Geflügelbrühe* (Truthahnkarkasse*, Huhnkarkasse*, Speisesalz), SELLERIE*, Kurkuma*, Koriandersamen*, Petersilie*, Knoblauch*, Rosmarin* *aus biologischer Landwirtschaft",,,Brühwürfel,66,,"Hühnerbouillon, Würfel 66G",0.5,0.2,368.0,0.5,0.5,0.5,0.5,7,0.5,g,0.5,g,0.368,g,0.2,g,7,kcal,0.5,g,0.2,g,0.5,g,0.5,g,0.5,g,0.5,g,0.92,g,7.0,kcal,30.0,kJ
04104420030961,Alnatura GmbH,"Condimento Bianco 0,5L","Zutaten: Weißweinessig*¹ 72%, rektifiziertes Traubenmostkonzentrat*¹ 28% *aus biologischer Landwirtschaft / ¹ENTHÄLT SULFITE.",,,Weinessige,500,,"Condimento Bianco 0,5L",0.5,0.1,4.0,23.0,0.5,22.0,0.2,110,0.2,g,22.0,g,0.004,g,0.1,g,110,kcal,0.5,g,0.1,g,23.0,g,22.0,g,0.5,g,0.2,g,0.01,g,110.0,kcal,468.0,kJ
04104420031012,Alnatura GmbH,"Apfelessig 0,5L",,,,Fruchtessige,510,,"Apfelessig 0,5L",0.5,0.1,4.0,2.0,0.5,2.0,0.5,23,0.5,g,2.0,g,0.004,g,0.1,g,23,kcal,0.5,g,0.1,g,2.0,g,2.0,g,0.5,g,0.5,g,0.01,g,23.0,kcal,99.0,kJ
04104420031081,Alnatura GmbH,Tomatensauce Toscana 325ML,"Zutaten: Tomaten* 94%, Gemüse* 5,5% (in veränderlichen Gewichtsanteilen: Karotten*, Zwiebeln*, SELLERIE*), Basilikum*, Meersalz *aus biologischer Landwirtschaft.",,,Tomatensoßen,340,,Tomatensauce Toscana 325ML,0.5,0.1,440.00000000000006,5.4,1.7,4.0,1.3,30,1.3,g,4.0,g,0.44000000000000006,g,0.1,g,30,kcal,0.5,g,0.1,g,5.4,g,4.0,g,1.7,g,1.3,g,1.1,g,30.0,kcal,128.0,kJ
04104420031326,Alnatura GmbH,Pesto Basilico 130G,"Zutaten: Basilikum* 55%, Sonnenblumenöl*, Kartoffelflocken*, natives Olivenölextra*, Pinienkerne* 0,5%, Meersalz, Zitronensaft* *aus biologischerLandwirtschaft.",,,Pesti,130,,Pesto Basilico 130G,39.0,2.4,880.0000000000001,5.2,2.5,0.0,1.9,384,1.9,g,0.0,g,0.8800000000000001,g,2.4,g,384,kcal,39.0,g,2.4,g,5.2,g,0.0,g,2.5,g,1.9,g,2.2,g,384.0,kcal,1584.0,kJ
04104420031500,Alnatura GmbH,"Tomaten Ketchup 0,5L","Zutaten: Tomatenmark* einfach konzentriert 76%, Rohrohrzucker*, Branntweinessig*, Speisesalz, Gewürze* *aus biologischer Landwirtschaft",,,Tomatenketchup,566,,"Tomaten Ketchup 0,5L",0.5,0.1,880.0000000000001,20.0,2.6,20.0,2.0,97,2.0,g,20.0,g,0.8800000000000001,g,0.1,g,97,kcal,0.5,g,0.1,g,20.0,g,20.0,g,2.6,g,2.0,g,2.2,g,97.0,kcal,412.0,kJ
04104420031609,Alnatura GmbH,Gemüsebouillon Würfel 66G,"Zutaten: Meersalz 48 %, Palmöl*, Reisvollkornmehl*, Lauch* 3,3 %, Hefeextrakt*, Zwiebeln* 2,5 %, Karotten* 2,3 %, SELLERIE*, Tomaten*, Liebstöckelblätter*, Knoblauch* Muskatnuss*, Petersilie*, SELLERIEBLÄTTER*, Kurkuma*, Pfeffer*, Thymian*, Rosmarin* Basilikum* *aus biologischer Landwirtschaft.",,,Brühwürfel,66,,Gemüsebouillon Würfel 66G,0.5,0.3,400.0,0.5,0.5,0.5,0.5,5,0.5,g,0.5,g,0.4,g,0.3,g,5,kcal,0.5,g,0.3,g,0.5,g,0.5,g,0.5,g,0.5,g,1.0,g,5.0,kcal,19.0,kJ
04104420031647,Alnatura GmbH,Meersalz 500G,Zutaten: Meersalz* unraffiniert *aus biologischer Landwirtschaft,,,Salze mono,500,,Meersalz 500G,,,,,,,,,,g,,g,,g,,g,,kcal,,g,,g,,g,,g,,g,,g,,g,,kcal,,kJ
04104420031661,Alnatura GmbH,Meersalz mit Jod 500G,"Zutaten: Meersalz unraffiniert, Kaliumjodat",,,Salze mono,500,,Meersalz mit Jod 500G,0.5,0.1,39800.0,0.5,0.5,0.5,0.5,0,0.5,g,0.5,g,39.8,g,0.1,g,0,kcal,0.5,g,0.1,g,0.5,g,0.5,g,0.5,g,0.5,g,99.5,g,0.0,kcal,0.0,kJ
04104420031685,Alnatura GmbH,Kräuter-Meersalz 500G,"Zutaten: Meersalz* unraffiniert 85 %, Lauch*, SELLERIEBLÄTTER*, Petersilie*, Liebstöckel*, Majoran*, Basilikum*, Fenchel*, Zwiebel*, Pastinake*, Karotte*, Schnittlauch*, SELLERIEKNOLLE*, Chili* *aus biologischer Landwirtschaft
Kann Spuren von Senf enthalten.",,,Salze m Beimischung,500,,Kräuter-Meersalz 500G,,,,,,,,,,g,,g,,g,,g,,kcal,,g,,g,,g,,g,,g,,g,,g,,kcal,,kJ
04104420031722,Alnatura GmbH,"Soja Sauce Shoyu 0,25L","Zutaten: Wasser, SOJABOHNEN* 33%, Meersalz, WEIZENMEHL* *aus biologischer Landwirtschaft.",,,Flüssigwürzen,287,,"Soja Sauce Shoyu 0,25L",0.5,0.1,6360.0,9.9,1.8,2.4,11.0,87,11.0,g,2.4,g,6.36,g,0.1,g,87,kcal,0.5,g,0.1,g,9.9,g,2.4,g,1.8,g,11.0,g,15.9,g,87.0,kcal,370.0,kJ
04104420031746,Alnatura GmbH,"Gemüsebouillon, NFP 250G","Zutaten: Meersalz 48 %, Gemüse* getrocknet und gemahlen 26 % (Karotten* 10%, Zwiebeln* 8,7%, SELLERIE* 3,7%, Lauch* 2,1 %, Röstzwiebeln*, Kürbis*), Reisvollkornmehl*, Hefeextrakt*, Karottensaftkonzentrat*, Sonnenblumenöl*, Kurkuma*, Petersilie*, Lorbeerblätter*, Knoblauch*, Basilikum*, Ingwer*, Liebstöckelblätter*, Muskatnuss*, Liebstöckelwurzel*, Fenchelsamen* *aus biologischer Landwirtschaft. Kann Spuren von Gluten, Ei, Soja, Milch und Senf enthalten.",,,Brühen,250,,"Gemüsebouillon, NFP 250G",0.5,0.1,380.0,0.6,0.5,0.5,0.5,2,0.5,g,0.5,g,0.38,g,0.1,g,2,kcal,0.5,g,0.1,g,0.6,g,0.5,g,0.5,g,0.5,g,0.95,g,2.0,kcal,10.0,kJ
04104420032927,Alnatura GmbH,"Rinderbouillon, Würfel 66G","Zutaten: Meersalz, Rindfleischpulver* 12 %, Reisvollkornmehl*, Rinderfett* 9,8 %, Palmöl*, Zichorienextrakt*, Tomatenpulver* 2,4 %, Röstzwiebelpulver* 2,4 %, Hefeextrakt*, Karottensaftkonzentrat*, Zwiebelpulver*, Knoblauch*, Lorbeer*, Petersilie* Kürbispulver*, Steinpilzpulver*, Liebstockwurzel*, Pfeffer*, Sonnenblumenöl*, Liebstöckelblätter*, Fenchelsamen* *aus biologischer Landwirtschaft
Kann Spuren von Sellerie enthalten.",,,Brühwürfel,66,,"Rinderbouillon, Würfel 66G",0.5,0.2,400.0,0.5,0.5,0.5,0.5,5,0.5,g,0.5,g,0.4,g,0.2,g,5,kcal,0.5,g,0.2,g,0.5,g,0.5,g,0.5,g,0.5,g,1.0,g,5.0,kcal,20.0,kJ
04104420033641,Alnatura GmbH,Kokosmilch 200ML,"Zutaten: Kokos* 60%, Wasser *aus biologischer Landwirtschaft",,,Kokosprodukte,200,,Kokosmilch 200ML,22.0,22.0,4.0,3.4,0.5,2.0,1.7,218,1.7,g,2.0,g,0.004,g,22.0,g,218,kcal,22.0,g,22.0,g,3.4,g,2.0,g,0.5,g,1.7,g,0.01,g,218.0,kcal,901.0,kJ
04104420033764,Alnatura GmbH,Apfelmark m. Mango 360G,"Zutaten: Äpfel* 80%, Mangos* 20% *aus biologischer Landwirtschaft",,,"Muse, Marke, Pürees",360,,Apfelmark m. Mango 360G,0.5,0.1,4.0,12.0,1.8,11.0,0.5,53,0.5,g,11.0,g,0.004,g,0.1,g,53,kcal,0.5,g,0.1,g,12.0,g,11.0,g,1.8,g,0.5,g,0.01,g,53.0,kcal,225.0,kJ
04104420033788,Alnatura GmbH,Apfelmark m. Banane 360G,"Zutaten: Äpfel* 75%, Bananen* 25% *aus biologischer Landwirtschaft",,,"Muse, Marke, Pürees",360,,Apfelmark m. Banane 360G,0.5,0.1,4.0,14.0,1.9,13.0,0.5,61,0.5,g,13.0,g,0.004,g,0.1,g,61,kcal,0.5,g,0.1,g,14.0,g,13.0,g,1.9,g,0.5,g,0.01,g,61.0,kcal,260.0,kJ
04104420033849,Alnatura GmbH,Sauerkraut 520G,"Zutaten: Weißkohl*, Meersalz *aus biologischer Landwirtschaft",,,Sauerkonserven,520,,Sauerkraut 520G,0.5,0.1,480.0,3.3,2.1,1.1,1.3,24,1.3,g,1.1,g,0.48,g,0.1,g,24,kcal,0.5,g,0.1,g,3.3,g,1.1,g,2.1,g,1.3,g,1.2,g,24.0,kcal,102.0,kJ
04104420033900,Alnatura GmbH,Ananas 350G,"Zutaten: Ananasstücke*, Ananassaft* *aus biologischer Landwirtschaft",,,St Obstkonserven,350,,Ananas 350G,0.5,0.1,12.0,11.0,1.6,10.0,0.5,49,0.5,g,10.0,g,0.012,g,0.1,g,49,kcal,0.5,g,0.1,g,11.0,g,10.0,g,1.6,g,0.5,g,0.03,g,49.0,kcal,209.0,kJ
04104420033986,Alnatura GmbH,Rotkohl 680G,"Zutaten: Rotkohl*, Apfelsaft* aus Apfelsaftkonzentrat*, Rübenzucker*, Rotweinessig*, Zwiebeln*, Meersalz, Nelken* *aus biologischer Landwirtschaft",,,Sauerkonserven,680,,Rotkohl 680G,0.5,0.1,440.00000000000006,8.4,2.6,8.4,1.3,44,1.3,g,8.4,g,0.44000000000000006,g,0.1,g,44,kcal,0.5,g,0.1,g,8.4,g,8.4,g,2.6,g,1.3,g,1.1,g,44.0,kcal,186.0,kJ
04104420034082,Alnatura GmbH,Rote Bete 330G,"Zutaten: Rote Bete*, Wasser, Rübenzucker*, Branntweinessig*, Kräuteressig* (Branntweinessig*, Kräuterextrakte*), Meersalz, Kümmel*, Nelken* *aus biologischer Landwirtschaft.",,,Sauerkonserven,330,,Rote Bete 330G,0.5,0.1,352.0,11.0,1.1,11.0,0.8,51,0.8,g,11.0,g,0.352,g,0.1,g,51,kcal,0.5,g,0.1,g,11.0,g,11.0,g,1.1,g,0.8,g,0.88,g,51.0,kcal,217.0,kJ
04104420034143,Alnatura GmbH,Erbsen extra fein 350G,"Zutaten: Erbsen*, Wasser, Meersalz *aus biologischer Landwirtschaft.",,,Gemüsekonserven,350,,Erbsen extra fein 350G,0.5,0.1,200.0,11.0,4.5,1.0,4.0,69,4.0,g,1.0,g,0.2,g,0.1,g,69,kcal,0.5,g,0.1,g,11.0,g,1.0,g,4.5,g,4.0,g,0.5,g,69.0,kcal,291.0,kJ
04104420034167,Alnatura GmbH,Kichererbsen 350G,"Zutaten: Kichererbsen*, Wasser, Meersalz *aus biologischer Landwirtschaft.",,,Gemüsekonserven,350,,Kichererbsen 350G,2.5,1.0,140.0,18.0,7.2,0.5,7.9,141,7.9,g,0.5,g,0.13999999999999999,g,1.0,g,141,kcal,2.5,g,1.0,g,18.0,g,0.5,g,7.2,g,7.9,g,0.35,g,141.0,kcal,590.0,kJ
04104420034181,Alnatura GmbH,Erbsen und Karotten 340G,"Zutaten: Erbsen*, Karotten*, Wasser, Meersalz *aus biologischer Landwirtschaft.",,,Gemüsekonserven,340,,Erbsen und Karotten 340G,0.5,0.1,148.0,8.1,3.7,2.9,2.3,49,2.3,g,2.9,g,0.148,g,0.1,g,49,kcal,0.5,g,0.1,g,8.1,g,2.9,g,3.7,g,2.3,g,0.37,g,49.0,kcal,206.0,kJ
04104420034327,Alnatura GmbH,Kokosmilch 400ML,"Zutaten: Kokos* 60%, Wasser *aus biologischer Landwirtschaft",,,Kokosprodukte,388,,Kokosmilch 400ML,22.0,22.0,4.0,3.4,0.5,2.0,1.7,218,1.7,g,2.0,g,0.004,g,22.0,g,218,kcal,22.0,g,22.0,g,3.4,g,2.0,g,0.5,g,1.7,g,0.01,g,218.0,kcal,901.0,kJ
04104420034341,Alnatura GmbH,Wild Preiselbeeren 220G,"Zutaten: Wild-Preiselbeeren** 46 %, Rübenzucker*, Wasser, Geliermittel: Pektin *aus biologischer Landwirtschaft **aus bio-zertifizierter Wildsammlung",,,St Obstkonserven,220,,Wild Preiselbeeren 220G,0.5,0.1,4.0,40.0,2.0,40.0,0.5,164,0.5,g,40.0,g,0.004,g,0.1,g,164,kcal,0.5,g,0.1,g,40.0,g,40.0,g,2.0,g,0.5,g,0.01,g,164.0,kcal,696.0,kJ
04104420034365,Alnatura GmbH,Mais 340G,"Zutaten: Mais*, Wasser, Meersalz, Zitronensaft* *aus biologischer Landwirtschaft.",,,Gemüsekonserven,340,,Mais 340G,1.5,0.2,140.0,15.0,3.2,5.2,2.9,92,2.9,g,5.2,g,0.13999999999999999,g,0.2,g,92,kcal,1.5,g,0.2,g,15.0,g,5.2,g,3.2,g,2.9,g,0.35,g,92.0,kcal,385.0,kJ
04104420035300,Alnatura GmbH,Kamillen Tee lose 40G,Zutaten: Kamille* *aus biologischer Landwirtschaft,,,Kräutertee lose,40,,Kamillen Tee lose 40G,,,,,,,,,,g,,g,,g,,g,,kcal,,g,,g,,g,,g,,g,,g,,g,,kcal,,kJ
04104420035744,Alnatura GmbH,Kichererbse Curry 120G,"Zutaten: Kichererbsen* 40 %, Sonnenblumenöl*, Wasser, CASHEWNÜSSE*, Zitronensaft*, Rohrohrzucker*, Meersalz, Currypulver* 0,7 %, Ingwerpulver* *aus biologischer Landwirtschaft",,,gemüsebas.Aufstriche,120,,Kichererbse Curry 120G,28.0,3.5,284.0,12.0,3.1,3.3,5.2,327,5.2,g,3.3,g,0.284,g,3.5,g,327,kcal,28.0,g,3.5,g,12.0,g,3.3,g,3.1,g,5.2,g,0.71,g,327.0,kcal,1353.0,kJ
04104420035768,Alnatura GmbH,Gemüseaufstrich Tomate Basilikum 11,"Zutaten: Sonnenblumenöl*, Wasser, Tomatenmark* zweifach konzentriert 13 %, Paprika*, Zwiebeln*, Basilikum* 9 %, Weißweinessig*, Maisstärke*, Rohrohrzucker*, Meersalz, Verdickungsmittel: Guarkernmehl*, Rapsöl*, Knoblauch* *aus biologischer Landwirtschaft
Kann Spuren von Cashewnuss enthalten.",,,gemüsebas.Aufstriche,110,,Gemüseaufstrich Tomate Basilikum 11,22.0,2.7,560.0,11.0,1.7,6.6,1.2,250,1.2,g,6.6,g,0.5599999999999999,g,2.7,g,250,kcal,22.0,g,2.7,g,11.0,g,6.6,g,1.7,g,1.2,g,1.4,g,250.0,kcal,1035.0,kJ
04104420035942,Alnatura GmbH,Gemüseaufstrich Paprika Cashew 125G,"Zutaten: Paprika* 28 %, Kartoffeln* 27 %, Zwiebeln* 15 %, Wasser, CASHEWNÜSSE* 8%, Apfeldicksaft*, Sonnenblumenöl*, Meersalz, Paprikapulver*, Zwiebelpulver* *aus biologischer Landwirtschaft",,,gemüsebas.Aufstriche,125,,Gemüseaufstrich Paprika Cashew 125G,7.7,1.1,640.0,12.0,2.2,6.1,2.8,133,2.8,g,6.1,g,0.64,g,1.1,g,133,kcal,7.7,g,1.1,g,12.0,g,6.1,g,2.2,g,2.8,g,1.6,g,133.0,kcal,554.0,kJ
04104420036581,Alnatura GmbH,"Kräuter Tee Btl. 20x1,5g 30G","Zutaten: Pfefferminze* 35%, Zitronengras* 35%, Hagebutte* 9%, Kamille* 8%, Zitronenmelisse*, Brombeerblätter*, Erdbeerblätter* *aus biologischer Landwirtschaft",,,Kräutertee im Beutel,30,,"Kräuter Tee Btl. 20x1,5g 30G",,,,,,,,,,g,,g,,g,,g,,kcal,,g,,g,,g,,g,,g,,g,,g,,kcal,,kJ
04104420036703,Alnatura GmbH,"Guten Morgen Tee Btl. 20x1,5g 30G","Zutaten: Brombeerblätter* 59 %, Fenchel* 17 %, Ysop*, Süßholz*, Pfefferminze* 5 % *aus biologischer Landwirtschaft",,,Kräutertee im Beutel,30,,"Guten Morgen Tee Btl. 20x1,5g 30G",,,,,,,,,,g,,g,,g,,g,,kcal,,g,,g,,g,,g,,g,,g,,g,,kcal,,kJ
04104420036727,Alnatura GmbH,"Guten Abend Tee Btl. 20x1,5g 30G","Zutaten: Melisse*, Salbei* 29 %, Kamille* 29 %, Lavendel* 8 %, Hopfen* *aus biologischer Landwirtschaft",,,Kräutertee im Beutel,30,,"Guten Abend Tee Btl. 20x1,5g 30G",,,,,,,,,,g,,g,,g,,g,,kcal,,g,,g,,g,,g,,g,,g,,g,,kcal,,kJ
04104420036789,Alnatura GmbH,"Brennn.Tee m.Zitr. Btl. 20x1,5g 30G","Zutaten: Brennnessel* 90 %, Zitronengras* 10 % *aus biologischer Landwirtschaft",,,Kräutertee im Beutel,30,,"Brennn.Tee m.Zitr. Btl. 20x1,5g 30G",,,,,,,,,,g,,g,,g,,g,,kcal,,g,,g,,g,,g,,g,,g,,g,,kcal,,kJ
04104420036802,Alnatura GmbH,"Kamillen Tee Btl. 20x1,5g 30G",Zutaten: Kamille* *aus Demeter Bio-Landbau,,,Kräutertee im Beutel,30,,"Kamillen Tee Btl. 20x1,5g 30G",,,,,,,,,,g,,g,,g,,g,,kcal,,g,,g,,g,,g,,g,,g,,g,,kcal,,kJ
04104420036826,Alnatura GmbH,"Grüner Tee Sencha Btl. 20x1,5g 30G",Zutaten: Grüntee* *aus biologischer Landwirtschaft,,,Grüntee im Beutel,30,,"Grüner Tee Sencha Btl. 20x1,5g 30G",,,,,,,,,,g,,g,,g,,g,,kcal,,g,,g,,g,,g,,g,,g,,g,,kcal,,kJ
04104420037267,Alnatura GmbH,Fruchtaufstrich Sanddorn 250G,"Zutaten: Rübenzucker*, Orangensaft aus Orangensaftkonzentrat* 29 %, Sanddornmark* 26 %, Geliermittel: Pektin, Zitronensaftkonzentrat* *aus biologischer Landwirtschaft.",,,Fruchtaufstriche,250,,Fruchtaufstrich Sanddorn 250G,1.9,0.1,8.0,42.0,1.1,42.0,0.7,190,0.7,g,42.0,g,0.008,g,0.1,g,190,kcal,1.9,g,0.1,g,42.0,g,42.0,g,1.1,g,0.7,g,0.02,g,190.0,kcal,805.0,kJ
04104420037281,Alnatura GmbH,Fruchtaufstrich Waldfrucht 250G,"Zutaten: Fruchtmischung* 55% (in veränderlichen Gewichtsanteilen: Brombeeren*, Erdbeeren*, Himbeeren*, Heidelbeeren*, Holunderbeeren*), Rübenzucker*, Geliermittel: Pektin, Zitronensaftkonzentrat* *aus biologischer Landwirtschaft.",,,Fruchtaufstriche,250,,Fruchtaufstrich Waldfrucht 250G,0.5,0.1,8.0,44.0,2.6,44.0,0.7,184,0.7,g,44.0,g,0.008,g,0.1,g,184,kcal,0.5,g,0.1,g,44.0,g,44.0,g,2.6,g,0.7,g,0.02,g,184.0,kcal,781.0,kJ
04104420037366,Alnatura GmbH,Nuss Nougat Creme 400G,"Zutaten: Rohrzucker*, Sonnenblumenöl*, HASELNÜSSE* 13 %, stark entöltes Kakaopulver* 8,5%, MAGERMILCHPULVER*, Kakaobutter* 2,5%, Emulgator: Lecithin*, Bourbonvanilleschote* gemahlen *aus biologischer Landwirtschaft. Kann Spuren von Soja, Mandel, Walnuss, Cashewnuss, Pistazie und Macadamianuss enthalten.",,,Schoko/NussAufstrich,400,,Nuss Nougat Creme 400G,37.0,5.5,32.0,50.0,3.9,48.0,5.6,563,5.6,g,48.0,g,0.032,g,5.5,g,563,kcal,37.0,g,5.5,g,50.0,g,48.0,g,3.9,g,5.6,g,0.08,g,563.0,kcal,2345.0,kJ
04104420037441,Alnatura GmbH,Fruchtaufstrich Erdbeere 420G,"Zutaten: Erdbeeren* 55 %, Rübenzucker*, Geliermittel: Pektin, Zitronensaftkonzentrat* *aus biologischer Landwirtschaft",,,Fruchtaufstriche,420,,Fruchtaufstrich Erdbeere 420G,0.5,0.1,8.0,46.0,1.5,46.0,0.5,187,0.5,g,46.0,g,0.008,g,0.1,g,187,kcal,0.5,g,0.1,g,46.0,g,46.0,g,1.5,g,0.5,g,0.02,g,187.0,kcal,794.0,kJ
04104420037465,Alnatura GmbH,Fruchtaufstrich Himbeere 420G,"Zutaten: Himbeeren* 55 %, Rübenzucker*, Geliermittel: Apfelpektin ,Zitronensaftkonzentrat* *aus biologischer Landwirtschaft.",,,Fruchtaufstriche,420,,Fruchtaufstrich Himbeere 420G,0.5,0.1,8.0,41.0,3.2,41.0,0.7,173,0.7,g,41.0,g,0.008,g,0.1,g,173,kcal,0.5,g,0.1,g,41.0,g,41.0,g,3.2,g,0.7,g,0.02,g,173.0,kcal,735.0,kJ
04104420037526,Alnatura GmbH,Gemüseaufstrich Hokkaido Cashew 125,"Zutaten: Kürbis* 34 %, Wasser, Sonnenblumenöl*, Zwiebeln* 11 %, Karotten* 9 %, Zitronensaft*, Rohrohrzucker*, CASHEWNÜSSE* 4 %, Maisgrieß*, Meersalz, Gewürze*, Verdickungsmittel: Guarkernmehl* *aus biologischer Landwirtschaft",,,gemüsebas.Aufstriche,125,,Gemüseaufstrich Hokkaido Cashew 125,14.0,2.0,372.0,10.0,1.0,7.3,1.7,175,1.7,g,7.3,g,0.372,g,2.0,g,175,kcal,14.0,g,2.0,g,10.0,g,7.3,g,1.0,g,1.7,g,0.93,g,175.0,kcal,725.0,kJ
04104420038103,Alnatura GmbH,"Schwarzer Tee Btl. 20x1,75g 35G",Zutaten: Schwarztee* *aus Demeter Bio-Landbau,,,Schwarztee im Beutel,35,,"Schwarzer Tee Btl. 20x1,75g 35G",,,,,,,,,,g,,g,,g,,g,,kcal,,g,,g,,g,,g,,g,,g,,g,,kcal,,kJ
04104420038141,Alnatura GmbH,Grüner Tee Sencha lose 75G,Zutaten: Grüntee* *aus biologischer Landwirtschaft,,,Grüntee lose,75,,Grüner Tee Sencha lose 75G,,,,,,,,,,g,,g,,g,,g,,kcal,,g,,g,,g,,g,,g,,g,,g,,kcal,,kJ
04104420038165,Alnatura GmbH,"Melissen Tee m. Zit. Btl. 20x1,5g 3","Zutaten: Melisse* 80 %, Zitronengras* 20 % *aus biologischer Landwirtschaft",,,Kräutertee im Beutel,30,,"Melissen Tee m. Zit. Btl. 20x1,5g 3",,,,,,,,,,g,,g,,g,,g,,kcal,,g,,g,,g,,g,,g,,g,,g,,kcal,,kJ
04104420038288,Alnatura GmbH,Thymian Tee lose 50G,Zutaten: Thymian* *aus biologischer Landwirtschaft,,,Kräutertee lose,50,,Thymian Tee lose 50G,,,,,,,,,,g,,g,,g,,g,,kcal,,g,,g,,g,,g,,g,,g,,g,,kcal,,kJ
04104420038363,Alnatura GmbH,Grüner Tee Gunpowder lose 100G,Zutaten: Grüntee* *aus biologischer Landwirtschaft,,,Grüntee lose,100,,Grüner Tee Gunpowder lose 100G,,,,,,,,,,g,,g,,g,,g,,kcal,,g,,g,,g,,g,,g,,g,,g,,kcal,,kJ
04104420038462,Alnatura GmbH,Trinkkakao 400G,"Zutaten: Rohrohrzucker* 60%, Kakaopulver* 40 %, Säureregulator: Kaliumcarbonat *aus biologischer Landwirtschaft . Kann Spuren von Milch enthalten.",,,Kakao & Kakaoersatz,400,,Trinkkakao 400G,8.4,5.3,8.0,65.0,13.0,60.0,8.9,397,8.9,g,60.0,g,0.008,g,5.3,g,397,kcal,8.4,g,5.3,g,65.0,g,60.0,g,13.0,g,8.9,g,0.02,g,397.0,kcal,1671.0,kJ
04104420038646,Alnatura GmbH,"Kaffee mild, gemahlen 500G",,,,Kaffee gemahlen,500,,"Kaffee mild, gemahlen 500G",,,,,,,,,,g,,g,,g,,g,,kcal,,g,,g,,g,,g,,g,,g,,g,,kcal,,kJ
04104420038660,Alnatura GmbH,Espresso 250G,,,,Espresso gemahlen,250,,Espresso 250G,,,,,,,,,,g,,g,,g,,g,,kcal,,g,,g,,g,,g,,g,,g,,g,,kcal,,kJ
04104420038769,Alnatura GmbH,Espresso ganze Bohne 500G,,,,Espresso ganze Bohne,500,,Espresso ganze Bohne 500G,,,,,,,,,,g,,g,,g,,g,,kcal,,g,,g,,g,,g,,g,,g,,g,,kcal,,kJ
04104420039025,Alnatura GmbH,"Zitronenverb. Tee Btl. 20x1,5g 30G",Zutaten: Zitronenverbene* *aus biologischer Landwirtschaft,,,Kräutertee im Beutel,30,,"Zitronenverb. Tee Btl. 20x1,5g 30G",,,,,,,,,,g,,g,,g,,g,,kcal,,g,,g,,g,,g,,g,,g,,g,,kcal,,kJ
04104420039346,Alnatura GmbH,Innere Kraft Btl. 20x2g 40G,"Zutaten: Zitronengras* 40 %, Ingwer* 25 %, Zitronenverbene* 10 %, Pfefferminze*, Süßholz*, Zitronenschale* 5 % *aus biologischer Landwirtschaft",,,Kräutertee im Beutel,40,,Innere Kraft Btl. 20x2g 40G,,,,,,,,,,g,,g,,g,,g,,kcal,,g,,g,,g,,g,,g,,g,,g,,kcal,,kJ
04104420039483,Alnatura GmbH,Chai Btl. 20x2g 40G,"Zutaten: Schwarztee* 30 %, Zimt* 23 %, Süßholz*, Ingwer*, Anis*, Nelke* 5 %, Zichorienwurzel*, Rooibos*, Kardamom* 4 %, Pfeffer* *aus biologischer Landwirtschaft",,,Gewürztee im Beutel,40,,Chai Btl. 20x2g 40G,,,,,,,,,,g,,g,,g,,g,,kcal,,g,,g,,g,,g,,g,,g,,g,,kcal,,kJ
04104420039544,Alnatura GmbH,Grüner Tee Zitr. Btl. 20x2g 40G,"Zutaten: Grüntee* 70%, Zitronengras* 24%, Zitronenverbene* 3%, Zitronenschale* 3% *aus biologischer Landwirtschaft",,,Grüntee im Beutel,40,,Grüner Tee Zitr. Btl. 20x2g 40G,,,,,,,,,,g,,g,,g,,g,,kcal,,g,,g,,g,,g,,g,,g,,g,,kcal,,kJ
04104420039681,Alnatura GmbH,"Salbei Tee Btl. 20x1,5g 30G",Zutaten: Salbei* *aus biologischer Landwirtschaft,,,Kräutertee im Beutel,30,,"Salbei Tee Btl. 20x1,5g 30G",,,,,,,,,,g,,g,,g,,g,,kcal,,g,,g,,g,,g,,g,,g,,g,,kcal,,kJ
04104420039704,Alnatura GmbH,Sweet Chai Btl. 20x2g 40G,"Zutaten: Honigbusch* 21%, Zimt* 19%, Fenchel*, Rooibos*, Süßholz*, Süße Brombeerblätter*, Ingwer*, Kardamom* 2%, Pfeffer* 2%, Nelke* *aus biologischer Landwirtschaft",,,Gewürztee im Beutel,40,,Sweet Chai Btl. 20x2g 40G,,,,,,,,,,g,,g,,g,,g,,kcal,,g,,g,,g,,g,,g,,g,,g,,kcal,,kJ
04104420039728,Alnatura GmbH,Momente der Entsp. Btl. 20x2g 40G,"Zutaten: Rooibos* 42%, Honigbusch* 27%, Zitronenmelisse*, Zitronengras*, Süße Brombeerblätter*, Orangenschale*, Holunderblüten* 2%, Vanilleschote* gemahlen, Lavendelblüten* *aus biologischer Landwirtschaft",,,Kräutertee im Beutel,40,,Momente der Entsp. Btl. 20x2g 40G,,,,,,,,,,g,,g,,g,,g,,kcal,,g,,g,,g,,g,,g,,g,,g,,kcal,,kJ
04104420039766,Alnatura GmbH,Peru Café 500G,Zutaten: Röstkaffee* *aus biologischer Landwirtschaft.,,,Kaffee gemahlen,500,,Peru Café 500G,,,,,,,,,,g,,g,,g,,g,,kcal,,g,,g,,g,,g,,g,,g,,g,,kcal,,kJ
04104420039889,Alnatura GmbH,"Bergkräuter Btl. 20x1,75G 35G","Zutaten: Grünes HAFERKRAUT* 27%, Zitronenmelisse*, Pfefferminze* 12%, Holunderblüten* 12%, Orangenblätter*, Schafgarbenkraut*, Apfelminze* 6%, Brombeerblätter*, Löwenzahnkraut*, Lindenblüten*, Spitzwegerich* *aus biologischer Landwirtschaft",,,Kräutertee im Beutel,35,,"Bergkräuter Btl. 20x1,75G 35G",,,,,,,,,,g,,g,,g,,g,,kcal,,g,,g,,g,,g,,g,,g,,g,,kcal,,kJ
04104420045224,Alnatura GmbH,Putenbrust gegart 80G,"Zutaten: Putenbrust* 97 %, Speisesalz, Konservierungsstoff: Natriumnitrit, Stabilisator: Natriumcitrat, Buchenholzrauch *aus biologischer Landwirtschaft",,,Geflügelwurst,80,,Putenbrust gegart 80G,1.2,0.5,1040.0,0.5,0.5,0.5,23.0,103,23.0,g,0.5,g,1.04,g,0.5,g,103,kcal,1.2,g,0.5,g,0.5,g,0.5,g,0.5,g,23.0,g,2.6,g,103.0,kcal,437.0,kJ
04104420045262,Alnatura GmbH,Geflügel Mortadella Pistazien 80G,"Zutaten: Putenfleisch* 53%, Wasser, Hähnchenherzen*, Putenfett*, Hähnchenfett*, PISTAZIEN* 2%, Steinsalz, Gewürze* (Ingwer*, Knoblauch*, Koriander*, Muskatnuss*, Zwiebeln*), Salz, Stabilisator: Natriumcitrat, Konservierungsstoff: Natriumnitrit *aus biologischer Landwirtschaft.",,,Geflügelwurst,80,,Geflügel Mortadella Pistazien 80G,16.0,4.8,800.0,0.8,0.6,0.8,13.0,205,13.0,g,0.8,g,0.8,g,4.8,g,205,kcal,16.0,g,4.8,g,0.8,g,0.8,g,0.6,g,13.0,g,2.0,g,205.0,kcal,853.0,kJ
04104420045286,Alnatura GmbH,Geflügel Wiener 200G,"Zutaten: Putenfleisch* 60 %, Hähnchenhaut*, Wasser, Speisesalz, Gewürze*, Stabilisator: Trinatriumcitrat; Meersalz, DEXTROSE*, Schafsaitling, Buchenholzrauch *aus biologischer Landwirtschaft.",,,Geflügelwurst,200,,Geflügel Wiener 200G,23.0,5.7,840.0,0.5,0.5,0.5,13.0,262,13.0,g,0.5,g,0.8400000000000001,g,5.7,g,262,kcal,23.0,g,5.7,g,0.5,g,0.5,g,0.5,g,13.0,g,2.1,g,262.0,kcal,1086.0,kJ
04104420045668,Alnatura GmbH,Pflaumenmus 450G,"Zutaten: Pflaumen*, Rübenzucker*, Zitronensaftkonzentrat* *aus biologischer Landwirtschaft.",,,Fruchtaufstriche,450,,Pflaumenmus 450G,0.5,0.1,4.0,53.0,3.2,50.0,1.2,223,1.2,g,50.0,g,0.004,g,0.1,g,223,kcal,0.5,g,0.1,g,53.0,g,50.0,g,3.2,g,1.2,g,0.01,g,223.0,kcal,947.0,kJ
04104420045804,Alnatura GmbH,Fruchtaufstr. Sauerkirschen 420G,"Zutaten: Sauerkirschen* 55%, Rübenzucker*, Geliermittel: Pektin, Zitronensaftkonzentrat* *aus biologischer Landwirtschaft.",,,Fruchtaufstriche,420,,Fruchtaufstr. Sauerkirschen 420G,0.5,0.1,8.0,46.0,1.2,46.0,0.5,186,0.5,g,46.0,g,0.008,g,0.1,g,186,kcal,0.5,g,0.1,g,46.0,g,46.0,g,1.2,g,0.5,g,0.02,g,186.0,kcal,792.0,kJ
04104420045828,Alnatura GmbH,Fruchtaufstrich Hagebutte 260G,"Zutaten: Hagebutten* 55%, Rübenzucker*, Zitronensaftkonzentrat*, Geliermittel: Pektin *aus biologischer Landwirtschaft.",,,Fruchtaufstriche,260,,Fruchtaufstrich Hagebutte 260G,0.5,0.1,20.0,51.0,2.8,51.0,1.4,217,1.4,g,51.0,g,0.02,g,0.1,g,217,kcal,0.5,g,0.1,g,51.0,g,51.0,g,2.8,g,1.4,g,0.05,g,217.0,kcal,921.0,kJ
04104420045927,Alnatura GmbH,Fruchtaufstrich Himbeere 200G,"Zutaten: Himbeeren* 70 %, Agavendicksaft* 28 %, Geliermittel: Pektin, Zitronensaftkonzentrat* *aus biologischer Landwirtschaft",,,Fruchtaufstriche,200,,Fruchtaufstrich Himbeere 200G,0.5,0.1,16.0,25.0,4.0,25.0,0.9,112,0.9,g,25.0,g,0.016,g,0.1,g,112,kcal,0.5,g,0.1,g,25.0,g,25.0,g,4.0,g,0.9,g,0.04,g,112.0,kcal,472.0,kJ
04104420045941,Alnatura GmbH,Fruchtaufstrich Erdbeere 200G,"Zutaten: Erdbeeren* 70 %, Agavendicksaft* 28 %, Geliermittel: Pektin, Zitronensaftkonzentrat* *aus biologischer Landwirtschaft",,,Fruchtaufstriche,200,,Fruchtaufstrich Erdbeere 200G,0.6,0.2,16.0,25.0,1.9,25.0,0.9,113,0.9,g,25.0,g,0.016,g,0.2,g,113,kcal,0.6,g,0.2,g,25.0,g,25.0,g,1.9,g,0.9,g,0.04,g,113.0,kcal,478.0,kJ
04104420052321,Alnatura GmbH,Vollkorn Brezeln 125G,"Zutaten: WEIZENVOLLKORNMEHL* 81 %, WEIZENMEHL* Type 1050 (8 %), Palmöl**, Speisesalz 4 %, GERSTENMALZEXTRAKT*, Hefe**, Säureregulator: Natriumhydroxid *aus Demeter Bio-Landbau **aus biologischer Landwirtschaft
Kann Spuren von Sesam enthalten.",,,Laugengebäck,125,,Vollkorn Brezeln 125G,6.9,2.9,1760.0000000000002,64.0,11.0,2.1,12.0,388,12.0,g,2.1,g,1.7600000000000002,g,2.9,g,388,kcal,6.9,g,2.9,g,64.0,g,2.1,g,11.0,g,12.0,g,4.4,g,388.0,kcal,1635.0,kJ
04104420052345,Alnatura GmbH,Dinkel Brezeln 125G,"Zutaten: DINKELVOLLKORNMEHL*¹ 44 %, DINKELMEHL*¹ Type 1050 (44 %), SESAM* 4 %, Palmöl**, Hefe**, GERSTENMALZEXTRAKT*, Meersalz, Säureregulator: Natriumhydroxid *aus Demeter Bio-Landbau **aus biologischer Landwirtschaft ¹Dinkel ist eine WEIZENART",,,Laugengebäck,125,,Dinkel Brezeln 125G,9.8,3.0,1080.0,64.0,8.2,1.3,14.0,417,14.0,g,1.3,g,1.08,g,3.0,g,417,kcal,9.8,g,3.0,g,64.0,g,1.3,g,8.2,g,14.0,g,2.7,g,417.0,kcal,1754.0,kJ
04104420052369,Alnatura GmbH,Dinkel-Stangen 75G,"Zutaten: DINKELVOLLKORNMEHL*¹ 40 %, DINKELMEHL*¹ Type 1050 (40 %), SESAM* geröstet 9 %, Palmöl** , Hefe**, Meersalz *aus Demeter Bio-Landbau **aus biologischer Landwirtschaft ¹DINKEL IST EINE WEIZENART. Kann Spuren von Milch enthalten.",,,Salzgebäck,75,,Dinkel-Stangen 75G,14.0,4.7,600.0,59.0,7.8,0.8,13.0,430,13.0,g,0.8,g,0.6,g,4.7,g,430,kcal,14.0,g,4.7,g,59.0,g,0.8,g,7.8,g,13.0,g,1.5,g,430.0,kcal,1804.0,kJ
04104420052529,Alnatura GmbH,Salzsticks 100G,"Zutaten: WEIZENVOLLKORNMEHL* 81 %, WEIZENMEHL* 8 %, Meersalz 4,5 %, Palmöl**, GERSTENMALZEXTRAKT*, Säureregulator: Natriumhydroxid *aus Demeter Bio-Landbau **aus biologischer Landwirtschaft
Kann Spuren von Sesam enthalten.",,,Laugengebäck,100,,Salzsticks 100G,5.2,2.1,1680.0,65.0,10.0,1.8,13.0,379,13.0,g,1.8,g,1.6800000000000002,g,2.1,g,379,kcal,5.2,g,2.1,g,65.0,g,1.8,g,10.0,g,13.0,g,4.2,g,379.0,kcal,1598.0,kJ
04104420053069,Alnatura GmbH,Vollmilch Schoko Reiswaffeln 100G,"Zutaten: Vollmilchschokolade* 60 % (Rohrohrzucker*, Kakaobutter*, VOLLMILCHPULVER*, Kakaomasse*), Vollkornreis* 40% *aus biologischer Landwirtschaft. Kann Spuren von Soja enthalten.",,,Reis/Getr waffel süß,100,,Vollmilch Schoko Reiswaffeln 100G,26.0,16.0,44.0,60.0,2.9,28.0,7.0,508,7.0,g,28.0,g,0.044,g,16.0,g,508,kcal,26.0,g,16.0,g,60.0,g,28.0,g,2.9,g,7.0,g,0.11,g,508.0,kcal,2124.0,kJ
04104420053083,Alnatura GmbH,Schoko Orangen Kekse 150G,"Zutaten: DINKELMEHL*¹ Type 630 (51%), Palmöl*, Rübenzucker*, Zartbitter-Schokoladentropfen* 13% (Kakaomasse*, Rohrohrzucker*, Kakaobutter*, Emulgator: Lecithin*), Orangenöl*, Meersalz, Bourbonvanilleschote* gemahlen, Koriander*, Zimt* *aus biologischer Landwirtschaft ¹Dinkel ist eine WEIZENART
Kann Spuren von Milch, Mandel, Haselnuss und Sesam enthalten.",,,Kekse,150,,Schoko Orangen Kekse 150G,25.0,13.0,60.0,56.0,3.6,21.0,7.3,485,7.3,g,21.0,g,0.06,g,13.0,g,485,kcal,25.0,g,13.0,g,56.0,g,21.0,g,3.6,g,7.3,g,0.15,g,485.0,kcal,2030.0,kJ
04104420053120,Alnatura GmbH,Hafer Dinkel Kekse 150G,"Zutaten: HAFERVOLLKORNSCHROT* 33%, DINKELVOLLKORNMEHL*¹ 33%, Rübenzucker*, Palmöl*, Meersalz, Backtriebmittel: Natriumcarbonat, Bourbonvanilleschote* gemahlen, Koriander*, Zimt* *aus biologischer Landwirtschaft ¹ DINKEL IST EINE WEIZENART
Kann Spuren von Milch, Mandel, Haselnuss und Sesam enthalten.",,,Kekse,150,,Hafer Dinkel Kekse 150G,19.0,8.4,72.0,59.0,5.7,19.0,8.3,452,8.3,g,19.0,g,0.072,g,8.4,g,452,kcal,19.0,g,8.4,g,59.0,g,19.0,g,5.7,g,8.3,g,0.18,g,452.0,kcal,1893.0,kJ
04104420053342,Alnatura GmbH,Knusper-Mix 250G,"Zutaten: WEIZENMEHL*, Palmöl*, Speisesalz 2,6%, GERSTENMALZEXTRAKT*, SESAM* 1,6%, SÜßMOLKENPULVER*, Mohn* 0,7%, Hefe*, Backtriebmittel: Ammoniumcarbonat, Rohrohrzucker*, Backmittel* (Maisquellstärke*, Sonnenblumenöl*, Branntweinessig*), Säureregulator: Natriumhydroxid *aus biologischer Landwirtschaft",,,Salzgebäck,250,,Knusper-Mix 250G,9.4,4.0,1200.0,69.0,4.8,2.5,11.0,414,11.0,g,2.5,g,1.2,g,4.0,g,414,kcal,9.4,g,4.0,g,69.0,g,2.5,g,4.8,g,11.0,g,3.0,g,414.0,kcal,1746.0,kJ
04104420053366,Alnatura GmbH,Mandel Dinkel Taler VM 100G,"Zutaten: Vollmilchschokolade* 71 % (Rohrohrzucker*, Kakaobutter*, VOLLMILCHPULVER*, Kakaomasse*), MANDELSPLITTER* geröstet 16 %, Dinkelwaffeln* 13 % (DINKELMEHL*¹ 76 %, Rohrohrzucker*, Rapsöl*, HÜHNEREIEIGELBPULVER*, Meersalz) *aus biologischer Landwirtschaft ¹Dinkel ist eine WEIZENART
Kann Spuren von Soja, Nüssen und Sesam enthalten.",,,Confiserie,100,,Mandel Dinkel Taler VM 100G,39.0,20.0,100.0,44.0,3.6,34.0,8.6,569,8.6,g,34.0,g,0.1,g,20.0,g,569,kcal,39.0,g,20.0,g,44.0,g,34.0,g,3.6,g,8.6,g,0.25,g,569.0,kcal,2366.0,kJ
04104420053786,Alnatura GmbH,Mandel Dinkel Taler ZB 100G,"Zutaten: Zartbitterschokolade* 63 % (Kakaomasse*, Rohrohrzucker*, Kakaobutter*), Mandelsplitterkrokant* 27 % (MANDELSPLITTER* geröstet 87%, Rohrohrzucker*, Glukosesirup*, BUTTER*, Honig*, VOLLMILCHPULVER*), Dinkelwaffeln* 10 % (DINKELMEHL*¹ 76 %, Rohrohrzucker*, Rapsöl*, HÜHNEREIEIGELBPULVER*, Meersalz) *aus biologischer Landwirtschaft ¹Dinkel ist eine WEIZENART
Kann Spuren von Soja, Nüssen und Sesam enthalten.",,,Confiserie,100,,Mandel Dinkel Taler ZB 100G,42.0,18.0,52.0,33.0,10.0,23.0,11.0,574,11.0,g,23.0,g,0.052000000000000005,g,18.0,g,574,kcal,42.0,g,18.0,g,33.0,g,23.0,g,10.0,g,11.0,g,0.13,g,574.0,kcal,2382.0,kJ
04104420053809,Alnatura GmbH,Dinkel Kräcker Sesam 175G,"Zutaten: DINKELVOLLKORNMEHL*¹ 59 %, SESAM* 39 %, SOJASAUCE* Tamari (Wasser, SOJABOHNEN*, Speisesalz), Reismehl*, Meersalz *aus biologischer Landwirtschaft ¹DINKEL IST EINE WEIZENART. Kann Spuren von Ei, Milch, Mandel, Nüssen und Sellerie enthalten.",,,Salzgebäck,175,,Dinkel Kräcker Sesam 175G,22.0,3.3,880.0000000000001,44.0,10.0,0.7,17.0,462,17.0,g,0.7,g,0.8800000000000001,g,3.3,g,462,kcal,22.0,g,3.3,g,44.0,g,0.7,g,10.0,g,17.0,g,2.2,g,462.0,kcal,1931.0,kJ
04104420053861,Alnatura GmbH,Dinkel Mini Brezeln 75G,"Zutaten: DINKELMEHL*¹ Type 1050 (86 %), Palmöl**, Meersalz 5 %, Hefe**, GERSTENMALZEXTRAKT*, Säureregulator: Natriumhydroxid *aus Demeter Bio-Landbau **aus biologischer Landwirtschaft ¹Dinkel ist eine WEIZENART
Kann Spuren von Sesam enthalten.",,,Laugengebäck,75,,Dinkel Mini Brezeln 75G,9.5,4.3,1880.0,66.0,4.6,1.2,13.0,411,13.0,g,1.2,g,1.8800000000000001,g,4.3,g,411,kcal,9.5,g,4.3,g,66.0,g,1.2,g,4.6,g,13.0,g,4.7,g,411.0,kcal,1723.0,kJ
04104420053922,Alnatura GmbH,Dinkel Doppelkeks 330G,"Zutaten: DINKELMEHL*¹ Type 1050 44 %, Rübenzucker*, Palmöl*, stark entöltes Kakaopulver* 3,8 %, VOLLMILCHPULVER*, Maisstärke*, Honig*, Glukosesirup*, Backtriebmittel: Natriumhydrogencarbonat, Meersalz, Bourbonvanilleschote* gemahlen *aus biologischer Landwirtschaft ¹Dinkel ist eine WEIZENART
Kann Spuren von Ei, Soja, Mandel, Haselnuss und Paranuss enthalten.",,,Kekse,330,,Dinkel Doppelkeks 330G,23.0,12.0,112.00000000000001,62.0,3.5,28.0,7.5,492,7.5,g,28.0,g,0.11200000000000002,g,12.0,g,492,kcal,23.0,g,12.0,g,62.0,g,28.0,g,3.5,g,7.5,g,0.28,g,492.0,kcal,2061.0,kJ
04104420053960,Alnatura GmbH,Schoko Butterkeks Vollmilch 130G,"Zutaten: Vollmilchschokolade* 48 % (Rohrohrzucker*, Kakaobutter*, VOLLMILCHPULVER*, Kakaomasse*, MAGERMILCHPULVER*, Bourbonvanilleschote*), WEIZENMEHL*, Rohrohrzucker*, BUTTER* 5,5 %, WEIZENSTÄRKE*, MAGERMILCHPULVER*, WEIZENGRIEß*, Meersalz, Backtriebmittel: Ammoniumhydrogencarbonat, Natriumhydrogencarbonat; Vanilleextrakt* *aus biologischer Landwirtschaft
Kann Spuren von Ei, Mandel, Haselnuss und Sesam enthalten.",,,Kekse,130,,Schoko Butterkeks Vollmilch 130G,25.0,15.0,208.0,61.0,2.5,34.0,8.5,508,8.5,g,34.0,g,0.20800000000000002,g,15.0,g,508,kcal,25.0,g,15.0,g,61.0,g,34.0,g,2.5,g,8.5,g,0.52,g,508.0,kcal,2127.0,kJ
04104420054004,Alnatura GmbH,Maiswaffeln 110G,"Zutaten: Mais* 99,7 %, Meersalz *aus biologischer Landwirtschaft
Kann Spuren von Soja enthalten.",,,Reis/Getreidewaffeln,110,,Maiswaffeln 110G,0.7,0.1,120.0,84.0,3.3,1.1,6.4,375,6.4,g,1.1,g,0.12,g,0.1,g,375,kcal,0.7,g,0.1,g,84.0,g,1.1,g,3.3,g,6.4,g,0.3,g,375.0,kcal,1589.0,kJ
04104420054165,Alnatura GmbH,Dinkel Waffelblätter VM 125G,"Zutaten: Vollmilchschokolade* 88 % (Rohrohrzucker*, Kakaobutter*, VOLLMILCHPULVER*, Kakaomasse*), Dinkelwaffeln* 12 % (DINKELMEHL*¹ 94%, Kokosfett*, Emulgator: Lecithin*, Meersalz, Backtriebmittel: Natriumhydrogencarbonat) *aus biologischer Landwirtschaft ¹ Dinkel ist eine WEIZENART
Kann Spuren von Ei, Soja, Mandel, Nüssen und Sesam enthalten.",,,Confiserie,125,,Dinkel Waffelblätter VM 125G,38.0,23.0,84.0,50.0,2.9,40.0,7.2,577,7.2,g,40.0,g,0.08399999999999999,g,23.0,g,577,kcal,38.0,g,23.0,g,50.0,g,40.0,g,2.9,g,7.2,g,0.21,g,577.0,kcal,2402.0,kJ
04104420054363,Alnatura GmbH,Reiswaffeln VM Cocos 100G,"Zutaten: Vollmilchschokolade* 54 % (Rohrzucker*, Kakaobutter*, VOLLMILCHPULVER* 21 %, Kakaomasse*, Vanilleextrakt*), Vollkornreis* 40 %, Kokosraspeln* 6 % *aus biologischer Landwirtschaft
Kann Spuren von Soja, Nüssen und Sesam enthalten.",,,Reis/Getr waffel süß,100,,Reiswaffeln VM Cocos 100G,27.0,17.0,48.0,58.0,3.6,25.0,7.8,513,7.8,g,25.0,g,0.048,g,17.0,g,513,kcal,27.0,g,17.0,g,58.0,g,25.0,g,3.6,g,7.8,g,0.12,g,513.0,kcal,2146.0,kJ
04104420054387,Alnatura GmbH,Reiswaffeln ZB Orange 100G,"Zutaten: Zartbitterschokolade* mit Orangenöl* 60 % (Rohrohrzucker*, Kakaomasse*, Kakaobutter*, Emulgator: SOJALECITHIN*, Orangenöl* 0,1 %), Vollkornreis* 40 % *aus biologischer Landwirtschaft
Kann Spuren von Milch, Nüssen und Sesam enthalten.",,,Reis/Getr waffel süß,100,,Reiswaffeln ZB Orange 100G,23.0,13.0,8.0,62.0,5.0,28.0,6.5,491,6.5,g,28.0,g,0.008,g,13.0,g,491,kcal,23.0,g,13.0,g,62.0,g,28.0,g,5.0,g,6.5,g,0.02,g,491.0,kcal,2056.0,kJ
04104420054509,Alnatura GmbH,Schoko Dinkel Kugeln VM 125G,"Zutaten: Vollmilchschokolade* 69% (Rohrohrzucker*, Kakaobutter*, VOLLMILCHPULVER*, Kakaomasse*), DINKELVOLLKORNMEHL*¹ 15%, Maismehl*, Rohrohrzucker*, GERSTENMALZMEHL*, stark entöltes Kakaopulver*, Meersalz, Zimt*, Überzugsmittel: Gummi arabicum* *aus biologischer Landwirtschaft ¹DINKEL IST EINE WEIZENART. Kann Spuren von Soja, Mandel, Nüssen und Sesam enthalten.",,,Sü Snacks schokol.,125,,Schoko Dinkel Kugeln VM 125G,28.0,17.0,115.99999999999999,54.0,4.2,33.0,7.4,506,7.4,g,33.0,g,0.11599999999999999,g,17.0,g,506,kcal,28.0,g,17.0,g,54.0,g,33.0,g,4.2,g,7.4,g,0.29,g,506.0,kcal,2113.0,kJ
04104420054769,Alnatura GmbH,Dinkel Doppelkeks Zartbitter 330G,"Zutaten: DINKELMEHL*¹ Type 1050 44 %, Rübenzucker*, Palmöl*, Kakaopulver* schwach entölt 8,6 %, Honig*, VOLLMILCHPULVER*, Glukosesirup*, Backtriebmittel: Natriumhydrogencarbonat, Meersalz *aus biologischer Landwirtschaft ¹DINKEL IST EINE WEIZENART
Kann Spuren von Ei, Soja, Mandel, Haselnuss und Paranuss enthalten.",,,Kekse,330,,Dinkel Doppelkeks Zartbitter 330G,24.0,12.0,100.0,60.0,4.9,28.0,7.7,497,7.7,g,28.0,g,0.1,g,12.0,g,497,kcal,24.0,g,12.0,g,60.0,g,28.0,g,4.9,g,7.7,g,0.25,g,497.0,kcal,2078.0,kJ
04104420055209,Alnatura GmbH,Dinkel Schoko Kekse 150G,"Zutaten: DINKELVOLLKORNMEHL*¹ 43%, Rübenzucker*, Palmöl*, Zartbitter-Schokoladentropfen* 9% (Kakaomasse*, Rohrohrzucker*, Kakaobutter*, Emulgator: Lecithin*), HASELNÜSSE* 6%, stark entöltes Kakaopulver* 3%, Meersalz, Backtriebmittel: Natriumcarbonat, Bourbonvanilleschote* gemahlen, Ceylon-Zimt*, Koriander* *aus biologischer Landwirtschaft ¹DINKEL IST EINE WEIZENART
Kann Spuren von Milch, Mandel und Sesam enthalten.",,,Kekse,150,,Dinkel Schoko Kekse 150G,25.0,11.0,52.0,54.0,5.8,25.0,7.9,484,7.9,g,25.0,g,0.052000000000000005,g,11.0,g,484,kcal,25.0,g,11.0,g,54.0,g,25.0,g,5.8,g,7.9,g,0.13,g,484.0,kcal,2024.0,kJ
04104420055285,Alnatura GmbH,Cantuccini 150G,"Zutaten: DINKELMEHL*¹, MANDELN* 25%, Rübenzucker*, BUTTER*, Aprikosen* getrocknet, Akazienhonig*, Bourbon-Vanille* gemahlen, Backtriebmittel: Natriumhydrogencarbonat, Meersalz, Koriander*, Orangenöl*, Zimt* *aus biologischer Landwirtschaft ¹Dinkel ist eine WEIZENART
Kann Spuren von Haselnuss und Sesam enthalten.",,,Kekse,150,,Cantuccini 150G,20.0,5.2,40.0,57.0,5.1,25.0,11.0,462,11.0,g,25.0,g,0.04,g,5.2,g,462,kcal,20.0,g,5.2,g,57.0,g,25.0,g,5.1,g,11.0,g,0.1,g,462.0,kcal,1937.0,kJ
04104420055421,Alnatura GmbH,Mandeln 200G,Zutaten: MANDELN* *aus biologischer Landwirtschaft. Kann Spuren von Erdnuss und Nüssen enthalten.,,,Nüsse & Kerne mono,200,,Mandeln 200G,54.0,4.0,4.0,5.4,14.0,3.7,22.0,624,22.0,g,3.7,g,0.004,g,4.0,g,624,kcal,54.0,g,4.0,g,5.4,g,3.7,g,14.0,g,22.0,g,0.01,g,624.0,kcal,2576.0,kJ
04104420055605,Alnatura GmbH,Kakao Mandeln 100G,"Zutaten: Vollmilchschokolade * 49% (Rohrohrzucker*, Kakaobutter*, VOLLMILCHPULVER*, Kakaomasse*), MANDELN* geröstet 29%, Zartbitterschokolade* 20% (Kakaomasse*, Rohrohrzucker*, Kakaobutter*), stark entöltes Kakaopulver* 2% *aus biologischer Landwirtschaft. Kann Spuren von Gluten, Soja, Nüssen und Sesam enthalten.",,,Schoko Nüsse/Kerne,100,,Kakao Mandeln 100G,45.0,20.0,40.0,32.0,7.6,31.0,11.0,592,11.0,g,31.0,g,0.04,g,20.0,g,592,kcal,45.0,g,20.0,g,32.0,g,31.0,g,7.6,g,11.0,g,0.1,g,592.0,kcal,2457.0,kJ
04104420055629,Alnatura GmbH,Beeren schokoliert 85G,"Zutaten: Weiße Joghurtschokolade* 60% (Kakaobutter*, Rohrohrzucker*, MAGERMILCHJOGHURTPULVER*, VOLLMILCHPULVER*), Vollmilchschokolade* 30% (Rohrohrzucker*, Kakaobutter*, VOLLMILCHPULVER*, Kakaomasse*), Himbeeren* gefriergetrocknet 6%, Heidelbeeren* gefriergetrocknet 3%, Überzugsmittel: Gummi arabicum* *aus biologischer Landwirtschaft. Kann Spuren von Gluten, Soja, Mandel, Nüssen und Sesam enthalten.",,,schokolierte Früchte,85,,Beeren schokoliert 85G,37.0,23.0,120.0,46.0,3.6,45.0,8.3,557,8.3,g,45.0,g,0.12,g,23.0,g,557,kcal,37.0,g,23.0,g,46.0,g,45.0,g,3.6,g,8.3,g,0.3,g,557.0,kcal,2321.0,kJ
04104420055643,Alnatura GmbH,Ingwer Stäbchen schokoliert 90G,"Zutaten: Ingwer* kandiert 55% (Ingwer* 55%, Rohrohrzucker*, Wasser), Zartbitterschokolade* 45% (Kakaomasse*, Rohrohrzucker*, Kakaobutter*) *aus biologischer Landwirtschaft. Kann Spuren von Soja, Milch, Mandel, Nüssen und Sesam enthalten.",,,schokolierte Früchte,90,,Ingwer Stäbchen schokoliert 90G,18.0,12.0,12.0,55.0,4.9,53.0,3.1,404,3.1,g,53.0,g,0.012,g,12.0,g,404,kcal,18.0,g,12.0,g,55.0,g,53.0,g,4.9,g,3.1,g,0.03,g,404.0,kcal,1693.0,kJ
04104420055964,Alnatura GmbH,*Schoko Zimt Mandeln 100G*,"Zutaten: Vollmilchschokolade* 59% (Rohrohrzucker*, Kakaobutter*, VOLLMILCHPULVER*, Kakaomasse*), MANDELN* geröstet 39%, Rohrohrzucker*, Ceylon-Zimt*, Nelken*, Kardamom*, Macis* *aus biologischer Landwirtschaft. Kann Spuren von Gluten, Soja und Nüssen enthalten.",,,Weihn. Zwidu süß,100,,*Schoko Zimt Mandeln 100G*,46.0,17.0,52.0,32.0,6.7,32.0,12.0,603,12.0,g,32.0,g,0.052000000000000005,g,17.0,g,603,kcal,46.0,g,17.0,g,32.0,g,32.0,g,6.7,g,12.0,g,0.13,g,603.0,kcal,2504.0,kJ
04104420056008,Alnatura GmbH,*Marzipan Taler Zartbitter 100G*,"Zutaten: Marzipanrohmasse* 58% (MANDELN* 52%, Rohrohrzucker*, Invertzuckersirup*, Wasser), Zartbitterschokolade* 40% (Kakaomasse*, Rohrohrzucker*, Kakaobutter*), weiße Schokolade* (Rohrohrzucker*, Kakaobutter*, VOLLMILCHPULVER*), Rosenwasser*, Alkohol 0,3 % *aus biologischer Landwirtschaft. Kann Spuren von Gluten, Soja, Nüssen und Sesam enthalten.",,,Weihn. Zwidu süß,100,,*Marzipan Taler Zartbitter 100G*,36.0,14.0,4.0,39.0,9.0,36.0,9.3,537,9.3,g,36.0,g,0.004,g,14.0,g,537,kcal,36.0,g,14.0,g,39.0,g,36.0,g,9.0,g,9.3,g,0.01,g,537.0,kcal,2234.0,kJ
04104420056046,Alnatura GmbH,Knabber Igel 100G,"Zutaten: WEIZENMEHL*, Palmöl*, SESAM* 4 %, Hefe*, Rübenzucker*, Meersalz, GERSTENMALZEXTRAKT*, HÜHNERVOLLEI*, Backtriebmittel: Natriumhydrogencarbonat, MILCHEIWEIß*, Glukosesirup*, WEIZENSTÄRKE*, MAGERMILCHPULVER* *aus biologischer Landwirtschaft. Kann Spuren von Mandel und Haselnuss enthalten.",,,Salzgebäck,100,,Knabber Igel 100G,16.0,7.2,960.0,64.0,4.1,2.5,9.6,447,9.6,g,2.5,g,0.96,g,7.2,g,447,kcal,16.0,g,7.2,g,64.0,g,2.5,g,4.1,g,9.6,g,2.4,g,447.0,kcal,1876.0,kJ
04104420056220,Alnatura GmbH,Dinkel Cracker natur 100G,"Zutaten: DINKELVOLLKORNSCHROT*¹ 89%, Rapsöl*, Meersalz, Hefe*, GERSTENMALZMEHL*, Backtriebmittel: Natriumhydrogencarbonat (Natron) *aus biologischer Landwirtschaft ¹DINKEL IST EINE WEIZENART. Kann Spuren von Sesam enthalten.",,,Salzgebäck,100,,Dinkel Cracker natur 100G,11.0,1.1,760.0,62.0,9.0,0.9,14.0,421,14.0,g,0.9,g,0.76,g,1.1,g,421,kcal,11.0,g,1.1,g,62.0,g,0.9,g,9.0,g,14.0,g,1.9,g,421.0,kcal,1771.0,kJ
04104420056244,Alnatura GmbH,Knäckebrot Sesam 250G,"Zutaten: ROGGENVOLLKORNMEHL* 84%, SESAM* 10%, Meersalz *aus biologischer Landwirtschaft.",,,Knäckebrot,250,,Knäckebrot Sesam 250G,5.4,0.9,520.0,59.0,16.0,3.4,10.0,357,10.0,g,3.4,g,0.52,g,0.9,g,357,kcal,5.4,g,0.9,g,59.0,g,3.4,g,16.0,g,10.0,g,1.3,g,357.0,kcal,1501.0,kJ
04104420056268,Alnatura GmbH,Dinkel Cracker Sesam 100G,"Zutaten: DINKELVOLLKORNSCHROT*¹ 82 %, SESAM* 8 %, Rapsöl*, Meersalz, Hefe*, GERSTENMALZMEHL*, Backtriebmittel: Natriumhydrogencarbonat (Natron) *aus biologischer Landwirtschaft ¹DINKEL IST EINE WEIZENART.",,,Salzgebäck,100,,Dinkel Cracker Sesam 100G,15.0,1.6,680.0,57.0,9.2,0.9,15.0,441,15.0,g,0.9,g,0.6799999999999999,g,1.6,g,441,kcal,15.0,g,1.6,g,57.0,g,0.9,g,9.2,g,15.0,g,1.7,g,441.0,kcal,1853.0,kJ
04104420056343,Alnatura GmbH,Dinkel Zwieback 200G,"Zutaten: DINKELMEHL*¹ TYPE 630 (83%), DINKELVOLLKORNSCHROT*¹ 9%, Sonnenblumenöl**, Hefe**, Meersalz, Koriander** *aus Demeter Bio-Landbau **aus biologischer Landwirtschaft ¹Dinkel ist eine WEIZENART
Kann Spuren von Sesam enthalten.",,,Zwieback,200,,Dinkel Zwieback 200G,6.8,0.7,392.0,70.0,4.3,2.2,13.0,402,13.0,g,2.2,g,0.392,g,0.7,g,402,kcal,6.8,g,0.7,g,70.0,g,2.2,g,4.3,g,13.0,g,0.98,g,402.0,kcal,1697.0,kJ
04104420056800,Alnatura GmbH,Ingwer Marzipan Konfekt 100G,"Zutaten: Marzipanrohmasse* 42% (MANDELN* 52%, Rohrohrzucker*, Invertzuckersirup*, Wasser), Rohrohrzucker*, Zartbitterschokolade* 25% (Kakaomasse*, Rohrohrzucker*, Kakaobutter*), Ingwer* kandiert 6% (Ingwer* 55%, Rohrohrzucker*, Wasser), Rosenwasser*, Alkohol* 0,4%, Ingwerpulver* 0,2% *aus biologischer Landwirtschaft. Kann Spuren von Gluten, Soja, Milch, Nüssen und Sesam enthalten.",,,Confiserie,100,,Ingwer Marzipan Konfekt 100G,24.0,7.8,4.0,55.0,4.8,50.0,6.1,470,6.1,g,50.0,g,0.004,g,7.8,g,470,kcal,24.0,g,7.8,g,55.0,g,50.0,g,4.8,g,6.1,g,0.01,g,470.0,kcal,1965.0,kJ
04104420056909,Alnatura GmbH,Kartoffelchips Meersalz 125G,"Zutaten: Kartoffeln* 62 %, Sonnenblumenöl* 37%, Meersalz 1 % *aus biologischer Landwirtschaft.",,,Kartoffelchips,125,,Kartoffelchips Meersalz 125G,37.0,3.1,400.0,48.0,5.4,0.7,4.9,552,4.9,g,0.7,g,0.4,g,3.1,g,552,kcal,37.0,g,3.1,g,48.0,g,0.7,g,5.4,g,4.9,g,1.0,g,552.0,kcal,2296.0,kJ
04104420056923,Alnatura GmbH,Kartoffelchips Paprika 125G,"Zutaten: Kartoffeln* 58 %, Sonnenblumenöl* 28 %, Würzmischung* 7 % (Paprikapulver* 35 %, Maismehl*, Meersalz, Zwiebelpulver*, Knoblauchpulver*) *aus biologischer Landwirtschaft",,,Kartoffelchips,125,,Kartoffelchips Paprika 125G,35.0,3.0,560.0,49.0,4.9,1.0,5.2,542,5.2,g,1.0,g,0.5599999999999999,g,3.0,g,542,kcal,35.0,g,3.0,g,49.0,g,1.0,g,4.9,g,5.2,g,1.4,g,542.0,kcal,2256.0,kJ
04104420056961,Alnatura GmbH,Dinkel Löffelbiskuits 125G,"Zutaten: DINKELMEHL*¹ 41 %, Zucker*, VOLLEI* 29 %, Backtriebmittel: Ammoniumcarbonate *aus biologischer Landwirtschaft ¹Dinkel ist eine WEIZENART",,,Kekse,125,,Dinkel Löffelbiskuits 125G,4.0,1.1,112.00000000000001,82.0,2.8,41.0,11.0,414,11.0,g,41.0,g,0.11200000000000002,g,1.1,g,414,kcal,4.0,g,1.1,g,82.0,g,41.0,g,2.8,g,11.0,g,0.28,g,414.0,kcal,1751.0,kJ
04104420057227,Alnatura GmbH,Hirsebällchen 75G,"Zutaten: Hirse*, Meersalz *aus biologischer Landwirtschaft
Kann Spuren von Erdnuss enthalten.",,,sonstige Chips/Flips,75,,Hirsebällchen 75G,4.0,0.9,92.0,73.0,4.2,1.2,12.0,384,12.0,g,1.2,g,0.092,g,0.9,g,384,kcal,4.0,g,0.9,g,73.0,g,1.2,g,4.2,g,12.0,g,0.23,g,384.0,kcal,1627.0,kJ
04104420057241,Alnatura GmbH,Fruchtgummi Himbeer 100G,"Zutaten: Glukosesirup*, Rübenzucker*, Schweinegelatine*, Zitronensaftkonzentrat 3,8%*, Himbeerpulver* 2,2%, Himbeersaftkonzentrat* 1,5%, Überzugsmittel: Carnaubawachs* *aus biologischer Landwirtschaft.",,,Fruchtgummis m Gela,100,,Fruchtgummi Himbeer 100G,0.5,0.2,4.0,76.0,0.7,47.0,6.3,331,6.3,g,47.0,g,0.004,g,0.2,g,331,kcal,0.5,g,0.2,g,76.0,g,47.0,g,0.7,g,6.3,g,0.01,g,331.0,kcal,1405.0,kJ
04104420057326,Alnatura GmbH,Honig Reiswaffel 96G,"Zutaten: Vollkornreis* 80 %, Honig* 20 % *aus biologischer Landwirtschaft
Kann Spuren von Soja, Milch und Sesam enthalten.",,,Reis/Getr waffel süß,96,,Honig Reiswaffel 96G,2.7,0.6,4.0,82.0,2.8,19.0,6.9,386,6.9,g,19.0,g,0.004,g,0.6,g,386,kcal,2.7,g,0.6,g,82.0,g,19.0,g,2.8,g,6.9,g,0.01,g,386.0,kcal,1634.0,kJ
04104420057340,Alnatura GmbH,Erdnüsse geröstet & gesalzen 175G,"Zutaten: ERDNÜSSE* 98,5%, Meersalz 1%, Überzugsmittel: Gummi arabicum* *aus biologischer Landwirtschaft. Kann Spuren von Soja, Mandel und anderen Nüssen enthalten.",,,salzige Nüsse/Kerne,175,,Erdnüsse geröstet & gesalzen 175G,50.0,10.0,348.0,6.1,8.7,4.1,29.0,608,29.0,g,4.1,g,0.348,g,10.0,g,608,kcal,50.0,g,10.0,g,6.1,g,4.1,g,8.7,g,29.0,g,0.87,g,608.0,kcal,2516.0,kJ
04104420057364,Alnatura GmbH,Cashews geröstet & gesalzen 100G,"Zutaten: CASHEWNÜSSE* 99 %, Meersalz 1 % *aus biologischer Landwirtschaft. Kann Spuren von Erdnuss, Soja, Mandel und anderen Nüssen enthalten.",,,salzige Nüsse/Kerne,100,,Cashews geröstet & gesalzen 100G,51.0,12.0,352.0,18.0,6.6,5.4,20.0,624,20.0,g,5.4,g,0.352,g,12.0,g,624,kcal,51.0,g,12.0,g,18.0,g,5.4,g,6.6,g,20.0,g,0.88,g,624.0,kcal,2586.0,kJ
04104420060067,Alnatura GmbH,Früchte Tee lose 100G,"Zutaten: Apfel* 40%, Hagebutte*, Hibiskus* 13%, Rote Bete*, Orangenschale* 5%, Zitronenschale*, Holunderbeeren* 4% *aus biologischer Landwirtschaft",,,Früchtetee lose,100,,Früchte Tee lose 100G,,,,,,,,,,g,,g,,g,,g,,kcal,,g,,g,,g,,g,,g,,g,,g,,kcal,,kJ
04104420060180,Alnatura GmbH,Rooibos Tee lose 100G,Zutaten: Rooibos* *aus biologischer Landwirtschaft,,,Kräutertee lose,100,,Rooibos Tee lose 100G,,,,,,,,,,g,,g,,g,,g,,kcal,,g,,g,,g,,g,,g,,g,,g,,kcal,,kJ
04104420060265,Alnatura GmbH,"Grüner Tee Jasmin Btl. 20x1,5g 30G",Zutaten: Grüntee* *aus biologischer Landwirtschaft,,,Grüntee im Beutel,30,,"Grüner Tee Jasmin Btl. 20x1,5g 30G",,,,,,,,,,g,,g,,g,,g,,kcal,,g,,g,,g,,g,,g,,g,,g,,kcal,,kJ
04104420070189,Alnatura GmbH,Karottensaft feldfrisch 330ML,"Zutaten: Karottensaft* 99,5 %, Zitronensaft* *aus Demeter Bio-Landbau",,,Gemüsesäfte mono,330,,Karottensaft feldfrisch 330ML,0.5,0.1,72.0,8.8,0.5,8.8,1.0,39,1.0,g,8.8,g,0.072,g,0.1,g,39,kcal,0.5,g,0.1,g,8.8,g,8.8,g,0.5,g,1.0,g,0.18,g,39.0,kcal,167.0,kJ
04104420070202,Alnatura GmbH,Rote Bete Saft feldfrisch 330ML,"Zutaten: Rote Bete Saft* 98,8%, Acerolasaft**, Zitronensaft* *aus Demeter Bio-Landbau **aus biologischer Landwirtschaft",,,Gemüsesäfte mono,330,,Rote Bete Saft feldfrisch 330ML,0.5,0.1,32.0,8.0,0.5,7.5,1.1,36,1.1,g,7.5,g,0.032,g,0.1,g,36,kcal,0.5,g,0.1,g,8.0,g,7.5,g,0.5,g,1.1,g,0.08,g,36.0,kcal,155.0,kJ
04104420070240,Alnatura GmbH,Coco Drink natur 330ML,Zutaten: Kokoswasser* *aus biologischer Landwirtschaft,,,Wellnessgetränke,332,,Coco Drink natur 330ML,0.5,0.1,12.0,3.3,0.5,2.3,0.5,13,0.5,g,2.3,g,0.012,g,0.1,g,13,kcal,0.5,g,0.1,g,3.3,g,2.3,g,0.5,g,0.5,g,0.03,g,13.0,kcal,56.0,kJ
04104420071629,Alnatura GmbH,Eistee Apfel-Zitrone 1L,"Zutaten: Wasser, Apfelsaft* 10 %, Apfelsaftkonzentrat* 7 %, Zitronensaft* 2 % aus Zitronensaftkonzentrat*, Grüntee-Extrakt* 0,14 %, Zitronenextrakt*, Zitronengrasöl* *aus biologischer Landwirtschaft",,,Teegetränke,1000,,Eistee Apfel-Zitrone 1L,0.5,0.1,4.0,5.0,0.5,5.0,0.5,21,0.5,g,5.0,g,0.004,g,0.1,g,21,kcal,0.5,g,0.1,g,5.0,g,5.0,g,0.5,g,0.5,g,0.01,g,21.0,kcal,89.0,kJ
04104420071667,Alnatura GmbH,"Traubensaft naturtrüb 0,33L",Zutaten: Roter Traubensaft* *aus biologischer Landwirtschaft.,,,Obstsäfte mono,335,,"Traubensaft naturtrüb 0,33L",0.5,0.5,4.0,16.0,0.5,16.0,0.5,64,0.5,g,16.0,g,0.004,g,0.5,g,64,kcal,0.5,g,0.5,g,16.0,g,16.0,g,0.5,g,0.5,g,0.01,g,64.0,kcal,272.0,kJ
04104420071704,Alnatura GmbH,"Prosecco D.O.C. 0,75L","Zutaten: Bio Trauben, Bio konzentrierter Traubenmost, Säureregulatoren: Weinsäure (L(+)-), Antioxidantien: Sulfite, Stabilisatoren: Zitronensäure
Enthält Sulfite",,,Schaumweine I,750,,"Prosecco D.O.C. 0,75L",,,,1.5,,0.9,,64,,g,0.9,g,,g,,g,64,kcal,,g,,g,1.5,g,0.9,g,,g,,g,,g,64.0,kcal,268.0,kJ
04104420071728,Alnatura GmbH,Apfelsaft naturtrüb 1L,Zutaten: Apfelsaft* *aus biologischer Landwirtschaft,,,Obstsäfte mono,1048,,Apfelsaft naturtrüb 1L,0.5,0.1,4.0,11.0,0.5,11.0,0.5,44,0.5,g,11.0,g,0.004,g,0.1,g,44,kcal,0.5,g,0.1,g,11.0,g,11.0,g,0.5,g,0.5,g,0.01,g,44.0,kcal,187.0,kJ
04104420071766,Alnatura GmbH,Traubensaft naturtrüb 1L,Zutaten: Roter Traubensaft* *aus biologischer Landwirtschaft,,,Obstsäfte mono,1044,,Traubensaft naturtrüb 1L,0.5,0.1,4.0,16.0,0.5,16.0,0.5,64,0.5,g,16.0,g,0.004,g,0.1,g,64,kcal,0.5,g,0.1,g,16.0,g,16.0,g,0.5,g,0.5,g,0.01,g,64.0,kcal,272.0,kJ
04104420071803,Alnatura GmbH,"Apfel Mango Saft 0,33L","Zutaten: Apfelsaft* 75%, Mangomark* 25% *aus biologischer Landwirtschaft.",,,Obstsäfte Mischungen,335,,"Apfel Mango Saft 0,33L",0.5,0.1,4.0,12.0,0.5,12.0,0.5,48,0.5,g,12.0,g,0.004,g,0.1,g,48,kcal,0.5,g,0.1,g,12.0,g,12.0,g,0.5,g,0.5,g,0.01,g,48.0,kcal,204.0,kJ
04104420071841,Alnatura GmbH,"Apfel Mango Saft 0,75L","Zutaten: Apfelsaft* 75%, Mangomark* 25% *aus biologischer Landwirtschaft",,,Obstsäfte Mischungen,790,,"Apfel Mango Saft 0,75L",0.5,0.1,4.0,12.0,0.6,11.0,0.5,49,0.5,g,11.0,g,0.004,g,0.1,g,49,kcal,0.5,g,0.1,g,12.0,g,11.0,g,0.6,g,0.5,g,0.01,g,49.0,kcal,209.0,kJ
04104420071926,Alnatura GmbH,"Frühstückssaft 0,75L","Zutaten: Apfelsaft* 49 %, Orangensaft* 28 %, Mangomark* 13 %, Karottensaft* 6,8 %, Maracujasaft* 3 %, Zitronensaft* *aus biologischer Landwirtschaft",,,Obstsäfte Mischungen,790,,"Frühstückssaft 0,75L",0.5,0.1,4.0,10.0,0.5,9.9,0.5,40,0.5,g,9.9,g,0.004,g,0.1,g,40,kcal,0.5,g,0.1,g,10.0,g,9.9,g,0.5,g,0.5,g,0.01,g,40.0,kcal,170.0,kJ
04104420071940,Alnatura GmbH,"Pink Grapefruitsaft 0,75L",Zutaten: Pink Grapefruitsaft* *aus biologischer Landwirtschaft,,,Obstsäfte mono,790,,"Pink Grapefruitsaft 0,75L",0.5,0.1,4.0,8.0,0.5,8.0,0.6,34,0.6,g,8.0,g,0.004,g,0.1,g,34,kcal,0.5,g,0.1,g,8.0,g,8.0,g,0.5,g,0.6,g,0.01,g,34.0,kcal,146.0,kJ
04104420072084,Alnatura GmbH,"Orangensaft 0,33L",Zutaten: Orangensaft* * aus biologischer Landwirtschaft,,,Obstsäfte mono,335,,"Orangensaft 0,33L",0.5,0.1,4.0,10.0,0.5,8.4,0.7,43,0.7,g,8.4,g,0.004,g,0.1,g,43,kcal,0.5,g,0.1,g,10.0,g,8.4,g,0.5,g,0.7,g,0.01,g,43.0,kcal,182.0,kJ
04104420072121,Alnatura GmbH,"Limettensaft 0,2L",Zutaten: Limettensaft* *aus biologischer Landwirtschaft.,,,Obstsäfte mono,206.5,,"Limettensaft 0,2L",0.5,0.1,4.0,3.0,0.5,3.0,0.5,30,0.5,g,3.0,g,0.004,g,0.1,g,30,kcal,0.5,g,0.1,g,3.0,g,3.0,g,0.5,g,0.5,g,0.01,g,30.0,kcal,129.0,kJ
04104420072589,Alnatura GmbH,"Zitronensaft 0,2L",Zutaten: Zitronensaft* *aus biologischer Landwirtschaft.,,,Obstsäfte mono,206.5,,"Zitronensaft 0,2L",0.5,0.1,4.0,3.0,0.5,3.0,0.5,30,0.5,g,3.0,g,0.004,g,0.1,g,30,kcal,0.5,g,0.1,g,3.0,g,3.0,g,0.5,g,0.5,g,0.01,g,30.0,kcal,129.0,kJ
04104420072787,Alnatura GmbH,"Tomatensaft mit Meersalz 0,5L","Zutaten: Tomatensaft* 99,6%, Meersalz *aus biologischer Landwirtschaft",,,Gemüsesäfte mono,519.5,,"Tomatensaft mit Meersalz 0,5L",0.5,0.1,160.0,3.1,0.5,2.8,1.0,16,1.0,g,2.8,g,0.16,g,0.1,g,16,kcal,0.5,g,0.1,g,3.1,g,2.8,g,0.5,g,1.0,g,0.4,g,16.0,kcal,70.0,kJ
04104420072800,Alnatura GmbH,"Sauerkrautsaft 0,5L","Zutaten: Sauerkrautsaft* milchsauer vergoren, Meersalz *aus Demeter Bio-Landbau",,,Gemüsesäfte mono,512.44,,"Sauerkrautsaft 0,5L",0.5,0.1,240.0,0.5,0.5,0.5,0.5,10,0.5,g,0.5,g,0.24,g,0.1,g,10,kcal,0.5,g,0.1,g,0.5,g,0.5,g,0.5,g,0.5,g,0.6,g,10.0,kcal,40.0,kJ
04104420072848,Alnatura GmbH,"Karottensaft milchsauer vergoren 0,",Zutaten: Karottensaft* milchsauer vergoren *aus Demeter Bio-Landbau,,,Gemüsesäfte mono,519.5,,"Karottensaft milchsauer vergoren 0,",0.5,0.1,48.0,7.8,0.5,7.8,0.5,31,0.5,g,7.8,g,0.048,g,0.1,g,31,kcal,0.5,g,0.1,g,7.8,g,7.8,g,0.5,g,0.5,g,0.12,g,31.0,kcal,133.0,kJ
04104420072862,Alnatura GmbH,"Gemüsesaft 0,5L","Zutaten: Tomatensaft* 67%, Karottensaft*¹ 13%, Sauerkrautsaft*¹ 6%, SELLERIESAFT*¹ 4%, Rote Bete Saft*¹ 4%, Gurkensaft*¹ 2%, Paprikamark* 2%, Zwiebelsaft*¹ , Bohnensaft*¹, Dillsaft*, Kräutermeersalz*(Meersalz, Kräuter*) *aus biologischer Landwirtschaft ¹milchsauer vergoren",,,Gemüsesäfte Misch,512.04,,"Gemüsesaft 0,5L",0.5,0.1,160.0,3.5,0.6,3.3,0.9,19,0.9,g,3.3,g,0.16,g,0.1,g,19,kcal,0.5,g,0.1,g,3.5,g,3.3,g,0.6,g,0.9,g,0.4,g,19.0,kcal,80.0,kJ
04104420073081,Alnatura GmbH,Weidemilch Saure Sahne 200G,,,,Rahm und Sauerrahm,200,,Weidemilch Saure Sahne 200G,10.0,6.9,52.0,3.3,0.5,3.3,3.1,116,3.1,g,3.3,g,0.052000000000000005,g,6.9,g,116,kcal,10.0,g,6.9,g,3.3,g,3.3,g,0.5,g,3.1,g,0.13,g,116.0,kcal,479.0,kJ
04104420073487,Alnatura GmbH,Hessischer Handkäse 200G,"Zutaten: SAUERMILCHQUARK*, Speisesalz, Säureregulator: Natriumhydrogencarbonat, Kümmel* *aus biologischer Landwirtschaft",,,Weichkäse,200,,Hessischer Handkäse 200G,0.5,0.2,1520.0,0.5,0.5,0.5,28.0,112,28.0,g,0.5,g,1.52,g,0.2,g,112,kcal,0.5,g,0.2,g,0.5,g,0.5,g,0.5,g,28.0,g,3.8,g,112.0,kcal,476.0,kJ
04104420073500,Alnatura GmbH,Weidemilch Süßrahmbutter 250G,,,,Butter,250,,Weidemilch Süßrahmbutter 250G,82.0,56.0,4.0,0.6,0.5,0.6,0.7,743,0.7,g,0.6,g,0.004,g,56.0,g,743,kcal,82.0,g,56.0,g,0.6,g,0.6,g,0.5,g,0.7,g,0.01,g,743.0,kcal,3056.0,kJ
04104420073524,Alnatura GmbH,"Frische Weidemilch 3,7% 1L",,,,Frischmilch,1000,,"Frische Weidemilch 3,7% 1L",3.8,2.6,48.0,4.8,0.5,4.8,3.4,67,3.4,g,4.8,g,0.048,g,2.6,g,67,kcal,3.8,g,2.6,g,4.8,g,4.8,g,0.5,g,3.4,g,0.12,g,67.0,kcal,280.0,kJ
04104420073548,Alnatura GmbH,"Frische Weidemilch 1,5% 1L",,,,Frischmilch,1000,,"Frische Weidemilch 1,5% 1L",1.5,1.0,48.0,4.9,0.5,4.9,3.5,47,3.5,g,4.9,g,0.048,g,1.0,g,47,kcal,1.5,g,1.0,g,4.9,g,4.9,g,0.5,g,3.5,g,0.12,g,47.0,kcal,198.0,kJ
04104420073685,Alnatura GmbH,Hessischer Handkäse Minis 125G,"Zutaten: SAUERMILCHQUARK*, Speisesalz, Säureregulator: Natriumhydrogencarbonat *aus biologischer Landwirtschaft.",,,Weichkäse,125,,Hessischer Handkäse Minis 125G,0.5,0.2,1520.0,0.5,0.5,0.5,28.0,112,28.0,g,0.5,g,1.52,g,0.2,g,112,kcal,0.5,g,0.2,g,0.5,g,0.5,g,0.5,g,28.0,g,3.8,g,112.0,kcal,476.0,kJ
04104420073746,Alnatura GmbH,Weidemilch Schlagsahne 200G,,,,Rahm und Sauerrahm,200,,Weidemilch Schlagsahne 200G,32.0,22.0,36.0,3.2,0.5,3.2,2.3,310,2.3,g,3.2,g,0.036,g,22.0,g,310,kcal,32.0,g,22.0,g,3.2,g,3.2,g,0.5,g,2.3,g,0.09,g,310.0,kcal,1278.0,kJ
04104420073760,Alnatura GmbH,Weidemilch Schmand 200G,,,,Rahm und Sauerrahm,200,,Weidemilch Schmand 200G,24.0,17.0,36.0,3.4,0.5,3.4,2.7,240,2.7,g,3.4,g,0.036,g,17.0,g,240,kcal,24.0,g,17.0,g,3.4,g,3.4,g,0.5,g,2.7,g,0.09,g,240.0,kcal,992.0,kJ
04104420073784,Alnatura GmbH,"Weidemilch Joghurt Natur 3,8 % 150G",,,,Jog natur Becher,150,,"Weidemilch Joghurt Natur 3,8 % 150G",3.8,2.5,48.0,3.6,0.0,3.6,4.2,65,4.2,g,3.6,g,0.048,g,2.5,g,65,kcal,3.8,g,2.5,g,3.6,g,3.6,g,0.0,g,4.2,g,0.12,g,65.0,kcal,273.0,kJ
04104420073920,Alnatura GmbH,"Weidemilch Joghurt Natur 1,5% 500G",,,,Jog natur Becher,500,,"Weidemilch Joghurt Natur 1,5% 500G",1.5,1.0,48.0,3.7,0.0,3.7,5.0,48,5.0,g,3.7,g,0.048,g,1.0,g,48,kcal,1.5,g,1.0,g,3.7,g,3.7,g,0.0,g,5.0,g,0.12,g,48.0,kcal,203.0,kJ
04104420074088,Alnatura GmbH,Weide Fruchtbuttermilch Himb.Zitr.,"Zutaten: BUTTERMILCH*, Himbeeren* 8%, Rübenzucker*, Zitronensaft* 0,2% aus Zitronensaftkonzentrat*, Rote-Bete-Saftkonzentrat*, Verdickungsmittel (Pektin, Johannisbrotkernmehl*) *aus biologischer Landwirtschaft",,,Milchmischgetr/Molke,500,,Weide Fruchtbuttermilch Himb.Zitr.,0.5,0.3,40.0,11.0,0.5,11.0,2.9,56,2.9,g,11.0,g,0.04,g,0.3,g,56,kcal,0.5,g,0.3,g,11.0,g,11.0,g,0.5,g,2.9,g,0.1,g,56.0,kcal,236.0,kJ
04104420074101,Alnatura GmbH,"Weidemilch Joghurt Natur 3,8% 500G",,,,Jog natur Glas,500,,"Weidemilch Joghurt Natur 3,8% 500G",3.8,2.5,48.0,3.6,0.0,3.6,4.2,65,4.2,g,3.6,g,0.048,g,2.5,g,65,kcal,3.8,g,2.5,g,3.6,g,3.6,g,0.0,g,4.2,g,0.12,g,65.0,kcal,273.0,kJ
04104420074668,Alnatura GmbH,"Weide Jog. Van. 3,8% 500G Voll","Zutaten: JOGHURT mild*, Rübenzucker*, Stärke*, Bourbonvanilleextrakt* 0,1 %, Verdickungsmittel: Johannisbrotkernmehl*, Zitronensaftkonzentrat*, Bourbonvanilleschoten* 0,03 % *aus biologischer Landwirtschaft",,,Fruchtjog Glas,500,,"Weide Jog. Van. 3,8% 500G Voll",3.2,2.1,40.0,12.0,0.5,12.0,4.6,95,4.6,g,12.0,g,0.04,g,2.1,g,95,kcal,3.2,g,2.1,g,12.0,g,12.0,g,0.5,g,4.6,g,0.1,g,95.0,kcal,401.0,kJ
04104420074705,Alnatura GmbH,"Weide Jog. Man. Van. 3,8% 500G Voll","Zutaten: JOGHURT mild*, Mango* 10 %, Rübenzucker*, Bourbonvanilleextrakt*, Zitronensaftkonzentrat* *aus biologischer Landwirtschaft",,,Fruchtjog Glas,500,,"Weide Jog. Man. Van. 3,8% 500G Voll",3.2,2.1,36.0,11.0,0.5,11.0,4.6,91,4.6,g,11.0,g,0.036,g,2.1,g,91,kcal,3.2,g,2.1,g,11.0,g,11.0,g,0.5,g,4.6,g,0.09,g,91.0,kcal,384.0,kJ
04104420074903,Alnatura GmbH,Schoko Pudding 150G,"Zutaten: VOLLMILCH* 84%, Rübenzucker*, Stärke*, stark entöltes Kakaopulver* 1,5%, Verdickungsmittel: Johannisbrotkernmehl*; Bourbonvanilleextrakt* *aus biologischer Landwirtschaft",,,Desserts,150,,Schoko Pudding 150G,3.1,2.1,48.0,17.0,0.6,13.0,3.0,109,3.0,g,13.0,g,0.048,g,2.1,g,109,kcal,3.1,g,2.1,g,17.0,g,13.0,g,0.6,g,3.0,g,0.12,g,109.0,kcal,460.0,kJ
04104420076303,,Kresse 17G,Samen von Einfacher Kresse* *aus Demeter Bio-Landbau,,,Samen & Sporen,17,,Kresse 17G,,,,,,,,,,g,,g,,g,,g,,kcal,,g,,g,,g,,g,,g,,g,,g,,kcal,,kJ
04104420076686,Alnatura GmbH,Emmentaler gerieben 150G,"Zutaten: MILCH*, Speisesalz, mikrobielles Lab, Käsereikulturen *aus biologischer Landwirtschaft",,,Käse gerieben,150,,Emmentaler gerieben 150G,29.0,19.0,480.0,0.5,0.5,0.5,31.0,385,31.0,g,0.5,g,0.48,g,19.0,g,385,kcal,29.0,g,19.0,g,0.5,g,0.5,g,0.5,g,31.0,g,1.2,g,385.0,kcal,1600.0,kJ
04104420076884,Alnatura GmbH,"Weidemilch Joghurt Natur 1,5% 150G",,,,Jog natur Becher,150,,"Weidemilch Joghurt Natur 1,5% 150G",1.5,1.0,48.0,3.7,0.0,3.7,5.0,48,5.0,g,3.7,g,0.048,g,1.0,g,48,kcal,1.5,g,1.0,g,3.7,g,3.7,g,0.0,g,5.0,g,0.12,g,48.0,kcal,203.0,kJ
04104420076907,Alnatura GmbH,Feta 180G,"Zutaten: SCHAFMILCH*, ZIEGENMILCH*, Meersalz, tierisches Lab, Käsereikulturen *aus biologischer Landwirtschaft",,,Salzlakenkäse,180,,Feta 180G,22.0,13.0,880.0000000000001,0.5,0.5,0.5,17.0,266,17.0,g,0.5,g,0.8800000000000001,g,13.0,g,266,kcal,22.0,g,13.0,g,0.5,g,0.5,g,0.5,g,17.0,g,2.2,g,266.0,kcal,1103.0,kJ
04104420076921,Alnatura GmbH,Parmigiano Reggiano Stück 125G,"Zutaten: MILCH*, Speisesalz, tierisches Lab *aus biologischer Landwirtschaft.",,,anderer Käse,125,,Parmigiano Reggiano Stück 125G,30.0,20.0,640.0,0.5,0.5,0.5,32.0,402,32.0,g,0.5,g,0.64,g,20.0,g,402,kcal,30.0,g,20.0,g,0.5,g,0.5,g,0.5,g,32.0,g,1.6,g,402.0,kcal,1671.0,kJ
04104420076945,Alnatura GmbH,Körniger Frischkäse 200G,"Zutaten: Körniger Frischkäse* (MILCH* pasteurisiert, RAHM* pasteurisiert, mikrobielles Lab, Milchsäurekulturen), Steinsalz *aus biologischer Landwirtschaft",,,Frischkäse,200,,Körniger Frischkäse 200G,4.5,2.9,280.0,3.0,0.5,3.0,11.0,97,11.0,g,3.0,g,0.27999999999999997,g,2.9,g,97,kcal,4.5,g,2.9,g,3.0,g,3.0,g,0.5,g,11.0,g,0.7,g,97.0,kcal,405.0,kJ
04104420076969,Alnatura GmbH,Kaffeesahne 165G,,,,Kondensmi/Kaffeesah,165,,Kaffeesahne 165G,10.0,6.2,36.0,4.3,0.5,4.3,3.1,120,3.1,g,4.3,g,0.036,g,6.2,g,120,kcal,10.0,g,6.2,g,4.3,g,4.3,g,0.5,g,3.1,g,0.09,g,120.0,kcal,496.0,kJ
04104420077324,Alnatura GmbH,Margarine im Becher 250G,"Zutaten: Wasser, Rapsöl* 33%, Palmöl*, Kokosöl*, Sonnenblumenöl* 4%, Karottensaft*, WALNUSSÖL* 2,4%, Emulgator: SOJALECITHIN*, Zitronensaft*, Meersalz 0,1% *aus biologischer Landwirtschaft",,,Pflanzliche Fette,250,,Margarine im Becher 250G,60.0,17.0,40.0,0.5,0.5,0.5,0.5,540,0.5,g,0.5,g,0.04,g,17.0,g,540,kcal,60.0,g,17.0,g,0.5,g,0.5,g,0.5,g,0.5,g,0.1,g,540.0,kcal,2220.0,kJ
04104420077621,Alnatura GmbH,Mandel Nuss Tofu (ungekühlt) 200G,"Zutaten: Wasser, SOJABOHNEN* 20 %, MANDELN* 3,5 %, Sojasauce* Tamari (Wasser, SOJABOHNEN*, Speisesalz), HASELNÜSSE* 2,1 %, Speisesalz, Karotte*, Lauch*, Kräuter*, Gewürze*, Maismehl*, Gerinnungsmittel: Calciumsulfat, Calciumchlorid, Magnesiumchlorid; Buchenholzrauch *aus biologischer Landwirtschaft",,,Tofu,200,,Mandel Nuss Tofu (ungekühlt) 200G,11.0,1.6,324.0,0.6,3.8,0.6,17.0,177,17.0,g,0.6,g,0.324,g,1.6,g,177,kcal,11.0,g,1.6,g,0.6,g,0.6,g,3.8,g,17.0,g,0.81,g,177.0,kcal,737.0,kJ
04104420077980,Alnatura GmbH,Weidemilch Creme Fraiche 150G,,,,Rahm und Sauerrahm,150,,Weidemilch Creme Fraiche 150G,30.0,21.0,36.0,2.4,0.5,2.4,2.5,290,2.5,g,2.4,g,0.036,g,21.0,g,290,kcal,30.0,g,21.0,g,2.4,g,2.4,g,0.5,g,2.5,g,0.09,g,290.0,kcal,1193.0,kJ
04104420078000,Alnatura GmbH,"Haltbare Alpenmilch 1,5% 1L",Zutaten: MILCH* *aus biologischer Landwirtschaft.,,,"H-Milch bis 1,5%",1032,,"Haltbare Alpenmilch 1,5% 1L",1.6,1.0,44.0,5.1,0.5,5.1,3.4,48,3.4,g,5.1,g,0.044,g,1.0,g,48,kcal,1.6,g,1.0,g,5.1,g,5.1,g,0.5,g,3.4,g,0.11,g,48.0,kcal,204.0,kJ
04104420078024,Alnatura GmbH,"Haltbare Alpenmilch 3,5% 1L",Zutaten: MILCH* *aus biologischer Landwirtschaft.,,,"H-Milch 1,6% - 3,5%",1030,,"Haltbare Alpenmilch 3,5% 1L",3.6,2.4,44.0,5.0,0.5,5.0,3.3,66,3.3,g,5.0,g,0.044,g,2.4,g,66,kcal,3.6,g,2.4,g,5.0,g,5.0,g,0.5,g,3.3,g,0.11,g,66.0,kcal,274.0,kJ
04104420078123,Alnatura GmbH,"Weide Jog. Him. 7,5% 500G Voll","Zutaten: JOGHURT MILD*, Rübenzucker*, Himbeeren* 6 %, Stärke*, färbendes Lebensmittel: Rote Bete Saftkonzentrat*, Verdickungsmittel: Johannisbrotkernmehl* *aus biologischer Landwirtschaft",,,Fruchtjog Glas,500,,"Weide Jog. Him. 7,5% 500G Voll",5.9,3.9,36.0,12.0,0.5,11.0,3.3,114,3.3,g,11.0,g,0.036,g,3.9,g,114,kcal,5.9,g,3.9,g,12.0,g,11.0,g,0.5,g,3.3,g,0.09,g,114.0,kcal,478.0,kJ
04104420079205,Alnatura GmbH,Gouda gerieben 150G,"Zutaten: MILCH*, Speisesalz, mikrobielles Lab, Käsereikulturen *aus biologischer Landwirtschaft.",,,Käse gerieben,150,,Gouda gerieben 150G,26.0,18.0,480.0,0.5,0.5,0.5,27.0,342,27.0,g,0.5,g,0.48,g,18.0,g,342,kcal,26.0,g,18.0,g,0.5,g,0.5,g,0.5,g,27.0,g,1.2,g,342.0,kcal,1421.0,kJ
04104420079229,Alnatura GmbH,Mozzarella gerieben 150G,"Zutaten: MILCH*, Speisesalz, mikrobielles Lab, Käsereikulturen *aus biologischer Landwirtschaft",,,Käse gerieben,150,,Mozzarella gerieben 150G,21.0,14.0,480.0,1.0,0.5,1.0,29.0,309,29.0,g,1.0,g,0.48,g,14.0,g,309,kcal,21.0,g,14.0,g,1.0,g,1.0,g,0.5,g,29.0,g,1.2,g,309.0,kcal,1287.0,kJ
04104420080201,Alnatura GmbH,Karotte pur 125G,"Zutaten: Karotten* 78%, Wasser *aus Demeter Bio-Landbau (Anteil: 100%)",,,Gemüse,125,,Karotte pur 125G,0.4,0.1,20.0,4.9,2.3,4.1,0.7,31,0.7,g,4.1,g,0.02,g,0.1,g,31,kcal,0.4,g,0.1,g,4.9,g,4.1,g,2.3,g,0.7,g,0.05,g,31.0,kcal,128.0,kJ
04104420080768,Alnatura GmbH,Karotten-Kartoffeln-Rind 190G,"Zutaten: Karotten* 48 %, Kartoffeln* 29 %, Wasser, Rindfleisch* 8 %, Rapsöl* 1,3 % *aus Demeter Bio-Landbau (Anteil: 100 %)",,,Babymenü,190,,Karotten-Kartoffeln-Rind 190G,2.0,0.4,28.000000000000004,6.7,1.7,2.5,2.7,59,2.7,g,2.5,g,0.028000000000000004,g,0.4,g,59,kcal,2.0,g,0.4,g,6.7,g,2.5,g,1.7,g,2.7,g,0.07,g,59.0,kcal,247.0,kJ
04104420081147,Alnatura GmbH,Bircher Müsli 190G,"Zutaten: Äpfel* 40%, Wasser, Bananen* 16%, JOGHURT* 7%, HAFERVOLLKORNFLOCKEN* 4%, DINKELVOLLKORNFLOCKEN*¹ 2%, Zitronensaft* *aus Demeter Bio-Landbau (Anteil: 100%) ¹DINKEL IST EINE WEIZENART",,,Obst & Getreide,190,,Bircher Müsli 190G,0.4,0.2,12.0,11.5,1.4,7.7,1.3,58,1.3,g,7.7,g,0.012,g,0.2,g,58,kcal,0.4,g,0.2,g,11.5,g,7.7,g,1.4,g,1.3,g,0.03,g,58.0,kcal,244.0,kJ
04104420081482,Alnatura GmbH,Hafer Getreidebrei 250G,"Zutaten: HAFERVOLLKORNMEHL*, Thiamin (Vitamin B1) *aus Demeter Bio-Landbau (Anteil: 100%)",220,GRM,Getreidebreie,250,,Hafer Getreidebrei 250G,4.7,2.5,48.0,17.6,2.0,4.9,6.2,142,6.2,g,4.9,g,0.048,g,2.5,g,142,kcal,4.7,g,2.5,g,17.6,g,4.9,g,2.0,g,6.2,g,0.12,g,142.0,kcal,595.0,kJ
04104420081901,Alnatura GmbH,Früchteallerlei mit Vollkorn 190G,"Zutaten: Äpfel* 45 %, Apfelsaft* 18 %, Bananen* 13 %, Wasser, Mangos* 5 %, Orangensaft* 5 %, HAFERVOLLKORNFLOCKEN* grob gemahlen 3 %, DINKELVOLLKORNFLOCKEN*¹ grob gemahlen 3 % *aus Demeter Bio-Landbau (Anteil: 100%) ¹Dinkel ist eine WEIZENART",,,Obst & Getreide,190,,Früchteallerlei mit Vollkorn 190G,0.4,0.1,4.0,13.6,1.6,9.0,1.1,66,1.1,g,9.0,g,0.004,g,0.1,g,66,kcal,0.4,g,0.1,g,13.6,g,9.0,g,1.6,g,1.1,g,0.01,g,66.0,kcal,278.0,kJ
04104420082069,Alnatura GmbH,"Karotten, Kartoffeln, Rind 250G","Zutaten: Karotten* 49 %, Kartoffeln* 18 %, Wasser, Rindfleisch* 8 %, Erbsen* 5 %, Rapsöl** 1,4 %, Lauch* 1 %, Petersilie**, Basilikum** *aus biodynamischem Landbau **aus biologischer Landwirtschaft .",,,Kin menüs Glas 12 Mo,250,,"Karotten, Kartoffeln, Rind 250G",2.5,0.5,32.0,5.2,2.0,2.4,2.5,57,2.5,g,2.4,g,0.032,g,0.5,g,57,kcal,2.5,g,0.5,g,5.2,g,2.4,g,2.0,g,2.5,g,0.08,g,57.0,kcal,239.0,kJ
04104420082281,Alnatura GmbH,Apfel mit Mango 190G,"Zutaten: Äpfel* 71 %, Mangos** 29 % *aus biologisch-dynamischem Landbau **aus biologischer Landwirtschaft",,,Obst,190,,Apfel mit Mango 190G,0.1,0.1,4.0,12.6,1.0,10.0,0.3,55,0.3,g,10.0,g,0.004,g,0.1,g,55,kcal,0.1,g,0.1,g,12.6,g,10.0,g,1.0,g,0.3,g,0.01,g,55.0,kcal,231.0,kJ
04104420082380,Alnatura GmbH,Apfel mit Banane & Dinkel 190G,"Zutaten: Äpfel* 45 %, Wasser, Bananen* 14 %, DINKELVOLLKORNMEHL* 3 %, DINKELVOLLKORNFLOCKEN* grob gemahlen 3 %, Zitronensaft* *aus Demeter-Landbau .",,,Getreide/Obstgl,190,,Apfel mit Banane & Dinkel 190G,0.3,0.1,4.0,11.4,1.9,7.6,1.2,57,1.2,g,7.6,g,0.004,g,0.1,g,57,kcal,0.3,g,0.1,g,11.4,g,7.6,g,1.9,g,1.2,g,0.01,g,57.0,kcal,241.0,kJ
04104420082427,Alnatura GmbH,Rindfleisch-Zubereitung 125G,"Zutaten: Wasser, Rindfleisch* 40%, Reisvollkornmehl** 9% *aus Demeter Bio-Landbau (Anteil: 82%) **aus biologischer Landwirtschaft",,,Fleisch-/Fischzuber.,125,,Rindfleisch-Zubereitung 125G,4.3,2.0,24.0,5.9,1.0,0.3,9.1,101,9.1,g,0.3,g,0.024,g,2.0,g,101,kcal,4.3,g,2.0,g,5.9,g,0.3,g,1.0,g,9.1,g,0.06,g,101.0,kcal,422.0,kJ
04104420082441,Alnatura GmbH,Karotten-Brok-Tomat-Dinkeln. 220G,"Zutaten: Wasser, Karotten* 24%, DINKELVOLLKORNNUDELN* gekocht (Wasser, DINKELVOLLKORNMEHL*¹) 20%, Brokkoli* 12%, Tomatenmark** 2-fach konzentriert 3%, Rapsöl* 1,6% *aus Demeter Bio-Landbau (Anteil: 94%) **aus biologischer Landwirtschaft ¹Dinkel ist eine WEIZENART
Kann Spuren von Ei enthalten.",,,Juniormenü,220,,Karotten-Brok-Tomat-Dinkeln. 220G,1.9,0.2,12.0,6.4,1.9,2.2,1.7,53,1.7,g,2.2,g,0.012,g,0.2,g,53,kcal,1.9,g,0.2,g,6.4,g,2.2,g,1.9,g,1.7,g,0.03,g,53.0,kcal,223.0,kJ
04104420082809,Alnatura GmbH,Pastinake pur 125G,"Zutaten: Pastinaken* 66%, Wasser *aus Demeter Bio-Landbau (Anteil: 100%)",,,Gemüse,125,,Pastinake pur 125G,0.3,0.1,4.0,6.5,2.3,2.4,0.7,33,0.7,g,2.4,g,0.004,g,0.1,g,33,kcal,0.3,g,0.1,g,6.5,g,2.4,g,2.3,g,0.7,g,0.01,g,33.0,kcal,141.0,kJ
04104420083042,Alnatura GmbH,Birne mit Apfel 190G,"Zutaten: Birnen* 54%, Äpfel* 46% *aus biologisch-dynamischem Landbau (Anteil: 100%)",,,Obst,190,,Birne mit Apfel 190G,0.1,0.1,4.0,12.0,1.6,10.0,0.3,52,0.3,g,10.0,g,0.004,g,0.1,g,52,kcal,0.1,g,0.1,g,12.0,g,10.0,g,1.6,g,0.3,g,0.01,g,52.0,kcal,222.0,kJ
04104420083165,Alnatura GmbH,Karotten mit Kartoffeln 190G,"Zutaten: Karotten* 52 %, Kartoffeln* 26 %, Wasser, Rapsöl* 1,9 % *aus Demeter Bio-Landbau (Anteil: 100 %)",,,Gemüse,190,,Karotten mit Kartoffeln 190G,1.9,0.1,16.0,6.3,1.8,2.4,0.7,49,0.7,g,2.4,g,0.016,g,0.1,g,49,kcal,1.9,g,0.1,g,6.3,g,2.4,g,1.8,g,0.7,g,0.04,g,49.0,kcal,204.0,kJ
04104420083325,Alnatura GmbH,Birne pur 125G,Zutaten: Birnen* 100% *aus biologisch-dynamischem Landbau (Anteil: 100%),,,Obst,125,,Birne pur 125G,0.1,0.1,4.0,10.3,2.0,8.6,0.4,48,0.4,g,8.6,g,0.004,g,0.1,g,48,kcal,0.1,g,0.1,g,10.3,g,8.6,g,2.0,g,0.4,g,0.01,g,48.0,kcal,202.0,kJ
04104420083349,Alnatura GmbH,Pastinaken mit Kartoffeln 190G,"Zutaten: Pastinaken* 41%, Wasser, Kartoffeln* 26%, Rapsöl* 1,6% *aus Demeter Bio-Landbau (Anteil: 100%)",,,Gemüse,190,,Pastinaken mit Kartoffeln 190G,1.3,0.1,8.0,7.0,2.0,1.0,0.8,47,0.8,g,1.0,g,0.008,g,0.1,g,47,kcal,1.3,g,0.1,g,7.0,g,1.0,g,2.0,g,0.8,g,0.02,g,47.0,kcal,197.0,kJ
04104420083387,Alnatura GmbH,Birne mit Heidelbeere 190G,"Zutaten: Birnen* 90 %, Heidelbeeren* 10 % *aus biologischer Landwirtschaft.",,,Obst,190,,Birne mit Heidelbeere 190G,0.3,0.0,4.0,11.8,3.4,9.8,0.5,59,0.5,g,9.8,g,0.004,g,0.0,g,59,kcal,0.3,g,0.0,g,11.8,g,9.8,g,3.4,g,0.5,g,0.01,g,59.0,kcal,247.0,kJ
04104420083400,Alnatura GmbH,Milder Apfel pur 125G,Zutaten: Äpfel* 100% *aus biologisch-dynamischem Landbau (Anteil: 100%),,,Obst,125,,Milder Apfel pur 125G,0.1,0.1,4.0,11.4,1.3,10.3,0.3,50,0.3,g,10.3,g,0.004,g,0.1,g,50,kcal,0.1,g,0.1,g,11.4,g,10.3,g,1.3,g,0.3,g,0.01,g,50.0,kcal,213.0,kJ
04104420083660,Alnatura GmbH,Apfel mit Banane & Hirse 190G,"Zutaten: Äpfel* 61 %, Bananen* 18 %, Wasser, Hirse** 4 % *aus Demeter Bio-Landbau (Anteil: 96%) **aus biologischer Landwirtschaft",,,Obst & Getreide,190,,Apfel mit Banane & Hirse 190G,0.3,0.0,4.0,13.3,1.6,10.2,0.7,62,0.7,g,10.2,g,0.004,g,0.0,g,62,kcal,0.3,g,0.0,g,13.3,g,10.2,g,1.6,g,0.7,g,0.01,g,62.0,kcal,262.0,kJ
04104420083684,Alnatura GmbH,Apfel-Aprikose 125G,"Zutaten: Äpfel* 73%, Aprikosen* 27% *aus biologisch-dynamischem Landbau (Anteil: 100%)",,,Obst,125,,Apfel-Aprikose 125G,0.1,0.1,4.0,10.2,1.4,9.1,0.4,45,0.4,g,9.1,g,0.004,g,0.1,g,45,kcal,0.1,g,0.1,g,10.2,g,9.1,g,1.4,g,0.4,g,0.01,g,45.0,kcal,191.0,kJ
04104420083707,Alnatura GmbH,Apfel-Heidelbeere 125G,"Zutaten: Äpfel* 91%, Heidelbeeren** 9% *aus biologisch-dynamischem Landbau (Anteil: 91%) / **aus biologischer Landwirtschaft",,,Obst,125,,Apfel-Heidelbeere 125G,0.4,0.1,4.0,10.4,2.1,10.0,0.4,51,0.4,g,10.0,g,0.004,g,0.1,g,51,kcal,0.4,g,0.1,g,10.4,g,10.0,g,2.1,g,0.4,g,0.01,g,51.0,kcal,215.0,kJ
04104420083721,Alnatura GmbH,Hühnchenfleisch-Zubereitung 125G,"Zutaten: Wasser, Hähnchenfleisch* 40 %, Reisvollkornmehl* 7 %, Rapsöl* 0,8 % *aus biologischer Landwirtschaft",,,Fleisch-/Fischzuber.,125,,Hühnchenfleisch-Zubereitung 125G,2.1,0.4,28.000000000000004,5.3,1.0,0.3,9.7,79,9.7,g,0.3,g,0.028000000000000004,g,0.4,g,79,kcal,2.1,g,0.4,g,5.3,g,0.3,g,1.0,g,9.7,g,0.07,g,79.0,kcal,333.0,kJ
04104420083745,Alnatura GmbH,Kürbis mit Kartoffeln 190G,"Zutaten: Kürbis* 39 %, Kartoffeln* 32 %, Wasser, Rapsöl** 1,6 %, Kartoffelflocken** 1 % *aus Demeter Bio-Landbau (96 %) **aus biologischer Landwirtschaft.",,,Gemüse,190,,Kürbis mit Kartoffeln 190G,1.7,0.2,4.0,7.5,1.6,1.8,1.2,53,1.2,g,1.8,g,0.004,g,0.2,g,53,kcal,1.7,g,0.2,g,7.5,g,1.8,g,1.6,g,1.2,g,0.01,g,53.0,kcal,224.0,kJ
04104420083943,Alnatura GmbH,Brokkoli mit Kartoffeln 190G,"Zutaten: Wasser, Brokkoli* 26 %, Kartoffeln* 21 %, Reisvollkornmehl** 2 %, Kartoffelflocken** 2 %, Rapsöl* 1,5 % *aus Demeter Bio-Landbau (Anteil: 93 %) **aus biologischer Landwirtschaft",,,Gemüse,190,,Brokkoli mit Kartoffeln 190G,2.1,0.2,4.0,6.1,1.3,0.8,1.2,51,1.2,g,0.8,g,0.004,g,0.2,g,51,kcal,2.1,g,0.2,g,6.1,g,0.8,g,1.3,g,1.2,g,0.01,g,51.0,kcal,212.0,kJ
04104420084063,Alnatura GmbH,Kürbis pur 125G,"Zutaten: Kürbis* 95%, Wasser *aus Demeter Bio-Landbau (Anteil: 100%)",,,Gemüse,125,,Kürbis pur 125G,0.3,0.0,12.0,5.7,1.6,2.6,0.5,26,0.5,g,2.6,g,0.012,g,0.0,g,26,kcal,0.3,g,0.0,g,5.7,g,2.6,g,1.6,g,0.5,g,0.03,g,26.0,kcal,110.0,kJ
04104420091146,Alnatura GmbH,"Sekt brut 0,75L","Zutaten: Bio Trauben, Säureregulatoren: Weinsäure (L(+)-), Antioxidantien: SULFITE
Enthält Sulfite",,,Schaumweine ES,750,,"Sekt brut 0,75L",,,,2.2,,1.3,,70,,g,1.3,g,,g,,g,70,kcal,,g,,g,2.2,g,1.3,g,,g,,g,,g,70.0,kcal,293.0,kJ
04104420091245,Alnatura GmbH,"Rose Secco 0,75L","Zutaten: Trauben¹, konzentrierter Traubenmost¹, Kohlendioxid, Säureregulator: Weinsäure (L+); Stabilisator: Metaweinsäure; Antioxidationsmittel: L-Ascorbinsäure, SULFITE ¹aus ökologischer Landwirtschaft
Enthält Sulfite",,,Schaumweine ES,750,,"Rose Secco 0,75L",0.5,0.1,4.0,2.7,,2.3,0.5,69,0.5,g,2.3,g,0.004,g,0.1,g,69,kcal,0.5,g,0.1,g,2.7,g,2.3,g,,g,0.5,g,0.01,g,69.0,kcal,287.0,kJ
04104420093201,Alnatura GmbH,Akazienhonig 350G,,,,Honige,350,,Akazienhonig 350G,,,,,,,,,,g,,g,,g,,g,,kcal,,g,,g,,g,,g,,g,,g,,g,,kcal,,kJ
04104420094840,Alnatura GmbH,Tofu natur haltbar 200G,"Zutaten: Wasser, SOJABOHNEN* 20 %, Gerinnungsmittel: Calciumsulfat *aus biologischer Landwirtschaft.",,,Tofu,200,,Tofu natur haltbar 200G,7.1,1.2,4.0,0.5,1.9,0.5,12.0,116,12.0,g,0.5,g,0.004,g,1.2,g,116,kcal,7.1,g,1.2,g,0.5,g,0.5,g,1.9,g,12.0,g,0.01,g,116.0,kcal,482.0,kJ
04104420094864,Alnatura GmbH,Räucher Tofu haltbar 200G,"Zutaten: Wasser, SOJABOHNEN* 20 %, SOJASAUCE* Tamari (Wasser, SOJABOHNEN*, Speisesalz), Speisesalz, Karotten*, Lauch*, Kräuter*, Maismehl*, Gerinnungsmittel Calciumsulfat; Buchenholzrauch *aus biologischer Landwirtschaft.",,,Tofu,200,,Räucher Tofu haltbar 200G,9.1,1.5,136.0,0.6,1.8,0.6,18.0,160,18.0,g,0.6,g,0.136,g,1.5,g,160,kcal,9.1,g,1.5,g,0.6,g,0.6,g,1.8,g,18.0,g,0.34,g,160.0,kcal,667.0,kJ
04104420094987,Alnatura GmbH,Soja Drink Natur 1L,"Zutaten: Wasser, SOJABOHNEN* 9 % *aus biologischer Landwirtschaft",,,Hülsenfrüchtedrinks,1036,,Soja Drink Natur 1L,2.1,0.6,16.0,2.0,0.5,0.8,3.6,41,3.6,g,0.8,g,0.016,g,0.6,g,41,kcal,2.1,g,0.6,g,2.0,g,0.8,g,0.5,g,3.6,g,0.04,g,41.0,kcal,173.0,kJ
04104420095045,Alnatura GmbH,Soja Reis Drink Natur 1L,"Zutaten: Wasser, SOJABOHNEN* 5,5 %, Reis* 5,3 %, Meersalz *aus biologischer Landwirtschaft",,,Drink Mischungen,1000,,Soja Reis Drink Natur 1L,1.2,0.3,36.0,6.1,0.5,4.1,1.9,43,1.9,g,4.1,g,0.036,g,0.3,g,43,kcal,1.2,g,0.3,g,6.1,g,4.1,g,0.5,g,1.9,g,0.09,g,43.0,kcal,180.0,kJ
04104420095120,Alnatura GmbH,Soja Drink Vanille 1L,,,,Hülsenfrüchtedrinks,1042,,Soja Drink Vanille 1L,2.0,0.5,52.0,5.0,0.5,3.8,3.4,52,3.4,g,3.8,g,0.052000000000000005,g,0.5,g,52,kcal,2.0,g,0.5,g,5.0,g,3.8,g,0.5,g,3.4,g,0.13,g,52.0,kcal,217.0,kJ
04104420095205,Alnatura GmbH,Soja Cuisine 200ML,"Zutaten: Wasser, Sonnenblumenöl* 14%, SOJABOHNEN* 8%, Glukosesirup*, Verdickungsmittel: Xanthan; Meersalz, Bourbonvanilleextrakt* *aus biologischer Landwirtschaft
Kann Spuren von Mandel und Nüssen enthalten.",,,Sojaprodukte,201,,Soja Cuisine 200ML,16.0,1.9,52.0,3.3,0.6,3.1,3.4,172,3.4,g,3.1,g,0.052000000000000005,g,1.9,g,172,kcal,16.0,g,1.9,g,3.3,g,3.1,g,0.6,g,3.4,g,0.13,g,172.0,kcal,711.0,kJ
04104420112186,Alnatura GmbH,Sommergemüse (TK) 300G,"Zutaten: Gemüse* in veränderlichen Gewichtsanteilen (Blumenkohl*, Erbsen*, Brechbohnen*), Karotten* *aus biologischer Landwirtschaft
Kann Spuren von Sellerie enthalten.",,,Gemüse TK,300,,Sommergemüse (TK) 300G,0.5,0.1,16.0,4.7,3.4,3.5,2.1,34,2.1,g,3.5,g,0.016,g,0.1,g,34,kcal,0.5,g,0.1,g,4.7,g,3.5,g,3.4,g,2.1,g,0.04,g,34.0,kcal,143.0,kJ
04104420112209,Alnatura GmbH,Buttergemüse (TK) 300G,"Zutaten: Gemüse 85 % (Erbsen*, Karotten*, Blumenkohl*, Mais*), BUTTER* 8 %, Meersalz, Petersilie*, Maisstärke*, Gewürze* (Muskat*, Pfeffer*) *aus biologischer Landwirtschaft. Kann Spuren von Gluten, Soja und Sellerie enthalten.",,,Gemüse TK,300,,Buttergemüse (TK) 300G,6.9,4.5,320.0,7.3,3.3,3.1,2.7,109,2.7,g,3.1,g,0.32,g,4.5,g,109,kcal,6.9,g,4.5,g,7.3,g,3.1,g,3.3,g,2.7,g,0.8,g,109.0,kcal,452.0,kJ
04104420112247,Alnatura GmbH,Himbeeren (TK) 300G,Zutaten: Himbeeren* *aus biologischer Landwirtschaft,,,Obst TK,300,,Himbeeren (TK) 300G,0.5,0.1,4.0,4.8,5.8,4.7,1.3,36,1.3,g,4.7,g,0.004,g,0.1,g,36,kcal,0.5,g,0.1,g,4.8,g,4.7,g,5.8,g,1.3,g,0.01,g,36.0,kcal,150.0,kJ
04104420112346,Alnatura GmbH,Pizza Spinat (TK) 350G,"Zutaten: WEIZENMEHL*, Tomatenpüree*, Spinat* 17 %, Wasser, KÄSE* 11 % (MOZZARELLA¹* schnittfest 7,1 %, FRANKENDAMMER SCHNITTKÄSE¹* 4,3 %), Zwiebeln* 2,9 %, Rapsöl*, Hefe*, Rübenzucker*, natives Olivenöl extra*, Speisesalz, CRÈME FRAÎCHE*, WEIZENSTÄRKE*, Knoblauch*, Zwiebelpulver* 0,1 %, Knoblauchpulver*, Basilikum*, Zitronensaftkonzentrat*, Petersilie*, Oregano*, Rosmarin*, Pfeffer* *aus biologischer Landwirtschaft ¹hergestellt mit mikrobiellem Lab
Kann Spuren von Sellerie enthalten.",,,Pizza TK,350,,Pizza Spinat (TK) 350G,5.4,2.1,396.0,27.0,2.6,2.8,7.1,190,7.1,g,2.8,g,0.396,g,2.1,g,190,kcal,5.4,g,2.1,g,27.0,g,2.8,g,2.6,g,7.1,g,0.99,g,190.0,kcal,800.0,kJ
04104420112469,Alnatura GmbH,Schoko Eiscreme (TK) 500ML,"Zutaten: MAGERMILCH*, SAHNE* 34%, Rohrohrzucker*, Kakaopulver* stark entölt 4%, EIGELB*, Glukosesirup*, MAGERMILCHPULVER*, Stabilisator: Johannisbrotkernmehl* *aus biologischer Landwirtschaft . Kann Spuren von Nüssen, Mandeln und Soja enthalten.",,,Speiseeis TK,320,,Schoko Eiscreme (TK) 500ML,12.0,7.1,28.000000000000004,21.0,1.4,18.0,4.0,211,4.0,g,18.0,g,0.028000000000000004,g,7.1,g,211,kcal,12.0,g,7.1,g,21.0,g,18.0,g,1.4,g,4.0,g,0.07,g,211.0,kcal,880.0,kJ
04104420112483,Alnatura GmbH,Beerenmischung (TK) 300G,"Zutaten: Johannisbeeren rot*, Brombeeren*, Johannisbeeren schwarz*, Wildheidelbeeren*, Himbeeren* *aus biologischer Landwirtschaft",,,Obst TK,300,,Beerenmischung (TK) 300G,0.5,0.2,60.0,7.5,4.2,6.1,0.9,48,0.9,g,6.1,g,0.06,g,0.2,g,48,kcal,0.5,g,0.2,g,7.5,g,6.1,g,4.2,g,0.9,g,0.15,g,48.0,kcal,202.0,kJ
04104420115743,Alnatura GmbH,Haferflocken Großblatt 500G,Zutaten: HAFERVOLLKORNFLOCKEN* *aus biologischer Landwirtschaft,,,Flocken/Flockenmisch,500,,Haferflocken Großblatt 500G,7.0,1.3,12.0,59.0,10.0,1.1,13.0,371,13.0,g,1.1,g,0.012,g,1.3,g,371,kcal,7.0,g,1.3,g,59.0,g,1.1,g,10.0,g,13.0,g,0.03,g,371.0,kcal,1563.0,kJ
04104420115767,Alnatura GmbH,Haferflocken Feinblatt 500G,Zutaten: HAFERVOLLKORNFLOCKEN* *aus biologischer Landwirtschaft,,,Flocken/Flockenmisch,500,,Haferflocken Feinblatt 500G,7.0,1.3,12.0,59.0,10.0,1.1,13.0,371,13.0,g,1.1,g,0.012,g,1.3,g,371,kcal,7.0,g,1.3,g,59.0,g,1.1,g,10.0,g,13.0,g,0.03,g,371.0,kcal,1563.0,kJ
04104420129603,Alnatura GmbH,"Sugo Toscano 0,325L","Zutaten: Tomaten* 92%, Zucchini* 2,9%, Karotten* 2,2%, Zwiebeln*, Meersalz, Basilikum*, Knoblauch* *aus biologischer Landwirtschaft.",,,Tomatensoßen,340,,"Sugo Toscano 0,325L",0.9,0.3,400.0,5.0,2.2,4.7,1.9,40,1.9,g,4.7,g,0.4,g,0.3,g,40,kcal,0.9,g,0.3,g,5.0,g,4.7,g,2.2,g,1.9,g,1.0,g,40.0,kcal,168.0,kJ
04104420129627,Alnatura GmbH,"Sugo Piccante 0,325L","Zutaten: Tomaten* 93%, Karotten*, Zwiebeln*, Meersalz, Chili* 0,5%, Paprika*, Basilikum*, SELLERIE* *aus biologischer Landwirtschaft.",,,Tomatensoßen,340,,"Sugo Piccante 0,325L",0.2,0.1,320.0,4.2,2.6,3.5,1.1,28,1.1,g,3.5,g,0.32,g,0.1,g,28,kcal,0.2,g,0.1,g,4.2,g,3.5,g,2.6,g,1.1,g,0.8,g,28.0,kcal,118.0,kJ
04104420129702,Alnatura GmbH,Tomatensuppe 340G,"Zutaten: Tomaten* 93%, natives Olivenöl extra*, Aceto Balsamico di Modena g.g.A.* [Weinessig*(Wein*, Wasser), Traubenmost* konzentriert], Meersalz, Traubendicksaft*, Chili* *aus biologischer Landwirtschaft.",,,Fertig Kons veg.,340,,Tomatensuppe 340G,2.7,0.8,440.00000000000006,6.5,2.2,6.3,2.0,63,2.0,g,6.3,g,0.44000000000000006,g,0.8,g,63,kcal,2.7,g,0.8,g,6.5,g,6.3,g,2.2,g,2.0,g,1.1,g,63.0,kcal,262.0,kJ
04104420129849,Alnatura GmbH,Grüne Oliven mit Stein in Lake 310G,"Zutaten: Oliven* grün, Wasser, Meersalz, Zitronensaft*, Säureregulator: Milchsäure *aus biologischer Landwirtschaft",,,Oliven,310,,Grüne Oliven mit Stein in Lake 310G,16.0,3.0,1720.0,2.5,3.3,0.8,1.4,162,1.4,g,0.8,g,1.72,g,3.0,g,162,kcal,16.0,g,3.0,g,2.5,g,0.8,g,3.3,g,1.4,g,4.3,g,162.0,kcal,666.0,kJ
04104420130005,Alnatura GmbH,"Sugo Basilico 0,325L","Zutaten: Tomaten* 93%, Zwiebeln*, Karotten*, Basilikum* 1,5%, natives Olivenöl extra*, Meersalz *aus biologischer Landwirtschaft.",,,Tomatensoßen,340,,"Sugo Basilico 0,325L",1.1,0.1,320.0,4.1,2.5,3.5,1.1,36,1.1,g,3.5,g,0.32,g,0.1,g,36,kcal,1.1,g,0.1,g,4.1,g,3.5,g,2.5,g,1.1,g,0.8,g,36.0,kcal,149.0,kJ
04104420131187,Alnatura GmbH,Urkorn Müsli 500G,"Zutaten: DINKELVOLLKORNFLOCKEN*¹ 26 %, EINKORNVOLLKORNFLOCKEN*¹ 25 %, EMMERVOLLKORNFLOCKEN*¹ 11 %, PURPUR-WEIZENVOLLKORNFLOCKEN* 11 %, Sonnenblumenkerne* 7,8%, Rosinen* geölt 6,4 % (Rosinen* 99,5 %, Sonnenblumenöl*), Sultaninen* geölt 6,4 % (Sultaninen* 99,5 %, Sonnenblumenöl*), MANDELN* geschält 3 %, Pflaumen* getrocknet 1,2%, HASELNÜSSE* geröstet, Reismehl* *aus biologischer Landwirtschaft ¹EINKORN, Emmer und Dinkel sind Urweizenarten. Kann Spuren von Soja, Milch, anderen Nüssen, Sesam und Lupine enthalten.",,,Müslis,500,,Urkorn Müsli 500G,8.0,0.8,12.0,57.0,8.9,11.0,13.0,370,13.0,g,11.0,g,0.012,g,0.8,g,370,kcal,8.0,g,0.8,g,57.0,g,11.0,g,8.9,g,13.0,g,0.03,g,370.0,kcal,1557.0,kJ
04104420131385,Alnatura GmbH,Cayenne Pfeffer 60G,Zutaten: Cayennepfeffer* *aus biologischer Landwirtschaft. Kann Spuren von Sellerie und Senf enthalten.,,,Gewürze mono,60,,Cayenne Pfeffer 60G,,,,,,,,,,g,,g,,g,,g,,kcal,,g,,g,,g,,g,,g,,g,,g,,kcal,,kJ
04104420131767,Alnatura GmbH,Pflaumen-Birnen-Müsli 190G,"Zutaten: Pflaumen* 39 %, Birnen* 39 %, Wasser, HAFERVOLLKORNFLOCKEN* grob gemahlen 3 %, WEIZENVOLLKORNFLOCKEN* grob gemahlen 2 % *aus Demeter Bio-Landbau (Anteil: 100 %)",,,Obst & Getreide,190,,Pflaumen-Birnen-Müsli 190G,0.4,0.1,4.0,11.7,2.1,3.1,1.0,59,1.0,g,3.1,g,0.004,g,0.1,g,59,kcal,0.4,g,0.1,g,11.7,g,3.1,g,2.1,g,1.0,g,0.01,g,59.0,kcal,248.0,kJ
04104420131828,Alnatura GmbH,Hirsebällchen Erdnuss 75G,"Zutaten: Hirse* 69 %, ERDNÜSSE* geröstet 19 %, Sonnenblumenöl*, Meersalz *aus biologischer Landwirtschaft",,,sonstige Chips/Flips,75,,Hirsebällchen Erdnuss 75G,23.0,3.2,560.0,53.0,4.8,1.7,13.0,481,13.0,g,1.7,g,0.5599999999999999,g,3.2,g,481,kcal,23.0,g,3.2,g,53.0,g,1.7,g,4.8,g,13.0,g,1.4,g,481.0,kcal,2011.0,kJ
04104420132009,Alnatura GmbH,*Dominosteine 125G*,"Zutaten: Apfelfruchtfüllung* 38% (Apfelmark* 18 %, Rohrohrzucker*, Glukosesirup*, Invertzuckersirup*, Geliermittel: Pektin, Säureregulator: Weinsäure(L+)), Zartbitterschokolade* 23 % (Kakaomasse*, Rohrohrzucker*, Kakaobutter*), Rohrohrzucker*, Marzipan* 11% (MANDELN* 48%, Rohrohrzucker*, Wasser, Invertzuckersirup*), WEIZENMEHL*, Blütenhonig*, Glukosesirup*, Invertzuckersirup*, Zuckerrübensirup*, Rapsöl*, Gewürze*, WEIZENSTÄRKE*, Maisstärke*, HARTWEIZENGRIEß*, Säuerungsmittel: Monokaliumtartrat, Milchsäure; Backtriebmittel: Kaliumcarbonat, Natriumbicarbonat *aus biologischer Landwirtschaft. Kann Spuren von Ei, Soja, Milch und Haselnuss enthalten.",,,Weihn. Zwidu süß,125,,*Dominosteine 125G*,13.0,5.8,40.0,65.0,3.4,50.0,4.9,403,4.9,g,50.0,g,0.04,g,5.8,g,403,kcal,13.0,g,5.8,g,65.0,g,50.0,g,3.4,g,4.9,g,0.1,g,403.0,kcal,1697.0,kJ
04104420132085,Alnatura GmbH,Kalamata Oliven ohne Stein 350G,"Zutaten: Oliven* schwarz, Wasser, Meersalz, Rotweinessig* *aus biologischer Landwirtschaft.",,,Oliven,350,,Kalamata Oliven ohne Stein 350G,29.0,3.8,1200.0,1.3,2.5,0.5,2.0,279,2.0,g,0.5,g,1.2,g,3.8,g,279,kcal,29.0,g,3.8,g,1.3,g,0.5,g,2.5,g,2.0,g,3.0,g,279.0,kcal,1149.0,kJ
04104420132320,Alnatura GmbH,Wiener Würstchen 200G,"Zutaten: Schweinefleisch* 57% und Rindfleisch* 15%, Schweinespeck*,Trinkwasser, Steinsalz naturbelassen, Pökelsteinsalz (Steinsalz,Konservierungsstoff: Natriumnitrit), Gewürze*, Schafsaitling,Buchenholzrauch*aus biologischer Landwirtschaft.",,,Brühwurst,200,,Wiener Würstchen 200G,28.0,10.0,720.0,1.0,0.5,1.0,12.0,305,12.0,g,1.0,g,0.72,g,10.0,g,305,kcal,28.0,g,10.0,g,1.0,g,1.0,g,0.5,g,12.0,g,1.8,g,305.0,kcal,1261.0,kJ
04104420132344,Alnatura GmbH,Bratwürstchen 200G,"Zutaten: Schweinefleisch* 65%, Schweinespeck*, Trinkwasser, Steinsalz, Gewürze*, Schafsaitling *aus biologischer Landwirtschaft",,,Brühwurst,200,,Bratwürstchen 200G,23.0,9.0,600.0,0.6,0.5,0.5,15.0,270,15.0,g,0.5,g,0.6,g,9.0,g,270,kcal,23.0,g,9.0,g,0.6,g,0.5,g,0.5,g,15.0,g,1.5,g,270.0,kcal,1120.0,kJ
04104420132627,Alnatura GmbH,Pralinen Variationen 100G,"Zutaten: Rohrohrzucker*, Kakaomasse*, Kakaobutter*, VOLLMILCHPULVER*, HASELNÜSSE*, BUTTERREINFETT*, SAHNE*, MANDELN*, Instant-Kaffee*, PISTAZIEN*, Kakaobohnensplitter* geröstet, Emulgator: SOJALECITHIN*, Meersalz *aus biologischer Landwirtschaft.",,,Confiserie,100,,Pralinen Variationen 100G,40.0,21.0,40.0,40.0,3.4,38.0,7.8,558,7.8,g,38.0,g,0.04,g,21.0,g,558,kcal,40.0,g,21.0,g,40.0,g,38.0,g,3.4,g,7.8,g,0.1,g,558.0,kcal,2320.0,kJ
04104420133365,Alnatura GmbH,Gemüsesaft feldfrisch 330ML,"Zutaten: Karottensaft* 70%, Rote Bete Saft* 20%, SELLERIESAFT* 6,6%, Zitronensaft*, Acerolasaft** *aus Demeter Bio-Landbau ** aus biologischer Landwirtschaft",,,Gemüsesäfte Misch,330,,Gemüsesaft feldfrisch 330ML,0.5,0.1,56.00000000000001,6.6,0.5,6.6,0.5,26,0.5,g,6.6,g,0.05600000000000001,g,0.1,g,26,kcal,0.5,g,0.1,g,6.6,g,6.6,g,0.5,g,0.5,g,0.14,g,26.0,kcal,112.0,kJ
04104420133402,Alnatura GmbH,Gemüse mit Süßkartoffeln 190G,"Zutaten: Karotten* 32 %, Wasser, Kartoffeln* 23 %, Süßkartoffeln** 8 %, Kürbis* 7 %, Rapsöl* 1,5 %, Kartoffelflocken** 1,5 % *aus Demeter Bio-Landbau (Anteil: 87 %) **aus biologischer Landwirtschaft",,,Gemüse,190,,Gemüse mit Süßkartoffeln 190G,1.8,0.1,16.0,7.7,1.8,2.2,0.8,54,0.8,g,2.2,g,0.016,g,0.1,g,54,kcal,1.8,g,0.1,g,7.7,g,2.2,g,1.8,g,0.8,g,0.04,g,54.0,kcal,226.0,kJ
04104420133648,Alnatura GmbH,"Milder Apfelsaft naturtrüb 0,33L",Zutaten: Apfelsaft* *aus biologischer Landwirtschaft.,,,Obstsäfte mono,346,,"Milder Apfelsaft naturtrüb 0,33L",0.5,0.1,4.0,10.0,0.5,10.0,0.5,51,0.5,g,10.0,g,0.004,g,0.1,g,51,kcal,0.5,g,0.1,g,10.0,g,10.0,g,0.5,g,0.5,g,0.01,g,51.0,kcal,216.0,kJ
04104420133747,Alnatura GmbH,"Gemüsebouillon hefefrei, NFP 290G","Zutaten: Meersalz 54 %, Gemüse* getrocknet und gemahlen 21% (Zwiebeln* 8,5 %, Karotten* 6,4 %, Lauch* 2,4%, SELLERIE*, Röstzwiebeln*, Kürbis*), Reisvollkornmehl*, Sonnenblumenöl*, Karottensaftkonzentrat*, Knoblauch*, Kurkuma*, Liebstöckelblätter*, Petersilie*, Muskatnuss*, Liebstöckelwurzel*, Pfeffer*, Fenchelsamen* *aus biologischer Landwirtschaft. Kann Spuren von Gluten, Ei, Soja, Milch und Senf enthalten.",,,Brühen Hefefrei,290,,"Gemüsebouillon hefefrei, NFP 290G",0.5,0.1,380.0,0.5,0.5,0.5,0.5,2,0.5,g,0.5,g,0.38,g,0.1,g,2,kcal,0.5,g,0.1,g,0.5,g,0.5,g,0.5,g,0.5,g,0.95,g,2.0,kcal,9.0,kJ
04104420133921,Alnatura GmbH,Ziegenjoghurt natur 125G,Zutaten: JOGHURT AUS ZIEGENMILCH* *aus biologischer Landwirtschaft.,,,Molk.S&Z Jog. Natur,125,,Ziegenjoghurt natur 125G,5.5,3.6,40.0,3.3,0.5,3.3,4.7,83,4.7,g,3.3,g,0.04,g,3.6,g,83,kcal,5.5,g,3.6,g,3.3,g,3.3,g,0.5,g,4.7,g,0.1,g,83.0,kcal,344.0,kJ
04104420133945,Alnatura GmbH,Ziegenjoghurt Vanille 125G,"Zutaten: JOGHURT* AUS ZIEGENMILCH*, Rübenzucker*, Bourbonvanilleschote* gemahlen, Bourbonvanilleschotenextrakt*, Zitronensaftkonzentrat*, Stärke*, Verdickungsmittel: Pektin *aus biologischer Landwirtschaft.",,,Molk.S&Z Fruchtjog.,125,,Ziegenjoghurt Vanille 125G,4.3,2.7,12.0,13.0,0.5,12.0,3.8,107,3.8,g,12.0,g,0.012,g,2.7,g,107,kcal,4.3,g,2.7,g,13.0,g,12.0,g,0.5,g,3.8,g,0.03,g,107.0,kcal,449.0,kJ
04104420133969,Alnatura GmbH,Ziegenjoghurt Mango 125G,"Zutaten: JOGHURT* AUS ZIEGENMILCH*, Mango* 12%, Rübenzucker*, Zitronensaftkonzentrat*, Stärke*, Verdickungsmittel: Pektin *aus biologischer Landwirtschaft.",,,Molk.S&Z Fruchtjog.,125,,Ziegenjoghurt Mango 125G,4.0,2.5,32.0,13.0,0.5,13.0,3.5,103,3.5,g,13.0,g,0.032,g,2.5,g,103,kcal,4.0,g,2.5,g,13.0,g,13.0,g,0.5,g,3.5,g,0.08,g,103.0,kcal,433.0,kJ
04104420134607,Alnatura GmbH,Müsli Kekse 125G,"Zutaten: DINKELMEHL*¹ Type 1050 (56 %), HAFERVOLLKORNFLOCKEN* 17 %, Palmöl*, Rosinen* zerkleinert und geölt (Rosinen*, Sonnenblumenöl*) 11 %, Bananenflocken* 7 %, Apfelmehl* 5 %, Säuerungsmittel: Monokaliumtartrat, Backtriebmittel: Natriumhydrogencarbonat, Maisstärke*, Thiamin (Vitamin B1) *aus biologischer Landwirtschaft ¹Dinkel ist eine WEIZENART
Kann Spuren von Ei, Soja, Milch, Mandel, Nüssen, Sellerie und Sesam enthalten.",,,Knabberprodukte,125,,Müsli Kekse 125G,14.2,5.9,120.0,65.7,6.1,15.0,9.3,440,9.3,g,15.0,g,0.12,g,5.9,g,440,kcal,14.2,g,5.9,g,65.7,g,15.0,g,6.1,g,9.3,g,0.3,g,440.0,kcal,1849.0,kJ
04104420134782,Alnatura GmbH,Lübecker Marzipan 200G,"Zutaten: MANDELN* 52%, Rohrohrzucker*, Invertzuckersirup*, Wasser, Alkohol* 0,6% *aus biologischer Landwirtschaft
Kann Spuren von Haselnuss und Pistazie enthalten.",,,Backzutaten,200,,Lübecker Marzipan 200G,28.0,2.3,4.0,39.0,6.2,39.0,12.0,473,12.0,g,39.0,g,0.004,g,2.3,g,473,kcal,28.0,g,2.3,g,39.0,g,39.0,g,6.2,g,12.0,g,0.01,g,473.0,kcal,1970.0,kJ
04104420134829,Alnatura GmbH,Knabber Drachen Paprika 100G,"Zutaten: WEIZENMEHL*, Palmöl*, Würzmischung* (Paprikapulver*, Speisesalz, Rohrohrzucker*, Zwiebel*, Knoblauch*, Liebstöckel*), Rübenzucker*, GERSTENMALZEXTRAKT*, Meersalz, Hefe*, Backtriebmittel: Natriumhydrogencarbonat *aus biologischer Landwirtschaft. Kann Spuren von Ei, Milch, Mandel, Haselnuss und Sesam enthalten.",,,Salzgebäck,100,,Knabber Drachen Paprika 100G,15.0,7.2,1080.0,65.0,4.0,3.3,8.8,438,8.8,g,3.3,g,1.08,g,7.2,g,438,kcal,15.0,g,7.2,g,65.0,g,3.3,g,4.0,g,8.8,g,2.7,g,438.0,kcal,1842.0,kJ
04104420134867,Alnatura GmbH,"Weidemilch Joghurt Natur 1,5% 500G",,,,Jog natur Glas,500,,"Weidemilch Joghurt Natur 1,5% 500G",1.5,1.0,48.0,3.7,0.0,3.7,5.0,48,5.0,g,3.7,g,0.048,g,1.0,g,48,kcal,1.5,g,1.0,g,3.7,g,3.7,g,0.0,g,5.0,g,0.12,g,48.0,kcal,203.0,kJ
04104420135062,Alnatura GmbH,Weidemilch Quark Magerstufe 250G,,,,Quark Natur,250,,Weidemilch Quark Magerstufe 250G,0.2,0.1,36.0,4.0,0.5,4.0,12.0,68,12.0,g,4.0,g,0.036,g,0.1,g,68,kcal,0.2,g,0.1,g,4.0,g,4.0,g,0.5,g,12.0,g,0.09,g,68.0,kcal,288.0,kJ
04104420135109,Alnatura GmbH,Speisequark Halbfettstufe 250G,,,,Quark Natur,250,,Speisequark Halbfettstufe 250G,4.5,3.0,36.0,3.9,0.5,3.9,11.0,100,11.0,g,3.9,g,0.036,g,3.0,g,100,kcal,4.5,g,3.0,g,3.9,g,3.9,g,0.5,g,11.0,g,0.09,g,100.0,kcal,420.0,kJ
04104420135123,Alnatura GmbH,Weidemilch Quark Fettstufe 250G,,,,Quark Natur,250,,Weidemilch Quark Fettstufe 250G,10.0,6.7,32.0,3.7,0.5,3.7,9.3,146,9.3,g,3.7,g,0.032,g,6.7,g,146,kcal,10.0,g,6.7,g,3.7,g,3.7,g,0.5,g,9.3,g,0.08,g,146.0,kcal,606.0,kJ
04104420135222,Alnatura GmbH,Mais Minis à la Sour Cream & Onion,"Zutaten: Mais* 83%, Sonnenblumenöl*, MOLKENPULVER* 3,6%, JOGHURTPULVER* 2,9%, Meersalz, Zwiebelpulver* 1,9%, Dextrose*, Petersilie*, Schwarzer Pfeffer*, Knoblauchpulver*, Rapsöl* *aus biologischer Landwirtschaft
Kann Spuren von Soja und Sesam enthalten.",,,Reis/Getreidewaffeln,50,,Mais Minis à la Sour Cream & Onion,6.2,0.8,840.0,78.0,1.9,5.2,7.8,403,7.8,g,5.2,g,0.8400000000000001,g,0.8,g,403,kcal,6.2,g,0.8,g,78.0,g,5.2,g,1.9,g,7.8,g,2.1,g,403.0,kcal,1703.0,kJ
04104420135284,Alnatura GmbH,Rose Secco Piccolo 200ML,"Zutaten: Trauben¹, konzentrierter Traubenmost¹, Kohlendioxid, Säureregulatoren: Weinsäure, Äpfelsäure; Antioxidationsmittel: SULFITE. ¹aus ökologischer Landwirtschaft
Enthält Sulfite",,,Schaumweine ES,200,,Rose Secco Piccolo 200ML,0.5,0.1,4.0,2.8,,2.3,0.5,69,0.5,g,2.3,g,0.004,g,0.1,g,69,kcal,0.5,g,0.1,g,2.8,g,2.3,g,,g,0.5,g,0.01,g,69.0,kcal,289.0,kJ
04104420135321,Alnatura GmbH,Caffe Latte Macchiato 230ML,"Zutaten: VOLLMILCH* 79%, Kaffeezubereitung 17% (Wasser, Arabica Kaffeebohnen* 4,6 %), Rohrohrzucker* 3,5%, Säureregulator: Natriumcitrate *aus biologischer Landwirtschaft.",,,"H-Milch 1,6% - 3,5%",240,,Caffe Latte Macchiato 230ML,2.9,1.9,115.99999999999999,8.0,0.2,7.6,3.0,71,3.0,g,7.6,g,0.11599999999999999,g,1.9,g,71,kcal,2.9,g,1.9,g,8.0,g,7.6,g,0.2,g,3.0,g,0.29,g,71.0,kcal,296.0,kJ
04104420135482,Alnatura GmbH,Darjeeling lose 80G,Zutaten: Schwarztee* *aus biologischer Landwirtschaft,,,Schwarztee lose,80,,Darjeeling lose 80G,,,,,,,,,,g,,g,,g,,g,,kcal,,g,,g,,g,,g,,g,,g,,g,,kcal,,kJ
04104420135741,Alnatura GmbH,"Earl Grey Btl. 20x1,75g 35G","Zutaten: Schwarztee*, ätherisches Öl aus Bergamotte*, ätherisches Öl aus Zitronenschale* *aus biologischer Landwirtschaft",,,Schwarztee im Beutel,35,,"Earl Grey Btl. 20x1,75g 35G",,,,,,,,,,g,,g,,g,,g,,kcal,,g,,g,,g,,g,,g,,g,,g,,kcal,,kJ
04104420135888,Alnatura GmbH,Tofu natur 200G,"Zutaten: SOJABOHNEN*, Wasser, Koagulationsmittel: Calciumsulfat *aus biologischer Landwirtschaft.",,,Tofu und Seitan,200,,Tofu natur 200G,8.0,1.4,12.0,0.7,1.0,0.5,15.0,137,15.0,g,0.5,g,0.012,g,1.4,g,137,kcal,8.0,g,1.4,g,0.7,g,0.5,g,1.0,g,15.0,g,0.03,g,137.0,kcal,571.0,kJ
04104420135901,Alnatura GmbH,Tofu natur Doppelpack 400G,"Zutaten: SOJABOHNEN*, Wasser, Koagulationsmittel: Calciumsulfat *aus biologischer Landwirtschaft",,,Tofu und Seitan,400,,Tofu natur Doppelpack 400G,8.0,1.4,12.0,0.7,1.0,0.5,15.0,137,15.0,g,0.5,g,0.012,g,1.4,g,137,kcal,8.0,g,1.4,g,0.7,g,0.5,g,1.0,g,15.0,g,0.03,g,137.0,kcal,571.0,kJ
04104420136069,Alnatura GmbH,Weidemilch Kräuterquark 200G,"Zutaten: SPEISEQUARK* 58%, SAHNE*, JOGHURT* mild, Wasser, Kräuter* 2,8 % (Schnittlauch*, Petersilie*), Zwiebeln*, Knoblauch*, Zitronensaft* aus Zitronensaftkonzentrat*, Tapiokastärke*, Salz, Weißer Pfeffer* *aus biologischer Landwirtschaft
Kann Spuren von Sellerie enthalten.",,,Kräuterquark/Zaziki,200,,Weidemilch Kräuterquark 200G,9.3,6.2,360.0,3.9,0.5,3.6,8.5,135,8.5,g,3.6,g,0.36,g,6.2,g,135,kcal,9.3,g,6.2,g,3.9,g,3.6,g,0.5,g,8.5,g,0.9,g,135.0,kcal,563.0,kJ
04104420136540,Alnatura GmbH,Hafer-Dinkel Porridge Basis 500g,"Zutaten: HAFERVOLLKORNFLOCKEN* 64 %, DINKELVOLLKORNFLOCKEN*¹ 18 %, Reis* gepufft, Leinsaat* braun geschrotet, Erdmandeln* gemahlen 2 %, MANDELN* geschält und gehackt 2 %, Amaranth* gepufft 2 %, HASELNÜSSE* geröstet und gehackt 1 %, Bourbonvanille* gemahlen *aus biologischer Landwirtschaft ¹DINKEL IST EINE WEIZENART. Kann Spuren von anderen Nüssen, Soja, Milch und Sesam enthalten.",,,Breie,500,,Hafer-Dinkel Porridge Basis 500g,8.5,1.5,16.0,58.0,9.9,1.3,13.0,380,13.0,g,1.3,g,0.016,g,1.5,g,380,kcal,8.5,g,1.5,g,58.0,g,1.3,g,9.9,g,13.0,g,0.04,g,380.0,kcal,1601.0,kJ
04104420136564,Alnatura GmbH,Hafer Porridge Früchte 500g,"Zutaten: HAFERVOLLKORNFLOCKEN* 66%, Rosinen* geölt 10% (Rosinen* 99,5%, Sonnenblumenöl*), Reis* gepufft, Aprikosen* getrocknet 5%, Datteln* getrocknet 5%, Pflaumen* getrocknet 3,5%, Äpfel* getrocknet 2,5%, Reismehl*, Ceylon-Zimt* *aus biologischer Landwirtschaft. Kann Spuren von Soja, Milch, Mandel, Nüssen und Sesam enthalten.",,,Breie,500,,Hafer Porridge Früchte 500g,5.0,1.0,12.0,63.0,8.8,17.0,10.0,355,10.0,g,17.0,g,0.012,g,1.0,g,355,kcal,5.0,g,1.0,g,63.0,g,17.0,g,8.8,g,10.0,g,0.03,g,355.0,kcal,1496.0,kJ
04104420136946,Alnatura GmbH,Gelierzucker 2:1 500G,"Zutaten: Rohrohrzucker* 97,4 %, Geliermittel: Pektin * aus biologischer Landwirtschaft. Kann Spuren von Gluten, Soja, Milch, Mandel, Nüssen, Sesam und Lupine enthalten.",,,Zucker,500,,Gelierzucker 2:1 500G,0.5,0.1,28.000000000000004,96.0,1.7,96.0,0.5,387,0.5,g,96.0,g,0.028000000000000004,g,0.1,g,387,kcal,0.5,g,0.1,g,96.0,g,96.0,g,1.7,g,0.5,g,0.07,g,387.0,kcal,1646.0,kJ
04104420137042,Alnatura GmbH,Sauerkirschen 360G,"Zutaten: Sauerkirschen*, Wasser, Sauerkirschsaft* *aus biologischer Landwirtschaft",,,St Obstkonserven,360,,Sauerkirschen 360G,0.6,0.1,4.0,9.0,1.0,8.4,1.0,52,1.0,g,8.4,g,0.004,g,0.1,g,52,kcal,0.6,g,0.1,g,9.0,g,8.4,g,1.0,g,1.0,g,0.01,g,52.0,kcal,218.0,kJ
04104420137202,Alnatura GmbH,Dinkel Spirelli 500G,Zutaten: DINKELMEHL*¹ Type 812 * aus biologischer Landwirtschaft ¹DINKEL IST EINE URWEIZENART. Kann Spuren von Ei enthalten,,,kurze Nudeln,500,,Dinkel Spirelli 500G,1.7,0.4,4.0,72.0,2.8,2.7,12.0,357,12.0,g,2.7,g,0.004,g,0.4,g,357,kcal,1.7,g,0.4,g,72.0,g,2.7,g,2.8,g,12.0,g,0.01,g,357.0,kcal,1513.0,kJ
04104420137264,Alnatura GmbH,Gemüsebouillon hefefrei 290g,"Zutaten: Meersalz, Gemüse* getrocknet und gemahlen 21% (Zwiebeln* 8,5%, Karotten* 6,4%, Lauch* 2,4%, SELLERIE*, Röstzwiebeln*, Kürbis*), Reisvollkornmehl*, Sonnenblumenöl*, Karottensaftkonzentrat*, Knoblauch*, Kurkuma*, Liebstöckelblätter*, Petersilie*, Muskatnuss*, Liebstöckelwurzel*, Pfeffer*, Fenchelsamen* *aus biologischer Landwirtschaft. Kann Spuren von Gluten, Ei, Soja, Milch und Senf enthalten.",,,Brühen Hefefrei,290,,Gemüsebouillon hefefrei 290g,0.5,0.1,380.0,0.5,0.5,0.5,0.5,2,0.5,g,0.5,g,0.38,g,0.1,g,2,kcal,0.5,g,0.1,g,0.5,g,0.5,g,0.5,g,0.5,g,0.95,g,2.0,kcal,9.0,kJ
04104420137448,Alnatura GmbH,Gemüse mit Süßkart. & Huhn 190G,"Zutaten: Karotten* 44%, Wasser, Süßkartoffeln** 8%, Hähnchenfleisch* 8%, Brokkoli* 7%, Maismehl* 4%, Rapsöl* 1,2% *aus Demeter Bio-Landbau (Anteil: 89%) **aus biologischer Landwirtschaft",,,Babymenü,190,,Gemüse mit Süßkart. & Huhn 190G,2.4,0.5,24.0,5.6,2.4,2.8,2.5,59,2.5,g,2.8,g,0.024,g,0.5,g,59,kcal,2.4,g,0.5,g,5.6,g,2.8,g,2.4,g,2.5,g,0.06,g,59.0,kcal,246.0,kJ
04104420137547,Alnatura GmbH,"Kefir mild 1,5% 230ML","Zutaten: fettarme MILCH*, MAGERMILCHKONZENTRAT*, Kefir-Kulturen (Milchsäurebakterien, Hefen) *aus Demeter Bio-Landbau",,,Sauermilch,239,,"Kefir mild 1,5% 230ML",1.5,1.1,44.0,4.1,0.5,4.1,3.8,45,3.8,g,4.1,g,0.044,g,1.1,g,45,kcal,1.5,g,1.1,g,4.1,g,4.1,g,0.5,g,3.8,g,0.11,g,45.0,kcal,190.0,kJ
04104420137561,Alnatura GmbH,"Stichfester Joghurt Natur 3,5% 150G",,,,Jog natur Becher,150,,"Stichfester Joghurt Natur 3,5% 150G",3.5,2.6,80.0,5.1,0.5,5.1,3.8,67,3.8,g,5.1,g,0.08,g,2.6,g,67,kcal,3.5,g,2.6,g,5.1,g,5.1,g,0.5,g,3.8,g,0.2,g,67.0,kcal,281.0,kJ
04104420137783,Alnatura GmbH,Mango-Bananen-Müsli 190G,"Zutaten: Wasser, Mangos* 22 %, JOGHURT* 19 %, Bananen* 15 %, Äpfel* 7 %, DINKELVOLLKORNFLOCKEN*1 grob gemahlen 5 %, HAFERVOLLKORNFLOCKEN* 2 %, Zitronensaft *aus biodynamischem Landbau 1Dinkel ist eine Urweizenart.",,,weiße Linie-Gläschen,190,,Mango-Bananen-Müsli 190G,1.1,0.5,12.0,11.6,1.5,7.0,2.1,68,2.1,g,7.0,g,0.012,g,0.5,g,68,kcal,1.1,g,0.5,g,11.6,g,7.0,g,1.5,g,2.1,g,0.03,g,68.0,kcal,286.0,kJ
04104420137820,Alnatura GmbH,Lachs-Zubereitung 125G,"Zutaten: Wasser, Kartoffeln* 25 %, LACHS** 20 %, Maismehl* 4 % *aus Demeter-Landbau **aus biologischer Aquakultur .",,,Fleischzubereitungen,125,,Lachs-Zubereitung 125G,1.6,0.3,12.0,6.9,0.8,0.5,4.6,62,4.6,g,0.5,g,0.012,g,0.3,g,62,kcal,1.6,g,0.3,g,6.9,g,0.5,g,0.8,g,4.6,g,0.03,g,62.0,kcal,261.0,kJ
04104420137844,Alnatura GmbH,Linsengemüse mit Couscous 190G,"Zutaten: Karotten* 27%, Couscous** gekocht 24% (Wasser, HARTWEIZENGRIEß**), Wasser, rote Linsen** gekocht 16% (Wasser, rote Linsen**), Zucchini* 7%, rote Paprika** 4%, Tomatenmark** 2-fach konzentriert 4%, Rapsöl* 1,1% / *aus Demeter Bio-Landbau (Anteil: 68%) / **aus biologischer Landwirtschaft",,,Babymenü,190,,Linsengemüse mit Couscous 190G,1.3,0.1,12.0,7.4,2.1,2.5,2.1,54,2.1,g,2.5,g,0.012,g,0.1,g,54,kcal,1.3,g,0.1,g,7.4,g,2.5,g,2.1,g,2.1,g,0.03,g,54.0,kcal,226.0,kJ
04104420137882,Alnatura GmbH,Kinder Bircher Müsli 250G,"Zutaten: HAFERVOLLKORNFLOCKEN* 67%, DINKELVOLLKORNFLOCKEN*¹ 12%, Apfelmehl* 9%, Rosinen* zerkleinert und geölt (Rosinen*, Sonnenblumenöl*) 6%, DINKELFLOCKEN*¹ zartschmelzend (DINKELMEHL*¹, Thiamin (Vitamin B1)) 4%, MANDELN* geröstet und gemahlen 2 % *aus biologischer Landwirtschaft ¹DINKEL IST EINE WEIZENART. Kann Spuren von Soja, Milch, Nüssen, Sellerie und Sesam enthalten.",125,GRM,Cerealien,250,,Kinder Bircher Müsli 250G,5.3,2.3,48.0,26.2,3.5,8.4,7.0,188,7.0,g,8.4,g,0.048,g,2.3,g,188,kcal,5.3,g,2.3,g,26.2,g,8.4,g,3.5,g,7.0,g,0.12,g,188.0,kcal,789.0,kJ
04104420137905,Alnatura GmbH,Müsli & Dinkelflakes 250G,,125,GRM,Cerealien,250,,Müsli & Dinkelflakes 250G,4.6,2.3,48.0,26.8,3.3,4.7,7.5,185,7.5,g,4.7,g,0.048,g,2.3,g,185,kcal,4.6,g,2.3,g,26.8,g,4.7,g,3.3,g,7.5,g,0.12,g,185.0,kcal,780.0,kJ
04104420138681,Alnatura GmbH,Grieß Getreidebrei 250G,"Zutaten: WEIZENGRIEß*, WEIZENVOLLKORNMEHL*, Thiamin (Vitamin B1) *aus Demeter Bio-Landbau (Anteil: 100 %)",220,GRM,Getreidebreie,250,,Grieß Getreidebrei 250G,4.3,2.4,52.0,18.3,2.4,4.9,5.6,139,5.6,g,4.9,g,0.052000000000000005,g,2.4,g,139,kcal,4.3,g,2.4,g,18.3,g,4.9,g,2.4,g,5.6,g,0.13,g,139.0,kcal,585.0,kJ
04104420138803,Alnatura GmbH,Kidney Bohnen 360G,"Zutaten: Rote Kidney-Bohnen*, Wasser, Meersalz *aus biologischer Landwirtschaft",,,Gemüsekonserven,360,,Kidney Bohnen 360G,0.7,0.1,200.0,15.0,8.5,1.8,8.2,116,8.2,g,1.8,g,0.2,g,0.1,g,116,kcal,0.7,g,0.1,g,15.0,g,1.8,g,8.5,g,8.2,g,0.5,g,116.0,kcal,488.0,kJ
04104420138827,Alnatura GmbH,Gouda 125G,"Zutaten: MILCH*, Speisesalz, mikrobielles Lab, Käsereikulturen *aus biologischer Landwirtschaft",,,Käse in Scheiben,125,,Gouda 125G,26.0,18.0,480.0,0.5,0.5,0.5,27.0,342,27.0,g,0.5,g,0.48,g,18.0,g,342,kcal,26.0,g,18.0,g,0.5,g,0.5,g,0.5,g,27.0,g,1.2,g,342.0,kcal,1421.0,kJ
04104420138841,Alnatura GmbH,Bergkäse 125G,"Zutaten: MILCH*, Speisesalz, mikrobielles Lab, Käsereikulturen *aus biologischer Landwirtschaft",,,Käse in Scheiben,125,,Bergkäse 125G,35.0,24.0,600.0,0.5,0.5,0.5,27.0,376,27.0,g,0.5,g,0.6,g,24.0,g,376,kcal,35.0,g,24.0,g,0.5,g,0.5,g,0.5,g,27.0,g,1.5,g,376.0,kcal,1563.0,kJ
04104420138865,Alnatura GmbH,Emmentaler 125G,"Zutaten: MILCH*, Speisesalz, mikrobielles Lab, Käsereikulturen *aus biologischer Landwirtschaft",,,Käse in Scheiben,125,,Emmentaler 125G,28.0,18.0,480.0,0.5,0.5,0.5,31.0,376,31.0,g,0.5,g,0.48,g,18.0,g,376,kcal,28.0,g,18.0,g,0.5,g,0.5,g,0.5,g,31.0,g,1.2,g,376.0,kcal,1563.0,kJ
04104420138889,Alnatura GmbH,Alpen Kräuterkäse 125G,"Zutaten: MILCH*, Speisesalz, 0,4% Kräuter- und Gewürzmischung (Petersilie*, Schnittlauch*, Majoran*, Liebstöckel*, Bohnenkraut*, Dill*, Kümmel*, Zwiebeln*, Gewürze*), mikrobielles Lab, Käsereikulturen. *aus biologischer Landwirtschaft",,,Käse in Scheiben,125,,Alpen Kräuterkäse 125G,29.0,20.0,480.0,0.5,0.5,0.5,25.0,361,25.0,g,0.5,g,0.48,g,20.0,g,361,kcal,29.0,g,20.0,g,0.5,g,0.5,g,0.5,g,25.0,g,1.2,g,361.0,kcal,1498.0,kJ
04104420138902,Alnatura GmbH,Maasdamer 125g,"Zutaten: MILCH*, Speisesalz, mikrobielles Lab, Käsereikulturen *aus biologischer Landwirtschaft",,,Käse in Scheiben,125,,Maasdamer 125g,27.0,19.0,480.0,0.5,0.5,0.5,27.0,351,27.0,g,0.5,g,0.48,g,19.0,g,351,kcal,27.0,g,19.0,g,0.5,g,0.5,g,0.5,g,27.0,g,1.2,g,351.0,kcal,1458.0,kJ
04104420138926,Alnatura GmbH,Butterkäse 125G,"Zutaten: MILCH*, Speisesalz, Käsereikulturen, mikrobielles Lab *aus biologischer Landwirtschaft",,,Käse in Scheiben,125,,Butterkäse 125G,26.0,18.0,600.0,0.5,0.5,0.5,25.0,334,25.0,g,0.5,g,0.6,g,18.0,g,334,kcal,26.0,g,18.0,g,0.5,g,0.5,g,0.5,g,25.0,g,1.5,g,334.0,kcal,1387.0,kJ
04104420138940,Alnatura GmbH,Ziegenkäse 125G,"Zutaten: MILCH*, Speisesalz, mikrobielles Lab, Käsereikulturen *aus biologischer Landwirtschaft",,,Käse in Scheiben,125,,Ziegenkäse 125G,31.0,19.0,680.0,0.5,0.5,0.5,22.0,367,22.0,g,0.5,g,0.6799999999999999,g,19.0,g,367,kcal,31.0,g,19.0,g,0.5,g,0.5,g,0.5,g,22.0,g,1.7,g,367.0,kcal,1521.0,kJ
04104420138964,Alnatura GmbH,Haselnüsse gehackt 100G,Zutaten: HASELNÜSSE* *aus biologischer Landwirtschaft *aus biologischer Landwirtschaft. Kann Spuren von Erdnuss und anderen Nüssen enthalten.,,,Backzutaten,100,,Haselnüsse gehackt 100G,62.0,4.1,4.0,11.0,8.2,4.6,14.0,674,14.0,g,4.6,g,0.004,g,4.1,g,674,kcal,62.0,g,4.1,g,11.0,g,4.6,g,8.2,g,14.0,g,0.01,g,674.0,kcal,2785.0,kJ
04104420139022,Alnatura GmbH,"Grüner Tee Ingw.Lemon Btl. 20x1,5G","Zutaten: Zitronengras* 40%, Grüntee* 30%, Ingwer* 30% *aus biologischer Landwirtschaft",,,Grüntee im Beutel,30,,"Grüner Tee Ingw.Lemon Btl. 20x1,5G",,,,,,,,,,g,,g,,g,,g,,kcal,,g,,g,,g,,g,,g,,g,,g,,kcal,,kJ
04104420139282,Alnatura GmbH,Quinoa gepufft 125G,"Zutaten: Quinoa* gepufft *aus biologischer Landwirtschaft
Kann Spuren von Soja, Milch, Mandel, Nüssen und Sesam enthalten.",,,gepufftes Getreide,125,,Quinoa gepufft 125G,3.8,0.5,4.0,75.0,4.3,1.8,8.6,377,8.6,g,1.8,g,0.004,g,0.5,g,377,kcal,3.8,g,0.5,g,75.0,g,1.8,g,4.3,g,8.6,g,0.01,g,377.0,kcal,1596.0,kJ
04104420139404,Alnatura GmbH,Erdbeeren (TK) 300g,Zutaten: Erdbeeren* *aus biologischer Landwirtschaft,,,Obst TK,300,,Erdbeeren (TK) 300g,0.5,0.1,4.0,6.0,2.0,6.0,0.8,31,0.8,g,6.0,g,0.004,g,0.1,g,31,kcal,0.5,g,0.1,g,6.0,g,6.0,g,2.0,g,0.8,g,0.01,g,31.0,kcal,132.0,kJ
04104420139428,Alnatura GmbH,Wildheidelbeeren (TK) 300g,Zutaten: Heidelbeeren* *aus biologischer Landwirtschaft,,,Obst TK,300,,Wildheidelbeeren (TK) 300g,0.5,0.1,12.0,7.4,3.2,7.4,0.6,40,0.6,g,7.4,g,0.012,g,0.1,g,40,kcal,0.5,g,0.1,g,7.4,g,7.4,g,3.2,g,0.6,g,0.03,g,40.0,kcal,167.0,kJ
04104420139565,Alnatura GmbH,Mais-Amaranth Waffeln 115G,"Zutaten: Mais* 83,5 %, Vollkornreis* 10 %, Amaranth* 4 %, Leinsamen* 2 %, Meersalz 0,5 % *aus biologischer Landwirtschaft
Kann Spuren von Soja und Lupine enthalten.",,,Reis/Getreidewaffeln,115,,Mais-Amaranth Waffeln 115G,4.5,0.6,200.0,73.0,6.5,0.7,9.7,384,9.7,g,0.7,g,0.2,g,0.6,g,384,kcal,4.5,g,0.6,g,73.0,g,0.7,g,6.5,g,9.7,g,0.5,g,384.0,kcal,1624.0,kJ
04104420139640,Alnatura GmbH,Cornflakes ungesüßt 300G,"Zutaten: Mais* 99,9%, Trennmittel: Lecithin* *aus biologischer Landwirtschaft
Kann Spuren von Gluten, Soja, Milch, Mandel, Nüssen und Sesam enthalten.",,,Flakes,300,,Cornflakes ungesüßt 300G,1.0,0.2,4.0,84.0,3.1,0.5,6.7,378,6.7,g,0.5,g,0.004,g,0.2,g,378,kcal,1.0,g,0.2,g,84.0,g,0.5,g,3.1,g,6.7,g,0.01,g,378.0,kcal,1604.0,kJ
04104420139749,Alnatura GmbH,Hühner-Nudel-Eintopf 400G,"Zutaten: Wasser, Nudeln* gekocht 13 % (Wasser, HARTWEIZENGRIEß*, HÜHNEREIWEIß*, EI*), Hähnchenfleisch* 8 %, Karotten* 5 %, Erbsen* 3 %, Geflügelkonzentrat* (Huhn*, Meersalz), Hühnerfett* 1,1 %, Porree*, Meersalz, Kurkuma*, Petersilie* *aus biologischer Landwirtschaft.",,,Fertig Kons m Flei,400,,Hühner-Nudel-Eintopf 400G,1.3,0.4,332.0,3.3,0.5,0.4,2.9,38,2.9,g,0.4,g,0.33199999999999996,g,0.4,g,38,kcal,1.3,g,0.4,g,3.3,g,0.4,g,0.5,g,2.9,g,0.83,g,38.0,kcal,158.0,kJ
04104420139947,Alnatura GmbH,Chips im Kessel gebacken Rosm. 125G,"Zutaten: Kartoffeln* 71 %, Sonnenblumenöl*, Meersalz, Rosmarin*, Reismehl*, Rübenzucker*, Gewürze* (Chilipulver*, Knoblauchpulver*, Pastinakenpulver*, Schwarzer Pfeffer*, Zwiebelpulver*), Kartoffelstärke* *aus biologischer Landwirtschaft.",,,Kartoffelchips,125,,Chips im Kessel gebacken Rosm. 125G,24.0,3.2,440.00000000000006,56.0,6.3,2.0,6.1,477,6.1,g,2.0,g,0.44000000000000006,g,3.2,g,477,kcal,24.0,g,3.2,g,56.0,g,2.0,g,6.3,g,6.1,g,1.1,g,477.0,kcal,1994.0,kJ
04104420140288,Alnatura GmbH,Peperoni 350G,"Zutaten: Peperoni* grün, Wasser, Meersalz, Weinessig*, Säuerungsmittel: Zitronensäure *aus biologischer Landwirtschaft.",,,Gemüse i Öl o Lake,350,,Peperoni 350G,0.6,0.1,2000.0,3.3,2.4,0.5,0.6,26,0.6,g,0.5,g,2.0,g,0.1,g,26,kcal,0.6,g,0.1,g,3.3,g,0.5,g,2.4,g,0.6,g,5.0,g,26.0,kcal,108.0,kJ
04104420140608,Alnatura GmbH,Vanillepudding 3x40g,"Zutaten: Maisstärke*, Bourbonvanilleschote* gemahlen 1,5 % *aus biologischer Landwirtschaft
Kann Spuren von Sesam enthalten.",,,Desserts,120,,Vanillepudding 3x40g,3.1,1.9,40.0,17.0,0.5,11.0,2.9,108,2.9,g,11.0,g,0.04,g,1.9,g,108,kcal,3.1,g,1.9,g,17.0,g,11.0,g,0.5,g,2.9,g,0.1,g,108.0,kcal,453.0,kJ
04104420140622,Alnatura GmbH,Schokopudding 3x46g,"Zutaten: Maisstärke*, Kakaopulver* 23 %, Säureregulator: Kaliumcarbonat *aus biologischer Landwirtschaft
Kann Spuren von Sesam enthalten.",,,Desserts,138,,Schokopudding 3x46g,3.4,2.1,40.0,16.0,0.5,11.0,3.2,107,3.2,g,11.0,g,0.04,g,2.1,g,107,kcal,3.4,g,2.1,g,16.0,g,11.0,g,0.5,g,3.2,g,0.1,g,107.0,kcal,452.0,kJ
04104420140646,Alnatura GmbH,Dinkel 1.000G,"Zutaten: DINKEL*¹ *aus biologischer Landwirtschaft ¹Dinkel ist eine WEIZENART
Kann Spuren von Soja, Milch, Mandel, Nüssen, Sellerie und Sesam enthalten.",,,Getreide ganz Natur,1000,,Dinkel 1.000G,2.6,0.2,4.0,64.0,8.4,1.2,14.0,352,14.0,g,1.2,g,0.004,g,0.2,g,352,kcal,2.6,g,0.2,g,64.0,g,1.2,g,8.4,g,14.0,g,0.01,g,352.0,kcal,1489.0,kJ
04104420140660,Alnatura GmbH,Roggen 1.000G,"Zutaten: ROGGEN* *aus Demeter Bio-Landbau
Kann Spuren von Soja, Milch, Mandel, Nüssen, Sellerie und Sesam enthalten.",,,Getreide ganz Natur,1000,,Roggen 1.000G,1.7,0.2,4.0,62.0,14.0,1.1,8.4,325,8.4,g,1.1,g,0.004,g,0.2,g,325,kcal,1.7,g,0.2,g,62.0,g,1.1,g,14.0,g,8.4,g,0.01,g,325.0,kcal,1372.0,kJ
04104420140707,Alnatura GmbH,Roggenvollkornmehl 1.000G,"Zutaten: ROGGENVOLLKORNMEHL* *aus Demeter Bio-Landbau
Kann Spuren von Soja, Milch, Mandel, Nüssen, Sellerie und Sesam enthalten.",,,Vollkornmehle,1000,,Roggenvollkornmehl 1.000G,1.7,0.2,4.0,62.0,14.0,1.1,8.4,325,8.4,g,1.1,g,0.004,g,0.2,g,325,kcal,1.7,g,0.2,g,62.0,g,1.1,g,14.0,g,8.4,g,0.01,g,325.0,kcal,1372.0,kJ
04104420140820,Alnatura GmbH,Lassi Himbeere 230ML,"Zutaten: JOGHURT*, Himbeerpüree* 12 %, Rohrohrzucker*, Aroniasaftkonzentrat*,Zitronensaftkonzentrat*; Verdickungsmittel: Johannisbrotkernmehl*, Pektin *aus biologischer Landwirtschaft.",,,Milchmischgetr/Molke,242,,Lassi Himbeere 230ML,2.9,1.8,32.0,10.0,0.7,10.0,2.7,78,2.7,g,10.0,g,0.032,g,1.8,g,78,kcal,2.9,g,1.8,g,10.0,g,10.0,g,0.7,g,2.7,g,0.08,g,78.0,kcal,329.0,kJ
04104420140844,Alnatura GmbH,Lassi Mango 230ML,"Zutaten: JOGHURT*, Mangopüree* 8,4 %, Rohrohrzucker*, Zitronensaftkonzentrat*, Verdickungsmittel: Johannisbrotkernmehl*, Maisstärke* *aus biologischer Landwirtschaft.",,,Milchmischgetr/Molke,242,,Lassi Mango 230ML,2.9,1.9,32.0,11.0,0.5,10.0,2.6,81,2.6,g,10.0,g,0.032,g,1.9,g,81,kcal,2.9,g,1.9,g,11.0,g,10.0,g,0.5,g,2.6,g,0.08,g,81.0,kcal,339.0,kJ
04104420140905,Alnatura GmbH,Schafjoghurt natur 125g,Zutaten: JOGHURT* AUS SCHAFMILCH* *aus biologischer Landtwirtschaft.,,,Molk.S&Z Jog. Natur,125,,Schafjoghurt natur 125g,6.0,4.4,40.0,3.8,0.5,3.8,4.6,89,4.6,g,3.8,g,0.04,g,4.4,g,89,kcal,6.0,g,4.4,g,3.8,g,3.8,g,0.5,g,4.6,g,0.1,g,89.0,kcal,369.0,kJ
04104420140929,Alnatura GmbH,Schafjoghurt Vanille 125g,"Zutaten: JOGHURT* AUS SCHAFMILCH*, Rübenzucker*, Bourbonvanilleschote* gemahlen, Bourbonvanilleschotenextrakt*, Zitronensaftkonzentrat*, Stärke*, Verdickungsmittel: Pektin *aus biologischer Landwirtschaft.",,,Molk.S&Z Fruchtjog.,125,,Schafjoghurt Vanille 125g,4.5,3.3,36.0,13.0,0.5,13.0,3.3,107,3.3,g,13.0,g,0.036,g,3.3,g,107,kcal,4.5,g,3.3,g,13.0,g,13.0,g,0.5,g,3.3,g,0.09,g,107.0,kcal,448.0,kJ
04104420140943,Alnatura GmbH,Schafjoghurt Himbeere 125g,"Zutaten: JOGHURT* AUS SCHAFMILCH*, Himbeeren* 11%, Rübenzucker*, färbendes Lebensmittel: Aroniasaftkonzentrat*, Stärke*, Verdickungsmittel: Pektin *aus biologischer Landwirtschaft.",,,Molk.S&Z Fruchtjog.,125,,Schafjoghurt Himbeere 125g,4.2,3.1,32.0,12.0,0.6,12.0,3.2,100,3.2,g,12.0,g,0.032,g,3.1,g,100,kcal,4.2,g,3.1,g,12.0,g,12.0,g,0.6,g,3.2,g,0.08,g,100.0,kcal,419.0,kJ
04104420140967,Alnatura GmbH,Schafjoghurt natur 400g,Zutaten: JOGHURT* AUS SCHAFMILCH* *aus biologischer Landwirtschaft.,,,Molk.S&Z Jog. Natur,400,,Schafjoghurt natur 400g,6.0,4.4,40.0,3.8,0.0,3.8,4.6,89,4.6,g,3.8,g,0.04,g,4.4,g,89,kcal,6.0,g,4.4,g,3.8,g,3.8,g,0.0,g,4.6,g,0.1,g,89.0,kcal,369.0,kJ
04104420140981,Alnatura GmbH,"Rooibos Vanille Tee Btl. 20x1,5g 30","Zutaten: Rooibos* 97 %, Vanilleschote* gemahlen 3 % *aus biologischer Landwirtschaft",,,Kräutertee im Beutel,30,,"Rooibos Vanille Tee Btl. 20x1,5g 30",,,,,,,,,,g,,g,,g,,g,,kcal,,g,,g,,g,,g,,g,,g,,g,,kcal,,kJ
04104420141162,Alnatura GmbH,Baked Beans 360G,"Zutaten: Weiße Bohnen* 60 %, Tomatensauce* 40 % (Wasser, Tomatenmark* zweifach konzentriert 7 %, Rohrohrzucker*, Meersalz, Essig*, Maisstärke*) *aus biologischer Landwirtschaft",,,Gemüsekonserven,360,,Baked Beans 360G,0.5,0.1,240.0,10.0,5.2,3.4,4.2,67,4.2,g,3.4,g,0.24,g,0.1,g,67,kcal,0.5,g,0.1,g,10.0,g,3.4,g,5.2,g,4.2,g,0.6,g,67.0,kcal,283.0,kJ
04104420141261,Alnatura GmbH,Bergbauern Sauerrahmbutter 250G,,,,Butter,250,,Bergbauern Sauerrahmbutter 250G,82.0,54.0,4.0,0.7,0.5,0.7,0.7,744,0.7,g,0.7,g,0.004,g,54.0,g,744,kcal,82.0,g,54.0,g,0.7,g,0.7,g,0.5,g,0.7,g,0.01,g,744.0,kcal,3058.0,kJ
04104420141285,Alnatura GmbH,Karotten-Fenchelge.-Dinkeln. 190G,"Zutaten: Karotten* 35 %, Wasser, Dinkelvollkornspaghetti* gekocht 13 % (Wasser, DINKELVOLLKORNMEHL*¹), Rote Linsen** gekocht 10 % (Wasser, Rote Linsen**), Fenchel* 10 %, Pastinaken* 9 %, Rapsöl* 1,1 % *aus Demeter Bio-Landbau (Anteil: 96 %) / **aus biologischer Landwirtschaft / ¹Dinkel ist eine WEIZENART
Kann Spuren von Ei enthalten.",,,Babymenü,190,,Karotten-Fenchelge.-Dinkeln. 190G,1.4,0.1,16.0,6.8,2.4,2.4,1.7,51,1.7,g,2.4,g,0.016,g,0.1,g,51,kcal,1.4,g,0.1,g,6.8,g,2.4,g,2.4,g,1.7,g,0.04,g,51.0,kcal,216.0,kJ
04104420141421,Alnatura GmbH,Gummibären Mix 100G,"Zutaten: Glukosesirup*, Rübenzucker*, Schweinegelatine*, Zitronensaftkonzentrat* 4,7 %, Himbeerpulver* 2,2 %, Schwarzes Johannisbeersaftkonzentrat* 0,5 %, Aroniasaftkonzentrat* 0,2 %, Erdbeersaftkonzentrat* 0,2 %, Granatapfelsaftkonzentrat* 0,2 %, Holunderbeersaftkonzentrat* 0,5 %, Überzugsmittel: Carnaubawachs* * aus biologischer Landwirtschaft.",,,Fruchtgummis m Gela,100,,Gummibären Mix 100G,0.5,0.2,4.0,76.0,0.8,47.0,6.3,331,6.3,g,47.0,g,0.004,g,0.2,g,331,kcal,0.5,g,0.2,g,76.0,g,47.0,g,0.8,g,6.3,g,0.01,g,331.0,kcal,1406.0,kJ
04104420141582,Alnatura GmbH,Salami Snack 25g,"Zutaten: Schweinefleisch*, Rindfleisch*, Speisesalz, DEXTROSE*, Gewürze* (Weißer Pfeffer*, Knoblauchpulver*), Vollrohrzucker*, Antioxidationsmittel: Ascorbinsäure, Konservierungsstoff: Natriumnitrit, Starterkultur, Rauch. *aus biologischer Landwirtschaft .",,,Fleisch/Wurstkon,25,,Salami Snack 25g,38.0,16.0,1480.0,0.5,0.5,0.5,28.0,457,28.0,g,0.5,g,1.48,g,16.0,g,457,kcal,38.0,g,16.0,g,0.5,g,0.5,g,0.5,g,28.0,g,3.7,g,457.0,kcal,1895.0,kJ
04104420141827,Alnatura GmbH,Joghurtbutter 250g,"Zutaten: BUTTER*, JOGHURT* 18% *aus biologischer Landwirtschaft .",,,Butter,250,,Joghurtbutter 250g,69.0,42.0,20.0,1.4,0.5,1.4,1.4,632,1.4,g,1.4,g,0.02,g,42.0,g,632,kcal,69.0,g,42.0,g,1.4,g,1.4,g,0.5,g,1.4,g,0.05,g,632.0,kcal,2601.0,kJ
04104420142107,Alnatura GmbH,"Eistee Zitronengras 0,5l","Zutaten: Teeaufguss¹ 92% (Wasser, Grüntee*, Zitronengras*, Steviablätter*), Traubensaftkonzentrat* 4,5%, Zitronensaft* 3,5%, Zitronenöl* *aus biologischer Landwirtschaft ¹Extraktgehalt: 1,8 g / l",,,Teegetränke,525,,"Eistee Zitronengras 0,5l",0.5,0.1,4.0,4.0,0.5,3.9,0.5,16,0.5,g,3.9,g,0.004,g,0.1,g,16,kcal,0.5,g,0.1,g,4.0,g,3.9,g,0.5,g,0.5,g,0.01,g,16.0,kcal,68.0,kJ
04104420142121,Alnatura GmbH,"Eistee Pfirsich-Maracuja 0,5l",,,,Teegetränke,508,,"Eistee Pfirsich-Maracuja 0,5l",0.5,0.1,4.0,4.2,0.5,4.1,0.5,17,0.5,g,4.1,g,0.004,g,0.1,g,17,kcal,0.5,g,0.1,g,4.2,g,4.1,g,0.5,g,0.5,g,0.01,g,17.0,kcal,71.0,kJ
04104420142282,Alnatura GmbH,Kichererbsen-Kokos-Eintopf 400G,"Zutaten: Wasser, Kichererbsen* 21 %, Kokosmilch* 11 % (Kokosextrakt* 57 %, Wasser), Karotten* 9 %, Süßkartoffeln* 7 %, Mangomark* 7 %, Zwiebeln*, Erbsen* 4 %, Reismehl*, Meersalz, Gewürze* (Kurkuma*, Knoblauch*, Kreuzkümmel*, Ingwer*, Kardamom*, Chili*, Pfeffer*, Koriander*) *aus biologischer Landwirtschaft",,,Fertig Kons veg.,400,,Kichererbsen-Kokos-Eintopf 400G,2.8,2.1,400.0,11.0,2.6,2.5,2.9,86,2.9,g,2.5,g,0.4,g,2.1,g,86,kcal,2.8,g,2.1,g,11.0,g,2.5,g,2.6,g,2.9,g,1.0,g,86.0,kcal,361.0,kJ
04104420142367,Alnatura GmbH,Kasseler Braten 80g,"Zutaten: Schweinefleisch*, Steinsalz, Gewürze*, Rohrohrzucker*, Säureregulator: Natriumcitrate; Antioxidationsmittel: Natriumascorbat; Konservierungsstoff: Natriumnitrit; Buchenholzrauch *aus biologischer Landwirtschaft.",,,Schinken und Speck,80,,Kasseler Braten 80g,3.9,1.6,720.0,1.1,0.5,1.1,19.4,118,19.4,g,1.1,g,0.72,g,1.6,g,118,kcal,3.9,g,1.6,g,1.1,g,1.1,g,0.5,g,19.4,g,1.8,g,118.0,kcal,497.0,kJ
04104420142787,Alnatura GmbH,Puderzucker 200g,"Zutaten: Rohrzucker* *aus biologischer Landwirtschaft. Kann Spuren von Gluten, Erdnuss, Soja, Mandel, Nüssen und Sesam enthalten.",,,Zucker,200,,Puderzucker 200g,0.0,0.0,4.0,97.0,0.0,97.0,0.0,388,0.0,g,97.0,g,0.004,g,0.0,g,388,kcal,0.0,g,0.0,g,97.0,g,97.0,g,0.0,g,0.0,g,0.01,g,388.0,kcal,1649.0,kJ
04104420142800,Alnatura GmbH,Haselnüsse gemahlen 150g,"Zutaten: HASELNÜSSE* *aus biologischer Landwirtschaft. Kann Spuren von Erdnuss, Mandel und anderen Nüssen enthalten. Kann Schalenbestandteile enthalten.",,,Backzutaten,150,,Haselnüsse gemahlen 150g,62.0,4.1,4.0,11.0,8.2,4.6,14.0,674,14.0,g,4.6,g,0.004,g,4.1,g,674,kcal,62.0,g,4.1,g,11.0,g,4.6,g,8.2,g,14.0,g,0.01,g,674.0,kcal,2785.0,kJ
04104420143364,Alnatura GmbH,Give away Hafer-Getreidebrei 20G,"Zutaten: HAFERVOLLKORNMEHL*, Thiamin (Vitamin B1) *aus Demeter Bio-Landbau.",220,GRM,Getreidebreie,20,,Give away Hafer-Getreidebrei 20G,4.7,2.5,48.0,17.6,2.0,4.9,6.2,142,6.2,g,4.9,g,0.048,g,2.5,g,142,kcal,4.7,g,2.5,g,17.6,g,4.9,g,2.0,g,6.2,g,0.12,g,142.0,kcal,595.0,kJ
04104420143609,Alnatura GmbH,"Ziegen Heumilch 0,5L",Zutaten: ZIEGENMILCH* *aus biologischer Landwirtschaft.,,,Molk.S&Z MilchSauerm,515,,"Ziegen Heumilch 0,5L",3.4,2.5,40.0,4.2,0.5,4.2,3.1,60,3.1,g,4.2,g,0.04,g,2.5,g,60,kcal,3.4,g,2.5,g,4.2,g,4.2,g,0.5,g,3.1,g,0.1,g,60.0,kcal,250.0,kJ
04104420143623,Alnatura GmbH,"Frische Schafmilch 0,5L",Zutaten: SCHAFMILCH* *aus biologischer Landwirtschaft.,,,Molk.S&Z MilchSauerm,515,,"Frische Schafmilch 0,5L",6.0,4.4,40.0,4.7,,4.7,4.6,91,4.6,g,4.7,g,0.04,g,4.4,g,91,kcal,6.0,g,4.4,g,4.7,g,4.7,g,,g,4.6,g,0.1,g,91.0,kcal,380.0,kJ
04104420143647,Alnatura GmbH,Apfel Mango Reiswaffeln 35G,"Zutaten: Reis* gepufft 87,5%, Apfelsaftkonzentrat* 10,1%, Mangopüree* 2,4%, Thiamin (Vitamin B1) *aus biologischer Landwirtschaft
Kann Spuren von Soja, Milch und Sesam enthalten.",,,Knabberprodukte,35,,Apfel Mango Reiswaffeln 35G,1.0,0.2,8.0,82.9,0.9,10.3,7.4,372,7.4,g,10.3,g,0.008,g,0.2,g,372,kcal,1.0,g,0.2,g,82.9,g,10.3,g,0.9,g,7.4,g,0.02,g,372.0,kcal,1579.0,kJ
04104420143685,Alnatura GmbH,Birne mit Marille 190G,"Zutaten: Birnen* 80 %, Aprikosen/Marillen* 20 % *aus biologischer Landwirtschaft",,,Obst,190,,Birne mit Marille 190G,0.3,0.0,4.0,11.6,2.9,9.7,0.6,57,0.6,g,9.7,g,0.004,g,0.0,g,57,kcal,0.3,g,0.0,g,11.6,g,9.7,g,2.9,g,0.6,g,0.01,g,57.0,kcal,242.0,kJ
04104420143746,Alnatura GmbH,"Holunderblütensirup 0,33L","Zutaten: Rübenzucker*, Wasser, Holunderblütenextrakt* 17% (Wasser, Rübenzucker*, Holunderblüten* 5,2 %, Zitronensaftkonzentrat*), Zitronensaftkonzentrat* *aus biologischer Landwirtschaft",,,Sirupe,439.02,,"Holunderblütensirup 0,33L",0.5,0.1,4.0,83.0,0.5,83.0,0.5,332,0.5,g,83.0,g,0.004,g,0.1,g,332,kcal,0.5,g,0.1,g,83.0,g,83.0,g,0.5,g,0.5,g,0.01,g,332.0,kcal,1411.0,kJ
04104420143906,Alnatura GmbH,Pflaumen 200G,"Zutaten: Pflaumen* *aus biologischer Landwirtschaft. Kann Spuren von Erdnuss, Mandel, Nüssen und Sesam enthalten.",,,Trockenfrüchte ganz,200,,Pflaumen 200G,0.8,0.3,8.0,60.0,8.5,36.0,2.4,274,2.4,g,36.0,g,0.008,g,0.3,g,274,kcal,0.8,g,0.3,g,60.0,g,36.0,g,8.5,g,2.4,g,0.02,g,274.0,kcal,1158.0,kJ
04104420143944,Alnatura GmbH,Gemüseaufstrich Spinat Walnuss 135g,"Zutaten: Spinat* 44 %, Zwiebeln* 18 %, Sonnenblumenkerne*, Sonnenblumenöl*, WALNÜSSE* 3 %, Agavendicksaft*, Zitronensaftkonzentrat*, Kartoffelstärke*, Meersalz, Knoblauch*, Senf* (Wasser, SENFSAAT*, Branntweinessig*, Meersalz, Gewürze*), Verdickungsmittel: Johannisbrotkernmehl*, Schwarzer Pfeffer* *aus biologischer Landwirtschaft",,,gemüsebas.Aufstriche,135,,Gemüseaufstrich Spinat Walnuss 135g,19.0,2.1,440.00000000000006,7.7,2.5,2.9,4.9,226,4.9,g,2.9,g,0.44000000000000006,g,2.1,g,226,kcal,19.0,g,2.1,g,7.7,g,2.9,g,2.5,g,4.9,g,1.1,g,226.0,kcal,937.0,kJ
04104420144149,Alnatura GmbH,Amaranth Zartbitter Riegel 25G,"Zutaten: Zartbitterschokolade* 52 % (Kakaomasse*, Rohrohrzucker*, Kakaobutter*, stark entöltes Kakaopulver*), Amaranth* gepufft 26 %, Honig* 22 % *aus biologischer Landwirtschaft. Kann Spuren von Gluten, Soja, Milch, Mandel, Haselnuss, Walnuss, Cashewnuss, Paranuss und Sesam enthalten.",,,Müsli-&Getr.Riegel,25,,Amaranth Zartbitter Riegel 25G,26.0,16.0,4.0,50.0,8.3,33.0,9.8,508,9.8,g,33.0,g,0.004,g,16.0,g,508,kcal,26.0,g,16.0,g,50.0,g,33.0,g,8.3,g,9.8,g,0.01,g,508.0,kcal,2119.0,kJ
04104420144408,Alnatura GmbH,"Weiß.Tee m. Rosenbl. Btl. 20x1,5g 3","Zutaten: Weißer Tee* 98%, Rosenblüten* * aus biologischer Landwirtschaft",,,Weißer Tee im Beutel,30,,"Weiß.Tee m. Rosenbl. Btl. 20x1,5g 3",,,,,,,,,,g,,g,,g,,g,,kcal,,g,,g,,g,,g,,g,,g,,g,,kcal,,kJ
04104420145160,Alnatura GmbH,Mozzarella Minis 250 g,"Zutaten: MILCH* pasteurisiert, Speisesalz, mikrobielles Lab, Säuerungsmittel: Milchsäure *aus biologischer Landwirtschaft.",,,anderer Käse,250,,Mozzarella Minis 250 g,19.0,12.0,240.0,1.0,0.5,1.0,19.0,251,19.0,g,1.0,g,0.24,g,12.0,g,251,kcal,19.0,g,12.0,g,1.0,g,1.0,g,0.5,g,19.0,g,0.6,g,251.0,kcal,1043.0,kJ
04104420145245,Alnatura GmbH,Schoko Dinkel Brezeln 100G,"Zutaten: Vollmilchschokolade* 55 % (Rohrohrzucker*, Kakaobutter*, VOLLMILCHPULVER*, Kakaomasse*), DINKEL-LAUGENBREZELN* 45 % (DINKELMEHL* 88 %, Palmöl*, Meersalz, Hefe*, GERSTENMALZEXTRAKT*, Säureregulator: Natriumhydroxid (Brezellauge)) *aus biologischer Landwirtschaft ¹DINKEL IST EINE WEIZENART. Kann Spuren von Ei, Soja, Mandel, Nüssen und Sesam enthalten.",,,Sü Snacks schokol.,100,,Schoko Dinkel Brezeln 100G,26.0,15.0,600.0,57.0,3.8,24.0,9.1,506,9.1,g,24.0,g,0.6,g,15.0,g,506,kcal,26.0,g,15.0,g,57.0,g,24.0,g,3.8,g,9.1,g,1.5,g,506.0,kcal,2116.0,kJ
04104420145382,Alnatura GmbH,Malzkaffee 100G,Zutaten: GERSTE* gemälzt *aus biodynamischem Landbau.,100,MLT,Kaffee-Ersatz,100,,Malzkaffee 100G,0.5,0.1,4.0,1.6,0.5,0.5,0.5,6,0.5,g,0.5,g,0.004,g,0.1,g,6,kcal,0.5,g,0.1,g,1.6,g,0.5,g,0.5,g,0.5,g,0.01,g,6.0,kcal,27.0,kJ
04104420145467,Alnatura GmbH,Linseneintopf mit Gemüse und Rind 2,"Zutaten: Wasser, Karotten* 20 %, Rote Linsen** gekocht 19 %(Wasser, Rote Linsen**), Kartoffeln* 14 %, Rindfleisch* 9 %, Pastinaken* 4 %, Tomatenmark** zweifach konzentriert 2%, Rapsöl* 1,6 %, Reisvollkornmehl** 1 %, Kartoffelflocken** 1 %, Liebstöckel**, Thymian** *aus Demeter Bio-Landbau (Anteil: 84 %) **aus biologischer Landwirtschaft",,,Kindermenü,250,,Linseneintopf mit Gemüse und Rind 2,2.8,0.6,16.0,7.9,1.9,1.7,3.6,75,3.6,g,1.7,g,0.016,g,0.6,g,75,kcal,2.8,g,0.6,g,7.9,g,1.7,g,1.9,g,3.6,g,0.04,g,75.0,kcal,314.0,kJ
04104420145566,Alnatura GmbH,Dinkel Knäcke Chia 200G,"Zutaten: DINKELVOLLKORNMEHL*¹ 32%, DINKELVOLLKORNSCHROT*¹ 27%, HAFERVOLLKORNFLOCKEN*, ROGGENVOLLKORNMEHL*, Leinsamen*, Chiasamen (Salvia hispanica)* 5%, SESAM*, Sonnenblumenkerne*, Sonnenblumenöl*, Reismehl*, Meersalz, Hefe*, GERSTENMALZEXTRAKT* *aus biologischer Landwirtschaft ¹DINKEL IST EINE WEIZENART. Kann Spuren von Ei, Soja, Milch, Mandel und Nüssen enthalten.",,,Knäcke Snack,200,,Dinkel Knäcke Chia 200G,13.0,1.7,680.0,53.0,12.0,1.0,16.0,417,16.0,g,1.0,g,0.6799999999999999,g,1.7,g,417,kcal,13.0,g,1.7,g,53.0,g,1.0,g,12.0,g,16.0,g,1.7,g,417.0,kcal,1750.0,kJ
04104420145580,Alnatura GmbH,Zartbitter Creme 350G,"Zutaten: Rohrzucker*, Sonnenblumenöl*, stark entöltes Kakaopulver* 30%, Emulgator: Lecithin*, Bourbonvanilleschote* gemahlen *aus biologischer Landwirtschaft. Kann Spuren von Soja, Milch, Mandel, Haselnuss, Walnuss, Cashewnuss, Pistazie und Macadamianuss enthalten.",,,Schoko/NussAufstrich,350,,Zartbitter Creme 350G,38.0,5.8,36.0,39.0,9.3,35.0,6.3,542,6.3,g,35.0,g,0.036,g,5.8,g,542,kcal,38.0,g,5.8,g,39.0,g,35.0,g,9.3,g,6.3,g,0.09,g,542.0,kcal,2251.0,kJ
04104420145665,Alnatura GmbH,Mozzarella 200 g,"Zutaten: MILCH* pasteurisiert, Speisesalz, mikrobielles Lab, Säuerungsmittel: Milchsäure *aus biologischer Landwirtschaft",,,anderer Käse,200,,Mozzarella 200 g,19.0,12.0,240.0,1.0,0.5,1.0,19.0,251,19.0,g,1.0,g,0.24,g,12.0,g,251,kcal,19.0,g,12.0,g,1.0,g,1.0,g,0.5,g,19.0,g,0.6,g,251.0,kcal,1043.0,kJ
04104420145825,Alnatura GmbH,Rote Bete Cracker 75g,"Zutaten: DINKELMEHL*¹ 63 %, DINKELSCHROT*¹ 16 %, Rote-Bete-Saftkonzentrat* 5 %, Rapsöl*, Rohrohrzucker*, Meersalz, GERSTENMALZEXTRAKT*, Hefe*, Schnittlauch* getrocknet, Liebstöckelpulver*, Pfeffer* weiß, Knoblauchpulver*, Zwiebelpulver* *aus biologischer Landwirtschaft ¹Dinkel ist eine WEIZENART
Kann Spuren von Ei, Milch, Mandel, Haselnuss und Sesam enthalten.",,,Salzgebäck,75,,Rote Bete Cracker 75g,8.6,0.9,800.0,71.0,4.6,9.9,12.0,419,12.0,g,9.9,g,0.8,g,0.9,g,419,kcal,8.6,g,0.9,g,71.0,g,9.9,g,4.6,g,12.0,g,2.0,g,419.0,kcal,1766.0,kJ
04104420145900,Alnatura GmbH,Matcha Grüntee lose 30G,Zutaten: Grüntee* gemahlen *aus biologischer Landwirtschaft,,,Grüntee lose,30,,Matcha Grüntee lose 30G,,,,,,,,,,g,,g,,g,,g,,kcal,,g,,g,,g,,g,,g,,g,,g,,kcal,,kJ
04104420145962,Alnatura GmbH,Dinkel Knäcke Saaten 200G,"Zutaten: DINKELVOLLKORNMEHL*¹ 34%, DINKELVOLLKORNSCHROT*¹ 28%, HAFERVOLLKORNFLOCKEN*, ROGGENVOLLKORNMEHL*, Leinsamen* 7%, SESAM* 5%, Sonnenblumenkerne* 5%,Sonnenblumenöl*, Reismehl*, Meersalz, Hefe*,GERSTENMALZEXTRAKT* *aus biologischer Landwirtschaft ¹DINKEL IST EINE WEIZENART. Kann Spuren von Ei, Soja, Mandel und Nüssen enthalten.",,,Knäcke Snack,200,,Dinkel Knäcke Saaten 200G,14.0,1.8,680.0,53.0,12.0,2.2,15.0,422,15.0,g,2.2,g,0.6799999999999999,g,1.8,g,422,kcal,14.0,g,1.8,g,53.0,g,2.2,g,12.0,g,15.0,g,1.7,g,422.0,kcal,1770.0,kJ
04104420145986,Alnatura GmbH,Dinkel Knäcke Käse Kürbiskern 200G,"Zutaten: DINKELVOLLKORNMEHL*¹ 35%, DINKELVOLLKORNSCHROT*¹ 32%, KÄSE* 17% (EMMENTALER*, GOUDA*), HAFERVOLLKORNFLOCKEN*, Kürbiskerne* 8%, SESAM*, Sonnenblumenöl*, Reismehl*, Meersalz, Hefe* *aus biologischer Landwirtschaft ¹DINKEL IST EINE WEIZENART. Kann Spuren von Ei, Soja, Mandel und Nüssen enthalten.",,,Knäcke Snack,200,,Dinkel Knäcke Käse Kürbiskern 200G,16.0,4.8,720.0,50.0,8.7,0.9,18.0,433,18.0,g,0.9,g,0.72,g,4.8,g,433,kcal,16.0,g,4.8,g,50.0,g,0.9,g,8.7,g,18.0,g,1.8,g,433.0,kcal,1818.0,kJ
04104420146020,Alnatura GmbH,"Griechisches natives Olivenöl extra 0,5L",,,,Olivenöle,458,,"Griechisches natives Olivenöl extra 0,5L",92.0,13.0,4.0,0.5,0.5,0.5,0.5,828,0.5,g,0.5,g,0.004,g,13.0,g,828,kcal,92.0,g,13.0,g,0.5,g,0.5,g,0.5,g,0.5,g,0.01,g,828.0,kcal,3404.0,kJ
04104420146488,Alnatura GmbH,"Frische Kuh & Kalb Milch 3,8% 1L",,,,Frischmilch,1028,,"Frische Kuh & Kalb Milch 3,8% 1L",4.0,2.6,44.0,4.8,0.5,4.8,3.3,68,3.3,g,4.8,g,0.044,g,2.6,g,68,kcal,4.0,g,2.6,g,4.8,g,4.8,g,0.5,g,3.3,g,0.11,g,68.0,kcal,286.0,kJ
04104420146501,Alnatura GmbH,"Frische Kuh & Kalb Milch 1,5% 1L",,,,Frischmilch,1028,,"Frische Kuh & Kalb Milch 1,5% 1L",1.5,0.9,44.0,4.8,0.5,4.8,3.3,46,3.3,g,4.8,g,0.044,g,0.9,g,46,kcal,1.5,g,0.9,g,4.8,g,4.8,g,0.5,g,3.3,g,0.11,g,46.0,kcal,193.0,kJ
04104420146600,Alnatura GmbH,Feines Fruchtallerlei 190G,"Zutaten: Äpfel* 72%, Birnen* 14%, Bananen* 7%, Mangos* 7% *aus biologisch-dynamischem Landbau (Anteil: 100%)",,,Obst,190,,Feines Fruchtallerlei 190G,0.2,0.1,4.0,11.5,2.3,11.1,0.4,54,0.4,g,11.1,g,0.004,g,0.1,g,54,kcal,0.2,g,0.1,g,11.5,g,11.1,g,2.3,g,0.4,g,0.01,g,54.0,kcal,228.0,kJ
04104420146747,Alnatura GmbH,Pastinaken-Kartoffeln-Rind 190G,"Zutaten: Pastinaken* 40%, Wasser, Kartoffeln* 20%, Rindfleisch* 8%, Rapsöl* 1,6% *aus Demeter Bio-Landbau (Anteil: 100%)",,,Babymenü,190,,Pastinaken-Kartoffeln-Rind 190G,2.3,0.5,12.0,6.0,1.5,0.6,2.4,57,2.4,g,0.6,g,0.012,g,0.5,g,57,kcal,2.3,g,0.5,g,6.0,g,0.6,g,1.5,g,2.4,g,0.03,g,57.0,kcal,240.0,kJ
04104420146860,Alnatura GmbH,Reissirup 250ML,"Zutaten: Reis* 93%, Wasser *aus biologischer Landwirtschaft.",,,Sirupe/Malze/Melasse,350,,Reissirup 250ML,0.5,0.1,16.0,77.0,0.5,54.0,0.5,308,0.5,g,54.0,g,0.016,g,0.1,g,308,kcal,0.5,g,0.1,g,77.0,g,54.0,g,0.5,g,0.5,g,0.04,g,308.0,kcal,1309.0,kJ
04104420168794,Alnatura GmbH,Karotte-Zucchini-Süßk.-Rind 220G,"Zutaten: Karotten* 46 %, Wasser, Süßkartoffeln** 9 %, Rindfleisch* 8 %, Zucchini* 6 %, Maismehl* 4 %, Lauch* 3 %, Rapsöl* 1,3 % *aus Demeter Bio-Landbau (Anteil: 88 %) **aus biologischer Landwirtschaft",,,Juniormenü,220,,Karotte-Zucchini-Süßk.-Rind 220G,2.1,0.4,20.0,4.9,1.9,2.2,2.5,52,2.5,g,2.2,g,0.02,g,0.4,g,52,kcal,2.1,g,0.4,g,4.9,g,2.2,g,1.9,g,2.5,g,0.05,g,52.0,kcal,219.0,kJ
04104420170179,Alnatura GmbH,Weiße Bohnen 330G,"Zutaten: Weiße Bohnen*, Wasser, Meersalz *aus biologischer Landwirtschaft",,,Gemüsekonserven,330,,Weiße Bohnen 330G,0.6,0.1,200.0,13.0,7.5,1.0,8.1,105,8.1,g,1.0,g,0.2,g,0.1,g,105,kcal,0.6,g,0.1,g,13.0,g,1.0,g,7.5,g,8.1,g,0.5,g,105.0,kcal,441.0,kJ
04104420170544,Alnatura GmbH,"Sekt brut Piccolo 0,2L","Zutaten: Bio Trauben, Säureregulatoren: Weinsäure (L(+)-), Antioxidantien: SULFITE
Enthält Sulfite",,,Schaumweine ES,200,,"Sekt brut Piccolo 0,2L",,,,2.2,,1.3,,70,,g,1.3,g,,g,,g,70,kcal,,g,,g,2.2,g,1.3,g,,g,,g,,g,70.0,kcal,293.0,kJ
04104420171312,Alnatura GmbH,Cashews Thai Curry 100G,"Zutaten: CASHEWNÜSSE* 97 %, Meersalz 1,5 %, Gewürzzubereitung* 1 % (Chilipulver*, CURRYPULVER*, Zwiebelpulver*, Paprikapulver*, Ingwerpulver*, Anis* gemahlen, Rübenzucker*, Apfelfaser*), Zitronenöl* *aus biologischer Landwirtschaft. Kann Spuren von Erdnuss, Soja, Mandel und anderen Nüssen enthalten.",,,salzige Nüsse/Kerne,100,,Cashews Thai Curry 100G,41.0,8.6,480.0,30.0,2.9,9.5,20.0,575,20.0,g,9.5,g,0.48,g,8.6,g,575,kcal,41.0,g,8.6,g,30.0,g,9.5,g,2.9,g,20.0,g,1.2,g,575.0,kcal,2390.0,kJ
04104420172869,Alnatura GmbH,Soja Natur vegan 400G,"Zutaten: Soja Drink* 99 % (Wasser, SOJABOHNEN* geschält 9,2 %), Milchsäurebakterienkulturen *aus biologischer Landwirtschaft",,,veganer Joghurtersat,400,,Soja Natur vegan 400G,2.9,0.4,40.0,0.5,0.5,0.5,4.8,45,4.8,g,0.5,g,0.04,g,0.4,g,45,kcal,2.9,g,0.4,g,0.5,g,0.5,g,0.5,g,4.8,g,0.1,g,45.0,kcal,189.0,kJ
04104420173026,Alnatura GmbH,Gemüsepfanne Provence (TK) 450g,"Zutaten: Karotten* 23%, Paprika* 23%, Champignons* 20%, Brechbohnen* 20%, Zwiebeln* rot 9%, Sonnenblumenöl*, Meersalz, natives Olivenöl extra*, Kartoffelstärke*, Thymian*, Oregano*, Rosmarin*, Pfeffer* *aus biologischer Landwirtschaft
Kann Spuren von Gluten, Soja, Milch und Sellerie enthalten.",,,Halb/Fertigprod TK,450,,Gemüsepfanne Provence (TK) 450g,1.5,0.2,316.0,4.2,2.3,3.1,1.5,41,1.5,g,3.1,g,0.316,g,0.2,g,41,kcal,1.5,g,0.2,g,4.2,g,3.1,g,2.3,g,1.5,g,0.79,g,41.0,kcal,171.0,kJ
04104420173057,Alnatura GmbH,Gemüsepfanne Toskana (TK) 450g,"Zutaten: Karotten* 25%, Brokkoli* glasiert 21% (Brokkoli* 95%, Wasser), Zucchini* 20%, Cherrytomaten* 18%, Zwiebeln* 4%, Oliven* schwarz 2% (Oliven*, Meersalz, Säuerungsmittel: Milchsäure), Sonnenblumenöl*, Basilikum*, natives Olivenöl extra*, Meersalz, Oregano*, Rohrohrzucker*, Maisstärke*, Pfeffer*, Knoblauchpulver* *aus biologischer Landwirtschaft
Kann Spuren von Gluten, Soja, Milch und Sellerie enthalten.",,,Halb/Fertigprod TK,450,,Gemüsepfanne Toskana (TK) 450g,2.5,0.4,320.0,3.2,1.8,2.9,1.4,45,1.4,g,2.9,g,0.32,g,0.4,g,45,kcal,2.5,g,0.4,g,3.2,g,2.9,g,1.8,g,1.4,g,0.8,g,45.0,kcal,185.0,kJ
04104420173194,Alnatura GmbH,Vegane Pastete auf Hefe-Basis Shiit,"Zutaten: Wasser, Sonnenblumenöl*, Shiitake Pilze* 12 %, Kartoffelstärke*, Hefe* getrocknet 7 %, Sonnenblumenkerne* gemahlen, teilentfettet, Meersalz, Zwiebeln* getrocknet, Knoblauchpulver*, Weißer Pfeffer*, Verdickungsmittel: Johannisbrotkernmehl* *aus biologischer Landwirtschaft",,,Fleischersatz Aufstr,125,,Vegane Pastete auf Hefe-Basis Shiit,15.0,1.6,520.0,8.0,3.2,0.8,4.3,191,4.3,g,0.8,g,0.52,g,1.6,g,191,kcal,15.0,g,1.6,g,8.0,g,0.8,g,3.2,g,4.3,g,1.3,g,191.0,kcal,790.0,kJ
04104420173279,Alnatura GmbH,Vegane Pastete auf Hefe-Basis Senf,"Zutaten: Wasser, Sonnenblumenöl*, Senf* 13 % (Wasser, SENFSAAT*, Branntweinessig*, Meersalz, Gewürze*), Kartoffelstärke*, Hefe* getrocknet 8 %, Rucola* 5 %, Sonnenblumenkerne* gemahlen, teilentfettet, Apfelsaftkonzentrat*, Meersalz, SENFSAAT*, Zwiebelpulver*, Verdickungsmittel: Guarkernmehl*, Dill*, Knoblauchpulver*, Kurkuma* *aus biologischer Landwirtschaft.",,,Fleischersatz Aufstr,125,,Vegane Pastete auf Hefe-Basis Senf,18.0,2.0,720.0,9.3,3.5,1.2,5.5,228,5.5,g,1.2,g,0.72,g,2.0,g,228,kcal,18.0,g,2.0,g,9.3,g,1.2,g,3.5,g,5.5,g,1.8,g,228.0,kcal,946.0,kJ
04104420173354,Alnatura GmbH,Vegane Pastete auf Hefe-Basis Olive,"Zutaten: Wasser, Sonnenblumenöl*, Oliven* schwarz 8 % (Oliven*, Meersalz), Hefe* getrocknet 8 %, Kartoffelstärke*, Tomatenmark*, Oliven* grün 4 % (Oliven*, Meersalz), Sonnenblumenkerne* gemahlen, teilentfettet, Apfelsaftkonzentrat*, Meersalz, Gewürze*, Obstessig*, Verdickungsmittel: Johannisbrotkernmehl*, Kräuter* *aus biologischer Landwirtschaft",,,Fleischersatz Aufstr,125,,Vegane Pastete auf Hefe-Basis Olive,17.0,2.0,760.0,11.0,3.1,2.5,4.5,221,4.5,g,2.5,g,0.76,g,2.0,g,221,kcal,17.0,g,2.0,g,11.0,g,2.5,g,3.1,g,4.5,g,1.9,g,221.0,kcal,917.0,kJ
04104420173392,Alnatura GmbH,Vegane Pastete auf Hefe-Basis Kräut,"Zutaten: Wasser, Sonnenblumenöl*, Kartoffelstärke*, Hefe* getrocknet 8 %, Sonnenblumenkerne* gemahlen, teilentfettet, Zwiebelpulver*, Lauch*, Meersalz, Kräuter* getrocknet (Basilikum*, Schnittlauch*, Majoran*), Tomatenmark*, Spinat* getrocknet, Gewürze* *aus biologischer Landwirtschaft.",,,Fleischersatz Aufstr,125,,Vegane Pastete auf Hefe-Basis Kräut,16.0,1.7,480.0,10.0,3.0,0.5,4.5,208,4.5,g,0.5,g,0.48,g,1.7,g,208,kcal,16.0,g,1.7,g,10.0,g,0.5,g,3.0,g,4.5,g,1.2,g,208.0,kcal,863.0,kJ
04104420173439,Alnatura GmbH,Vegane Pastete auf Hefe-Basis Grüne,"Zutaten: Wasser, Sonnenblumenöl*, Kartoffelstärke*, Hefe* getrocknet 8 %, Sonnenblumenkerne* gemahlen, teilentfettet, Grüner Pfeffer* eingelegt 1,8 % (grüne Pfefferkörner*, Meersalz, Essig*), Meersalz, Tomatenmark*, Verdickungsmittel: Johannisbrotkernmehl*, Weißer Pfeffer* *aus biologischer Landwirtschaft.",,,Fleischersatz Aufstr,125,,Vegane Pastete auf Hefe-Basis Grüne,17.0,1.9,640.0,7.5,3.5,0.5,4.0,206,4.0,g,0.5,g,0.64,g,1.9,g,206,kcal,17.0,g,1.9,g,7.5,g,0.5,g,3.5,g,4.0,g,1.6,g,206.0,kcal,853.0,kJ
04104420173477,Alnatura GmbH,Vegane Pastete auf Hefe-Basis Delik,"Zutaten: Wasser, Sonnenblumenöl*, Kartoffelstärke*, Hefe* getrocknet 8 %, Sonnenblumenkerne* gemahlen, teilentfettet, Meersalz, Tomatenmark*, Sojasauce* (Wasser, SOJABOHNEN*, Meersalz), Liebstöckel*, Verdickungsmittel: Johannisbrotkernmehl* *aus biologischer Landwirtschaft.",,,Fleischersatz Aufstr,125,,Vegane Pastete auf Hefe-Basis Delik,17.0,1.9,560.0,7.8,3.0,0.5,4.5,208,4.5,g,0.5,g,0.5599999999999999,g,1.9,g,208,kcal,17.0,g,1.9,g,7.8,g,0.5,g,3.0,g,4.5,g,1.4,g,208.0,kcal,862.0,kJ
04104420173514,Alnatura GmbH,Vegane Pastete auf Hefe-Basis Champ,"Zutaten: Wasser, Champignons* weiß 21 %, Sonnenblumenöl*, Kartoffelstärke*, Hefe* getrocknet 8 %, Sonnenblumenkerne* gemahlen, teilentfettet, Meersalz, Zwiebelpulver*, Verdickungsmittel: Johannisbrotkernmehl*, Zitronensaft* aus Zitronensaftkonzentrat* *aus biologischer Landwirtschaft.",,,Fleischersatz Aufstr,125,,Vegane Pastete auf Hefe-Basis Champ,16.0,1.8,520.0,9.0,3.0,0.8,4.0,202,4.0,g,0.8,g,0.52,g,1.8,g,202,kcal,16.0,g,1.8,g,9.0,g,0.8,g,3.0,g,4.0,g,1.3,g,202.0,kcal,837.0,kJ
04104420174009,Alnatura GmbH,Gojibeeren 100G,"Zutaten: Gojibeeren* *aus biologischer Landwirtschaft. Kann Spuren von Erdnuss, Mandel und Nüssen enthalten.",,,Trockenfrüchte ganz,100,,Gojibeeren 100G,2.8,0.9,292.0,54.0,13.0,54.0,11.0,318,11.0,g,54.0,g,0.292,g,0.9,g,318,kcal,2.8,g,0.9,g,54.0,g,54.0,g,13.0,g,11.0,g,0.73,g,318.0,kcal,1343.0,kJ
04104420174580,Alnatura GmbH,Kokosmus 225G,Zutaten: Kokos* *aus biologischer Landwirtschaft.,,,Nussmuse,225,,Kokosmus 225G,71.0,67.0,12.0,8.9,6.8,4.0,8.0,720,8.0,g,4.0,g,0.012,g,67.0,g,720,kcal,71.0,g,67.0,g,8.9,g,4.0,g,6.8,g,8.0,g,0.03,g,720.0,kcal,2969.0,kJ
04104420174788,Alnatura GmbH,Mandeln gemahlen 150g,Zutaten: MANDELN* *aus biologischer Landwirtschaft. Kann Spuren von Erdnuss und anderen Nüssen enthalten. Kann Schalenbestandteile enthalten.,,,Backzutaten,150,,Mandeln gemahlen 150g,54.0,4.0,4.0,5.4,14.0,3.7,22.0,624,22.0,g,3.7,g,0.004,g,4.0,g,624,kcal,54.0,g,4.0,g,5.4,g,3.7,g,14.0,g,22.0,g,0.01,g,624.0,kcal,2576.0,kJ
04104420174825,Alnatura GmbH,Schafquark Natur 150g,"Zutaten: SCHAFMILCH* pasteurisiert, mikrobielles Lab, Milchsäurekulturen *aus biologischer Landwirtschaft",,,Molk.S&Z Quark,150,,Schafquark Natur 150g,4.5,2.7,60.0,5.1,0.5,5.1,9.7,100,9.7,g,5.1,g,0.06,g,2.7,g,100,kcal,4.5,g,2.7,g,5.1,g,5.1,g,0.5,g,9.7,g,0.15,g,100.0,kcal,418.0,kJ
04104420174887,Alnatura GmbH,Schafjoghurt griechische Art 150g,Zutaten: JOGHURT* AUS SCHAFMILCH* *aus biologischer Landwirtschaft.,,,Molk.S&Z Jog. Natur,150,,Schafjoghurt griechische Art 150g,9.0,6.7,40.0,3.8,0.5,3.8,6.9,125,6.9,g,3.8,g,0.04,g,6.7,g,125,kcal,9.0,g,6.7,g,3.8,g,3.8,g,0.5,g,6.9,g,0.1,g,125.0,kcal,519.0,kJ
04104420174948,Alnatura GmbH,Ziegenjoghurt natur 400g,Zutaten: JOGHURT AUS ZIEGENMILCH* *aus biologischer Landwirtschaft.,,,Molk.S&Z Jog. Natur,400,,Ziegenjoghurt natur 400g,5.5,3.6,40.0,3.3,0.5,3.3,4.7,83,4.7,g,3.3,g,0.04,g,3.6,g,83,kcal,5.5,g,3.6,g,3.3,g,3.3,g,0.5,g,4.7,g,0.1,g,83.0,kcal,344.0,kJ
04104420175112,Alnatura GmbH,*Dinkel Mandel Spekulatius 150G*,"Zutaten: DINKELMEHL*¹ 46 %, BUTTER*, Rohrohrzucker*, MANDELN* blanchiert und gehobelt 5 %, Spekulatiusgewürz* (Zimt*, Nelken*, Sternanis*, Muskat*, Kardamom*), Karamellzuckersirup*, Zimt*, Meersalz, Nelken* *aus biologischer Landwirtschaft ¹DINKEL IST EINE WEIZENART. Kann Spuren von Ei, Soja, anderen Nüssen und Sesam enthalten.",,,Weihn. Zwidu süß,150,,*Dinkel Mandel Spekulatius 150G*,25.0,14.0,56.00000000000001,62.0,3.9,27.0,7.7,512,7.7,g,27.0,g,0.05600000000000001,g,14.0,g,512,kcal,25.0,g,14.0,g,62.0,g,27.0,g,3.9,g,7.7,g,0.14,g,512.0,kcal,2141.0,kJ
04104420177123,Alnatura GmbH,Maronen 100g,Zutaten: Maronen* *aus biologischer Landwirtschaft.,,,Nüsse,100,,Maronen 100g,1.1,0.2,4.0,31.0,6.4,7.3,2.9,160,2.9,g,7.3,g,0.004,g,0.2,g,160,kcal,1.1,g,0.2,g,31.0,g,7.3,g,6.4,g,2.9,g,0.01,g,160.0,kcal,669.0,kJ
04104420177505,Alnatura GmbH,Gemüseaufstrich Tomate Kräuter 135G,"Zutaten: Tomaten* 46 %, Tomatenmark* einfach konzentriert 16 %, Sonnenblumenöl*, Zwiebeln* 10%, Sonnenblumenkerne*, Basilikum* 1,3 %, Kartoffelstärke*, Meersalz, Agavendicksaft*, Knoblauch*, Zitronensaftkonzentrat*, Verdickungsmittel: Johannisbrotkernmehl*, Oregano*, Chili* *aus biologischer Landwirtschaft",,,gemüsebas.Aufstriche,135,,Gemüseaufstrich Tomate Kräuter 135G,16.0,1.7,480.0,7.0,2.2,4.1,3.5,191,3.5,g,4.1,g,0.48,g,1.7,g,191,kcal,16.0,g,1.7,g,7.0,g,4.1,g,2.2,g,3.5,g,1.2,g,191.0,kcal,791.0,kJ
04104420177543,Alnatura GmbH,Gemüseaufstrich Paprika Walnuss 135,"Zutaten: Paprika* rot 29 %, Paprika* rot gegrillt 18 %, Wasser, Zwiebeln* 9 %, Sonnenblumenkerne*, Sonnenblumenöl*, Tomatenmark*, WALNÜSSE* 4 %, Agavendicksaft*, Kartoffelstärke*, Zitronensaftkonzentrat*, Meersalz, Verdickungsmittel: Guarkernmehl*, Paprika* edelsüß, Pfeffer* weiß, Liebstöckel* *aus biologischer Landwirtschaft",,,gemüsebas.Aufstriche,135,,Gemüseaufstrich Paprika Walnuss 135,14.0,1.5,480.0,9.7,3.2,6.5,3.6,186,3.6,g,6.5,g,0.48,g,1.5,g,186,kcal,14.0,g,1.5,g,9.7,g,6.5,g,3.2,g,3.6,g,1.2,g,186.0,kcal,770.0,kJ
04104420177673,Alnatura GmbH,Tahin Sesammus 250G,"Zutaten: SESAM* geröstet und geschält, SESAM* geröstet und ungeschält *aus biologischer Landwirtschaft
Kann Spuren von Erdnuss, Mandel, Haselnuss und Cashewnuss enthalten.",,,Nussmuse,250,,Tahin Sesammus 250G,55.0,8.6,4.0,4.7,12.0,0.5,21.0,622,21.0,g,0.5,g,0.004,g,8.6,g,622,kcal,55.0,g,8.6,g,4.7,g,0.5,g,12.0,g,21.0,g,0.01,g,622.0,kcal,2568.0,kJ
04104420178458,Alnatura GmbH,Soft Tomaten 100g,"Zutaten: Tomaten* getrocknet 92,3%, Meersalz 7,7% *aus biologischer Landwirtschaft.",,,getrocknetes Gemüse,100,,Soft Tomaten 100g,0.6,0.5,3080.0,17.0,11.0,13.0,6.8,123,6.8,g,13.0,g,3.08,g,0.5,g,123,kcal,0.6,g,0.5,g,17.0,g,13.0,g,11.0,g,6.8,g,7.7,g,123.0,kcal,515.0,kJ
04104420178656,Alnatura GmbH,Steirisches Kürbiskernöl g.g.A. 100,,,,Saatenöle,92,,Steirisches Kürbiskernöl g.g.A. 100,91.0,16.0,4.0,0.5,0.5,0.5,0.5,819,0.5,g,0.5,g,0.004,g,16.0,g,819,kcal,91.0,g,16.0,g,0.5,g,0.5,g,0.5,g,0.5,g,0.01,g,819.0,kcal,3367.0,kJ
04104420178816,Alnatura GmbH,Dinkelwaffeln 100G,Zutaten: DINKELVOLLKORN*¹ *aus biologischer Landwirtschaft ¹DINKEL IST EINE WEIZENART.,,,Reis/Getreidewaffeln,100,,Dinkelwaffeln 100G,1.9,0.4,4.0,61.0,11.0,0.8,20.0,363,20.0,g,0.8,g,0.004,g,0.4,g,363,kcal,1.9,g,0.4,g,61.0,g,0.8,g,11.0,g,20.0,g,0.01,g,363.0,kcal,1535.0,kJ
04104420179011,Alnatura GmbH,*Dinkel Osterhasen Kekse 150g*,"Zutaten: DINKELMEHL*¹ 60 %, BUTTER*, Rohrohrzucker*, Honig*, Backtriebmittel: Natriumhydrogencarbonat (Natron), Säuerungsmittel: Monokaliumtartrat (Reinweinstein), Maisstärke*, Meersalz *aus biologischer Landwirtschaft ¹DINKEL IST EINE WEIZENART. Kann Spuren von Ei, Soja, Mandel, Nüssen, Sesam und Lupine enthalten.",,,Ostern Zwidu süß,150,,*Dinkel Osterhasen Kekse 150g*,19.0,12.0,52.0,64.0,2.3,22.0,7.9,463,7.9,g,22.0,g,0.052000000000000005,g,12.0,g,463,kcal,19.0,g,12.0,g,64.0,g,22.0,g,2.3,g,7.9,g,0.13,g,463.0,kcal,1944.0,kJ
04104420179059,Alnatura GmbH,*Nougat Mandeln 100g*,"Zutaten: Vollmilchschokolade* 43 % (Rohrohrzucker*, Kakaobutter*, VOLLMILCHPULVER*, Kakaomasse*), MANDELN* geröstet 34 %, NOUGAT* 21 % (Rohrohrzucker*, HASELNÜSSE*, Kakaomasse*, Kakaobutter*), Rohrohrzucker* 2 % *aus biologischer Landwirtschaft. Kann Spuren von Gluten, Soja und anderen Nüssen enthalten.",,,Ostern Zwidu süß,100,,*Nougat Mandeln 100g*,43.0,15.0,32.0,35.0,7.3,33.0,11.0,586,11.0,g,33.0,g,0.032,g,15.0,g,586,kcal,43.0,g,15.0,g,35.0,g,33.0,g,7.3,g,11.0,g,0.08,g,586.0,kcal,2431.0,kJ
04104420179110,Alnatura GmbH,"*Frühlingstee 20x1,5g 30G*","Zutaten: Zitronengras*, Pfefferminze*, Zitronenmelisse*, Erdbeerblätter*, Brombeerblätter*, Krauseminze*, Fenchel*, Zitronenverbene* *aus biologischer Landwirtschaft.",,,Ostern Warmgetränke,30,,"*Frühlingstee 20x1,5g 30G*",,,,,,,,,,g,,g,,g,,g,,kcal,,g,,g,,g,,g,,g,,g,,g,,kcal,,kJ
04104420179189,Alnatura GmbH,*Mohn Marzipan Konfekt 100g*,"Zutaten: Marzipanrohmasse* 45 % (MANDELN* 52 %, Rohrohrzucker*, Invertzuckersirup*, Wasser), weiße Schokolade* 20 % (Rohrohrzucker*, Kakaobutter*, VOLLMILCHPULVER*), Rohrohrzucker*, Mohn* 7 %, Invertzuckersirup*, Rosenwasser*, Alkohol* 0,4 % *aus biologischer Landwirtschaft. Kann Spuren von Gluten, Soja, Nüssen und Sesam enthalten.",,,Ostern Zwidu süß,100,,*Mohn Marzipan Konfekt 100g*,25.0,7.1,16.0,53.0,4.0,52.0,7.7,476,7.7,g,52.0,g,0.016,g,7.1,g,476,kcal,25.0,g,7.1,g,53.0,g,52.0,g,4.0,g,7.7,g,0.04,g,476.0,kcal,1989.0,kJ
04104420179370,Alnatura GmbH,"Milder Früchte Tee Btl. 20x2,25g 45","Zutaten: Apfel* 30 %, Hagebutte* 26 %, Honigbusch* 22 %, Hibiskus* 11 %, Süßholz*, Rote Bete* *aus biologischer Landwirtschaft",,,Früchtetee im Beutel,45,,"Milder Früchte Tee Btl. 20x2,25g 45",,,,,,,,,,g,,g,,g,,g,,kcal,,g,,g,,g,,g,,g,,g,,g,,kcal,,kJ
04104420179417,Alnatura GmbH,"Hageb. Tee m. Hibiskus Btl. 20x2,25","Zutaten: Hagebutte* 60 %, Hibiskus* 40 % *aus biologischer Landwirtschaft",,,Früchtetee im Beutel,45,,"Hageb. Tee m. Hibiskus Btl. 20x2,25",,,,,,,,,,g,,g,,g,,g,,kcal,,g,,g,,g,,g,,g,,g,,g,,kcal,,kJ
04104420179455,Alnatura GmbH,"Fenchel Tee Btl. 20x2,25g 45g",Zutaten: Fenchel* *aus biologischer Landwirtschaft,,,Kräutertee im Beutel,45,,"Fenchel Tee Btl. 20x2,25g 45g",,,,,,,,,,g,,g,,g,,g,,kcal,,g,,g,,g,,g,,g,,g,,g,,kcal,,kJ
04104420179493,Alnatura GmbH,"Fenchel Anis Kümmel Tee Btl.20x2,25","Zutaten: Fenchel* 70 %, Anis* 15 %, Kümmel* 15 % *aus biologischer Landwirtschaft",,,Kräutertee im Beutel,45,,"Fenchel Anis Kümmel Tee Btl.20x2,25",,,,,,,,,,g,,g,,g,,g,,kcal,,g,,g,,g,,g,,g,,g,,g,,kcal,,kJ
04104420179530,Alnatura GmbH,"Fen.Anis Kümmel Tee Btl.50x2,25g 11","Zutaten: Fenchel* 70 %, Anis* 15 %, Kümmel* 15 % *aus biologischer Landwirtschaft",,,Kräutertee im Beutel,112.5,,"Fen.Anis Kümmel Tee Btl.50x2,25g 11",,,,,,,,,,g,,g,,g,,g,,kcal,,g,,g,,g,,g,,g,,g,,g,,kcal,,kJ
04104420179677,Alnatura GmbH,Milder Apfelsaft naturtrüb 1L,Zutaten: Apfelsaft* *aus biologischer Landwirtschaft.,,,Obstsäfte mono,1005,,Milder Apfelsaft naturtrüb 1L,0.5,0.1,4.0,10.0,0.5,9.7,0.5,40,0.5,g,9.7,g,0.004,g,0.1,g,40,kcal,0.5,g,0.1,g,10.0,g,9.7,g,0.5,g,0.5,g,0.01,g,40.0,kcal,170.0,kJ
04104420179721,Alnatura GmbH,Mandelmus braun 250G,"Zutaten: MANDELN* ungeschält *aus biologischer Landwirtschaft
Kann Spuren von Nüssen enthalten.",,,Nussmuse,250,,Mandelmus braun 250G,53.0,4.7,4.0,4.9,13.0,4.4,25.0,623,25.0,g,4.4,g,0.004,g,4.7,g,623,kcal,53.0,g,4.7,g,4.9,g,4.4,g,13.0,g,25.0,g,0.01,g,623.0,kcal,2573.0,kJ
04104420179899,Alnatura GmbH,"Weidemilch Joghurt Natur 3,8% 500G",,,,Jog natur Becher,500,,"Weidemilch Joghurt Natur 3,8% 500G",3.8,2.5,48.0,3.6,0.0,3.6,4.2,65,4.2,g,3.6,g,0.048,g,2.5,g,65,kcal,3.8,g,2.5,g,3.6,g,3.6,g,0.0,g,4.2,g,0.12,g,65.0,kcal,273.0,kJ
04104420180338,Alnatura GmbH,Basis Müsli 750G,"Zutaten: HAFERVOLLKORNFLOCKEN*, GERSTENVOLLKORNFLOCKEN* 20%, ROGGENVOLLKORNFLOCKEN* 12%, Sonnenblumenkerne* 4,5%, DINKELVOLLKORNFLOCKEN*¹, Leinsamen* 2%, SESAM* geröstet, Amaranth* gepufft, Kürbiskerne* 1,5 % *aus biologischer Landwirtschaft ¹Dinkel ist eine Weizenart. Kann Spuren von Soja, Milch, Mandel und Nüssen enthalten.",,,Müslis,750,,Basis Müsli 750G,8.8,1.5,12.0,55.0,11.0,1.1,13.0,373,13.0,g,1.1,g,0.012,g,1.5,g,373,kcal,8.8,g,1.5,g,55.0,g,1.1,g,11.0,g,13.0,g,0.03,g,373.0,kcal,1570.0,kJ
04104420180369,Alnatura GmbH,Beeren Müsli 750G,"Zutaten: HAFERVOLLKORNFLOCKEN*, Beerenmischung* (Rosinen* getrocknet und geölt 19,5% (Rosinen* 99,5%, Sonnenblumenöl*), Erdbeeren* gefriergetrocknet, Himbeeren* gefriergetrocknet, rote Johannisbeeren* gefriergetrocknet), GERSTENFLAKES*, Apfelstücke* getrocknet, Buchweizen*, Sonnenblumenkerne* *aus biologischer Landwirtschaft. Kann Spuren von Soja, Milch, Mandel, Nüssen und Sesam enthalten.",,,Müslis,750,,Beeren Müsli 750G,6.5,1.1,8.0,61.0,9.4,18.0,11.0,365,11.0,g,18.0,g,0.008,g,1.1,g,365,kcal,6.5,g,1.1,g,61.0,g,18.0,g,9.4,g,11.0,g,0.02,g,365.0,kcal,1540.0,kJ
04104420180420,Alnatura GmbH,Früchte Müsli 750G,"Zutaten: Trockenfrüchte* (Sultaninen* geölt (Sultaninen* 99,5%, Sonnenblumenöl*), Weinbeeren* geölt (Weinbeeren* 99,5%, Sonnenblumenöl*), Feigenstücke* (Feigen*, Reismehl*), Aprikosenstücke* (Aprikosen*, Reismehl*), Apfelstücke*), WEIZENVOLLKORNFLOCKEN*, HAFERVOLLKORNFLOCKEN* * aus biologischer Landwirtschaft. Kann Spuren von Soja, Milch, Mandel, Nüssen, Sesam und Lupine enthalten.",,,Müslis,750,,Früchte Müsli 750G,3.0,0.6,16.0,60.0,11.0,25.0,7.8,320,7.8,g,25.0,g,0.016,g,0.6,g,320,kcal,3.0,g,0.6,g,60.0,g,25.0,g,11.0,g,7.8,g,0.04,g,320.0,kcal,1352.0,kJ
04104420180451,Alnatura GmbH,Kreuzkümmel gemahlen 40G,Zutaten: Kreuzkümmel* *aus biologischer Landwirtschaft. Kann Spuren von Sellerie und Senf enthalten.,,,Gewürze mono,40,,Kreuzkümmel gemahlen 40G,,,,,,,,,,g,,g,,g,,g,,kcal,,g,,g,,g,,g,,g,,g,,g,,kcal,,kJ
04104420180499,Alnatura GmbH,Kurkuma gemahlen 60G,"Zutaten: Kurkuma* *aus biologischer Landwirtschaft
Kann Spuren von Senf enthalten.",,,Gewürze mono,60,,Kurkuma gemahlen 60G,,,,,,,,,,g,,g,,g,,g,,kcal,,g,,g,,g,,g,,g,,g,,g,,kcal,,kJ
04104420180741,Alnatura GmbH,"Pfandglas MoPro 0,15 EUR",,,,"Pfandglas MoPro 0,15 EUR",,,"Pfandglas MoPro 0,15 EUR",,,,,,,,,,g,,g,,g,,g,,kcal,,g,,g,,g,,g,,g,,g,,g,,kcal,,kJ
04104420180758,Alnatura GmbH,"Pfand Kiste 1,50 EUR 7 %",,,,"Pfand Kiste 1,50 EUR 7 %",,,"Pfand Kiste 1,50 EUR 7 %",,,,,,,,,,g,,g,,g,,g,,kcal,,g,,g,,g,,g,,g,,g,,g,,kcal,,kJ
04104420180833,Alnatura GmbH,Kokosöl nativ 220ML,,,,sonstige Öle & Fette,205,,Kokosöl nativ 220ML,92.0,87.0,4.0,0.5,0.5,0.5,0.5,828,0.5,g,0.5,g,0.004,g,87.0,g,828,kcal,92.0,g,87.0,g,0.5,g,0.5,g,0.5,g,0.5,g,0.01,g,828.0,kcal,3404.0,kJ
04104420180918,Alnatura GmbH,Tomatenmark in der Tube 200G,Zutaten: Tomaten* *aus biologischer Landwirtschaft.,,,Tomatenmark/Passata,200,,Tomatenmark in der Tube 200G,0.5,0.1,24.0,19.0,3.7,13.0,4.9,113,4.9,g,13.0,g,0.024,g,0.1,g,113,kcal,0.5,g,0.1,g,19.0,g,13.0,g,3.7,g,4.9,g,0.06,g,113.0,kcal,478.0,kJ
04104420181250,Alnatura GmbH,Rostbratwürstchen 180G,"Zutaten: Schweinefleisch* 97%, Steinsalz, Gewürze*, Schafsaitling *aus biologischer Landwirtschaft.",,,Brühwurst,180,,Rostbratwürstchen 180G,21.0,8.5,600.0,1.2,0.6,0.5,18.0,267,18.0,g,0.5,g,0.6,g,8.5,g,267,kcal,21.0,g,8.5,g,1.2,g,0.5,g,0.6,g,18.0,g,1.5,g,267.0,kcal,1108.0,kJ
04104420181380,Alnatura GmbH,Flohsamenschalen 200g,Kann Spuren von Gluten und Sesam enthalten.,,,Superfood M. & D.,200,,Flohsamenschalen 200g,0.7,0.2,60.0,12.0,79.0,0.5,2.3,222,2.3,g,0.5,g,0.06,g,0.2,g,222,kcal,0.7,g,0.2,g,12.0,g,0.5,g,79.0,g,2.3,g,0.15,g,222.0,kcal,901.0,kJ
04104420181427,Alnatura GmbH,Kokosmehl 300G,"Zutaten: Kokosmehl* teilentfettet *aus biologischer Landwirtschaft
Kann Spuren von Soja, Mandel, Nüssen, Sesam und Lupine enthalten.",,,Spezialmehle,300,,Kokosmehl 300G,14.0,13.0,36.0,20.0,35.0,18.0,21.0,360,21.0,g,18.0,g,0.036,g,13.0,g,360,kcal,14.0,g,13.0,g,20.0,g,18.0,g,35.0,g,21.0,g,0.09,g,360.0,kcal,1495.0,kJ
04104420181489,Alnatura GmbH,Sojamehl 300G,"Zutaten: SOJAMEHL* getoastet *aus biologischer Landwirtschaft
Kann Spuren von Mandel, Nüssen, Sesam und Lupine enthalten.",,,Spezialmehle,300,,Sojamehl 300G,21.0,2.9,4.0,7.0,19.0,3.0,41.0,419,41.0,g,3.0,g,0.004,g,2.9,g,419,kcal,21.0,g,2.9,g,7.0,g,3.0,g,19.0,g,41.0,g,0.01,g,419.0,kcal,1745.0,kJ
04104420181670,Alnatura GmbH,Cashewmus 250G,"Zutaten: CASHEWNÜSSE* geröstet *aus biologischer Landwirtschaft
Kann Spuren von Erdnuss, Mandel, Haselnuss und Sesam enthalten.",,,Nussmuse,250,,Cashewmus 250G,49.0,8.6,12.0,21.0,8.2,5.1,18.0,613,18.0,g,5.1,g,0.012,g,8.6,g,613,kcal,49.0,g,8.6,g,21.0,g,5.1,g,8.2,g,18.0,g,0.03,g,613.0,kcal,2542.0,kJ
04104420182080,Alnatura GmbH,Frischkäse Natur 175G,"Zutaten: FRISCHKÄSE* (MILCH*, mikrobielles Lab, Milchsäurekulturen), Meersalz *aus biologischer Landwirtschaft",,,Frischkäse,175,,Frischkäse Natur 175G,24.0,16.0,320.0,2.3,0.5,2.3,5.0,245,5.0,g,2.3,g,0.32,g,16.0,g,245,kcal,24.0,g,16.0,g,2.3,g,2.3,g,0.5,g,5.0,g,0.8,g,245.0,kcal,1012.0,kJ
04104420182127,Alnatura GmbH,Frischkäse Kräuter 175G,"Zutaten: FRISCHKÄSE* (MILCH*, mikrobielles Lab, Milchsäurekulturen), Knoblauchpaste* (Knoblauch*, Zitronensaft*, Speisesalz), Meersalz, Schnittlauch*, Zwiebeln*, Dill*, Rosmarin*, Basilikum*, Majoran*, Oregano*, Petersilie*, Thymian* *aus biologischer Landwirtschaft",,,Frischkäse,175,,Frischkäse Kräuter 175G,23.0,16.0,340.0,2.8,0.5,2.5,5.1,240,5.1,g,2.5,g,0.33999999999999997,g,16.0,g,240,kcal,23.0,g,16.0,g,2.8,g,2.5,g,0.5,g,5.1,g,0.85,g,240.0,kcal,993.0,kJ
04104420182240,Alnatura GmbH,Kartoffelknödel 225G,"Zutaten: Kartoffeln* 72 %, Kartoffelstärke*, Meersalz, Sonnenblumenöl*, Zwiebelpulver*, Muskatnuss*, Kurkuma*, Liebstockwurzel* *aus biologischer Landwirtschaft
Kann Spuren von Gluten und Milch enthalten.",,,Kartoffelprodukte,225,,Kartoffelknödel 225G,0.5,0.1,352.0,24.0,1.8,0.5,1.5,106,1.5,g,0.5,g,0.352,g,0.1,g,106,kcal,0.5,g,0.1,g,24.0,g,0.5,g,1.8,g,1.5,g,0.88,g,106.0,kcal,448.0,kJ
04104420182554,Alnatura GmbH,Linsen Dal Aufstrich 115g,"Zutaten: Rote Linsen* gekocht (Wasser, rote Linsen*) 39 %, Tomaten* passiert, Wasser, Zwiebeln*, Kokosöl*, Kokosraspel*, Tomatenmark* zweifach konzentriert, Meersalz, Zitronensaft*, Kreuzkümmel*, Chili* *aus biologischer Landwirtschaft. Kann Spuren von Cashewnuss enthalten.",,,Hülsenfr bas. Aufstr,115,,Linsen Dal Aufstrich 115g,9.5,8.7,480.0,6.6,2.5,1.8,3.4,131,3.4,g,1.8,g,0.48,g,8.7,g,131,kcal,9.5,g,8.7,g,6.6,g,1.8,g,2.5,g,3.4,g,1.2,g,131.0,kcal,542.0,kJ
04104420182844,Alnatura GmbH,Dattelsirup 180ML,,,,Sirupe/Malze/Melasse,250,,Dattelsirup 180ML,0.5,0.1,132.0,69.0,1.9,64.0,1.2,285,1.2,g,64.0,g,0.132,g,0.1,g,285,kcal,0.5,g,0.1,g,69.0,g,64.0,g,1.9,g,1.2,g,0.33,g,285.0,kcal,1209.0,kJ
04104420182882,Alnatura GmbH,Bruderhahn Eier 6er,,,,Eier gepackt,377,,Bruderhahn Eier 6er,,,,,,,,,,g,,g,,g,,g,,kcal,,g,,g,,g,,g,,g,,g,,g,,kcal,,kJ
04104420182929,Alnatura GmbH,Bruderhahn Eier 10er,,,,Eier gepackt,629,,Bruderhahn Eier 10er,,,,,,,,,,g,,g,,g,,g,,kcal,,g,,g,,g,,g,,g,,g,,g,,kcal,,kJ
04104420182967,Alnatura GmbH,Dinkel Kekse 125G,"Zutaten: DINKELVOLLKORNMEHL*¹ 52%, Agavendicksaft* 19%, Palmöl*, HAFERVOLLKORNMEHL* 9%, Maisstärke*, DINKELMEHL*¹ Type 1050 (7%), Kokosraspel*, Säuerungsmittel: Monokaliumtartrat (Reinweinstein), Backtriebmittel: Natriumhydrogencarbonat (Natron), Ceylon-Zimt*, Thiamin (Vitamin B1) *aus biologischer Landwirtschaft ¹DINKEL IST EINE URWEIZENART
Kann Spuren von Ei, Soja, Milch, Mandel, Nüssen, Sellerie und Sesam enthalten.",,,Knabberprodukte,125,,Dinkel Kekse 125G,13.8,6.5,128.0,64.3,6.1,14.4,8.6,428,8.6,g,14.4,g,0.128,g,6.5,g,428,kcal,13.8,g,6.5,g,64.3,g,14.4,g,6.1,g,8.6,g,0.32,g,428.0,kcal,1799.0,kJ
04104420182998,Alnatura GmbH,Weizen 1.000G,"Zutaten: WEIZEN* *aus biologischer Landwirtschaft
Kann Spuren von Soja, Milch, Mandel, Nüssen, Sellerie und Sesam enthalten.",,,Getreide ganz Natur,1000,,Weizen 1.000G,1.8,0.3,8.0,60.0,13.0,0.7,11.0,326,11.0,g,0.7,g,0.008,g,0.3,g,326,kcal,1.8,g,0.3,g,60.0,g,0.7,g,13.0,g,11.0,g,0.02,g,326.0,kcal,1378.0,kJ
04104420183063,Alnatura GmbH,Panna Cotta 130g,"Zutaten: Panna Cotta* 77 % (MAGERMILCH* 57 %, SAHNE* 35 %, Rohrohrzucker*, Reisstärke*, MILCHPROTEIN*, Verdickungsmittel: Agar-Agar*, Meersalz), Himbeersauce* 23 % (Himbeeren* 42 %, Rohrohrzucker*, Wasser, Reisstärke*, Zitronensaftkonzentrat*) *aus biologischer Landwirtschaft",,,Desserts,130,,Panna Cotta 130g,9.2,5.5,44.0,19.0,0.9,17.0,2.4,170,2.4,g,17.0,g,0.044,g,5.5,g,170,kcal,9.2,g,5.5,g,19.0,g,17.0,g,0.9,g,2.4,g,0.11,g,170.0,kcal,711.0,kJ
04104420183094,Alnatura GmbH,Kokos Chips geröstet 100G,"Zutaten: Kokos* *aus biologischer Landwirtschaft. Kann Spuren von Erdnuss, Mandel und Nüssen enthalten.",,,Tro Früchte verarb,100,,Kokos Chips geröstet 100G,62.0,58.0,36.0,7.5,15.0,6.6,7.8,649,7.8,g,6.6,g,0.036,g,58.0,g,649,kcal,62.0,g,58.0,g,7.5,g,6.6,g,15.0,g,7.8,g,0.09,g,649.0,kcal,2674.0,kJ
04104420183384,Alnatura GmbH,Crema con Aceto Balsamico 250ML,"Zutaten: Traubenmost*¹ konzentriert, Aceto Balsamico di Modena g.g.A.* 23 % (Weinessig*¹, Traubenmost*¹ konzentriert), Verdickungsmittel: Maisstärke* *aus biologischer Landwirtschaft ¹ENTHÄLT SULFITE.",,,Crema di Balsamico,311.1,,Crema con Aceto Balsamico 250ML,0.5,0.1,40.0,59.0,0.6,53.0,1.0,251,1.0,g,53.0,g,0.04,g,0.1,g,251,kcal,0.5,g,0.1,g,59.0,g,53.0,g,0.6,g,1.0,g,0.1,g,251.0,kcal,1068.0,kJ
04104420183995,Alnatura GmbH,Hefewürfel 42g,Zutaten: Backhefe* *aus biologischer Landwirtschaft . Kann Spuren von Gluten enthalten.,,,Sonstige Kühlprodukt,42,,Hefewürfel 42g,,,,,,,,,,g,,g,,g,,g,,kcal,,g,,g,,g,,g,,g,,g,,g,,kcal,,kJ
04104420184497,Alnatura GmbH,Quinoaflocken 250G,"Zutaten: Quinoaflocken* *aus biologischer Landwirtschaft
Kann Spuren von Soja, Milch, Mandel, Nüssen, Sesam und Lupine enthalten.",,,Flocken/Flockenmisch,250,,Quinoaflocken 250G,5.0,0.5,8.0,59.0,6.6,0.5,15.0,354,15.0,g,0.5,g,0.008,g,0.5,g,354,kcal,5.0,g,0.5,g,59.0,g,0.5,g,6.6,g,15.0,g,0.02,g,354.0,kcal,1496.0,kJ
04104420184954,Alnatura GmbH,"Merlot Italien 0,75L",Enthält Sulfite,,,Rotweine I,750,,"Merlot Italien 0,75L",,,,,,,,,,g,,g,,g,,g,,kcal,,g,,g,,g,,g,,g,,g,,g,,kcal,,kJ
04104420185074,Alnatura GmbH,"La Mancha Tinto 0,75L","Zutaten: Bio Trauben, Antioxidantien: SULFITE
Enthält Sulfite",,,Rotweine ES,750,,"La Mancha Tinto 0,75L",,,,0.3,,0.1,,72,,g,0.1,g,,g,,g,72,kcal,,g,,g,0.3,g,0.1,g,,g,,g,,g,72.0,kcal,300.0,kJ
04104420185111,Alnatura GmbH,La Mancha Tinto 250ML,"Zutaten: Bio Trauben, Antioxidantien: SULFITE
Enthält Sulfite",,,Rotweine ES,250,,La Mancha Tinto 250ML,,,,0.3,,0.1,,72,,g,0.1,g,,g,,g,72,kcal,,g,,g,0.3,g,0.1,g,,g,,g,,g,72.0,kcal,300.0,kJ
04104420185159,Alnatura GmbH,"Monastrell 0,75L","Zutaten: Bio Trauben, Antioxidantien: SULFITE
Enthält Sulfite",,,Rotweine ES,750,,"Monastrell 0,75L",,,,1.5,,0.5,,84,,g,0.5,g,,g,,g,84,kcal,,g,,g,1.5,g,0.5,g,,g,,g,,g,84.0,kcal,352.0,kJ
04104420185197,Alnatura GmbH,"Navarra Tempranillo Merlot 0,75L",Enthält Sulfite,,,Rotweine ES,750,,"Navarra Tempranillo Merlot 0,75L",,,,,,,,,,g,,g,,g,,g,,kcal,,g,,g,,g,,g,,g,,g,,g,,kcal,,kJ
04104420185432,Alnatura GmbH,"Chardonnay 0,75L",Enthält Sulfite,,,Weißweine I,750,,"Chardonnay 0,75L",,,,,,,,,,g,,g,,g,,g,,kcal,,g,,g,,g,,g,,g,,g,,g,,kcal,,kJ
04104420185470,Alnatura GmbH,"Pinot Grigio 0,75L","Zutaten: Demeter-Trauben, Antioxidantien: SULFITE
Enthält Sulfite",,,Weißweine I,750,,"Pinot Grigio 0,75L",,,,1.6,,0.6,,73,,g,0.6,g,,g,,g,73,kcal,,g,,g,1.6,g,0.6,g,,g,,g,,g,73.0,kcal,306.0,kJ
04104420185555,Alnatura GmbH,La Mancha Blanco 250ML,Enthält Sulfite,,,Weißweine ES,250,,La Mancha Blanco 250ML,,,,,,,,,,g,,g,,g,,g,,kcal,,g,,g,,g,,g,,g,,g,,g,,kcal,,kJ
04104420185838,Alnatura GmbH,Bruderhahn Eier 6er,,,,Eier gepackt,377,,Bruderhahn Eier 6er,,,,,,,,,,g,,g,,g,,g,,kcal,,g,,g,,g,,g,,g,,g,,g,,kcal,,kJ
04104420186057,Alnatura GmbH,Hanfsamen geschält 200G,"Kann Spuren von Gluten, Erdnuss, Soja, Mandel, Nüssen und Sesam enthalten.",,,Ölsaaten & Samen,200,,Hanfsamen geschält 200G,52.0,5.4,8.0,5.4,6.2,1.8,32.0,630,32.0,g,1.8,g,0.008,g,5.4,g,630,kcal,52.0,g,5.4,g,5.4,g,1.8,g,6.2,g,32.0,g,0.02,g,630.0,kcal,2609.0,kJ
04104420186194,Alnatura GmbH,Dinkel Drink Natur 1L,"Zutaten: Wasser, DINKELVOLLKORN*¹ 11 %, Sonnenblumenöl*, Meersalz *aus biologischer Landwirtschaft ¹Dinkel ist eine WEIZENART",,,Getreidedrinks,1001,,Dinkel Drink Natur 1L,1.5,0.2,52.0,6.2,0.5,5.7,0.8,42,0.8,g,5.7,g,0.052000000000000005,g,0.2,g,42,kcal,1.5,g,0.2,g,6.2,g,5.7,g,0.5,g,0.8,g,0.13,g,42.0,kcal,175.0,kJ
04104420186279,Alnatura GmbH,Hafer Drink Natur 1L,"Zutaten: Wasser, HAFERVOLLKORN* 11 %, Sonnenblumenöl*, Meersalz *aus biologischer Landwirtschaft",,,Getreidedrinks,1000,,Hafer Drink Natur 1L,1.4,0.2,52.0,6.0,0.5,5.2,0.6,39,0.6,g,5.2,g,0.052000000000000005,g,0.2,g,39,kcal,1.4,g,0.2,g,6.0,g,5.2,g,0.5,g,0.6,g,0.13,g,39.0,kcal,164.0,kJ
04104420186316,Alnatura GmbH,Mandel Drink Natur 1L,"Zutaten: Wasser, MANDELN* 7 %, Meersalz *aus biologischer Landwirtschaft",,,Nussdrinks,1001,,Mandel Drink Natur 1L,3.3,0.3,56.00000000000001,0.5,0.7,0.5,1.1,36,1.1,g,0.5,g,0.05600000000000001,g,0.3,g,36,kcal,3.3,g,0.3,g,0.5,g,0.5,g,0.7,g,1.1,g,0.14,g,36.0,kcal,146.0,kJ
04104420186439,Alnatura GmbH,Gemüsestäbchen (TK) 300g,"Zutaten: Karotten* 19%, WEIZENMEHL*, Wasser, Brokkoli* 12 %, Mais* 12%, Sonnenblumenöl*, Kartoffeln* 7%, SELLERIE* 5%, EDAMER* 4,5 %, Kartoffelflocken*, Speisesalz, Reismehl*, Gewürze* (Paprika*, Kurkuma*, Muskatnuss*), Hefe*, Pastinakenpulver*, Zwiebelpulver*, Olivenöl* *aus biologischer Landwirtschaft
Kann Spuren von Ei, Soja und Senf enthalten.",,,Halb/Fertigprod TK,300,,Gemüsestäbchen (TK) 300g,8.4,1.6,356.0,21.0,2.1,2.3,4.4,181,4.4,g,2.3,g,0.356,g,1.6,g,181,kcal,8.4,g,1.6,g,21.0,g,2.3,g,2.1,g,4.4,g,0.89,g,181.0,kcal,759.0,kJ
04104420186477,Alnatura GmbH,Dinkelsemmelbrösel 200G,"Zutaten: DINKELMEHL*¹, Hefe* *aus biologischer Landwirtschaft ¹DINKEL IST EINE WEIZENART. Kann Spuren von Soja, Milch, Mandel, Nüssen, Sesam und Lupine enthalten.",,,Semmel/Paniermehl,200,,Dinkelsemmelbrösel 200G,1.1,0.7,4.0,74.0,4.0,4.2,11.0,358,11.0,g,4.2,g,0.004,g,0.7,g,358,kcal,1.1,g,0.7,g,74.0,g,4.2,g,4.0,g,11.0,g,0.01,g,358.0,kcal,1518.0,kJ
04104420186866,Alnatura GmbH,Pastinaken-Zucchini-Blumenk. 190G,"Zutaten: Pastinaken* 59 %, Wasser, Zucchini* 11 %, Blumenkohl* 11 %, Rapsöl* 1,7 % *aus Demeter Bio-Landbau (100%)",,,Gemüse,190,,Pastinaken-Zucchini-Blumenk. 190G,2.8,0.2,4.0,6.6,2.4,2.9,0.9,60,0.9,g,2.9,g,0.004,g,0.2,g,60,kcal,2.8,g,0.2,g,6.6,g,2.9,g,2.4,g,0.9,g,0.01,g,60.0,kcal,250.0,kJ
04104420186903,Alnatura GmbH,Vanille Pudding 150G,"Zutaten: VOLLMILCH* 88%, Rübenzucker*, Stärke*, Verdickungsmittel: Johannisbrotkernmehl*, Bourbonvanilleextrakt* 0,1%, färbendes Lebensmittel: Karottensaftkonzentrat* und Kurkuma*, Vanillepulver* 0,01% *aus biologischer Landwirtschaft",,,Desserts,150,,Vanille Pudding 150G,3.1,2.1,60.0,15.0,0.5,11.0,2.7,99,2.7,g,11.0,g,0.06,g,2.1,g,99,kcal,3.1,g,2.1,g,15.0,g,11.0,g,0.5,g,2.7,g,0.15,g,99.0,kcal,416.0,kJ
04104420187054,Alnatura GmbH,Hinterschinken gekocht 80G,"Zutaten: Schweinefleisch*, Meersalz, Gewürze*, Maltodextrin*, Antioxidationsmittel: Natriumascorbat, Konservierungsstoff: Natriumnitrit *aus biologischer Landwirtschaft.",,,Schinken und Speck,80,,Hinterschinken gekocht 80G,1.3,0.4,840.0,0.5,0.0,0.5,20.0,92,20.0,g,0.5,g,0.8400000000000001,g,0.4,g,92,kcal,1.3,g,0.4,g,0.5,g,0.5,g,0.0,g,20.0,g,2.1,g,92.0,kcal,388.0,kJ
04104420187214,Alnatura GmbH,Lachsschinken 80G,"Zutaten: Schweinefleisch*, Steinsalz, Gewürze*, Rübenzucker*, Reifekulturen, Buchenholzrauch *aus biologischer Landwirtschaft
Kann Spuren von Senf enthalten.",,,Schinken und Speck,80,,Lachsschinken 80G,3.4,1.5,1440.0,1.0,,0.5,28.0,147,28.0,g,0.5,g,1.44,g,1.5,g,147,kcal,3.4,g,1.5,g,1.0,g,0.5,g,,g,28.0,g,3.6,g,147.0,kcal,619.0,kJ
04104420187290,Alnatura,Alnatura Sommersalami 80G,"Zutaten: Schweinefleisch* 64%, Rindfleisch* 19%, Schweinespeck*, Steinsalz, Gewürze*, Rübenzucker*, Reifekulturen, Buchenholzrauch *aus biologischer Landwirtschaft 100g Salami werden aus 108g Schweinefleisch und 27g Rindfleisch hergestellt. Kann Spuren von Senf enthalten.",,,Salami,80,,Alnatura Sommersalami 80G,30.0,13.0,1680.0,1.4,,0.5,24.0,372,24.0,g,0.5,g,1.6800000000000002,g,13.0,g,372,kcal,30.0,g,13.0,g,1.4,g,0.5,g,,g,24.0,g,4.2,g,372.0,kcal,1542.0,kJ
04104420187337,Alnatura GmbH,Landsalami luftgetrocknet 80G,"Zutaten: Schweinefleisch*, Steinsalz, Gewürze* (enthalten SENF), Rohrzucker*, Rübenzucker*, Reifekulturen *aus biologischer Landwirtschaft",,,Salami,80,,Landsalami luftgetrocknet 80G,34.0,14.0,1600.0,1.0,,0.5,29.0,426,29.0,g,0.5,g,1.6,g,14.0,g,426,kcal,34.0,g,14.0,g,1.0,g,0.5,g,,g,29.0,g,4.0,g,426.0,kcal,1768.0,kJ
04104420187375,Alnatura GmbH,Rindersalami 80G,"Zutaten: Rindfleisch** 96%, Steinsalz, Gewürze*, Rübenzucker**, Reifekulturen, Buchenholzrauch *aus biologischer Landwirtschaft **aus Demeter Bio-Landbau
Kann Spuren von Senf enthalten.",,,Salami,80,,Rindersalami 80G,29.0,13.0,1600.0,1.2,,0.5,27.0,374,27.0,g,0.5,g,1.6,g,13.0,g,374,kcal,29.0,g,13.0,g,1.2,g,0.5,g,,g,27.0,g,4.0,g,374.0,kcal,1552.0,kJ
04104420187412,Alnatura GmbH,Rinderschinken 80G,"Zutaten: Rindfleisch*, Steinsalz, Gewürze**, Rübenzucker*, Reifekulturen, Buchholzrauch *aus biodynamischem Landbau **aus kontrolliert biologischer Landwirtschaft 100g Rindersalami werden aus 135g Rindfleisch hergestellt. Kann Spuren von Senf enthalten.",,,Schinken und Speck,80,,Rinderschinken 80G,1.1,0.7,2000.0,2.0,,0.5,35.0,160,35.0,g,0.5,g,2.0,g,0.7,g,160,kcal,1.1,g,0.7,g,2.0,g,0.5,g,,g,35.0,g,5.0,g,160.0,kcal,677.0,kJ
04104420187894,Alnatura GmbH,Kidney Bohnen 400G,,,,Gemüsekonserven,400,,Kidney Bohnen 400G,0.5,0.1,140.0,13.0,6.4,0.5,7.7,96,7.7,g,0.5,g,0.13999999999999999,g,0.1,g,96,kcal,0.5,g,0.1,g,13.0,g,0.5,g,6.4,g,7.7,g,0.35,g,96.0,kcal,403.0,kJ
04104420187931,Alnatura GmbH,Linsen 400G,"Zutaten: Linsen*, Wasser, Meersalz *aus biologischer Landwirtschaft.",,,Gemüsekonserven,400,,Linsen 400G,0.5,0.1,140.0,13.0,4.6,0.5,7.7,92,7.7,g,0.5,g,0.13999999999999999,g,0.1,g,92,kcal,0.5,g,0.1,g,13.0,g,0.5,g,4.6,g,7.7,g,0.35,g,92.0,kcal,389.0,kJ
04104420187979,Alnatura GmbH,Weiße Bohnen 400G,"Zutaten: Cannellini-Bohnen*, Wasser, Meersalz *aus biologischer Landwirtschaft",,,Gemüsekonserven,400,,Weiße Bohnen 400G,0.5,0.1,140.0,13.0,5.9,1.2,6.4,89,6.4,g,1.2,g,0.13999999999999999,g,0.1,g,89,kcal,0.5,g,0.1,g,13.0,g,1.2,g,5.9,g,6.4,g,0.35,g,89.0,kcal,377.0,kJ
04104420188174,Alnatura GmbH,"Reiswaffeln Rote Bete Apfel 23,5G","Zutaten: Reis* 85 %, Rote-Bete-Pulver* 10,5 %, Apfelsaftkonzentrat* 4,5 % *aus biologischer Landwirtschaft. Kann Spuren von Soja und Milch enthalten.",,,Reis/Getr waffel süß,23.5,,"Reiswaffeln Rote Bete Apfel 23,5G",1.8,0.6,32.0,81.0,2.2,13.0,6.9,372,6.9,g,13.0,g,0.032,g,0.6,g,372,kcal,1.8,g,0.6,g,81.0,g,13.0,g,2.2,g,6.9,g,0.08,g,372.0,kcal,1579.0,kJ
04104420202832,Alnatura GmbH,Kurkuma Zimt Tee Btl. 20x2g 40g,"Zutaten: Kurkuma* 54 %, Zimt* 25 %, Zitronengras*, Süßholz*, Pfeffer* *aus biologischer Landwirtschaft",,,Spezialtee im Beutel,40,,Kurkuma Zimt Tee Btl. 20x2g 40g,,,,,,,,,,g,,g,,g,,g,,kcal,,g,,g,,g,,g,,g,,g,,g,,kcal,,kJ
04104420202870,Alnatura GmbH,Mediterrane Kräuter Btl. 20x2g 40g,"Zutaten: Zitronengras*, Basilikum* 18 %, Zitronenthymian* 18 %, Orangenblätter*, Salbei* 10 %, Rosmarin* 5 %, Thymian*, Lavendelblüten* *aus biologischer Landwirtschaft",,,Spezialtee im Beutel,40,,Mediterrane Kräuter Btl. 20x2g 40g,,,,,,,,,,g,,g,,g,,g,,kcal,,g,,g,,g,,g,,g,,g,,g,,kcal,,kJ
04104420202962,Alnatura GmbH,Dinkel Löffel Kekse 125G,"Zutaten: DINKELMEHL*¹ Type 630 (58%), Palmöl*, Agavendicksaft* 11%, Maisstärke*, DINKELVOLLKORNMEHL*¹ 9%, Bananenflocken* 4%, Säuerungsmittel: Monokaliumtartrat, Backtriebmittel: Natriumhydrogencarbonat, Thiamin (Vitamin B1) *aus biologischer Landwirtschaft ¹DINKEL IST EINE WEIZENART
Kann Spuren von Ei, Soja, Milch, Mandel, Haselnuss, Cashewnuss, Sellerie und Sesam enthalten.",,,Knabberprodukte,125,,Dinkel Löffel Kekse 125G,14.5,6.4,268.0,66.3,3.3,10.4,8.9,438,8.9,g,10.4,g,0.268,g,6.4,g,438,kcal,14.5,g,6.4,g,66.3,g,10.4,g,3.3,g,8.9,g,0.67,g,438.0,kcal,1841.0,kJ
04104420203693,Alnatura GmbH,Studentenfutter 400G,"Zutaten: Weinbeeren* geölt 30 % (Weinbeeren*, Sonnenblumenöl*), Sultaninen* geölt 20 % (Sultaninen*, Sonnenblumenöl*), MANDELN* weiß 15 %, HASELNUSSKERNE* 14 %, CASHEWNÜSSE* 14 %, WALNUSSKERNE* 7 % *aus biologischer Landwirtschaft
Kann Spuren von Erdnuss, anderen Nüssen und Sesam enthalten.",,,Nuss-/Fruchtmischung,400,,Studentenfutter 400G,27.0,2.4,12.0,42.0,5.8,29.0,12.0,471,12.0,g,29.0,g,0.012,g,2.4,g,471,kcal,27.0,g,2.4,g,42.0,g,29.0,g,5.8,g,12.0,g,0.03,g,471.0,kcal,1963.0,kJ
04104420203730,Alnatura GmbH,Apfel-Birne-Kirsche 190G,"Zutaten: Äpfel* 80%, Birnen* 13%, Sauerkirschsaft**7% *aus biologisch-dynamischem Landbau **aus biologischer Landwirtschaft.",,,Obst,190,,Apfel-Birne-Kirsche 190G,0.5,0.2,4.0,11.6,2.0,10.4,0.4,57,0.4,g,10.4,g,0.004,g,0.2,g,57,kcal,0.5,g,0.2,g,11.6,g,10.4,g,2.0,g,0.4,g,0.01,g,57.0,kcal,239.0,kJ
04104420203778,Alnatura GmbH,Mango (TK) 300g,Zutaten: Mango* *aus biologischer Landwirtschaft,,,Obst TK,300,,Mango (TK) 300g,0.5,0.1,12.0,14.0,1.3,11.0,0.5,62,0.5,g,11.0,g,0.012,g,0.1,g,62,kcal,0.5,g,0.1,g,14.0,g,11.0,g,1.3,g,0.5,g,0.03,g,62.0,kcal,263.0,kJ
04104420203969,Alnatura GmbH,Bruderhahn Eier 10er,,,,Eier gepackt,600,,Bruderhahn Eier 10er,,,,,,,,,,g,,g,,g,,g,,kcal,,g,,g,,g,,g,,g,,g,,g,,kcal,,kJ
04104420204003,Alnatura GmbH,Bruderhahn Eier 10er,,,,Eier gepackt,600,,Bruderhahn Eier 10er,,,,,,,,,,g,,g,,g,,g,,kcal,,g,,g,,g,,g,,g,,g,,g,,kcal,,kJ
04104420204041,Alnatura GmbH,"Baby-Früchte-Tee Btl. 20x2,25g 45G","Zutaten: Apfel* 49%, Hagebutte* 30%, Hibiskus* 9%, Schwarze Johannisbeere* 8%, Rote Bete* *aus biologischer Landwirtschaft.",,,Warmgetränke,45,,"Baby-Früchte-Tee Btl. 20x2,25g 45G",0.1,0.1,4.0,0.5,,0.3,0.1,3,0.1,g,0.3,g,0.004,g,0.1,g,3,kcal,0.1,g,0.1,g,0.5,g,0.3,g,,g,0.1,g,0.01,g,3.0,kcal,12.0,kJ
04104420204072,Alnatura GmbH,Bacon 80g,"Zutaten: Schweinefleisch*, Steinsalz, Gewürze*, Rübenzucker*, Reifekulturen, Buchenholzrauch *aus biologischer Landwirtschaft
Kann Spuren von Senf enthalten.",,,Schinken und Speck,80,,Bacon 80g,26.0,12.0,1920.0,2.0,,0.5,22.0,330,22.0,g,0.5,g,1.92,g,12.0,g,330,kcal,26.0,g,12.0,g,2.0,g,0.5,g,,g,22.0,g,4.8,g,330.0,kcal,1370.0,kJ
04104420204225,Alnatura GmbH,Kokos Drink Natur 1L,"Zutaten: Wasser, Kokosfruchtfleisch* teilentfettet 8 %, Meersalz * aus biologischer Landwirtschaft.",,,Nussdrinks,1012,,Kokos Drink Natur 1L,0.5,0.1,24.0,1.3,0.5,1.3,1.7,12,1.7,g,1.3,g,0.024,g,0.1,g,12,kcal,0.5,g,0.1,g,1.3,g,1.3,g,0.5,g,1.7,g,0.06,g,12.0,kcal,51.0,kJ
04104420204263,Alnatura GmbH,Hafer Drink Cappuccino 230 ml,"Zutaten: Haferdrink* 72 % (Wasser, HAFERVOLLKORN* 11 %, Sonnenblumenöl*, Meersalz), Kaffee* aufgebrüht 25%(Wasser, Arabica-Kaffeebohnen* 7 %), Rübenzucker*, Verdickungsmittel: Guarkernmehl*, Bourbonvanilleextrakt* *aus biologischer Landwirtschaft",,,Getreidedrinks,236,,Hafer Drink Cappuccino 230 ml,1.2,0.2,32.0,7.8,0.5,6.1,0.5,42,0.5,g,6.1,g,0.032,g,0.2,g,42,kcal,1.2,g,0.2,g,7.8,g,6.1,g,0.5,g,0.5,g,0.08,g,42.0,kcal,177.0,kJ
04104420204300,Alnatura GmbH,Bruderhahn Eier 6er,,,,Eier gepackt,360,,Bruderhahn Eier 6er,,,,,,,,,,g,,g,,g,,g,,kcal,,g,,g,,g,,g,,g,,g,,g,,kcal,,kJ
04104420204409,Alnatura GmbH,Rinder Salami Snack 25g,"Zutaten: Rindfleisch*, Speisesalz, DEXTROSE*, Gewürze* (Schwarzer Pfeffer*, Knoblauchpulver*), Kräuter* (Rosmarin*), Antioxidationsmittel: Ascorbinsäure, Konservierungsstoff: Natriumnitrit; Reifekulturen, Buchenholzrauch *aus biologischer Landwirtschaft .",,,Wurst ungekühlt,25,,Rinder Salami Snack 25g,40.0,18.0,1680.0,0.5,0.5,0.5,33.0,495,33.0,g,0.5,g,1.6800000000000002,g,18.0,g,495,kcal,40.0,g,18.0,g,0.5,g,0.5,g,0.5,g,33.0,g,4.2,g,495.0,kcal,2054.0,kJ
04104420204706,Alnatura GmbH,Apfel mit Birne & Hafer 190G,"Zutaten: Äpfel* 41 %, Birnen* 24 %, Wasser, Apfelwürfel** 7 %, HAFERVOLLKORNFLOCKEN* 4 %, DINKELVOLLKORNMEHL*¹ 2 % *aus Demeter Bio-Landbau (Anteil: 90 %) **aus biologischer Landwirtschaft ¹DINKEL IST EINE WEIZENART.",,,Obst & Getreide,190,,Apfel mit Birne & Hafer 190G,0.3,0.1,4.0,11.6,1.9,6.7,0.9,57,0.9,g,6.7,g,0.004,g,0.1,g,57,kcal,0.3,g,0.1,g,11.6,g,6.7,g,1.9,g,0.9,g,0.01,g,57.0,kcal,239.0,kJ
04104420204775,Alnatura GmbH,Nusskern Mischung 200G,"Zutaten: HASELNUSSKERNE* 35%, CASHEWNÜSSE* 30%, WALNUSSKERNE* 15%, MANDELN* weiß 10%, MANDELN* braun 10% *aus biologischer Landwirtschaft. Kann Spuren von Erdnuss, anderen Nüssen und Sesam enthalten.",,,Nusskernmischung,200,,Nusskern Mischung 200G,56.0,6.8,12.0,9.0,8.0,4.3,20.0,636,20.0,g,4.3,g,0.012,g,6.8,g,636,kcal,56.0,g,6.8,g,9.0,g,4.3,g,8.0,g,20.0,g,0.03,g,636.0,kcal,2629.0,kJ
04104420205253,Alnatura GmbH,feine Schinkenwurst 200G,"Zutaten: Schweinefleisch* 74%, Schweinespeck*, Wasser, Speisesalz, Gewürze*, Rübenzucker* *aus biologischer Landwirtschaft",,,Fleisch/Wurstkon,200,,feine Schinkenwurst 200G,26.0,12.0,880.0000000000001,0.7,0.5,0.5,11.0,285,11.0,g,0.5,g,0.8800000000000001,g,12.0,g,285,kcal,26.0,g,12.0,g,0.7,g,0.5,g,0.5,g,11.0,g,2.2,g,285.0,kcal,1178.0,kJ
04104420205314,Alnatura GmbH,Hausmacher Leberwurst 200G,"Zutaten: Schweinefleisch* 40%, Schweineleber* 20%, Schweinespeck*, Schweineschwarten*, Speisesalz, Gewürze*, Honig*, Rübenzucker* *aus biologischer Landwirtschaft.",,,Fleisch/Wurstkon,200,,Hausmacher Leberwurst 200G,28.0,10.0,720.0,1.2,0.5,0.8,12.0,305,12.0,g,0.8,g,0.72,g,10.0,g,305,kcal,28.0,g,10.0,g,1.2,g,0.8,g,0.5,g,12.0,g,1.8,g,305.0,kcal,1260.0,kJ
04104420205345,Alnatura GmbH,Grobe Bratwurst 200G,"Zutaten: Schweinefleisch* (92%), Speisesalz, Gewürze*, Rübenzucker* *aus biologischer Landwirtschaft",,,Fleisch/Wurstkon,200,,Grobe Bratwurst 200G,21.0,9.4,880.0000000000001,0.5,0.5,0.5,17.0,257,17.0,g,0.5,g,0.8800000000000001,g,9.4,g,257,kcal,21.0,g,9.4,g,0.5,g,0.5,g,0.5,g,17.0,g,2.2,g,257.0,kcal,1066.0,kJ
04104420205444,Alnatura GmbH,Karotten Kokos Suppe 375ML,"Zutaten: Karotten* 47%, Wasser, Kokosmilch* 10% (Kokosextrakt* 6%, Wasser), Süßkartoffel*, Zwiebel*, Sonnenblumenöl*, Orangensaft*, Meersalz, Kokosraspel*, Knoblauch*, Ingwer*, Chili*, Paprika* *aus biologischer Landwirtschaft. Kann Spuren von Cashewnuss und Sellerie enthalten.",,,Fertig Kons veg.,395,,Karotten Kokos Suppe 375ML,5.9,2.6,400.0,5.2,2.3,3.5,1.0,83,1.0,g,3.5,g,0.4,g,2.6,g,83,kcal,5.9,g,2.6,g,5.2,g,3.5,g,2.3,g,1.0,g,1.0,g,83.0,kcal,342.0,kJ
04104420205482,Alnatura GmbH,Rote Linsen Suppe 375ML,"Zutaten: Wasser, rote Linsen* 8%, Karotten*, Tomatenmark* einfach konzentriert 4%, Linsenmehl* rot 4%, Süßkartoffel*, Zucchini*, Aprikosen* getrocknet (Aprikosenstücke*, Reismehl*), Kokosmilch* (Kokosextrakt*, Wasser), Zwiebel*, Meersalz, Olivenöl*, Lauch*, Knoblauch*, Kreuzkümmel*, Ingwer*, Paprika*, Pfeffer weiß* *aus biologischer Landwirtschaft.",,,Fertig Kons veg.,390,,Rote Linsen Suppe 375ML,1.9,0.8,440.00000000000006,8.0,2.1,2.9,2.7,65,2.7,g,2.9,g,0.44000000000000006,g,0.8,g,65,kcal,1.9,g,0.8,g,8.0,g,2.9,g,2.1,g,2.7,g,1.1,g,65.0,kcal,274.0,kJ
04104420205963,Alnatura GmbH,Dinkelspaghetti Bolognese 220g,"Zutaten: Wasser, Karotten* 26%, Dinkelvollkornspaghetti* gekocht (Wasser, DINKELVOLLKORNMEHL*¹) 15%, Rindfleisch* 8%, Tomatenmark** 2-fach konzentriert 6%, Reisvollkornmehl** 2%, Lauch* 2%, Rapsöl* 1,5% *aus Demeter Bio-Landbau (Anteil: 84%) **aus biologischer Landwirtschaft ¹Dinkel ist eine WEIZENART
Kann Spuren von Ei enthalten.",,,Juniormenü,220,,Dinkelspaghetti Bolognese 220g,2.7,0.6,20.0,7.3,1.7,2.4,2.9,69,2.9,g,2.4,g,0.02,g,0.6,g,69,kcal,2.7,g,0.6,g,7.3,g,2.4,g,1.7,g,2.9,g,0.05,g,69.0,kcal,287.0,kJ
04104420206113,Alnatura GmbH,Curry mild 60G,"Zutaten: Kurkuma*, Koriander*, SENFKÖRNER* gemahlen, Zwiebel*, Kreuzkümmel*, Bockshornklee*, Ingwer*, Kümmel*, Piment*, Chili* *aus biologischer Landwirtschaft. Kann Spuren von Sellerie enthalten.",,,Gewürz/Kräutermisch,60,,Curry mild 60G,,,,,,,,,,g,,g,,g,,g,,kcal,,g,,g,,g,,g,,g,,g,,g,,kcal,,kJ
04104420206151,Alnatura GmbH,Koriander gemahlen 40G,Zutaten: Koriander* *aus Demeter Bio-Landbau. Kann Spuren von Sellerie und Senf enthalten.,,,Gewürze mono,40,,Koriander gemahlen 40G,0.0,0.0,0.0,0.0,0.0,0.0,0.0,0,0.0,g,0.0,g,0.0,g,0.0,g,0,kcal,0.0,g,0.0,g,0.0,g,0.0,g,0.0,g,0.0,g,0.0,g,0.0,kcal,0.0,kJ
04104420206199,Alnatura GmbH,Lachs Filets mit Haut (TK) 160G,Zutaten: ATLANTISCHER LACHS* (SALMO SALAR) *aus biologischer Aquakultur .,,,Fisch/Meeresfrü TK,160,,Lachs Filets mit Haut (TK) 160G,13.0,2.5,40.0,0.5,0.5,0.5,21.0,201,21.0,g,0.5,g,0.04,g,2.5,g,201,kcal,13.0,g,2.5,g,0.5,g,0.5,g,0.5,g,21.0,g,0.1,g,201.0,kcal,838.0,kJ
04104420206274,Alnatura GmbH,"Birnensaft 0,75l",Zutaten: Birnensaft* *aus biologischer Landwirtschaft,,,Obstsäfte mono,817,,"Birnensaft 0,75l",0.5,0.1,4.0,11.0,0.5,8.7,0.5,44,0.5,g,8.7,g,0.004,g,0.1,g,44,kcal,0.5,g,0.1,g,11.0,g,8.7,g,0.5,g,0.5,g,0.01,g,44.0,kcal,187.0,kJ
04104420206328,Alnatura GmbH,Kinder Früchte Müsli 500g,"Zutaten: HAFERVOLLKORNFLOCKEN* 57 %, Rosinen* geölt 13 % (Rosinen* 99,5 %, Sonnenblumenöl*), DINKELVOLLKORNFLOCKEN*¹ 12 %, Reis* gepufft, Aprikosen* getrocknet 2,1 %, Äpfel* getrocknet, Erdbeeren* gefriergetrocknet 0,7 %, Reismehl* *aus biologischer Landwirtschaft ¹Dinkel ist eine WEIZENART
Kann Spuren von Soja, Milch, Mandel, Nüssen und Sesam enthalten.",,,Müslis,500,,Kinder Früchte Müsli 500g,4.8,0.9,8.0,63.0,8.2,12.0,11.0,356,11.0,g,12.0,g,0.008,g,0.9,g,356,kcal,4.8,g,0.9,g,63.0,g,12.0,g,8.2,g,11.0,g,0.02,g,356.0,kcal,1501.0,kJ
04104420206366,Alnatura GmbH,Karot.-Fench-Dinkelsp.-Lachs 220G,"Zutaten: Karotten* 34 %, Wasser, Dinkelvollkornspaghetti* gekocht (Wasser, DINKELVOLLKORNMEHL*¹) 20 %, LACHS** 8%, Fenchel* 8 %, Rapsöl* 1,1 % *aus Demeter Bio-Landbau (Anteil: 86 %) **aus biologischer Aquakultur 1Dinkel ist eine WEIZENART
Kann Spuren von Ei enthalten.",,,Juniormenü,220,,Karot.-Fench-Dinkelsp.-Lachs 220G,2.3,0.3,20.0,6.2,1.9,1.6,3.0,61,3.0,g,1.6,g,0.02,g,0.3,g,61,kcal,2.3,g,0.3,g,6.2,g,1.6,g,1.9,g,3.0,g,0.05,g,61.0,kcal,257.0,kJ
04104420206571,Alnatura GmbH,Vegane Mayo 250ML,"Zutaten: Sonnenblumenöl* desodoriert 50%, Wasser, Branntweinessig*, Rübenzucker*, SENF* (Wasser, Branntweinessig*, SENFKÖRNER*, Meersalz, Rohrohrzucker*, Kurkuma*), Maisstärke*, Erbsenprotein*, Meersalz, Verdickungsmittel: Johannisbrotkernmehl*, Zitronensaftkonzentrat* * aus biologischer Landwirtschaft",,,Mayonnaisen,250,,Vegane Mayo 250ML,51.0,6.0,520.0,4.5,0.5,2.7,0.7,480,0.7,g,2.7,g,0.52,g,6.0,g,480,kcal,51.0,g,6.0,g,4.5,g,2.7,g,0.5,g,0.7,g,1.3,g,480.0,kcal,1975.0,kJ
04104420206656,Alnatura GmbH,Linsen Flips 75G,"Zutaten: Linsen* 80 %, Sonnenblumenöl*, Zwiebelpulver*, Meersalz, Schwarzer Pfeffer* gemahlen *aus biologischer Landwirtschaft
Kann Spuren von Erdnuss enthalten.",,,sonstige Chips/Flips,75,,Linsen Flips 75G,17.0,1.4,520.0,43.0,11.0,1.6,21.0,431,21.0,g,1.6,g,0.52,g,1.4,g,431,kcal,17.0,g,1.4,g,43.0,g,1.6,g,11.0,g,21.0,g,1.3,g,431.0,kcal,1805.0,kJ
04104420206694,Alnatura GmbH,"Baby-Fenchel-Tee Btl. 20x1,75g 35G",Zutaten: Fenchel* *aus Demeter Bio-Landbau.,,,Warmgetränke,35,,"Baby-Fenchel-Tee Btl. 20x1,75g 35G",0.1,0.1,4.0,0.2,,0.1,0.1,1,0.1,g,0.1,g,0.004,g,0.1,g,1,kcal,0.1,g,0.1,g,0.2,g,0.1,g,,g,0.1,g,0.01,g,1.0,kcal,3.0,kJ
04104420206779,Alnatura GmbH,Kokosöl nativ 620ML,,,,sonstige Öle & Fette,570,,Kokosöl nativ 620ML,91.0,86.0,4.0,0.5,0.5,0.5,0.5,819,0.5,g,0.5,g,0.004,g,86.0,g,819,kcal,91.0,g,86.0,g,0.5,g,0.5,g,0.5,g,0.5,g,0.01,g,819.0,kcal,3367.0,kJ
04104420207400,Alnatura GmbH,Mandel Natur vegan 400g,"Zutaten: MANDELDRINK* 95 % (Wasser, MANDELN* 6 %), Tapiokastärke*, Stabilisator: Johannisbrotkernmehl*, Meersalz, Milchsäurebakterienkulturen *aus biologischer Landwirtschaft. Kann Spuren von Nüssen enthalten.",,,veganer Joghurtersat,400,,Mandel Natur vegan 400g,3.3,0.3,40.0,5.0,1.3,0.5,0.5,52,0.5,g,0.5,g,0.04,g,0.3,g,52,kcal,3.3,g,0.3,g,5.0,g,0.5,g,1.3,g,0.5,g,0.1,g,52.0,kcal,218.0,kJ
04104420207448,Alnatura GmbH,Kokos Natur vegan 400g,"Zutaten: Kokosmilch* 95 % (Wasser, Kokosmark* 24 %), Tapiokastärke*, Stabilisator: Johannisbrotkernmehl*, Meersalz, Milchsäurebakterienkulturen *aus biologischer Landwirtschaft.",,,veganer Joghurtersat,400,,Kokos Natur vegan 400g,7.7,7.1,72.0,5.4,0.5,0.8,0.7,95,0.7,g,0.8,g,0.072,g,7.1,g,95,kcal,7.7,g,7.1,g,5.4,g,0.8,g,0.5,g,0.7,g,0.18,g,95.0,kcal,393.0,kJ
04104420207516,Alnatura GmbH,Dinkel Locken 500G,"Zutaten: DINKELMEHL*¹ Type 812 * aus biologischer Landwirtschaft ¹Dinkel ist eine WEIZENART
Kann Spuren von Ei enthalten.",,,kurze Nudeln,500,,Dinkel Locken 500G,1.7,0.4,4.0,72.0,2.8,2.7,12.0,357,12.0,g,2.7,g,0.004,g,0.4,g,357,kcal,1.7,g,0.4,g,72.0,g,2.7,g,2.8,g,12.0,g,0.01,g,357.0,kcal,1513.0,kJ
04104420207554,Alnatura GmbH,Grüne Linsen 400G,"Kann Spuren von Gluten, Soja, Mandel, Nüssen, Sesam und Lupine enthalten.",,,Hülsenfrüchte/Saaten,400,,Grüne Linsen 400G,1.7,0.4,4.0,48.0,12.0,1.2,25.0,331,25.0,g,1.2,g,0.004,g,0.4,g,331,kcal,1.7,g,0.4,g,48.0,g,1.2,g,12.0,g,25.0,g,0.01,g,331.0,kcal,1400.0,kJ
04104420207615,Alnatura GmbH,Dinkel Kokos Kekse 150G,"Zutaten: DINKELMEHL*¹ Type 630 37 %, Kokosraspel* 26 %, Rübenzucker*, Palmöl*, Bourbonvanilleschote* gemahlen, Meersalz *aus biologischer Landwirtschaft ¹Dinkel ist eine WEIZENART
Kann Spuren von Milch, Mandel, Haselnuss und Sesam enthalten.",,,Kekse,150,,Dinkel Kokos Kekse 150G,32.0,23.0,68.0,49.0,5.7,24.0,6.4,521,6.4,g,24.0,g,0.068,g,23.0,g,521,kcal,32.0,g,23.0,g,49.0,g,24.0,g,5.7,g,6.4,g,0.17,g,521.0,kcal,2171.0,kJ
04104420208001,Alnatura GmbH,Karotten Cracker 75g,"Zutaten: DINKELMEHL*¹ 65 %, DINKELSCHROT*¹ 19 %, Karottensaft-Pulver* 10 %, Rapsöl*, Maisstärke*, Meersalz, GERSTENMALZEXTRAKT*, Hefe*, Rote Bete-Saft-Pulver*, Knoblauchpulver*, Pfeffer* weiß, Zwiebelpulver*, Liebstöckelpulver* *aus biologischer Landwirtschaft ¹DINKEL IST EINE WEIZENART. Kann Spuren von Ei, Milch, Mandel, Haselnuss und Sesam enthalten.",,,Salzgebäck,75,,Karotten Cracker 75g,7.1,0.8,800.0,73.0,3.9,9.7,11.0,408,11.0,g,9.7,g,0.8,g,0.8,g,408,kcal,7.1,g,0.8,g,73.0,g,9.7,g,3.9,g,11.0,g,2.0,g,408.0,kcal,1722.0,kJ
04104420208254,Alnatura GmbH,Linsenwaffeln 44G,"Zutaten: Linsenmehl* 99,5 %, Meersalz *aus biologischer Landwirtschaft
Kann Spuren von Soja enthalten.",,,Reis/Getreidewaffeln,44,,Linsenwaffeln 44G,1.0,0.2,200.0,58.0,5.4,1.5,27.0,360,27.0,g,1.5,g,0.2,g,0.2,g,360,kcal,1.0,g,0.2,g,58.0,g,1.5,g,5.4,g,27.0,g,0.5,g,360.0,kcal,1525.0,kJ
04104420208506,Alnatura GmbH,Kartoffel Püree mit Röstzwiebeln 49,"Zutaten: Kartoffelflocken* 68 %, VOLLMILCHPULVER*, Röstzwiebeln* 6,5 %, Meersalz, Sonnenblumenöl*, Karottensaftkonzentrat*, Zwiebelpulver*, Kräuter* (Schnittlauch*, Liebstöckelblätter*), Gewürze* (Macis*, Liebstöckelwurzel*, Kurkuma*, Fenchelsamen*), Kürbis*, Knoblauch* *aus biologischer Landwirtschaft
Kann Spuren von Gluten, Ei, Soja, Sellerie und Senf enthalten.",,,Tütensuppen,49.5,,Kartoffel Püree mit Röstzwiebeln 49,1.5,0.6,268.0,12.0,1.4,2.2,2.1,73,2.1,g,2.2,g,0.268,g,0.6,g,73,kcal,1.5,g,0.6,g,12.0,g,2.2,g,1.4,g,2.1,g,0.67,g,73.0,kcal,306.0,kJ
04104420208735,Alnatura GmbH,Apfelsaft naturtrüb 1L,Zutaten: Apfelsaft* *aus Demeter Bio-Landbau,,,Obstsäfte mono,1005,,Apfelsaft naturtrüb 1L,0.5,0.1,4.0,11.0,0.5,10.0,0.5,44,0.5,g,10.0,g,0.004,g,0.1,g,44,kcal,0.5,g,0.1,g,11.0,g,10.0,g,0.5,g,0.5,g,0.01,g,44.0,kcal,187.0,kJ
04104420208988,Alnatura GmbH,Griechischer Ziegenkäse 180G,"Zutaten: ZIEGENMILCH* 96%, Schafmilch* 1,8%, Meersalz, tierisches Lab*, Käsereikulturen *aus biologischer Landwirtschaft.",,,Salzlakenkäse,180,,Griechischer Ziegenkäse 180G,25.0,17.0,880.0000000000001,0.5,0.5,0.5,16.0,289,16.0,g,0.5,g,0.8800000000000001,g,17.0,g,289,kcal,25.0,g,17.0,g,0.5,g,0.5,g,0.5,g,16.0,g,2.2,g,289.0,kcal,1197.0,kJ
04104420209022,Alnatura GmbH,Toast Brötchen 260G,"Zutaten: ROGGENVOLLKORNSCHROT* 31 %, WEIZENVOLLKORNMEHL* 31 %, Wasser, ROGGENVOLLKORNMEHL* 8 %, GERSTENMALZEXTRAKT*, Rübensirup*, Rapsöl*, Meersalz, Hefe*, Zucker*, GERSTENMALZMEHL* *aus biologischer Landwirtschaft
Kann Spuren von Soja und Sesam enthalten.",,,Toastbrot,260,,Toast Brötchen 260G,2.7,0.3,480.0,46.0,11.0,2.9,7.3,260,7.3,g,2.9,g,0.48,g,0.3,g,260,kcal,2.7,g,0.3,g,46.0,g,2.9,g,11.0,g,7.3,g,1.2,g,260.0,kcal,1094.0,kJ
04104420209152,Alnatura GmbH,Mittelscharfer Senf 185ML,"Zutaten: Wasser, SENFKÖRNER* 20 %, Branntweinessig*, Speisesalz, Gewürze*, Kräuterauszüge* *aus biologischer Landwirtschaft
Kann Spuren von Gluten enthalten.",,,Senf,196,,Mittelscharfer Senf 185ML,6.2,0.5,1120.0,1.2,4.5,1.2,6.0,99,6.0,g,1.2,g,1.1199999999999999,g,0.5,g,99,kcal,6.2,g,0.5,g,1.2,g,1.2,g,4.5,g,6.0,g,2.8,g,99.0,kcal,412.0,kJ
04104420209237,Alnatura GmbH,"*Glühwein 0,75L*","Zutaten: Wein (Bio Trauben, Säureregulatoren: Weinsäure (L(+)-), Milchsäure, Antioxidantien: SULFITE), Bio-Rübenzucker, Bio Gewürzextrakt Enthält Sulfite",,,Weih. Alk. Getränke,750,,"*Glühwein 0,75L*",,,,8.8,,8.0,,97,,g,8.0,g,,g,,g,97,kcal,,g,,g,8.8,g,8.0,g,,g,,g,,g,97.0,kcal,406.0,kJ
04104420209466,Alnatura GmbH,Hafer Riegel Kakao 60G,"Zutaten: HAFERVOLLKORNFLOCKEN* 54 %, Reissirup*, Sonnenblumenöl*, Dattelsaftkonzentrat*, stark entöltes Kakaopulver* 5,3 %, Meersalz *aus biologischer Landwirtschaft
Kann Spuren von Ei, Soja, Milch, Mandel, Nüssen und Sesam enthalten.",,,Müsli-&Getr.Riegel,60,,Hafer Riegel Kakao 60G,13.0,1.9,52.0,58.0,7.3,19.0,9.3,401,9.3,g,19.0,g,0.052000000000000005,g,1.9,g,401,kcal,13.0,g,1.9,g,58.0,g,19.0,g,7.3,g,9.3,g,0.13,g,401.0,kcal,1684.0,kJ
04104420209527,Alnatura GmbH,Zitronen Sablés 110G,"Zutaten: WEIZENMEHL*, Palmöl*, Rübenzucker*, Zitronenöl*, Meersalz *aus biologischer Landwirtschaft
Kann Spuren von Ei, Milch und Nüssen enthalten.",,,Kekse,110,,Zitronen Sablés 110G,27.0,13.0,108.0,61.0,2.5,18.0,5.9,516,5.9,g,18.0,g,0.10800000000000001,g,13.0,g,516,kcal,27.0,g,13.0,g,61.0,g,18.0,g,2.5,g,5.9,g,0.27,g,516.0,kcal,2156.0,kJ
04104420209640,Alnatura GmbH,Dinkel Butterkeks 150G,"Zutaten: DINKELMEHL*¹ 60 %, BUTTER* 16 %, Rohrohrzucker*, VOLLMILCH*, Honig*, GERSTENMALZEXTRAKT*, Backtriebmittel: Ammoniumhydrogencarbonat, Meersalz, Bourbonvanilleschote* gemahlen *aus biologischer Landwirtschaft ¹Dinkel ist eine WEIZENART
Kann Spuren von Ei, Soja, Mandel, Nüssen und Sesam enthalten.",,,Kekse,150,,Dinkel Butterkeks 150G,16.0,11.0,40.0,67.0,2.5,20.0,8.8,452,8.8,g,20.0,g,0.04,g,11.0,g,452,kcal,16.0,g,11.0,g,67.0,g,20.0,g,2.5,g,8.8,g,0.1,g,452.0,kcal,1901.0,kJ
04104420209794,Alnatura GmbH,Kaffee entkoffeiniert 250G,,,,Kaffee gemahlen,250,,Kaffee entkoffeiniert 250G,,,,,,,,,,g,,g,,g,,g,,kcal,,g,,g,,g,,g,,g,,g,,g,,kcal,,kJ
04104420209831,Alnatura GmbH,Babylöffel 4 ST,,,,Essutensilien,21,,Babylöffel 4 ST,,,,,,,,,,g,,g,,g,,g,,kcal,,g,,g,,g,,g,,g,,g,,g,,kcal,,kJ
04104420210158,Alnatura GmbH,Bunter Pfeffer 55G,"Zutaten: Schwarzer Pfeffer*, Weißer Pfeffer*, Grüner Pfeffer*, Rosa Pfeffer* *aus biologischer Landwirtschaft. Kann Spuren von Sellerie und Senf enthalten.",,,Gewürz/Kräutermisch,55,,Bunter Pfeffer 55G,0.0,0.0,0.0,0.0,0.0,0.0,0.0,0,0.0,g,0.0,g,0.0,g,0.0,g,0,kcal,0.0,g,0.0,g,0.0,g,0.0,g,0.0,g,0.0,g,0.0,g,0.0,kcal,0.0,kJ
04104420210196,Alnatura GmbH,"Ingwer Tee Btl. 20x1,4g 28G",Zutaten: Ingwer* *aus Demeter Bio-Landbau,,,Kräutertee im Beutel,28,,"Ingwer Tee Btl. 20x1,4g 28G",,,,,,,,,,g,,g,,g,,g,,kcal,,g,,g,,g,,g,,g,,g,,g,,kcal,,kJ
04104420210271,Alnatura GmbH,"Minze Dreierlei Btl. 20x1,5g 30g","Zutaten: Nanaminze*, Pfefferminze* 25 %, Apfelminze* *aus biologischer Landwirtschaft",,,Spezialtee im Beutel,30,,"Minze Dreierlei Btl. 20x1,5g 30g",,,,,,,,,,g,,g,,g,,g,,kcal,,g,,g,,g,,g,,g,,g,,g,,kcal,,kJ
04104420210349,Alnatura GmbH,Leberwurst mit S.u.K. 125G,"Zutaten: Schweinefleisch* 45%, Schweineleber* 21%, Kalbfleisch* 15%, Speck*, Wasser, Steinsalz, Gewürze*, Honig*, Konservierungsstoff: Natriumnitrit. *aus biologischer Landwirtschaft. Kann Spuren von Milch, Sellerie und Senf enthalten.",,,Brühwurst,125,,Leberwurst mit S.u.K. 125G,30.0,12.0,720.0,1.0,0.5,0.5,13.0,326,13.0,g,0.5,g,0.72,g,12.0,g,326,kcal,30.0,g,12.0,g,1.0,g,0.5,g,0.5,g,13.0,g,1.8,g,326.0,kcal,1348.0,kJ
04104420210370,Alnatura GmbH,Feine Schinkenwurst 80G,"Zutaten: Schweinefleisch* 77%, Speck*, Wasser, Steinsalz, Gewürze*, Stabilisator: Natriumcitrate, Antioxidationsmittel Ascorbinsäure, Konservierungsstoff: Natriumnitrit. *aus biologischer Landwirtschaft. Kann Spuren von Milch, Sellerie und Senf enthalten.",,,Brühwurst,80,,Feine Schinkenwurst 80G,23.0,9.2,800.0,1.0,0.5,0.5,12.0,260,12.0,g,0.5,g,0.8,g,9.2,g,260,kcal,23.0,g,9.2,g,1.0,g,0.5,g,0.5,g,12.0,g,2.0,g,260.0,kcal,1076.0,kJ
04104420210400,Alnatura GmbH,Fleischwurst 200G,"Zutaten: Schweinefleisch* 77 %, Speck*, Wasser, Steinsalz, Gewürze*, Stabilisator: Natriumcitrate, Antioxidationsmittel: Ascorbinsäure, Konservierungsstoff: Natriumnitrit *aus biologischer Landwirtschaft. Kann Spuren von Milch, Sellerie und Senf enthalten.",,,Brühwurst,200,,Fleischwurst 200G,23.0,9.2,800.0,1.0,0.5,0.5,12.0,259,12.0,g,0.5,g,0.8,g,9.2,g,259,kcal,23.0,g,9.2,g,1.0,g,0.5,g,0.5,g,12.0,g,2.0,g,259.0,kcal,1072.0,kJ
04104420210561,Alnatura GmbH,Chips im Kessel geb. Smoked Paprika,,,,Kartoffelchips,125,,Chips im Kessel geb. Smoked Paprika,24.0,2.8,640.0,57.0,6.4,3.3,5.9,480,5.9,g,3.3,g,0.64,g,2.8,g,480,kcal,24.0,g,2.8,g,57.0,g,3.3,g,6.4,g,5.9,g,1.6,g,480.0,kcal,2009.0,kJ
04104420210608,Alnatura GmbH,"Multi Saft 0,75L","Zutaten: Apfelsaft* 36 %, Karottensaft* 20 %, Orangensaft* 14 %, Traubensaft* weiß 13 %, Ananassaft* 4 %, Mangomark*, Bananenmark*, Guavenmark*, Aprikosenmark*, Pfirsichmark*, Maracujasaft* 2 % *aus biologischer Landwirtschaft",,,Obstsäfte Mischungen,790,,"Multi Saft 0,75L",0.5,0.1,16.0,12.0,0.5,11.0,0.5,48,0.5,g,11.0,g,0.016,g,0.1,g,48,kcal,0.5,g,0.1,g,12.0,g,11.0,g,0.5,g,0.5,g,0.04,g,48.0,kcal,204.0,kJ
04104420210936,Alnatura GmbH,Kokos Zartbitter Schokolade 100G,"Zutaten: Zartbitterschokolade* 50 % (Kakaomasse*, Rohrohrzucker*, Kakaobutter*, Kakaopulver*, Bourbonvanilleextrakt*), Kokosfüllung* 50 % (Rohrohrzucker*, Kokosmus* 28 %, Kakaobutter*, VOLLMILCHPULVER*, Sonnenblumenöl*) *aus biologischer Landwirtschaft. Kann Spuren von Soja, Mandel und Haselnuss enthalten.",,,Schokotafeln Dunkel,100,,Kokos Zartbitter Schokolade 100G,44.0,28.0,32.0,38.0,8.4,36.0,6.4,590,6.4,g,36.0,g,0.032,g,28.0,g,590,kcal,44.0,g,28.0,g,38.0,g,36.0,g,8.4,g,6.4,g,0.08,g,590.0,kcal,2450.0,kJ
04104420211056,Alnatura GmbH,Gouda mittelalt 200G,"Zutaten: MILCH*, Speisesalz, Käsereikulturen, mikrobielles Lab *aus biologischer Landwirtschaft",,,Käse am Stück,200,,Gouda mittelalt 200G,34.0,23.0,500.0,0.5,0.5,0.5,25.0,406,25.0,g,0.5,g,0.5,g,23.0,g,406,kcal,34.0,g,23.0,g,0.5,g,0.5,g,0.5,g,25.0,g,1.25,g,406.0,kcal,1683.0,kJ
04104420211094,Alnatura GmbH,Bergkäse 200G,"Zutaten: MILCH*, Speisesalz, mikrobielles Lab, Käsereikulturen *aus biologischer Landwirtschaft",,,Käse am Stück,200,,Bergkäse 200G,35.0,24.0,600.0,0.5,0.5,0.5,27.0,423,27.0,g,0.5,g,0.6,g,24.0,g,423,kcal,35.0,g,24.0,g,0.5,g,0.5,g,0.5,g,27.0,g,1.5,g,423.0,kcal,1756.0,kJ
04104420211131,Alnatura GmbH,Emmentaler 200G,"Zutaten: MILCH*, Speisesalz, mikrobielles Lab, Käsereikulturen *aus biologischer Landwirtschaft",,,Käse am Stück,200,,Emmentaler 200G,28.0,18.0,480.0,0.5,0.5,0.5,31.0,376,31.0,g,0.5,g,0.48,g,18.0,g,376,kcal,28.0,g,18.0,g,0.5,g,0.5,g,0.5,g,31.0,g,1.2,g,376.0,kcal,1565.0,kJ
04104420211551,Alnatura GmbH,Grünes Gemüse mit Hirse 190G,"Zutaten: Wasser, Erbsen* 16 %, Pastinaken* 10 %, Zucchini* 8 %, Hirse** 6 %, Spinat* 6 %, Kartoffeln* 5 %, Rapsöl** 0,8 %
*aus Demeter-Landbau (86%)
**aus biologischer Landwirtschaft.",,,Babymenü,190,,Grünes Gemüse mit Hirse 190G,1.2,0.2,8.0,7.1,1.9,0.6,1.9,51,1.9,g,0.6,g,0.008,g,0.2,g,51,kcal,1.2,g,0.2,g,7.1,g,0.6,g,1.9,g,1.9,g,0.02,g,51.0,kcal,213.0,kJ
04104420211827,Alnatura GmbH,Oliven ohne Stein 350G,"Zutaten: Oliven* grün, Wasser, Weißweinessig*, Meersalz *aus biologischer Landwirtschaft. Kann Spuren von Mandel enthalten.",,,Oliven,350,,Oliven ohne Stein 350G,15.0,1.5,1160.0,1.0,2.9,0.5,1.4,150,1.4,g,0.5,g,1.16,g,1.5,g,150,kcal,15.0,g,1.5,g,1.0,g,0.5,g,2.9,g,1.4,g,2.9,g,150.0,kcal,619.0,kJ
04104420211865,Alnatura GmbH,Oliven mit Mandeln 350G,"Zutaten: Oliven* grün, Wasser, MANDELN*, Weißweinessig*, Meersalz *aus biologischer Landwirtschaft.",,,Oliven,350,,Oliven mit Mandeln 350G,20.0,1.8,800.0,1.0,3.2,0.5,4.2,207,4.2,g,0.5,g,0.8,g,1.8,g,207,kcal,20.0,g,1.8,g,1.0,g,0.5,g,3.2,g,4.2,g,2.0,g,207.0,kcal,854.0,kJ
04104420212435,Alnatura GmbH,Kinder Porridge Hafer-Banane 250G,"Zutaten: HAFERVOLLKORNFLOCKEN* Zartblatt 81%, Bananenflocken* 14%, DINKELFLOCKEN*¹ zartschmelzend 5% (DINKELMEHL*¹, Thiamin (Vitamin B1)), Vanilleschote* gemahlen *aus biologischer Landwirtschaft ¹DINKEL IST EINE WEIZENART. Kann Spuren von Soja, Milch, Mandel, Nüssen, Sellerie und Sesam enthalten.",125,GRM,Cerealien,250,,Kinder Porridge Hafer-Banane 250G,5.0,2.4,48.0,23.3,2.6,7.3,6.5,169,6.5,g,7.3,g,0.048,g,2.4,g,169,kcal,5.0,g,2.4,g,23.3,g,7.3,g,2.6,g,6.5,g,0.12,g,169.0,kcal,712.0,kJ
04104420212572,Alnatura GmbH,Kakaonibs geröstet 150G,"Zutaten: Kakaobohnensplitter* *aus biologischer Landwirtschaft
Kann Spuren von Gluten, Soja, Milch, Mandel, Nüssen und Sesam enthalten.",,,Backzutaten,150,,Kakaonibs geröstet 150G,53.0,34.0,4.0,7.0,24.0,0.9,12.0,601,12.0,g,0.9,g,0.004,g,34.0,g,601,kcal,53.0,g,34.0,g,7.0,g,0.9,g,24.0,g,12.0,g,0.01,g,601.0,kcal,2476.0,kJ
04104420212725,Alnatura GmbH,Münchner Weißwurst 240G,"Zutaten: Schweinefleisch* 51%, Speck*, Wasser, Kalbfleisch* 7%, Schweineschwarten* 6%, Steinsalz, Zwiebel*, Honig*,Stabilisator: Natriumcitrate, Weißer Pfeffer*, Macis*,Petersilie*, Liebstöckel*, Kardamom*, Zitronenschale*, Schweinedarm *aus biologischer Landwirtschaft. Kann Spuren von Milch, Sellerie und Senf enthalten.",,,Brühwurst,240,,Münchner Weißwurst 240G,25.0,10.0,680.0,1.0,0.5,0.5,10.0,269,10.0,g,0.5,g,0.6799999999999999,g,10.0,g,269,kcal,25.0,g,10.0,g,1.0,g,0.5,g,0.5,g,10.0,g,1.7,g,269.0,kcal,1112.0,kJ
04104420212794,Alnatura GmbH,Thai Kokos Curry 325ML,"Zutaten: Wasser, Apfelmark*, Kokosmilch* 8 % (Kokosextrakt* 60 %, Wasser, Verdickungsmittel: Guarkernmehl), Gemüsepaprika* 7 %, Zwiebeln*, Rohrohrzucker*, Karotten* 4 %, Sonnenblumenöl*, Kokosraspel* 2,5 %, MAGERMILCHPULVER*, Maisstärke*, Tomatenmark* zweifach konzentriert, Meersalz, CURRYPULVER* (Koriandersamen*, Kurkuma*, Pfeffer*, Kümmel*, Fenchel*, Bockshornklee*, Ingwer*), Zitronensaftkonzentrat*, Verdickungsmittel: Johannisbrotkernmehl*, Kreuzkümmel*, Chili*, Kurkuma*, Paprika* *aus biologischer Landwirtschaft. Kann Spuren von Soja, Cashewnuss und Sellerie enthalten.",,,Kochsoßen nass,325,,Thai Kokos Curry 325ML,6.7,3.3,440.00000000000006,11.0,1.4,7.9,1.5,114,1.5,g,7.9,g,0.44000000000000006,g,3.3,g,114,kcal,6.7,g,3.3,g,11.0,g,7.9,g,1.4,g,1.5,g,1.1,g,114.0,kcal,474.0,kJ
04104420212831,Alnatura GmbH,Rote Linsen Burger 200G,"Zutaten: Rote Linsen* 60 %, Reisvollkornmehl*, Kartoffeln*, Karotten*, Zucchini*, Meersalz, Sonnenblumenöl*, Paprika*, Lauch*, Petersilie*, Pfeffer*, Kurkuma*, Kreuzkümmel*, Paprikapulver*, Fenchelsamen*, Kümmel*, Koriandersamen* *aus biologischer Landwirtschaft
Kann Spuren von Gluten, Ei, Soja, Milch, Sellerie und Senf enthalten.",,,Bratlinge Mischungen,200,,Rote Linsen Burger 200G,4.7,0.5,388.0,24.0,3.5,2.2,8.1,178,8.1,g,2.2,g,0.388,g,0.5,g,178,kcal,4.7,g,0.5,g,24.0,g,2.2,g,3.5,g,8.1,g,0.97,g,178.0,kcal,748.0,kJ
04104420213128,Alnatura GmbH,Indisches Curry 325ML,,,,Kochsoßen nass,325,,Indisches Curry 325ML,4.0,0.4,440.00000000000006,8.0,1.2,5.0,1.2,76,1.2,g,5.0,g,0.44000000000000006,g,0.4,g,76,kcal,4.0,g,0.4,g,8.0,g,5.0,g,1.2,g,1.2,g,1.1,g,76.0,kcal,315.0,kJ
04104420213296,Alnatura GmbH,"Pflaumen Trunk 0,75l","Zutaten: Wasser 38%, Trockenpflaumenextrakt* 28% (Wasser, Trockenpflaumen* 11%), Pflaumensaft* 25%, Apfelsaftkonzentrat* 7%, Aroniasaft* 2% *aus biologischer Landwirtschaft",,,Obstsäfte Mischungen,817,,"Pflaumen Trunk 0,75l",0.5,0.1,4.0,12.0,0.5,10.0,0.5,48,0.5,g,10.0,g,0.004,g,0.1,g,48,kcal,0.5,g,0.1,g,12.0,g,10.0,g,0.5,g,0.5,g,0.01,g,48.0,kcal,204.0,kJ
04104420213357,Alnatura GmbH,Tomatensauce Arrabbiata 350ML,"Zutaten: Tomaten* 80%, Tomatenmark* zweifach konzentriert 14%, Paprika* 2 %, Rohrohrzucker*, natives Olivenöl extra*, Meersalz, Petersilie*, Paprikapulver*, Knoblauch*, Chili*, Zitronensaftkonzentrat* *aus biologischer Landwirtschaft. Kann Spuren von Soja, Cashewnuss und Sellerie enthalten.",,,Tomatensoßen,370,,Tomatensauce Arrabbiata 350ML,1.4,0.2,360.0,6.8,1.7,6.6,1.8,50,1.8,g,6.6,g,0.36,g,0.2,g,50,kcal,1.4,g,0.2,g,6.8,g,6.6,g,1.7,g,1.8,g,0.9,g,50.0,kcal,212.0,kJ
04104420213395,Alnatura GmbH,Bolognese Sauce 330ML,"Zutaten: Tomaten* 37%, Tomatenmark* zweifach konzentriert 17%, Wasser, Rindfleisch* 10%, Schweinefleisch* 10%, Karotten* 3%, Zucchini* 3%, Zwiebeln* 2,5%, SELLERIE*, natives Olivenöl extra*, Rohrohrzucker*, Meersalz, Zitronensaftkonzentrat*, Knoblauch*, Basilikum*, Oregano* *aus biologischer Landwirtschaft. Kann Spuren von Soja und Cashewnuss enthalten.",,,Tomatensoßen,355,,Bolognese Sauce 330ML,6.0,1.9,360.0,5.9,1.4,5.6,5.1,101,5.1,g,5.6,g,0.36,g,1.9,g,101,kcal,6.0,g,1.9,g,5.9,g,5.6,g,1.4,g,5.1,g,0.9,g,101.0,kcal,420.0,kJ
04104420213470,Alnatura GmbH,Tomatensauce Basilikum 350ML,"Zutaten: Tomaten* 58%, Tomaten* passiert 19%, Tomatenmark* zweifach konzentriert 14%, Zwiebeln* 3,5%, Basilikum* 2,7%, natives Olivenöl extra*, Meersalz, Pfeffer*, Zitronensaftkonzentrat* *aus biologischer Landwirtschaft.",,,Tomatensoßen,380,,Tomatensauce Basilikum 350ML,1.7,0.2,320.0,5.8,1.1,4.7,1.7,48,1.7,g,4.7,g,0.32,g,0.2,g,48,kcal,1.7,g,0.2,g,5.8,g,4.7,g,1.1,g,1.7,g,0.8,g,48.0,kcal,199.0,kJ
04104420213517,Alnatura GmbH,Tomatensauce Kräuter 350ML,"Zutaten: Tomaten* 55 %, Tomaten* passiert 22 %, Tomatenmark* zweifach konzentriert 10%, Zwiebeln* 8%, natives Olivenöl extra* , Kräuter* 1,3% (Petersilie* , Basilikum* , Thymian* Oregano* , Majoran* , Rosmarin*), Meersalz, Knoblauch* , Pfeffer* , Zitronensaftkonzentrat* *aus biologischer Landwirtschaft.",,,Tomatensoßen,375,,Tomatensauce Kräuter 350ML,2.1,0.3,320.0,5.7,1.1,4.4,1.6,50,1.6,g,4.4,g,0.32,g,0.3,g,50,kcal,2.1,g,0.3,g,5.7,g,4.4,g,1.1,g,1.6,g,0.8,g,50.0,kcal,211.0,kJ
04104420213555,Alnatura GmbH,Tomatensauce Gegrilltes Gemüse 350M,"Zutaten: Tomaten* 65%, Paprika* gegrillt 12%, Zucchini* gegrillt 6,5%, Tomatenmark* zweifach konzentriert 6,5%, Paprika*, Zwiebeln* 2%, natives Olivenöl extra*, Rohrohrzucker*, Meersalz, Knoblauch*, Basilikum*, Zitronensaftkonzentrat* *aus biologischer Landwirtschaft. Kann Spuren von Soja, Cashewnuss und Sellerie enthalten.",,,Tomatensoßen,370,,Tomatensauce Gegrilltes Gemüse 350M,2.4,0.4,440.00000000000006,6.2,1.9,5.6,1.6,57,1.6,g,5.6,g,0.44000000000000006,g,0.4,g,57,kcal,2.4,g,0.4,g,6.2,g,5.6,g,1.9,g,1.6,g,1.1,g,57.0,kcal,237.0,kJ
04104420213593,Alnatura GmbH,Tomatensauce Klassik 350ML,"Zutaten: Tomatenmark* einfach konzentriert 82%, Sonnenblumenöl*, Karotten* 5%, Zwiebeln* 4%, Apfelsaftkonzentrat*, Meersalz, Paprikapulver*, Basilikum*, Oregano*, Zitronensaftkonzentrat* *aus biologischer Landwirtschaft
Kann Spuren von Soja, Cashewnuss und Sellerie enthalten.",,,Tomatensoßen,375,,Tomatensauce Klassik 350ML,5.8,0.8,400.0,9.1,2.2,7.7,2.1,101,2.1,g,7.7,g,0.4,g,0.8,g,101,kcal,5.8,g,0.8,g,9.1,g,7.7,g,2.2,g,2.1,g,1.0,g,101.0,kcal,423.0,kJ
04104420213678,Alnatura GmbH,Frischer Pizzateig 400G,"Zutaten: WEIZENMEHL* 61% , Wasser, Sonnenblumenöl*, WEIZENSTÄRKE*, WEIZENKLEBER*, Ethylalkohol* 2%, Speisesalz, Backtriebmittel: Natriumhydrogencarbonat; Säuerungsmittel: Zitronensäure; Dextrose*, Hefe*, Antioxidationsmittel: Ascorbinsäure *aus biologischer Landwirtschaft",,,Frische Teigwaren,400,,Frischer Pizzateig 400G,4.4,0.6,680.0,45.0,3.0,1.0,8.9,271,8.9,g,1.0,g,0.6799999999999999,g,0.6,g,271,kcal,4.4,g,0.6,g,45.0,g,1.0,g,3.0,g,8.9,g,1.7,g,271.0,kcal,1144.0,kJ
04104420213715,Alnatura GmbH,Frischer Blätterteig 240G,"Zutaten: WEIZENMEHL* 44%, Wasser, Margarine* (Palmöl*, Wasser, Sonnenblumenöl*, Speisesalz, Säuerungsmittel: Zitronensäure), Ethylalkohol* 2%, WEIZENKLEBER*, WEIZENSTÄRKE*, Speisesalz, Dextrose*, Säuerungsmittel: Zitronensäure, inaktive Hefe, Antioxidationsmittel: Ascorbinsäure *aus biologischer Landwirtschaft
Kann Spuren von Milch enthalten.",,,Frische Teigwaren,240,,Frischer Blätterteig 240G,22.0,13.0,364.0,31.0,2.2,1.1,6.5,364,6.5,g,1.1,g,0.364,g,13.0,g,364,kcal,22.0,g,13.0,g,31.0,g,1.1,g,2.2,g,6.5,g,0.91,g,364.0,kcal,1517.0,kJ
04104420213852,Alnatura GmbH,Apfel-Heidelbeer-Müsli 190G,"Zutaten: Äpfel* 63 %, Wasser, Heidelbeeren** 6 %, DINKELVOLLKORNFLOCKEN*¹ 2 %, WEIZENVOLLKORNFLOCKEN* grob gemahlen 2 %, HAFERVOLLKORNFLOCKEN* 2 % *aus Demeter Bio-Landbau (Anteil: 92 %) **aus biologischer Landwirtschaft ¹DINKEL IST EINE WEIZENART",,,Obst & Getreide,190,,Apfel-Heidelbeer-Müsli 190G,0.2,0.1,4.0,11.1,1.4,6.9,0.9,53,0.9,g,6.9,g,0.004,g,0.1,g,53,kcal,0.2,g,0.1,g,11.1,g,6.9,g,1.4,g,0.9,g,0.01,g,53.0,kcal,223.0,kJ
04104420213890,Alnatura GmbH,Couscous Gemüse mediterran 250G,"Zutaten: Karotten* 32%, Wasser, Couscous** gekocht 15% (Wasser, HARTWEIZENGRIEß**), Rote Linsen** gekocht 11% (Wasser, Rote Linsen**), Zucchini* 6%, Rote Paprika** 4%, Tomatenmark** 2-fach konzentriert 2%, WEIZENGRIEß* 2%, Rapsöl* 0,8%, Thymian**, Schnittlauch** *aus Demeter Bio-Landbau (Anteil: 78%) **aus biologischer Landwirtschaft",,,Kindermenü,250,,Couscous Gemüse mediterran 250G,1.1,0.1,12.0,6.4,1.9,2.4,1.9,47,1.9,g,2.4,g,0.012,g,0.1,g,47,kcal,1.1,g,0.1,g,6.4,g,2.4,g,1.9,g,1.9,g,0.03,g,47.0,kcal,197.0,kJ
04104420213937,Alnatura GmbH,Karotten m. Kartoff. & Lachs 190G,"Zutaten: Karotten* 41%, Wasser, Kartoffeln* 18%, LACHS** 9%, Maismehl* 2%, Rapsöl* 1,1% *aus Demeter Bio-Landbau (Anteil: 88%) **aus biologischer Aquakultur",,,Babymenü,190,,Karotten m. Kartoff. & Lachs 190G,2.1,0.3,20.0,5.3,1.9,1.2,2.3,53,2.3,g,1.2,g,0.02,g,0.3,g,53,kcal,2.1,g,0.3,g,5.3,g,1.2,g,1.9,g,2.3,g,0.05,g,53.0,kcal,222.0,kJ
04104420214040,Alnatura GmbH,Hefeflocken 100G,"Zutaten: Melassehefe* 69%, Reismehl* 30%, Meersalz * aus biologischer Landwirtschaft. Kann Spuren von Gluten enthalten.",,,Hefeflocken/Extrakte,100,,Hefeflocken 100G,4.0,0.8,400.0,38.0,19.0,1.0,26.0,330,26.0,g,1.0,g,0.4,g,0.8,g,330,kcal,4.0,g,0.8,g,38.0,g,1.0,g,19.0,g,26.0,g,1.0,g,330.0,kcal,1388.0,kJ
04104420214385,Alnatura GmbH,"Secco 0,75L","Zutatenverzeichnis: Trauben¹, konzentrierter Traubenmost¹, Kohlendioxid, Säureregulatoren: Weinsäure, Citronensäure; Antioxidationsmittel: L-Ascorbinsäure, SULFITE. ¹aus ökologischer Landwirtschaft
Enthält Sulfite",,,Schaumweine ES,750,,"Secco 0,75L",0.5,0.1,40.0,2.0,,1.5,0.5,71,0.5,g,1.5,g,0.04,g,0.1,g,71,kcal,0.5,g,0.1,g,2.0,g,1.5,g,,g,0.5,g,0.1,g,71.0,kcal,296.0,kJ
04104420214422,Alnatura GmbH,"Weißweinessig 0,5 L",Enthält Sulfite,,,Weinessige,513,,"Weißweinessig 0,5 L",,,,,,,,,,g,,g,,g,,g,,kcal,,g,,g,,g,,g,,g,,g,,g,,kcal,,kJ
04104420214484,Alnatura GmbH,Apfelmark Guave Mango Maracuja 360G,"Zutaten: Äpfel* 71%, Guaven* 15%, Mangos* 10%, Maracujasaft* 4 % *aus biologischer Landwirtschaft",,,"Muse, Marke, Pürees",360,,Apfelmark Guave Mango Maracuja 360G,0.5,0.1,4.0,11.0,2.2,11.0,0.5,50,0.5,g,11.0,g,0.004,g,0.1,g,50,kcal,0.5,g,0.1,g,11.0,g,11.0,g,2.2,g,0.5,g,0.01,g,50.0,kcal,211.0,kJ
04104420214545,Alnatura GmbH,Popcorn Meersalz 60G,"Zutaten: Mais* 82 %, Sonnenblumenöl*, Meersalz 0,8 % *aus biologischer Landwirtschaft",,,sonstige Chips/Flips,60,,Popcorn Meersalz 60G,22.0,1.8,336.0,55.0,8.5,0.5,8.9,471,8.9,g,0.5,g,0.33599999999999997,g,1.8,g,471,kcal,22.0,g,1.8,g,55.0,g,0.5,g,8.5,g,8.9,g,0.84,g,471.0,kcal,1968.0,kJ
04104420214583,Alnatura GmbH,Popcorn süß und salzig 80G,"Zutaten: Mais* 60%, Rübenzucker* 27%, Sonnenblumenöl*, Meersalz 0,5% *aus biologischer Landwirtschaft",,,sonstige Chips/Flips,80,,Popcorn süß und salzig 80G,17.0,1.3,212.0,62.0,6.6,27.0,10.0,454,10.0,g,27.0,g,0.21200000000000002,g,1.3,g,454,kcal,17.0,g,1.3,g,62.0,g,27.0,g,6.6,g,10.0,g,0.53,g,454.0,kcal,1906.0,kJ
04104420214651,Alnatura GmbH,Kartoffelpuffer (TK) 600g,"Zutaten: Kartoffeln* 95 %, Kartoffelstärke*, Kartoffelflocken*, Meersalz, Rapsöl*, Zwiebelpulver*, Pfeffer* *aus biologischer Landwirtschaft",,,Kartoffelprodukte TK,600,,Kartoffelpuffer (TK) 600g,0.5,0.2,284.0,21.0,2.2,0.5,2.1,97,2.1,g,0.5,g,0.284,g,0.2,g,97,kcal,0.5,g,0.2,g,21.0,g,0.5,g,2.2,g,2.1,g,0.71,g,97.0,kcal,410.0,kJ
04104420215085,Alnatura GmbH,"Pfandflasche Schorlen 0,25 EUR",,,,"Pfandflasche Schorlen 0,25 EUR",,,"Pfandflasche Schorlen 0,25 EUR",,,,,,,,,,g,,g,,g,,g,,kcal,,g,,g,,g,,g,,g,,g,,g,,kcal,,kJ
04104420215146,Alnatura GmbH,Buntes Gemüse mediterran 190G,"Zutaten: Karotten* 43 %, Wasser, Zucchini* 9 %, rote Paprika** 5 %, Maismehl* 5 %, Auberginen** 4 %, Tomatenmark** 2-fach konzentriert 3 %, Rapsöl* 1,3 % *aus Demeter Bio-Landbau (Anteil: 83 %) **aus biologischer Landwirtschaft",,,Gemüse,190,,Buntes Gemüse mediterran 190G,1.6,0.2,16.0,6.2,1.8,2.9,1.0,47,1.0,g,2.9,g,0.016,g,0.2,g,47,kcal,1.6,g,0.2,g,6.2,g,2.9,g,1.8,g,1.0,g,0.04,g,47.0,kcal,196.0,kJ
04104420215313,Alnatura GmbH,Quinoa 500g,"Zutaten: Quinoa* *aus biologischer Landwirtschaft
Kann Spuren von Gluten, Soja, Milch, Mandel, Nüssen, Sellerie und Sesam enthalten.",,,Getreide ganz Natur,500,,Quinoa 500g,6.1,0.7,12.0,64.0,7.0,2.7,14.0,381,14.0,g,2.7,g,0.012,g,0.7,g,381,kcal,6.1,g,0.7,g,64.0,g,2.7,g,7.0,g,14.0,g,0.03,g,381.0,kcal,1608.0,kJ
04104420215436,Alnatura GmbH,Bruderhahn Eier 6er,,,,Eier gepackt,360,,Bruderhahn Eier 6er,,,,,,,,,,g,,g,,g,,g,,kcal,,g,,g,,g,,g,,g,,g,,g,,kcal,,kJ
04104420215610,Alnatura GmbH,Kokos Natur vegan 125G,"Zutaten: Kokosmilch* 95 % (Wasser, Kokosmark* 24 %), Tapiokastärke*, Stabilisator: Johannisbrotkernmehl*, Meersalz, Milchsäurebakterienkulturen *aus biologischer Landwirtschaft",,,veganer Joghurtersat,125,,Kokos Natur vegan 125G,7.7,7.1,80.0,5.1,0.6,1.0,1.4,97,1.4,g,1.0,g,0.08,g,7.1,g,97,kcal,7.7,g,7.1,g,5.1,g,1.0,g,0.6,g,1.4,g,0.2,g,97.0,kcal,400.0,kJ
04104420215658,Alnatura GmbH,Kokos Mango vegan 400G,"Zutaten: Kokosmilch* 72% (Wasser, Kokosmark* 24 %), Mangopüree* 10 %, Maracujasaft* 6 %, Rübenzucker*, Tapiokastärke*, Maisstärke*, Stablilisatoren: Johannisbrotkernmehl* und Pektin, Zitronensaftkonzentrat*, Meersalz, Milchsäurebakterienkulturen *aus biologischer Landwirtschaft.",,,veganer Joghurtersat,400,,Kokos Mango vegan 400G,5.9,5.4,60.0,10.0,0.7,6.3,1.2,99,1.2,g,6.3,g,0.06,g,5.4,g,99,kcal,5.9,g,5.4,g,10.0,g,6.3,g,0.7,g,1.2,g,0.15,g,99.0,kcal,414.0,kJ
04104420215696,Alnatura GmbH,Apfel-Mango-Kokos-Dinkelg. 190G,"Zutaten: Äpfel* 46 %, Wasser, Mangos* 19 %, Kokosmilch** 6% (Kokosextrakt** 65%, Wasser), DINKELGRIEß*¹ 6 % *aus Demeter Bio-Landbau (Anteil: 92%) **aus biologischer Landwirtschaft ¹ Dinkel ist eine WEIZENART",,,Obst & Getreide,190,,Apfel-Mango-Kokos-Dinkelg. 190G,0.9,0.7,4.0,11.7,1.3,7.7,1.2,62,1.2,g,7.7,g,0.004,g,0.7,g,62,kcal,0.9,g,0.7,g,11.7,g,7.7,g,1.3,g,1.2,g,0.01,g,62.0,kcal,263.0,kJ
04104420215856,Alnatura GmbH,Milchreis 200G,"Zutaten: VOLLMILCH* 85 %, Reis* 6,5 %, Rübenzucker*, Reisstärke*, Reismehl*, Speisesalz *aus biologischer Landwirtschaft",,,Desserts,200,,Milchreis 200G,3.2,2.1,48.0,17.0,0.5,8.6,3.2,110,3.2,g,8.6,g,0.048,g,2.1,g,110,kcal,3.2,g,2.1,g,17.0,g,8.6,g,0.5,g,3.2,g,0.12,g,110.0,kcal,462.0,kJ
04104420216129,Alnatura GmbH,Landschinken 70G,"Zutaten: Schweinefleisch*, Steinsalz, Gewürze*, Rübenzucker*, Reifekulturen, Buchenholzrauch *aus biologischer Landwirtschaft
Kann Spuren von Senf enthalten.",,,Schinken und Speck,70,,Landschinken 70G,31.0,13.0,2080.0,0.8,,0.5,30.0,402,30.0,g,0.5,g,2.08,g,13.0,g,402,kcal,31.0,g,13.0,g,0.8,g,0.5,g,,g,30.0,g,5.2,g,402.0,kcal,1671.0,kJ
04104420216662,Alnatura GmbH,"Grüne Bohnen fein, geschnitten 340G","Zutaten: Grüne Bohnen* geschnitten, Wasser, Meersalz *aus biologischer Landwirtschaft.",,,Gemüsekonserven,340,,"Grüne Bohnen fein, geschnitten 340G",0.5,0.1,120.0,2.2,2.9,1.2,1.8,22,1.8,g,1.2,g,0.12,g,0.1,g,22,kcal,0.5,g,0.1,g,2.2,g,1.2,g,2.9,g,1.8,g,0.3,g,22.0,kcal,91.0,kJ
04104420216709,Alnatura GmbH,Flohsamen 250g,Kann Spuren von Gluten und Sesam enthalten.,,,Superfood M. & D.,250,,Flohsamen 250g,7.0,1.2,36.0,3.5,65.0,0.5,16.0,271,16.0,g,0.5,g,0.036,g,1.2,g,271,kcal,7.0,g,1.2,g,3.5,g,0.5,g,65.0,g,16.0,g,0.09,g,271.0,kcal,1111.0,kJ
04104420216785,Alnatura GmbH,Hanföl nativ 250ML,,,,Saatenöle,231,,Hanföl nativ 250ML,93.0,10.0,4.0,0.5,0.5,0.5,0.5,837,0.5,g,0.5,g,0.004,g,10.0,g,837,kcal,93.0,g,10.0,g,0.5,g,0.5,g,0.5,g,0.5,g,0.01,g,837.0,kcal,3441.0,kJ
04104420217027,Alnatura GmbH,Protein Müsli 350g,"Zutaten: SOJAFLOCKEN* 40 %, HAFERVOLLKORNFLOCKEN* 22%, GERSTENVOLLKORNFLOCKEN* 10%, Sonnenblumenkerne* 5,5%, Kürbiskerne* 5 %, Aprikosen* getrocknet 4,3%, Leinsamen* 3 %, Dattelsaftkonzentrat*, Quinoa* gepufft 2%, Rote Johannisbeeren* gefriergetrocknet 1,6%, Erdbeeren* gefriergetrocknet 1,4%, Sonnenblumenöl*, Kokosraspel*, stark entöltes Kakaopulver*, Amaranth* gepufft, Reismehl* *aus biologischer Landwirtschaft. Kann Spuren von Ei, Milch, Mandel, Nüssen und Sesam enthalten.",,,Müslis,350,,Protein Müsli 350g,17.0,3.0,12.0,32.0,14.0,7.0,24.0,406,24.0,g,7.0,g,0.012,g,3.0,g,406,kcal,17.0,g,3.0,g,32.0,g,7.0,g,14.0,g,24.0,g,0.03,g,406.0,kcal,1698.0,kJ
04104420217072,Alnatura GmbH,Brombeeren (TK) 300G,Zutaten: Brombeeren* *aus biologischer Landwirtschaft,,,Obst TK,300,,Brombeeren (TK) 300G,0.9,0.1,12.0,8.3,2.1,7.6,1.4,63,1.4,g,7.6,g,0.012,g,0.1,g,63,kcal,0.9,g,0.1,g,8.3,g,7.6,g,2.1,g,1.4,g,0.03,g,63.0,kcal,267.0,kJ
04104420217119,Alnatura GmbH,Sauerkirschen (TK) 300G,Zutaten: Sauerkirschen* *aus biologischer Landwirtschaft,,,Obst TK,300,,Sauerkirschen (TK) 300G,0.5,0.1,4.0,14.0,1.9,11.0,0.9,63,0.9,g,11.0,g,0.004,g,0.1,g,63,kcal,0.5,g,0.1,g,14.0,g,11.0,g,1.9,g,0.9,g,0.01,g,63.0,kcal,269.0,kJ
04104420217188,Alnatura GmbH,Fischstäbchen (TK) 250g,"Zutaten: SEELACHSFILET 65%, WEIZENMEHL*, Wasser, Sonnenblumenöl*, WEIZENSTÄRKE*, Speisesalz, Hefe* *aus biologischer Landwirtschaft. 28 % der Zutaten stammen aus biologischer Landwirtschaft. Kann Spuren von Weichtieren enthalten.",,,Fisch/Meeresfrü TK,250,,Fischstäbchen (TK) 250g,8.2,1.0,231.99999999999997,14.0,0.7,2.0,14.0,187,14.0,g,2.0,g,0.23199999999999998,g,1.0,g,187,kcal,8.2,g,1.0,g,14.0,g,2.0,g,0.7,g,14.0,g,0.58,g,187.0,kcal,785.0,kJ
04104420217386,Alnatura GmbH,"Rapsöl 0,25L",,,,Beikostöl,250,,"Rapsöl 0,25L",91.7,7.0,0.0,0.0,,0.0,0.0,825,0.0,g,0.0,g,0.0,g,7.0,g,825,kcal,91.7,g,7.0,g,0.0,g,0.0,g,,g,0.0,g,0.0,g,825.0,kcal,3393.0,kJ
04104420217423,Alnatura GmbH,Putenaufschnitt hauchfein 70G,"Zutaten: Putenfleisch* 91 %, Wasser, Speisesalz, Konservierungsstoff: Natriumnitrit, Stabilisator: Natriumcitrat, Meersalz, Gewürze*, Buchenholzrauch *aus biologischer Landwirtschaft",,,Geflügelwurst,70,,Putenaufschnitt hauchfein 70G,1.2,0.5,960.0,0.5,0.5,0.5,23.0,103,23.0,g,0.5,g,0.96,g,0.5,g,103,kcal,1.2,g,0.5,g,0.5,g,0.5,g,0.5,g,23.0,g,2.4,g,103.0,kcal,435.0,kJ
04104420217843,Alnatura GmbH,Pommes Frites (TK) 600G,"Zutaten: Kartoffeln* 94,5 %, Sonnenblumenöl* 5 %, Dextrose* *aus biologischer Landwirtschaft",,,Kartoffelprodukte TK,600,,Pommes Frites (TK) 600G,4.8,0.4,4.0,23.0,2.5,0.5,1.9,148,1.9,g,0.5,g,0.004,g,0.4,g,148,kcal,4.8,g,0.4,g,23.0,g,0.5,g,2.5,g,1.9,g,0.01,g,148.0,kcal,621.0,kJ
04104420217973,Alnatura GmbH,Reiswaffeln mit Salz 100G,"Zutaten: Vollkornreis* 99,7 %, Meersalz *aus biologischer Landwirtschaft. Kann Spuren von Sesam enthalten.",,,Reis/Getreidewaffeln,100,,Reiswaffeln mit Salz 100G,3.2,0.7,124.0,77.0,3.6,0.6,8.7,379,8.7,g,0.6,g,0.124,g,0.7,g,379,kcal,3.2,g,0.7,g,77.0,g,0.6,g,3.6,g,8.7,g,0.31,g,379.0,kcal,1604.0,kJ
04104420217997,Alnatura GmbH,Reiswaffeln ohne Salz 100G,Zutaten: Vollkornreis* *aus biologischer Landwirtschaft. Kann Spuren von Sesam enthalten.,,,Reis/Getreidewaffeln,100,,Reiswaffeln ohne Salz 100G,3.2,0.7,4.0,77.0,3.7,0.6,8.7,379,8.7,g,0.6,g,0.004,g,0.7,g,379,kcal,3.2,g,0.7,g,77.0,g,0.6,g,3.7,g,8.7,g,0.01,g,379.0,kcal,1605.0,kJ
04104420218208,Alnatura GmbH,Kakao Doppelkeks Kokos 330G,"Zutaten: WEIZENMEHL* Type 550, Rübenzucker*, Palmöl*, Kokosmus* 6,5 %, Kokosmehl* 4,4 %, Schokoladenstückchen* 2,9 % (Rohrzucker*, Kakaomasse*, Kakaobutter*), Kakaopulver* 2,9 %, Maisstärke*, Kakaobutter*, Backtriebmittel: Natriumhydrogencarbonat und Ammoniumhydrogencarbonat, Meersalz, Emulgator: Lecithin* *aus biologischer Landwirtschaft. Kann Spuren von Ei, Soja, Milch, Mandel, Haselnuss und Paranuss enthalten.",,,Kekse,330,,Kakao Doppelkeks Kokos 330G,24.0,14.0,152.0,60.0,5.9,26.0,7.7,499,7.7,g,26.0,g,0.152,g,14.0,g,499,kcal,24.0,g,14.0,g,60.0,g,26.0,g,5.9,g,7.7,g,0.38,g,499.0,kcal,2086.0,kJ
04104420218284,,Salami Sticks luftgetrocknet 70g,"Zutaten: Schweinefleisch*, Speisesalz, DEXTROSE*, Gewürze* (Schwarzer Pfeffer*, Knoblauchpulver*), Antioxidationsmittel: Ascorbinsäure, Konservierungsstoff: Natriumnitrit, Reifekulturen, essbare Hülle (aus Rinderkollagen) *aus biologischer Landwirtschaft - 100g der Alnatura Salami Sticks werden aus 190 g Bio-Schweinefleisch hergestellt.",,,Fleisch/Wurstkon,70,,Salami Sticks luftgetrocknet 70g,40.0,18.0,1800.0,1.5,0.5,1.0,33.0,498,33.0,g,1.0,g,1.8,g,18.0,g,498,kcal,40.0,g,18.0,g,1.5,g,1.0,g,0.5,g,33.0,g,4.5,g,498.0,kcal,2067.0,kJ
04104420218352,Alnatura GmbH,Goldhirse 500G,"Zutaten: Goldhirse* *aus biologischer Landwirtschaft
Kann Spuren von Gluten, Mandel, Nüssen und Sesam enthalten.",,,Getreide ganz Natur,500,,Goldhirse 500G,3.9,1.0,4.0,69.0,3.8,2.2,11.0,363,11.0,g,2.2,g,0.004,g,1.0,g,363,kcal,3.9,g,1.0,g,69.0,g,2.2,g,3.8,g,11.0,g,0.01,g,363.0,kcal,1535.0,kJ
04104420218574,Alnatura GmbH,Naturreis Langkorn 1.000G,"Kann Spuren von Mandel, Cashewnuss und Sesam enthalten.",,,Reis,1000,,Naturreis Langkorn 1.000G,2.2,0.6,4.0,74.0,2.2,0.7,7.8,351,7.8,g,0.7,g,0.004,g,0.6,g,351,kcal,2.2,g,0.6,g,74.0,g,0.7,g,2.2,g,7.8,g,0.01,g,351.0,kcal,1490.0,kJ
04104420218734,Alnatura GmbH,"Ayran 3,5% 230ML","Zutaten: JOGHURT* 55%, Wasser, Meersalz *aus Demeter Bio-Landbau.",,,Sauermilch,236.9,,"Ayran 3,5% 230ML",1.9,1.3,240.0,2.5,0.5,2.5,2.3,36,2.3,g,2.5,g,0.24,g,1.3,g,36,kcal,1.9,g,1.3,g,2.5,g,2.5,g,0.5,g,2.3,g,0.6,g,36.0,kcal,152.0,kJ
04104420218833,Alnatura GmbH,*Mini Vollmilch Eier 80g*,"Zutaten: Rohrzucker*, Kakaobutter*, VOLLMILCHPULVER*, Kakaomasse*, MAGERMILCHPULVER*, Bourbonvanilleschote* gemahlen *aus biologischer Landwirtschaft. Kann Spuren von Mandel und Haselnuss enthalten.",,,Ostern Zwidu süß,80,,*Mini Vollmilch Eier 80g*,37.0,23.0,108.0,48.0,2.0,47.0,8.0,561,8.0,g,47.0,g,0.10800000000000001,g,23.0,g,561,kcal,37.0,g,23.0,g,48.0,g,47.0,g,2.0,g,8.0,g,0.27,g,561.0,kcal,2337.0,kJ
04104420219069,Alnatura GmbH,Geflügel Bratwurst 160G,"Zutaten: Hähnchenfleisch* 80 %, Sonnenblumenöl* 14 %, Wasser, Speisesalz, Gewürze*, Dextrose*, Rübenzucker*, Stabilisator: Natriumcitrate, Schafsaitling *aus biologischer Landwirtschaft
Kann Spuren von Sellerie und Senf enthalten.",,,Brühwurst,160,,Geflügel Bratwurst 160G,18.0,3.0,720.0,2.5,1.0,1.0,17.0,242,17.0,g,1.0,g,0.72,g,3.0,g,242,kcal,18.0,g,3.0,g,2.5,g,1.0,g,1.0,g,17.0,g,1.8,g,242.0,kcal,1006.0,kJ
04104420219113,Alnatura GmbH,*Nougat Schoko Eier 100g*,"Zutaten: Vollmilchschokolade* 50 % (Rohrzucker*, Kakaobutter*, VOLLMILCHPULVER*, Kakaomasse*, Bourbonvanilleschote* gemahlen), NOUGATCREME* 50 % (Rohrzucker*, HASELNÜSSE*, Kakaobutter*, Sonnenblumenöl*, VOLLMILCHPULVER*, MAGERMILCHPULVER*, Kakaomasse*) *aus biologischer Landwirtschaft. Kann Spuren von Gluten, Soja und Mandel enthalten.",,,Ostern Zwidu süß,100,,*Nougat Schoko Eier 100g*,42.0,20.0,72.0,48.0,1.2,46.0,7.4,602,7.4,g,46.0,g,0.072,g,20.0,g,602,kcal,42.0,g,20.0,g,48.0,g,46.0,g,1.2,g,7.4,g,0.18,g,602.0,kcal,2505.0,kJ
04104420219366,Alnatura GmbH,Sonnenblumenkerne 250G,"Zutaten: Sonnenblumenkerne* *aus biologischer Landwirtschaft. Kann Spuren von Gluten, Mandel, Nüssen und Sesam enthalten.",,,Ölsaaten & Samen,250,,Sonnenblumenkerne 250G,49.0,5.4,4.0,12.0,6.3,0.5,27.0,610,27.0,g,0.5,g,0.004,g,5.4,g,610,kcal,49.0,g,5.4,g,12.0,g,0.5,g,6.3,g,27.0,g,0.01,g,610.0,kcal,2526.0,kJ
04104420219403,Alnatura GmbH,Sonnenblumenkerne 500G,"Zutaten: Sonnenblumenkerne* *aus biologischer Landwirtschaft
Kann Spuren von Gluten, Mandel, Nüssen und Sesam enthalten.",,,Ölsaaten & Samen,500,,Sonnenblumenkerne 500G,49.0,5.4,4.0,12.0,6.3,0.5,27.0,610,27.0,g,0.5,g,0.004,g,5.4,g,610,kcal,49.0,g,5.4,g,12.0,g,0.5,g,6.3,g,27.0,g,0.01,g,610.0,kcal,2526.0,kJ
04104420219588,Alnatura GmbH,Kokos Drink 750ML (gekühlt),"Zutaten: Wasser, Kokosmark* 12%, Stabilisator: Guarkernmehl*, Meersalz *aus biologischer Landwirtschaft.",,,vegane Drinks gekühl,762,,Kokos Drink 750ML (gekühlt),5.1,4.7,40.0,0.7,1.1,0.3,0.5,53,0.5,g,0.3,g,0.04,g,4.7,g,53,kcal,5.1,g,4.7,g,0.7,g,0.3,g,1.1,g,0.5,g,0.1,g,53.0,kcal,218.0,kJ
04104420219793,Alnatura GmbH,Hafer Knusper Kekse 150G,"Zutaten: HAFERVOLLKORNFLOCKEN* 32 %, DINKELMEHL*¹ Type 1050, Palmöl*, Rübenzucker*, HAFERVOLLKORNMEHL* 9 %, Buchweizen* gekeimt 5 %, Meersalz, Maisstärke*, Backtriebmittel: Natriumhydrogencarbonat, Säuerungsmittel: Monokaliumtartrat *aus biologischer Landwirtschaft ¹DINKEL IST EINE WEIZENART
Kann Spuren von Ei, Soja, Milch, Mandel, Nüssen, Sellerie, Sesam und Lupine enthalten.",,,Kekse,150,,Hafer Knusper Kekse 150G,24.0,11.0,188.0,59.0,5.2,19.0,8.0,494,8.0,g,19.0,g,0.188,g,11.0,g,494,kcal,24.0,g,11.0,g,59.0,g,19.0,g,5.2,g,8.0,g,0.47,g,494.0,kcal,2069.0,kJ
04104420219823,Alnatura GmbH,Gute Laune Mix 150G,"Zutaten: Ananasstücke* 25 %, CASHEWNÜSSE* 25 %, Vollmilchschokolade* 17 % (Rohrohrzucker*, Kakaobutter*, VOLLMILCHPULVER*, Kakaomasse*), Mangostücke* 16 %, HASELNUSSKERNE* 8,5 %, Rosinen 8,4 % ,Überzugsmittel: Gummi arabicum*,Sonnenblumenöl* *aus biologischer Landwirtschaft. Kann Spuren von Gluten, Erdnuss, Soja und anderen Nüssen enthalten.",,,Nuss-/Fruchtmischung,150,,Gute Laune Mix 150G,23.0,6.9,20.0,51.0,6.6,44.0,9.0,460,9.0,g,44.0,g,0.02,g,6.9,g,460,kcal,23.0,g,6.9,g,51.0,g,44.0,g,6.6,g,9.0,g,0.05,g,460.0,kcal,1924.0,kJ
04104420219946,Alnatura GmbH,Ingwer Kurkuma Btl. 20x2g 40g,"Zutaten: Ingwer* 28%, Kurkuma* 27%, Koriandersamen* 25%, Galgant*, Süßholz* *aus biologischer Landwirtschaft",,,Gewürztee im Beutel,40,,Ingwer Kurkuma Btl. 20x2g 40g,,,,,,,,,,g,,g,,g,,g,,kcal,,g,,g,,g,,g,,g,,g,,g,,kcal,,kJ
04104420219984,Alnatura GmbH,Schlaf schön Tee Btl. 20x2g 40g,"Zutaten: Grünes HAFERKRAUT* 22 %, Melisse*, Kamille*, Zitronengras*, Lindenblüten* 8 %, Orangenschale*, Lavendelblüten* 2 %, Hopfen* *aus biologischer Landwirtschaft",,,Kräutertee im Beutel,40,,Schlaf schön Tee Btl. 20x2g 40g,,,,,,,,,,g,,g,,g,,g,,kcal,,g,,g,,g,,g,,g,,g,,g,,kcal,,kJ
04104420220027,Alnatura GmbH,"Lindenblüten Tee Btl. 20x1,8g 36G",Zutaten: Lindenblüten* *aus biologischer Landwirtschaft,,,Kräutertee im Beutel,36,,"Lindenblüten Tee Btl. 20x1,8g 36G",,,,,,,,,,g,,g,,g,,g,,kcal,,g,,g,,g,,g,,g,,g,,g,,kcal,,kJ
04104420220065,Alnatura GmbH,"Grüner Tee Darjeeling Btl. 20x1,5g",Zutaten: Grüntee* *aus Demeter Bio-Landbau,,,Grüntee im Beutel,30,,"Grüner Tee Darjeeling Btl. 20x1,5g",0.0,0.0,0.0,0.0,0.0,0.0,0.0,0,0.0,g,0.0,g,0.0,g,0.0,g,0,kcal,0.0,g,0.0,g,0.0,g,0.0,g,0.0,g,0.0,g,0.0,g,0.0,kcal,0.0,kJ
04104420220232,Alnatura GmbH,Milchreis 500G,"Zutaten: Rundkornreis* *aus biologischer Landwirtschaft. Kann Spuren von Mandel, Cashewnuss und Sesam enthalten.",,,Reis,500,,Milchreis 500G,0.8,0.2,16.0,78.0,1.4,0.7,7.2,351,7.2,g,0.7,g,0.016,g,0.2,g,351,kcal,0.8,g,0.2,g,78.0,g,0.7,g,1.4,g,7.2,g,0.04,g,351.0,kcal,1489.0,kJ
04104420220355,Alnatura GmbH,Bergbauern Weichkäse 150G,"Zutaten: MILCH* pasteurisiert, Speisesalz, tierisches Lab, Rotkultur, Schimmelkulturen *aus biologischer Landwirtschaft.",,,Weichkäse,150,,Bergbauern Weichkäse 150G,33.0,23.0,720.0,0.5,0.5,0.5,17.0,367,17.0,g,0.5,g,0.72,g,23.0,g,367,kcal,33.0,g,23.0,g,0.5,g,0.5,g,0.5,g,17.0,g,1.8,g,367.0,kcal,1519.0,kJ
04104420220393,Alnatura GmbH,Ziegenfrischkäse aus Heumilch 140g,"Zutaten: ZIEGENFRISCHKÄSE*, Speisesalz *aus biologischer Landwirtschaft. Kann Spuren von Kuh- und Schafmilch enthalten.",,,Frischkäse,140,,Ziegenfrischkäse aus Heumilch 140g,13.0,8.5,320.0,4.0,0.5,3.5,11.0,177,11.0,g,3.5,g,0.32,g,8.5,g,177,kcal,13.0,g,8.5,g,4.0,g,3.5,g,0.5,g,11.0,g,0.8,g,177.0,kcal,736.0,kJ
04104420220430,Alnatura GmbH,"Kichererbsen Snack ""Falafel"" 150G","Zutaten: DINKELMEHL*¹ Type 1050 (47%), Kichererbsenmehl* 28%, SESAM*, Sonnenblumenöl*, DINKELVOLLKORNSCHROT*¹ 5%, Reismehl*, Meersalz, Zwiebeln* getrocknet, Petersilie*, Koriander*, Knoblauchpulver*, Zimt*, Kreuzkümmelextrakt*, Hefe* *aus biologischer Landwirtschaft ¹DINKEL IST EINE WEIZENART. Kann Spuren von Ei, Soja, Milch, Mandel, Nüssen und Sellerie enthalten.",,,Salzgebäck,150,,"Kichererbsen Snack ""Falafel"" 150G",15.0,2.1,800.0,52.0,9.3,2.1,15.0,422,15.0,g,2.1,g,0.8,g,2.1,g,422,kcal,15.0,g,2.1,g,52.0,g,2.1,g,9.3,g,15.0,g,2.0,g,422.0,kcal,1768.0,kJ
04104420220478,Alnatura GmbH,"Rote Linsen Snack ""Linsen Dal"" 150G","Zutaten: DINKELMEHL* Type 1050 51%, Linsenmehl* rot 22%, Sonnenblumenöl* Kokosraspel* 6%, DINKELVOLLKORNSCHROT* 4%, SESAM*, Reismehl*, Tomatengranulat* 3%, SCHWARZER SESAM*, Meersalz, Zwiebeln* getrocknet, Chilipulver*, Kreuzkümmelextrakt*, Hefe* *aus biologischer Landwirtschaft ¹ DINKEL IST EINE WEIZENART. Kann Spuren von Ei, Soja, Milch, Mandel, Nüssen und Sellerie enthalten.",,,Salzgebäck,150,,"Rote Linsen Snack ""Linsen Dal"" 150G",15.0,5.5,800.0,57.0,6.7,3.4,15.0,436,15.0,g,3.4,g,0.8,g,5.5,g,436,kcal,15.0,g,5.5,g,57.0,g,3.4,g,6.7,g,15.0,g,2.0,g,436.0,kcal,1833.0,kJ
04104420220676,Alnatura GmbH,Buttergemüse-Couscous-Huhn 220G,"Zutaten: COUSCOUS** (HARTWEIZENGRIEß**) gekocht 28 %, Karotten* 27 %, Wasser, Hühnchenfleisch** 8 %, Pastinaken* 7 %, Tomatenmark** 2-fach konzentriert 4 %, rote Paprika** 3 %, BUTTER* 1,4 % *aus Demeter-Landbau **aus biologischer Landwirtschaft",,,Juniormenü,220,,Buttergemüse-Couscous-Huhn 220G,2.2,1.0,20.0,5.8,1.4,2.2,2.6,56,2.6,g,2.2,g,0.02,g,1.0,g,56,kcal,2.2,g,1.0,g,5.8,g,2.2,g,1.4,g,2.6,g,0.05,g,56.0,kcal,235.0,kJ
04104420220713,Alnatura GmbH,Erdnussmus crunchy 250G,"Zutaten: ERDNÜSSE* geröstet *aus biologischer Landwirtschaft
Kann Spuren von Mandel, anderen Nüssen und Sesam enthalten.",,,Nussmuse,250,,Erdnussmus crunchy 250G,56.0,11.0,8.0,7.1,11.0,3.9,23.0,646,23.0,g,3.9,g,0.008,g,11.0,g,646,kcal,56.0,g,11.0,g,7.1,g,3.9,g,11.0,g,23.0,g,0.02,g,646.0,kcal,2672.0,kJ
04104420221000,Alnatura GmbH,"Baby-Kräuter-Tee Btl. 20x1,75g 35G","Zutaten: Fenchel* 53%, Kümmel* 25%, Zitronengras* 10%, Kamille* 8%, Anis* 4% *aus biologischer Landwirtschaft",,,Warmgetränke,35,,"Baby-Kräuter-Tee Btl. 20x1,75g 35G",0.1,0.1,4.0,0.1,,0.1,0.1,0,0.1,g,0.1,g,0.004,g,0.1,g,0,kcal,0.1,g,0.1,g,0.1,g,0.1,g,,g,0.1,g,0.01,g,0.0,kcal,0.0,kJ
04104420221383,Alnatura GmbH,Sesam Krokant Riegel 4er 108G,"Zutaten: SESAM* geröstet 51 %, Glukosesirup* *aus biologischer Landwirtschaft
Kann Spuren von Erdnuss und Cashewnuss enthalten.",,,Saatenriegel,108,,Sesam Krokant Riegel 4er 108G,35.0,5.3,68.0,42.0,4.6,23.0,14.0,548,14.0,g,23.0,g,0.068,g,5.3,g,548,kcal,35.0,g,5.3,g,42.0,g,23.0,g,4.6,g,14.0,g,0.17,g,548.0,kcal,2284.0,kJ
04104420221420,Alnatura GmbH,Streichzart 150g,"Zutaten: BUTTER* 64 %, Rapsöl* 26 %, BUTTERMILCH* *aus biologischer Landwirtschaft",,,Butter,150,,Streichzart 150g,78.0,37.0,4.0,0.5,0.5,0.5,0.7,705,0.7,g,0.5,g,0.004,g,37.0,g,705,kcal,78.0,g,37.0,g,0.5,g,0.5,g,0.5,g,0.7,g,0.01,g,705.0,kcal,2898.0,kJ
04104420221536,Alnatura GmbH,Rote Linsen Spirelli 250G,Kann Spuren von Ei und Soja enthalten.,,,Kurze Nudeln,250,,Rote Linsen Spirelli 250G,1.7,0.3,4.0,56.0,5.9,2.2,23.0,343,23.0,g,2.2,g,0.004,g,0.3,g,343,kcal,1.7,g,0.3,g,56.0,g,2.2,g,5.9,g,23.0,g,0.01,g,343.0,kcal,1453.0,kJ
04104420221574,Alnatura GmbH,Kichererbsen Spirelli 250G,Kann Spuren von Ei und Soja enthalten.,,,Kurze Nudeln,250,,Kichererbsen Spirelli 250G,6.1,1.6,4.0,51.0,8.7,2.3,22.0,364,22.0,g,2.3,g,0.004,g,1.6,g,364,kcal,6.1,g,1.6,g,51.0,g,2.3,g,8.7,g,22.0,g,0.01,g,364.0,kcal,1536.0,kJ
04104420221680,Alnatura GmbH,Cashew Natur vegan 400g,"Zutaten: Cashewdrink* 96% (Wasser, CASHEWNÜSSE geröstet* 7%), Maisstärke*, Verdickungsmittel: Guarkernmehl*, Meersalz, Milchsäurebakterienkulturen *aus biologischer Landwirtschaft
Kann Spuren von Mandel und anderen Nüssen enthalten.",,,veganer Joghurtersat,400,,Cashew Natur vegan 400g,3.3,0.6,32.0,3.8,0.5,0.5,1.4,51,1.4,g,0.5,g,0.032,g,0.6,g,51,kcal,3.3,g,0.6,g,3.8,g,0.5,g,0.5,g,1.4,g,0.08,g,51.0,kcal,211.0,kJ
04104420221833,Alnatura GmbH,Müsli Riegel Ahorn-Dattel 150G,"Zutaten: HAFERFLOCKEN* 35%, Glukosesirup*, Ahornsirup* 12%, Mais* gewalzt, Datteln* getrocknet 9%, Sonnenblumenöl*, Reismehl* extrudiert (Reismehl*, Rohrzucker*, GERSTENMALZMEHL*, Meersalz), Rohrzucker*, Reismehl*, WEIZENMEHL* *aus biologischer Landwirtschaft
Kann Spuren von Soja, Milch, Mandel, Haselnuss, Walnuss, Cashewnuss, Pecannuss, Paranuss, Pistazie und Macadamianuss enthalten.",,,Müsli-&Getr.Riegel,150,,Müsli Riegel Ahorn-Dattel 150G,11.0,1.2,68.0,67.0,4.8,20.0,6.0,401,6.0,g,20.0,g,0.068,g,1.2,g,401,kcal,11.0,g,1.2,g,67.0,g,20.0,g,4.8,g,6.0,g,0.17,g,401.0,kcal,1686.0,kJ
04104420221871,Alnatura GmbH,Feigen 400G,"Zutaten: Feigen* *aus biologischer Landwirtschaft. Kann Spuren von Erdnuss, Mandel und Nüssen enthalten.",,,Trockenfrüchte ganz,400,,Feigen 400G,1.3,0.2,40.0,55.0,13.0,55.0,3.5,275,3.5,g,55.0,g,0.04,g,0.2,g,275,kcal,1.3,g,0.2,g,55.0,g,55.0,g,13.0,g,3.5,g,0.1,g,275.0,kcal,1161.0,kJ
04104420221918,Alnatura GmbH,Kuvertüre Zartbitter 150G,"Zutaten: Kakaomasse*, Rohrohrzucker*, Kakaobutter* *aus biologischer Landwirtschaft. Kann Spuren von Gluten, Milch, Mandel, Haselnuss, Pecannuss und Pistazie enthalten.",,,Backzutaten,150,,Kuvertüre Zartbitter 150G,39.0,25.0,4.0,44.0,8.3,40.0,5.2,564,5.2,g,40.0,g,0.004,g,25.0,g,564,kcal,39.0,g,25.0,g,44.0,g,40.0,g,8.3,g,5.2,g,0.01,g,564.0,kcal,2346.0,kJ
04104420221970,Alnatura GmbH,Karottensaft 1L,"Zutaten: Karottensaft* 98 %, Zitronensaft* 2 % *aus biologischer Landwirtschaft",,,Gemüsesäfte mono,1005,,Karottensaft 1L,0.5,0.1,40.0,6.0,1.0,6.0,0.8,29,0.8,g,6.0,g,0.04,g,0.1,g,29,kcal,0.5,g,0.1,g,6.0,g,6.0,g,1.0,g,0.8,g,0.1,g,29.0,kcal,124.0,kJ
04104420222083,Alnatura GmbH,Cashewbruch 300G,"Zutaten: CASHEWNÜSSE* *aus biologischer Landwirtschaft. Kann Spuren von Erdnuss, Mandel und anderen Nüssen enthalten.",,,Nüsse & Kerne mono,300,,Cashewbruch 300G,42.0,8.8,16.0,31.0,2.9,9.1,21.0,592,21.0,g,9.1,g,0.016,g,8.8,g,592,kcal,42.0,g,8.8,g,31.0,g,9.1,g,2.9,g,21.0,g,0.04,g,592.0,kcal,2461.0,kJ
04104420222120,Alnatura GmbH,Macadamianüsse 100G,"Zutaten: MACADAMIANÜSSE* *aus biologischer Landwirtschaft. Kann Spuren von Erdnuss, Mandel und anderen Nüssen enthalten.",,,Nüsse & Kerne mono,100,,Macadamianüsse 100G,75.0,12.0,4.0,4.7,9.4,4.4,8.4,746,8.4,g,4.4,g,0.004,g,12.0,g,746,kcal,75.0,g,12.0,g,4.7,g,4.4,g,9.4,g,8.4,g,0.01,g,746.0,kcal,3073.0,kJ
04104420222441,Alnatura GmbH,Vollmilch Schokolade 100G,"Zutaten: Rohrohrzucker*, Kakaobutter*, VOLLMILCHPULVER*, Kakaomasse*, SAHNEPULVER*, MAGERMILCHPULVER*, Bourbonvanilleextrakt* *aus biologischer Landwirtschaft
Kann Spuren von Gluten, Mandel, Haselnuss, Pecannus und Pistazie enthalten.",,,Schokoladentafeln VM,100,,Vollmilch Schokolade 100G,39.0,25.0,96.0,49.0,1.9,48.0,7.0,579,7.0,g,48.0,g,0.096,g,25.0,g,579,kcal,39.0,g,25.0,g,49.0,g,48.0,g,1.9,g,7.0,g,0.24,g,579.0,kcal,2410.0,kJ
04104420222472,Alnatura GmbH,Feine Bitter Schokolade 100G,"Zutaten: Kakaomasse*, Rohrohrzucker*, Kakaobutter* * aus biologischer Landwirtschaft
Kann Spuren von Gluten, Milch, Mandel, Haselnuss, Pecannuss und Pistazie enthalten.",,,Schokotafeln Dunkel,100,,Feine Bitter Schokolade 100G,41.0,26.0,8.0,35.0,12.0,29.0,7.5,563,7.5,g,29.0,g,0.008,g,26.0,g,563,kcal,41.0,g,26.0,g,35.0,g,29.0,g,12.0,g,7.5,g,0.02,g,563.0,kcal,2336.0,kJ
04104420222502,Alnatura GmbH,Feine Bitter Orange Schokolade 100G,"Zutaten: Kakaomasse*, Rohrohrzucker*, Kakaobutter*, Orangenöl* *aus biologischer Landwirtschaft
Kann Spuren von Gluten, Milch, Mandel, Haselnuss, Pecannuss und Pistazie enthalten.",,,Schokotafeln Dunkel,100,,Feine Bitter Orange Schokolade 100G,41.0,26.0,8.0,35.0,12.0,29.0,7.5,563,7.5,g,29.0,g,0.008,g,26.0,g,563,kcal,41.0,g,26.0,g,35.0,g,29.0,g,12.0,g,7.5,g,0.02,g,563.0,kcal,2336.0,kJ
04104420222533,Alnatura GmbH,Weiße Crisp Schokolade 100G,"Zutaten: Rohrohrzucker*, Kakaobutter*, VOLLMILCHPULVER*, Reismehl* extrudiert 5 % (Reismehl*, GERSTENMALZMEHL*, Meersalz), MAGERMILCHJOGHURTPULVER*, Bourbonvanilleextrakt* *aus biologischer Landwirtschaft
Kann Spuren von Mandel, Haselnuss, Pecannuss und Pistazie enthalten.",,,Schokotafeln Weiß,100,,Weiße Crisp Schokolade 100G,36.0,23.0,108.0,53.0,0.5,49.0,7.7,567,7.7,g,49.0,g,0.10800000000000001,g,23.0,g,567,kcal,36.0,g,23.0,g,53.0,g,49.0,g,0.5,g,7.7,g,0.27,g,567.0,kcal,2364.0,kJ
04104420222564,Alnatura GmbH,Pfefferminz Schokolade 100G,"Zutaten: Zartbitterschokolade* 60 % (Kakaomasse*, Rohrohrzucker*, stark entöltes Kakaopulver*, BUTTERREINFETT*, Kakaobutter*), Pfefferminzfüllung* 40 % (Rohrzucker*, Invertzuckersirup*, Pfefferminzöl*, Säuerungsmittel: Weinsäure) *aus biologischer Landwirtschaft
Kann Spuren von Gluten, Mandel, Haselnuss, Pecannuss und Pistazie enthalten.",,,Schokotafeln Dunkel,100,,Pfefferminz Schokolade 100G,22.0,14.0,4.0,63.0,7.8,56.0,5.1,486,5.1,g,56.0,g,0.004,g,14.0,g,486,kcal,22.0,g,14.0,g,63.0,g,56.0,g,7.8,g,5.1,g,0.01,g,486.0,kcal,2034.0,kJ
04104420222595,Alnatura GmbH,Cappuccino Schokolade 100G,"Zutaten: Cappuccino-Milchschokolade* 80 % (Rohrohrzucker*, Kakaobutter*, Kakaomasse*, VOLLMILCHPULVER*, Kaffee* 3 %), weiße Schokolade* 20 % (Rohrohrzucker*, Kakaobutter*, SAHNEPULVER*, MAGERMILCHPULVER*, MOLKENERZEUGNIS*, Bourbonvanilleextrakt*) *aus biologischer Landwirtschaft
Kann Spuren von Gluten, Mandel, Haselnuss, Pecannuss und Pistazie enthalten.",,,Schokoladentafeln VM,100,,Cappuccino Schokolade 100G,41.0,26.0,72.0,48.0,2.1,47.0,5.4,587,5.4,g,47.0,g,0.072,g,26.0,g,587,kcal,41.0,g,26.0,g,48.0,g,47.0,g,2.1,g,5.4,g,0.18,g,587.0,kcal,2442.0,kJ
04104420222625,Alnatura GmbH,Nougat Schokolade 100G,"Zutaten: Rohrohrzucker*, Kakaobutter*, VOLLMILCHPULVER*, HASELNÜSSE* 18 %, Kakaomasse*, Bourbonvanilleextrakt* *aus biologischer Landwirtschaft
Kann Spuren von Gluten, Mandel, Pecannuss und Pistazie enthalten.",,,Schokoladentafeln VM,100,,Nougat Schokolade 100G,40.0,19.0,76.0,46.0,2.8,44.0,8.6,584,8.6,g,44.0,g,0.076,g,19.0,g,584,kcal,40.0,g,19.0,g,46.0,g,44.0,g,2.8,g,8.6,g,0.19,g,584.0,kcal,2431.0,kJ
04104420222687,Alnatura GmbH,Kokos m. Kokosblütenz. Schoko vegan,"Zutaten: Kokosblütenzucker* 33%, Kakaobutter*, Kokosmus* 15 %, Kakaomasse*, Kokoschips* geröstet 8 %, Kokosmehl* 4,8 %, Reissiruppulver* *aus biologischer Landwirtschaft
Kann Spuren von Gluten, Milch, Mandel, Haselnuss, Pecannuss und Pistazie enthalten.",,,Schokoersatz Tafeln,100,,Kokos m. Kokosblütenz. Schoko vegan,47.0,34.0,40.0,40.0,7.5,31.0,3.8,613,3.8,g,31.0,g,0.04,g,34.0,g,613,kcal,47.0,g,34.0,g,40.0,g,31.0,g,7.5,g,3.8,g,0.1,g,613.0,kcal,2544.0,kJ
04104420222809,Alnatura GmbH,Chocolat 64% Cacao 150G,"Zutaten: Kakaomasse*, Rohrohrzucker*, Kakaobutter*, BUTTERREINFETT*, Bourbonvanilleextrakt* *aus biologischer Landwirtschaft. Kann Spuren von Gluten, Mandel, Haselnuss, Pecannuss und Pistazie enthalten.",,,Backzutaten,150,,Chocolat 64% Cacao 150G,39.0,25.0,8.0,39.0,11.0,33.0,7.0,557,7.0,g,33.0,g,0.008,g,25.0,g,557,kcal,39.0,g,25.0,g,39.0,g,33.0,g,11.0,g,7.0,g,0.02,g,557.0,kcal,2313.0,kJ
04104420222878,Alnatura GmbH,Schoko Reiswaffeln Zartbitter 100G,"Zutaten: Zartbitterschokolade* 60 % (Kakaomasse*, Rohrzucker*, Kakaobutter*), Vollkornreis* 40 % *aus biologischer Landwirtschaft. Kann Spuren von Soja enthalten.",,,Reis/Getr waffel süß,100,,Schoko Reiswaffeln Zartbitter 100G,24.0,15.0,4.0,57.0,6.5,23.0,7.3,486,7.3,g,23.0,g,0.004,g,15.0,g,486,kcal,24.0,g,15.0,g,57.0,g,23.0,g,6.5,g,7.3,g,0.01,g,486.0,kcal,2033.0,kJ
04104420222953,Alnatura GmbH,Mini Dinkel Flakes ungesüßt 175G,"Zutaten: DINKEL*¹ *aus biologischer Landwirtschaft ¹Dinkel ist eine WEIZENART
Kann Spuren von Soja, Milch, Mandel, Nüssen und Sesam enthalten.",,,Flakes,175,,Mini Dinkel Flakes ungesüßt 175G,2.1,0.3,4.0,72.0,9.7,0.7,13.0,378,13.0,g,0.7,g,0.004,g,0.3,g,378,kcal,2.1,g,0.3,g,72.0,g,0.7,g,9.7,g,13.0,g,0.01,g,378.0,kcal,1600.0,kJ
04104420222984,Alnatura GmbH,"Coco Drink Natur 0,75L",Zutaten: Kokosnusssaft* (Kokoswasser) *aus biologischer Landwirtschaft,,,Wellnessgetränke,769,,"Coco Drink Natur 0,75L",0.5,0.1,12.0,3.3,0.5,2.3,0.5,13,0.5,g,2.3,g,0.012,g,0.1,g,13,kcal,0.5,g,0.1,g,3.3,g,2.3,g,0.5,g,0.5,g,0.03,g,13.0,kcal,56.0,kJ
04104420223288,Alnatura GmbH,Pekannusskerne 100G,"Zutaten: PEKANNUSSKERNE* *aus biologischer Landwirtschaft. Kann Spuren von Erdnuss, Mandel und anderen Nüssen enthalten",,,Nüsse & Kerne mono,100,,Pekannusskerne 100G,71.0,6.8,4.0,4.6,7.3,3.6,12.0,720,12.0,g,3.6,g,0.004,g,6.8,g,720,kcal,71.0,g,6.8,g,4.6,g,3.6,g,7.3,g,12.0,g,0.01,g,720.0,kcal,2968.0,kJ
04104420223462,Alnatura GmbH,Espresso Schokolade 100G,"Zutaten: Kakaomasse*, Rohrohrzucker*, Kakaobutter*, SAHNEPULVER* 8,5%, MAGERMILCHPULVER*, Espressobohnenstückchen* 3%, Bourbon-Vanilleextrakt* *aus biologischer Landwirtschaft. Kann Spuren von Gluten, Mandel, Haselnuss, Pecannuss und Pistazie enthalten.",,,Schokotafeln Dunkel,100,,Espresso Schokolade 100G,45.0,28.0,48.0,32.0,8.4,28.0,8.1,582,8.1,g,28.0,g,0.048,g,28.0,g,582,kcal,45.0,g,28.0,g,32.0,g,28.0,g,8.4,g,8.1,g,0.12,g,582.0,kcal,2414.0,kJ
04104420223592,Alnatura GmbH,"Weide Jog.Heid. 3,8% 500G Voll","Zutaten: JOGHURT mild*, Heidelbeeren* 9 %, Rübenzucker* *aus biologischer Landwirtschaft",,,Fruchtjog Glas,500,,"Weide Jog.Heid. 3,8% 500G Voll",3.3,2.1,36.0,11.0,0.5,11.0,4.7,93,4.7,g,11.0,g,0.036,g,2.1,g,93,kcal,3.3,g,2.1,g,11.0,g,11.0,g,0.5,g,4.7,g,0.09,g,93.0,kcal,389.0,kJ
04104420223738,Alnatura GmbH,Chocolat Eiscreme (TK) 500ML,"Zutaten: ENTRAHMTE MILCH*, SAHNE* 32 %, Rohrohrzucker*, Bitterschokoladenstücke* 5,7 % (Kakaomasse*, Rohrohrzucker*, Kakaobutter*), stark entöltes Kakaopulver* 3 %, EIGELB*, Glukosesirup*, MAGERMILCHPULVER*, Stabilisator: Johannisbrotkernmehl* *aus biologischer Landwirtschaft. Kann Spuren von Gluten, Erdnuss, Soja, Mandel und Nüssen enthalten.",,,Speiseeis TK,350,,Chocolat Eiscreme (TK) 500ML,14.0,8.3,44.0,21.0,2.0,19.0,4.3,231,4.3,g,19.0,g,0.044,g,8.3,g,231,kcal,14.0,g,8.3,g,21.0,g,19.0,g,2.0,g,4.3,g,0.11,g,231.0,kcal,964.0,kJ
04104420223769,Alnatura GmbH,Macadamia Caramel Eiscreme (TK) 500,"Zutaten: ENTRAHMTE MILCH*, SAHNE* 29%, Rohrohrzucker*, Karamellsoße* 7% (Glukosesirup*, SAHNE*, Rohrohrzucker*, BUTTER*, Karamellsirup*, Meersalz), MACADAMIASTÜCKE* karamellisiert 6 % (MACADAMIASTÜCKE* 80%, Rohrzucker*, BUTTERREINFETT*, GLUKOSE*, Meersalz), EIGELB*, Glukosesirup*, MAGERMILCHPULVER*, Stabilisator: Johannisbrotkernmehl*, Bourbonvanilleextrakt *aus biologischer Landwirtschaft. Kann Spuren von Gluten, Erdnuss, Soja, Mandel und anderen Nüssen enthalten.",,,Speiseeis TK,350,,Macadamia Caramel Eiscreme (TK) 500,15.0,7.4,80.0,24.0,0.6,21.0,3.8,247,3.8,g,21.0,g,0.08,g,7.4,g,247,kcal,15.0,g,7.4,g,24.0,g,21.0,g,0.6,g,3.8,g,0.2,g,247.0,kcal,1032.0,kJ
04104420223790,Alnatura GmbH,Zitronen Sorbet (TK) 500ML,"Zutaten: Wasser, Zitronensaft* 20%, Rohrohrzucker*, Glukosesirup*, Stabilisatoren: Johannisbrotkernmehl*, Pektin und Guarkernmehl*, Bergamottöl* *aus biologischer Landwirtschaft. Kann Spuren von Gluten, Ei, Erdnuss, Soja, Milch, Mandel und Nüssen enthalten",,,Speiseeis TK,350,,Zitronen Sorbet (TK) 500ML,0.5,0.1,4.0,29.0,0.6,23.0,0.5,116,0.5,g,23.0,g,0.004,g,0.1,g,116,kcal,0.5,g,0.1,g,29.0,g,23.0,g,0.6,g,0.5,g,0.01,g,116.0,kcal,493.0,kJ
04104420223820,Alnatura GmbH,Himbeer Sorbet (TK) 500ML,"Zutaten: Himbeerpüree* 51 %, Wasser, Rohrohrzucker*, Glukosesirup*, Stabilisatoren: Pektin und Johannisbrotkernmehl*; Zitronensaft* *aus biologischer Landwirtschaft. Kann Spuren von Gluten, Ei, Erdnuss,Soja, Milch, Mandel und Nüssen enthalten.",,,Speiseeis TK,350,,Himbeer Sorbet (TK) 500ML,0.5,0.1,4.0,27.0,0.9,21.0,0.5,110,0.5,g,21.0,g,0.004,g,0.1,g,110,kcal,0.5,g,0.1,g,27.0,g,21.0,g,0.9,g,0.5,g,0.01,g,110.0,kcal,466.0,kJ
04104420223851,Alnatura GmbH,Mango Sorbet (TK) 500ML,"Zutaten: Mangopüree* 51 %, Wasser, Rohrohrzucker*, Glukosesirup*, Zitronensaft*, Stabilisatoren: Pektin und Guarkernmehl* *aus biologischer Landwirtschaft. Kann Spuren von Gluten, Ei, Erdnuss, Soja, Milch, Mandel und Nüssen enthalten.",,,Speiseeis TK,360,,Mango Sorbet (TK) 500ML,0.5,0.1,4.0,32.0,0.7,28.0,0.5,129,0.5,g,28.0,g,0.004,g,0.1,g,129,kcal,0.5,g,0.1,g,32.0,g,28.0,g,0.7,g,0.5,g,0.01,g,129.0,kcal,550.0,kJ
04104420223882,Alnatura GmbH,Limone Mohn Schokolade 50g,"Zutaten: Rohrohrzucker*, Kakaobutter*, VOLLMILCHPULVER*, Mohn* 1%, Limonenöl*, Bourbon-Vanilleextrakt* *aus biologischer Landwirtschaft. Kann Spuren von Gluten, Mandel, Haselnuss, Pecannuss und Pistazie enthalten.",,,Schokotafeln Weiß,50,,Limone Mohn Schokolade 50g,37.5,23.6,108.0,52.0,0.5,52.0,7.5,580,7.5,g,52.0,g,0.10800000000000001,g,23.6,g,580,kcal,37.5,g,23.6,g,52.0,g,52.0,g,0.5,g,7.5,g,0.27,g,580.0,kcal,2418.0,kJ
04104420224001,Alnatura GmbH,Skyr 400g,"Zutaten: MAGERMILCH*, Milchsäurekulturen *aus biologischer Landwirtschaft.",,,Jog natur Becher,400,,Skyr 400g,0.5,0.1,52.0,4.3,0.5,4.3,10.0,57,10.0,g,4.3,g,0.052000000000000005,g,0.1,g,57,kcal,0.5,g,0.1,g,4.3,g,4.3,g,0.5,g,10.0,g,0.13,g,57.0,kcal,243.0,kJ
04104420224087,Alnatura GmbH,Pflaume in Apfel 190G,"Zutaten: Äpfel* 70 %, Pflaumen* 30 % *aus biologisch-dynamischem Landbau.",,,Obst,190,,Pflaume in Apfel 190G,0.5,0.2,4.0,11.0,1.9,9.8,0.4,54,0.4,g,9.8,g,0.004,g,0.2,g,54,kcal,0.5,g,0.2,g,11.0,g,9.8,g,1.9,g,0.4,g,0.01,g,54.0,kcal,228.0,kJ
04104420224384,Alnatura GmbH,Sandwich Eis (Multipack) 440ML (TK),"Zutaten: ENTRAHMTE MILCH*, SAHNE* 26 %, Vollmilchschokolade* 20% (Rohrzucker*, Kakaomasse*, Kakaobutter*, VOLLMILCHPULVER*, BUTTERREINFETT*, Emulgator: Lecithin*), Rohrohrzucker*, EIGELB*, Waffel* 2 % (WEIZENMEHL*, Emulgator: Lecithin*, Sonnenblumenöl*, Meersalz, Trennmittel: Magnesiumcarbonat, Backtriebmittel: Natriumhydrogencarbonat), Glukosesirup*, MAGERMILCHPULVER*, Stabilisator: Johannisbrotkernmehl*, Bourbonvanilleextrakt*, Bourbonvanilleschote* gemahlen *aus biologischer Landwirtschaft. Kann Spuren von Erdnuss, Soja, Mandel und Nüssen enthalten.",,,Speiseeis TK,260,,Sandwich Eis (Multipack) 440ML (TK),18.0,11.0,60.0,27.0,1.5,23.0,4.8,292,4.8,g,23.0,g,0.06,g,11.0,g,292,kcal,18.0,g,11.0,g,27.0,g,23.0,g,1.5,g,4.8,g,0.15,g,292.0,kcal,1219.0,kJ
04104420224414,Alnatura GmbH,Sandwich Eis (TK) 110ML,"Zutaten: ENTRAHMTE MILCH*, SAHNE* 26 %, Vollmilchschokolade* 20% (Rohrzucker*, Kakaomasse*, Kakaobutter*, VOLLMILCHPULVER*, BUTTERREINFETT*, Emulgator: Lecithin*), Rohrohrzucker*, EIGELB*, Waffel* 2 % (WEIZENMEHL*, Emulgator: Lecithin*, Sonnenblumenöl*, Meersalz, Trennmittel: Magnesiumcarbonat, Backtriebmittel: Natriumhydrogencarbonat), Glukosesirup*, MAGERMILCHPULVER*, Stabilisator: Johannisbrotkernmehl*, Bourbonvanilleextrakt*, Bourbonvanilleschote* gemahlen *aus biologischer Landwirtschaft. Kann Spuren von Erdnuss, Soja, Mandel und Nüssen enthalten.",,,Kleineis TK,65,,Sandwich Eis (TK) 110ML,11.0,6.5,36.0,16.0,0.9,14.0,2.8,176,2.8,g,14.0,g,0.036,g,6.5,g,176,kcal,11.0,g,6.5,g,16.0,g,14.0,g,0.9,g,2.8,g,0.09,g,176.0,kcal,734.0,kJ
04104420224445,Alnatura GmbH,Caramel Fleur de Sel Schokolade 100,"Zutaten: Rohrohrzucker*, Kakaobutter*, VOLLMILCHPULVER*, Karamellsplitter* 10 % (Rohrohrzucker*, Glukosesirup*, BUTTERREINFETT*, Meersalz), Kakaomasse*, MAGERMILCHPULVER*, Meersalz 0,5%, Bourbon-Vanilleextrakt* *aus biologischer Landwirtschaft. Kann Spuren von Gluten, Mandel, Haselnuss, Pecannuss und Pistazie enthalten.",,,Schokoladentafeln VM,100,,Caramel Fleur de Sel Schokolade 100,36.0,22.0,316.0,52.0,1.5,52.0,7.2,564,7.2,g,52.0,g,0.316,g,22.0,g,564,kcal,36.0,g,22.0,g,52.0,g,52.0,g,1.5,g,7.2,g,0.79,g,564.0,kcal,2350.0,kJ
04104420224551,Alnatura GmbH,Süßer Senf 175ML,"Zutaten: Rübenzucker*, Wasser, Branntweinessig*, SENFKÖRNER* 18 %, Karamellzuckersirup*, Kräuterauszüge*, Gewürze* * aus biologischer Landwirtschaft
Kann Spuren von Gluten enthalten.",,,Senf,199,,Süßer Senf 175ML,6.4,0.5,8.0,36.0,5.6,36.0,5.5,242,5.5,g,36.0,g,0.008,g,0.5,g,242,kcal,6.4,g,0.5,g,36.0,g,36.0,g,5.6,g,5.5,g,0.02,g,242.0,kcal,1019.0,kJ
04104420224599,Alnatura GmbH,Scharfer Senf 175ML,"Zutaten: Wasser, SENFKÖRNER* 21,5 %, Branntweinessig*, Speisesalz, Gewürze*, Gewürzextrakte*, Kräuterauszüge* *aus biologischer Landwirtschaft
Kann Spuren von Gluten enthalten.",,,Senf,187,,Scharfer Senf 175ML,7.7,0.7,1080.0,1.3,4.8,1.3,6.1,115,6.1,g,1.3,g,1.08,g,0.7,g,115,kcal,7.7,g,0.7,g,1.3,g,1.3,g,4.8,g,6.1,g,2.7,g,115.0,kcal,476.0,kJ
04104420224711,Alnatura GmbH,VORLAGE EPS 186-Pfandkiste,,,,Pfandkiste für Bruderkükeneier,,,VORLAGE EPS 186-Pfandkiste,,,,,,,,,,g,,g,,g,,g,,kcal,,g,,g,,g,,g,,g,,g,,g,,kcal,,kJ
04104420224728,Alnatura GmbH,Roggen Vollkorn Brot 500G,"Zutaten: ROGGENVOLLKORNSCHROT* 44 %, Natursauerteig* 29 % (ROGGENVOLLKORNSCHROT*, Wasser), Wasser, Meersalz, Hefe* *aus biologischer Landwirtschaft
Kann Spuren von Lupine enthalten.",,,Brot SB,500,,Roggen Vollkorn Brot 500G,1.2,0.1,372.0,34.0,9.0,2.5,4.2,182,4.2,g,2.5,g,0.372,g,0.1,g,182,kcal,1.2,g,0.1,g,34.0,g,2.5,g,9.0,g,4.2,g,0.93,g,182.0,kcal,766.0,kJ
04104420224780,Alnatura GmbH,Dinkelkaffee 100g,"Zutaten: DINKEL*1, Zichorie* 20% *aus biologischer Landwirtschaft ¹Dinkel ist eine Urweizenart.",,,Kaffee-Ersatz,100,,Dinkelkaffee 100g,0.5,0.1,80.0,68.0,21.0,28.0,5.5,336,5.5,g,28.0,g,0.08,g,0.1,g,336,kcal,0.5,g,0.1,g,68.0,g,28.0,g,21.0,g,5.5,g,0.2,g,336.0,kcal,1418.0,kJ
04104420224810,Alnatura GmbH,Kaffee löslich 100G,,,,Instantpulver,100,,Kaffee löslich 100G,,,,,,,,,,g,,g,,g,,g,,kcal,,g,,g,,g,,g,,g,,g,,g,,kcal,,kJ
04104420224841,Alnatura GmbH,Hafer Mandel Drink Natur 1L,"Zutaten: Wasser, HAFERVOLLKORN* 4 %, MANDELN* 2 %, Sonnenblumenöl*, Meersalz *aus biologischer Landwirtschaft
Kann Spuren von Soja und Nüssen enthalten.",,,Drink Mischungen,1000,,Hafer Mandel Drink Natur 1L,2.2,0.3,40.0,2.8,0.5,1.7,0.8,34,0.8,g,1.7,g,0.04,g,0.3,g,34,kcal,2.2,g,0.3,g,2.8,g,1.7,g,0.5,g,0.8,g,0.1,g,34.0,kcal,143.0,kJ
04104420224889,Alnatura GmbH,Barista Hafer mit Soja 1L,"Zutaten: Wasser, HAFERVOLLKORN* 10 %, SOJABOHNEN* 2 %, Sonnenblumenöl*, Meersalz *aus biologischer Landwirtschaft",,,Drink Mischungen,1000,,Barista Hafer mit Soja 1L,2.0,0.3,56.00000000000001,6.3,0.6,4.3,1.5,50,1.5,g,4.3,g,0.05600000000000001,g,0.3,g,50,kcal,2.0,g,0.3,g,6.3,g,4.3,g,0.6,g,1.5,g,0.14,g,50.0,kcal,211.0,kJ
04104420224957,Alnatura GmbH,Hummus gegrilltes Gemüse 180g,"Zutaten: Kichererbsen* gekocht 31%, Wasser, Sonnenblumenöl*, Tomatenmark*, Paprika* gegrillt 8%, Aubergine* gegrillt 4%, natives Olivenöl extra*, SESAM*, Knoblauch*, Aprikose* getrocknet (Aprikose* Reismehl*), Meersalz, Zitronensaftkonzentrat*, Kreuzkümmel*, Paprika*, Koriander*, Chili* *aus biologischer Landwirtschaft. Kann Spuren von Gluten enthalten.",,,gemüsebas.Aufstriche,180,,Hummus gegrilltes Gemüse 180g,17.0,2.1,400.0,9.8,3.6,2.3,4.1,217,4.1,g,2.3,g,0.4,g,2.1,g,217,kcal,17.0,g,2.1,g,9.8,g,2.3,g,3.6,g,4.1,g,1.0,g,217.0,kcal,899.0,kJ
04104420224988,Alnatura GmbH,Lassi Zitrone 230ML,"Zutaten: JOGHURT*, Rohrohrzucker*, Zitronensaft* 2%, Zitronenpulpe*, Verdickungsmittel: Johannisbrotkernmehl*, Pektin *aus biologischer Landwirtschaft.",,,Milchmischgetr/Molke,237,,Lassi Zitrone 230ML,3.1,2.1,28.000000000000004,11.0,0.5,10.0,3.0,84,3.0,g,10.0,g,0.028000000000000004,g,2.1,g,84,kcal,3.1,g,2.1,g,11.0,g,10.0,g,0.5,g,3.0,g,0.07,g,84.0,kcal,353.0,kJ
04104420225053,Alnatura GmbH,"Dornfelder 0,75L",Enthält Sulfite,,,Rotweine D,750,,"Dornfelder 0,75L",,,,,,,,,,g,,g,,g,,g,,kcal,,g,,g,,g,,g,,g,,g,,g,,kcal,,kJ
04104420225107,Alnatura GmbH,Kokos Eis vegan (TK) 500ML,"Zutaten: Kokosmilch* 72 % (Wasser, Kokosmark* 47 %), Glukosesirup*, Rübenzucker*, Wasser, Stabilisator: Johannisbrotkernmehl* *aus biologischer Landwirtschaft.",,,Speiseeis TK,340,,Kokos Eis vegan (TK) 500ML,11.0,8.9,20.0,21.0,0.5,18.0,1.2,188,1.2,g,18.0,g,0.02,g,8.9,g,188,kcal,11.0,g,8.9,g,21.0,g,18.0,g,0.5,g,1.2,g,0.05,g,188.0,kcal,784.0,kJ
04104420225176,Alnatura GmbH,Dinkel Basis Müsli 500G,"Zutaten: DINKELFLOCKEN*¹ 85 %, DINKELFLAKES*¹ 10 %, Sonnenblumenkerne*, Kürbiskerne* *aus biologischer Landwirtschaft ¹ DINKEL IST EINE WEIZENART. Kann Spuren von Soja, Mandel, Nüssen und Sesam enthalten.",,,Müslis,500,,Dinkel Basis Müsli 500G,5.1,0.7,4.0,60.0,9.5,0.9,15.0,365,15.0,g,0.9,g,0.004,g,0.7,g,365,kcal,5.1,g,0.7,g,60.0,g,0.9,g,9.5,g,15.0,g,0.01,g,365.0,kcal,1540.0,kJ
04104420225213,Alnatura GmbH,Kürbiskern Brot 500G,"Zutaten: ROGGENVOLLKORNSCHROT* 46 %, Wasser, ROGGENVOLLKORNMEHL* 7 %, Kürbiskerne* 5 %, Meersalz, Hefe* *aus biologischer Landwirtschaft
Kann Spuren von Soja, Mandel, Nüssen und Sesam enthalten.",,,Brot SB,500,,Kürbiskern Brot 500G,2.9,0.5,440.00000000000006,31.0,11.0,2.3,5.8,195,5.8,g,2.3,g,0.44000000000000006,g,0.5,g,195,kcal,2.9,g,0.5,g,31.0,g,2.3,g,11.0,g,5.8,g,1.1,g,195.0,kcal,821.0,kJ
04104420225251,Alnatura GmbH,"La Mancha Rosado 0,75L","Zutaten: Bio Trauben, Kohlendioxid, Antioxidantien: SULFITE
Enthält Sulfite",,,Roséweine ES,750,,"La Mancha Rosado 0,75L",,,,0.1,,0.1,,68,,g,0.1,g,,g,,g,68,kcal,,g,,g,0.1,g,0.1,g,,g,,g,,g,68.0,kcal,283.0,kJ
04104420225299,Alnatura GmbH,"La Mancha Blanco 0,75L","Zutaten: Bio Trauben, Kohlendioxid, Antioxidantien: SULFITE
Enthält Sulfite",,,Weißweine ES,750,,"La Mancha Blanco 0,75L",,,,0.2,,0.1,,67,,g,0.1,g,,g,,g,67,kcal,,g,,g,0.2,g,0.1,g,,g,,g,,g,67.0,kcal,281.0,kJ
04104420225336,Alnatura GmbH,"Sauvignon Blanc 0,75L","Zutaten: Bio Trauben, Säureregulatoren: Weinsäure (L(+)-), Antioxidantien: SULFITE
Enthält Sulfite",,,Weißweine ES,750,,"Sauvignon Blanc 0,75L",,,,1.4,,0.4,,76,,g,0.4,g,,g,,g,76,kcal,,g,,g,1.4,g,0.4,g,,g,,g,,g,76.0,kcal,318.0,kJ
04104420225374,Alnatura GmbH,"Weidemilch Joghurt Erdbeer 3,9% 150","Zutaten: JOGHURT MILD*, Rübenzucker*, Erdbeeren* 9%, Erdbeersaft aus Erdbeersaftkonzentrat* 1,8%, Tapiokastärke*, färbendes Fruchtsaftkonzentrat (Apfel* und Schwarze Johannisbeere*), färbendes Karottensaftkonzentrat*, Zitronensaftkonzentrat*, Verdickungsmittel: Johannisbrotkernmehl* *aus biologischer Landwirtschaft",,,Fruchtjog Becher ger,150,,"Weidemilch Joghurt Erdbeer 3,9% 150",3.2,2.1,28.000000000000004,14.0,0.5,13.0,3.5,99,3.5,g,13.0,g,0.028000000000000004,g,2.1,g,99,kcal,3.2,g,2.1,g,14.0,g,13.0,g,0.5,g,3.5,g,0.07,g,99.0,kcal,416.0,kJ
04104420225404,Alnatura GmbH,"Weidemilch Vanille Joghurt 3,9% 150","Zutaten: JOGHURT MILD*, Wasser, Rübenzucker*, Bourbonvanilleextrakt*, Bourbonvanilleschote* gemahlen, Tapiokastärke*, Zitronensaftkonzentrat*, Verdickungsmittel: Johannisbrotkernmehl* *aus biologischer Landwirtschaft",,,Fruchtjog Becher ger,150,,"Weidemilch Vanille Joghurt 3,9% 150",3.2,2.1,28.000000000000004,12.0,0.5,12.0,3.6,91,3.6,g,12.0,g,0.028000000000000004,g,2.1,g,91,kcal,3.2,g,2.1,g,12.0,g,12.0,g,0.5,g,3.6,g,0.07,g,91.0,kcal,384.0,kJ
04104420225435,Alnatura GmbH,Weidemilch Heidelbeer Joghurt 150G,"Zutaten: JOGHURT MILD*, Heidelbeeren* 9,5%, Rübenzucker*, färbendes Schwarzes Karottensaftkonzentrat*, Tapiokastärke*, Zitronensaftkonzentrat*, Verdickungsmittel: Johannisbrotkernmehl* *aus biologischer Landwirtschaft",,,Fruchtjog Becher ger,150,,Weidemilch Heidelbeer Joghurt 150G,3.1,2.1,28.000000000000004,12.0,0.6,12.0,3.4,91,3.4,g,12.0,g,0.028000000000000004,g,2.1,g,91,kcal,3.1,g,2.1,g,12.0,g,12.0,g,0.6,g,3.4,g,0.07,g,91.0,kcal,381.0,kJ
04104420225466,Alnatura GmbH,"Weidemilch Jog. Pfirsich-Mango 3,9%","Zutaten: JOGHURT MILD*, Rübenzucker*, Pfirsich* 5,6%, Wasser, Mangopüree* 2,8%, Tapiokastärke*, Zitronensaftkonzentrat*, Verdickungsmittel: Johannisbrotkernmehl* *aus biologischer Landwirtschaft",,,Fruchtjog Becher ger,150,,"Weidemilch Jog. Pfirsich-Mango 3,9%",3.1,2.0,28.000000000000004,13.0,0.5,12.0,3.5,94,3.5,g,12.0,g,0.028000000000000004,g,2.0,g,94,kcal,3.1,g,2.0,g,13.0,g,12.0,g,0.5,g,3.5,g,0.07,g,94.0,kcal,395.0,kJ
04104420225497,Alnatura GmbH,Gemüsereis mit Mango & Huhn 250G,"Zutaten: Karotten* 31%, Wasser, Vollkornreis** gekocht (Wasser, Vollkornreis**) 17%, Hähnchenfleisch* 8%, Mangos* 7%, Zucchini* 7%, Maismehl* 2%, Rapsöl* 0,7%, Petersilie**, Liebstöckel** *aus Demeter Bio-Landbau (Anteil: 92%) **aus biologischer Landwirtschaft",,,Kindermenü,250,,Gemüsereis mit Mango & Huhn 250G,2.0,0.5,16.0,7.2,1.6,2.6,2.4,60,2.4,g,2.6,g,0.016,g,0.5,g,60,kcal,2.0,g,0.5,g,7.2,g,2.6,g,1.6,g,2.4,g,0.04,g,60.0,kcal,250.0,kJ
04104420225534,Alnatura GmbH,Haferflocken extra zart 400G,"Zutaten: HAFERVOLLKORNFLOCKEN* *aus biologischer Landwirtschaft
Kann Spuren von Soja, Milch, Mandel, Nüssen, Sesam und Lupine enthalten.",,,Flocken/Flockenmisch,400,,Haferflocken extra zart 400G,7.1,1.4,8.0,56.0,9.7,1.1,11.0,351,11.0,g,1.1,g,0.008,g,1.4,g,351,kcal,7.1,g,1.4,g,56.0,g,1.1,g,9.7,g,11.0,g,0.02,g,351.0,kcal,1479.0,kJ
04104420225565,Alnatura GmbH,"Riesling 0,75L","Zutaten: Bio Trauben, Stabilisatoren: Metaweinsäure, Antioxidantien: SULFITE
Enthält Sulfite",,,Weißweine D,740,,"Riesling 0,75L",,,,2.7,,1.9,,70,,g,1.9,g,,g,,g,70,kcal,,g,,g,2.7,g,1.9,g,,g,,g,,g,70.0,kcal,293.0,kJ
04104420225602,Alnatura GmbH,Dinkel Grünkern Brot 500G,"Zutaten: Wasser, ROGGENVOLLKORNSCHROT*, DINKELSCHROT*¹, ROGGENVOLLKORNMEHL*, GRÜNKERNSCHROT*¹, Meersalz, Hefe* *aus biologischer Landwirtschaft ¹Dinkel/Grünkern ist eine WEIZENART
Kann Spuren Soja, Mandel, Nüssen und Sesam enthalten.",,,Brot SB,500,,Dinkel Grünkern Brot 500G,1.4,0.2,520.0,35.0,9.7,3.0,5.4,193,5.4,g,3.0,g,0.52,g,0.2,g,193,kcal,1.4,g,0.2,g,35.0,g,3.0,g,9.7,g,5.4,g,1.3,g,193.0,kcal,815.0,kJ
04104420225640,Alnatura GmbH,Sahnejogh. gr. Art 10% 480g (Voll),,,,Jog natur Glas,480,,Sahnejogh. gr. Art 10% 480g (Voll),10.0,7.0,76.0,4.1,0.5,4.1,3.3,120,3.3,g,4.1,g,0.076,g,7.0,g,120,kcal,10.0,g,7.0,g,4.1,g,4.1,g,0.5,g,3.3,g,0.19,g,120.0,kcal,496.0,kJ
04104420225671,Alnatura GmbH,"Rhabarbertrunk 0,75L","Zutaten: Rhabarbersaft* 64 %, Wasser, Rübenzucker*, Holunderbeersaft* *aus biologischer Landwirtschaft",,,Obst/Gemü saft Misch,750,,"Rhabarbertrunk 0,75L",0.5,0.1,4.0,10.0,0.5,10.0,0.5,40,0.5,g,10.0,g,0.004,g,0.1,g,40,kcal,0.5,g,0.1,g,10.0,g,10.0,g,0.5,g,0.5,g,0.01,g,40.0,kcal,170.0,kJ
04104420225770,Alnatura GmbH,Hafer Riegel Heidelbeere 60G,"Zutaten: HAFERVOLLKORNFLOCKEN* 52 %, Reissirup*, Sonnenblumenöl*, Aroniasaftkonzentrat*, Heidelbeeren* gefriergetrocknet 2 %, Meersalz *aus biologischer Landwirtschaft
Kann Spuren von Ei, Soja, Milch, Mandel, Nüssen und Sesam enthalten.",,,Müsli-&Getr.Riegel,60,,Hafer Riegel Heidelbeere 60G,11.0,1.4,60.0,66.0,6.2,23.0,7.9,407,7.9,g,23.0,g,0.06,g,1.4,g,407,kcal,11.0,g,1.4,g,66.0,g,23.0,g,6.2,g,7.9,g,0.15,g,407.0,kcal,1713.0,kJ
04104420225800,Alnatura GmbH,Hafer Riegel Mandel & Haselnuss 60G,"Zutaten: HAFERVOLLKORNFLOCKEN* 46 %, Reissirup*, MANDELN* geröstet 6 %, HASELNUSSKERNE* geröstet 6 %, Agavendicksaft*, Sonnenblumenöl*, Meersalz *aus biologischer Landwirtschaft
Kann Spuren von Ei, Soja, Milch, anderen Nüssen und Sesam enthalten.",,,Müsli-&Getr.Riegel,60,,Hafer Riegel Mandel & Haselnuss 60G,16.0,1.7,60.0,61.0,6.5,23.0,8.8,436,8.8,g,23.0,g,0.06,g,1.7,g,436,kcal,16.0,g,1.7,g,61.0,g,23.0,g,6.5,g,8.8,g,0.15,g,436.0,kcal,1831.0,kJ
04104420225961,Alnatura GmbH,Mango Dattel Riegel 30G,"Zutaten: Datteln* getrocknet 44 %, Mango* getrocknet 21 %, Sultaninen* geölt 17 % (Sultaninen*, Sonnenblumenöl*), MANDELN* 15 %, Maracujasaftkonzentrat*, Zitronenpulver* (Zitronensaftkonzentrat*, Maisstärke*) *aus biologischer Landwirtschaft
Kann Spuren von Haselnuss, Walnuss, Cashewnuss, Paranuss und Macadamianuss enthalten.",,,Fruchtschnitte,30,,Mango Dattel Riegel 30G,8.6,0.8,12.0,60.0,7.8,55.0,5.4,355,5.4,g,55.0,g,0.012,g,0.8,g,355,kcal,8.6,g,0.8,g,60.0,g,55.0,g,7.8,g,5.4,g,0.03,g,355.0,kcal,1492.0,kJ
04104420225992,Alnatura GmbH,Trüffel Pralinen 100G,"Zutaten: Rohrohrzucker*, HASELNÜSSE*, Kakaomasse*, Kakaobutter*, BUTTERREINFETT*, Kakaopulver*, VOLLMILCHPULVER*, Glukosesirup*, Emulgator: SOJALECITHIN* *aus biologischer Landwirtschaft. Kann Spuren von Mandel und Pistazie enthalten.",,,Confiserie,100,,Trüffel Pralinen 100G,37.0,17.0,12.0,43.0,3.1,41.0,7.3,540,7.3,g,41.0,g,0.012,g,17.0,g,540,kcal,37.0,g,17.0,g,43.0,g,41.0,g,3.1,g,7.3,g,0.03,g,540.0,kcal,2249.0,kJ
04104420226081,Alnatura GmbH,*Mini Spekulatius 125G*,"Zutaten: WEIZENMEHL* 57%, BUTTER* 21%, Rohrohrzucker*, Honig*, Meersalz, Backtriebmittel: Natriumhydrogencarbonat (Natron), Gewürze* (Zimt*, Nelken*, Kardamom*, Muskat*, Bourbonvanilleschote* gemahlen, Ingwer*) *aus biologischer Landwirtschaft. Kann Spuren von Ei, Mandel, Haselnuss, Paranuss und Sesam enthalten.",,,Weihn. Zwidu süß,125,,*Mini Spekulatius 125G*,18.0,12.0,60.0,62.0,2.0,21.0,6.3,439,6.3,g,21.0,g,0.06,g,12.0,g,439,kcal,18.0,g,12.0,g,62.0,g,21.0,g,2.0,g,6.3,g,0.15,g,439.0,kcal,1843.0,kJ
04104420226128,Alnatura GmbH,*Vanille Kipferl 125G*,"Zutaten: WEIZENMEHL* 52%, BUTTER* 23%, Rohrohrzucker*, MANDELN* gemahlen 7%, Bourbonvanilleschote* gemahlen, Meersalz, Zimt*, Reinweinsteinbackpulver (Säuerungsmittel: Monokaliumtartrat (Reinweinstein), Maisstärke*, Backtriebmittel: Natriumhydrogencarbonat (Natron)) *aus biologischer Landwirtschaft. Kann Spuren von Ei, Haselnuss, Paranuss und Sesam enthalten.",,,Weihn. Zwidu süß,125,,*Vanille Kipferl 125G*,23.0,13.0,56.00000000000001,56.0,2.7,19.0,6.9,464,6.9,g,19.0,g,0.05600000000000001,g,13.0,g,464,kcal,23.0,g,13.0,g,56.0,g,19.0,g,2.7,g,6.9,g,0.14,g,464.0,kcal,1942.0,kJ
04104420226166,Alnatura GmbH,*Butter Spritzgebäck 125G*,"Zutaten: WEIZENMEHL* 54%, BUTTER* 27 %, Rohrohrzucker*, Meersalz, Bourbonvanilleschote* gemahlen, Backtriebmittel: Ammoniumcarbonat *aus biologischer Landwirtschaft. Kann Spuren von Ei, Mandel, Haselnuss, Paranuss und Sesam enthalten.",,,Weihn. Zwidu süß,125,,*Butter Spritzgebäck 125G*,23.0,15.0,72.0,58.0,1.9,19.0,5.9,466,5.9,g,19.0,g,0.072,g,15.0,g,466,kcal,23.0,g,15.0,g,58.0,g,19.0,g,1.9,g,5.9,g,0.18,g,466.0,kcal,1953.0,kJ
04104420226203,Alnatura GmbH,*Praliné Kugeln Nougat Zartbitter 9,"Zutaten: Zartbitterschokolade* 50 % (Rohrzucker*, Kakaomasse*, Kakaobutter*, Bourbonvanilleschote * gemahlen), NOUGATCREME* 50 % (Rohrzucker*, HASELNÜSSE*, Kakaobutter*, Sonnenblumenöl*, VOLLMILCHPULVER*, MAGERMILCHPULVER*, Kakaomasse*) *aus biologischer Landwirtschaft . Kann Spuren von Soja und Mandeln enthalten.",,,Weihn. Zwidu süß,96,,*Praliné Kugeln Nougat Zartbitter 9,44.0,20.0,24.0,43.0,4.3,40.0,6.2,601,6.2,g,40.0,g,0.024,g,20.0,g,601,kcal,44.0,g,20.0,g,43.0,g,40.0,g,4.3,g,6.2,g,0.06,g,601.0,kcal,2499.0,kJ
04104420226517,Alnatura GmbH,*Spekulatius Schokolade 100G*,"Zutaten: Rohrohrzucker*, Kakaobutter*, Spekulatius* 12% (WEIZENMEHL*, Sonnenblumenöl*, Rohrohrzucker*, Zuckerrübensirup*, Gewürze*), VOLLMILCHPULVER*, Kakaomasse*, SAHNEPULVER*, MAGERMILCHPULVER*, Bourbonvanilleextrakt* *aus biologischer Landwirtschaft
Kann Spuren von Mandel, Haselnuss, Pecannuss und Pistazie enthalten.",,,Weihn. Zwidu süß,100,,*Spekulatius Schokolade 100G*,37.0,22.0,84.0,51.0,2.0,45.0,6.9,569,6.9,g,45.0,g,0.08399999999999999,g,22.0,g,569,kcal,37.0,g,22.0,g,51.0,g,45.0,g,2.0,g,6.9,g,0.21,g,569.0,kcal,2369.0,kJ
04104420226586,Alnatura GmbH,Bergbauern Camembert 150G,"Zutaten: MILCH* pasteurisiert, Speisesalz, tierisches Lab, Schimmelkulturen *aus biologischer Landwirtschaft",,,Weichkäse,150,,Bergbauern Camembert 150G,33.0,23.0,720.0,0.5,0.5,0.5,17.0,367,17.0,g,0.5,g,0.72,g,23.0,g,367,kcal,33.0,g,23.0,g,0.5,g,0.5,g,0.5,g,17.0,g,1.8,g,367.0,kcal,1519.0,kJ
04104420226647,Alnatura GmbH,Speisestärke 250G,"Zutaten: Maisstärke* *aus biologischer Landwirtschaft . Kann Spuren von Soja, Mandel, Nüssen und Sesam enthalten.",,,Backzutaten,250,,Speisestärke 250G,0.5,0.2,8.0,87.0,0.5,0.5,0.6,350,0.6,g,0.5,g,0.008,g,0.2,g,350,kcal,0.5,g,0.2,g,87.0,g,0.5,g,0.5,g,0.6,g,0.02,g,350.0,kcal,1489.0,kJ
04104420226685,Alnatura GmbH,Buchweizen 500G,"Zutaten: Buchweizen* *aus Demeter Bio-Landbau
Kann Spuren von Gluten, Soja, Senf, Sesam und Lupine enthalten.",,,Getreide ganz Natur,500,,Buchweizen 500G,1.7,0.4,4.0,71.0,3.7,0.5,9.8,346,9.8,g,0.5,g,0.004,g,0.4,g,346,kcal,1.7,g,0.4,g,71.0,g,0.5,g,3.7,g,9.8,g,0.01,g,346.0,kcal,1466.0,kJ
04104420227125,Alnatura GmbH,"Merlot 0,75L",Enthält Sulfite,,,Rotweine FR,750,,"Merlot 0,75L",,,,,,,,,,g,,g,,g,,g,,kcal,,g,,g,,g,,g,,g,,g,,g,,kcal,,kJ
04104420227408,Alnatura GmbH,Apfelmark 360G,Zutaten: Äpfel* *aus biologischer Landwirtschaft,,,"Muse, Marke, Pürees",360,,Apfelmark 360G,0.5,0.1,4.0,12.0,1.8,12.0,0.5,53,0.5,g,12.0,g,0.004,g,0.1,g,53,kcal,0.5,g,0.1,g,12.0,g,12.0,g,1.8,g,0.5,g,0.01,g,53.0,kcal,225.0,kJ
04104420227439,Alnatura GmbH,Haselnussmus 250g,"Zutaten: HASELNÜSSE* geröstet *aus biologischer Landwirtschaft
Kann Spuren von Erdnuss, Mandel, Cashewnuss und Sesam enthalten.",,,Nussmuse,250,,Haselnussmus 250g,64.0,5.5,24.0,4.5,9.5,4.5,18.0,685,18.0,g,4.5,g,0.024,g,5.5,g,685,kcal,64.0,g,5.5,g,4.5,g,4.5,g,9.5,g,18.0,g,0.06,g,685.0,kcal,2827.0,kJ
04104420227552,Alnatura GmbH,Käsegebäck Gouda 80G,"Zutaten: WEIZENMEHL*, Palmöl*, GOUDA* 24% (MILCH*, Salz, mikrobielles Lab), Hefe*, MILCHPULVER*, VOLLEIPULVER* rehydriert, Meersalz, Zwiebel*,Gewürze* (Pfeffer*, Muskat*) *aus biologischer Landwirtschaft. Kann Spuren von Nüssen, Sellerie und Sesam enthalten.",,,Salzgebäck,80,,Käsegebäck Gouda 80G,33.0,17.0,840.0,43.0,4.8,1.0,14.0,535,14.0,g,1.0,g,0.8400000000000001,g,17.0,g,535,kcal,33.0,g,17.0,g,43.0,g,1.0,g,4.8,g,14.0,g,2.1,g,535.0,kcal,2228.0,kJ
04104420227620,Alnatura GmbH,Kinder Tomatensauce 350ML,"Zutaten: Tomaten* 56 %, Tomatenmark* zweifach konzentriert 19 %, Karotten* 15 %, Rapsöl*, Zwiebeln* 4 %, Meersalz, Basilikum*, Oregano*, Zitronensaftkonzentrat* *aus biologischer Landwirtschaft
Kann Spuren von Soja, Cashewnuss und Sellerie enthalten.",,,Tomatensoßen,375,,Kinder Tomatensauce 350ML,6.5,0.5,360.0,6.8,2.2,5.5,1.7,97,1.7,g,5.5,g,0.36,g,0.5,g,97,kcal,6.5,g,0.5,g,6.8,g,5.5,g,2.2,g,1.7,g,0.9,g,97.0,kcal,403.0,kJ
04104420227729,Alnatura GmbH,Dinkel Penne 500G,"Zutaten: DINKELMEHL*¹ Type 812 *aus biologischer Landwirtschaft ¹DINKEL IST EINE URWEIZENART
Kann Spuren von Ei, Soja und Lupine enthalten.",,,kurze Nudeln,500,,Dinkel Penne 500G,1.7,0.4,4.0,72.0,2.8,2.7,12.0,357,12.0,g,2.7,g,0.004,g,0.4,g,357,kcal,1.7,g,0.4,g,72.0,g,2.7,g,2.8,g,12.0,g,0.01,g,357.0,kcal,1513.0,kJ
04104420227903,Alnatura GmbH,Butter Sablés 110G,"Zutaten: WEIZENMEHL*, BUTTER* 34 %, Rübenzucker* 18 %, Meersalz *aus biologischer Landwirtschaft
Kann Spuren von Ei und Nüssen enthalten.",,,Kekse,110,,Butter Sablés 110G,29.0,17.0,60.0,62.0,2.5,19.0,6.2,539,6.2,g,19.0,g,0.06,g,17.0,g,539,kcal,29.0,g,17.0,g,62.0,g,19.0,g,2.5,g,6.2,g,0.15,g,539.0,kcal,2252.0,kJ
04104420227941,Alnatura GmbH,Schneller Hummus natur 60G,"Zutaten: Kichererbsenmehl* 94 %, SESAM* geröstet, Meersalz, Kreuzkümmelpulver*, Knoblauchpulver* *aus biologischer Landwirtschaft. Kann Spuren von Gluten, Soja, Milch, Nüssen, Sellerie, Senf und Lupine enthalten.",,,halbfertige Produkte,60,,Schneller Hummus natur 60G,19.0,2.2,480.0,31.0,7.8,2.2,13.0,363,13.0,g,2.2,g,0.48,g,2.2,g,363,kcal,19.0,g,2.2,g,31.0,g,2.2,g,7.8,g,13.0,g,1.2,g,363.0,kcal,1513.0,kJ
04104420228030,Alnatura GmbH,Apfelmark 700G,Zutaten: Äpfel* *aus biologischer Landwirtschaft,,,"Muse, Marke, Pürees",700,,Apfelmark 700G,0.5,0.1,4.0,8.9,1.6,8.8,0.5,41,0.5,g,8.8,g,0.004,g,0.1,g,41,kcal,0.5,g,0.1,g,8.9,g,8.8,g,1.6,g,0.5,g,0.01,g,41.0,kcal,172.0,kJ
04104420228061,Alnatura GmbH,Spinat-Cashew Taschen 200G,"Zutaten: Füllung: Blattspinat* 32 %, Kartoffeln*, CASHEWNÜSSE* 8 %, Zwiebeln*, Kartoffelflocken*, Sonnenblumenöl*, Speisesalz, Knoblauch*, Pfeffer*, Teig: Wasser, DINKELMEHL*¹ 15%, Sonnenblumenöl*, Speisesalz *aus biologischer Landwirtschaft ¹ DINKEL IST EINE URWEIZENART. Kann Spuren von Soja, Mandel, Senf und Sesam enthalten.",,,veg. Spezialitäten,200,,Spinat-Cashew Taschen 200G,15.0,2.0,440.00000000000006,21.0,3.0,0.5,4.9,245,4.9,g,0.5,g,0.44000000000000006,g,2.0,g,245,kcal,15.0,g,2.0,g,21.0,g,0.5,g,3.0,g,4.9,g,1.1,g,245.0,kcal,1019.0,kJ
04104420228092,Alnatura GmbH,Mini Frühlingsrollen 200G,"Zutaten: Füllung: Mungbohnensprossen*, Weißkohl*, Karotten*, Kartoffelflocken* SOJASAUCE* (Wasser, SOJABOHNEN*, WEIZEN*, Meersalz), Speisesalz, Gewürze*; Teig: Wasser, DINKELMEHL*¹ 15 %, Sonnenblumenöl*, Speisesalz *aus biologischer Landwirtschaft ¹DINKEL IST EINE URWEIZENART. Kann Spuren von Mandel, Cashewnuss, Senf und Sesam enthalten.",,,veg. Spezialitäten,200,,Mini Frühlingsrollen 200G,4.9,0.6,388.0,22.0,3.0,3.3,4.5,156,4.5,g,3.3,g,0.388,g,0.6,g,156,kcal,4.9,g,0.6,g,22.0,g,3.3,g,3.0,g,4.5,g,0.97,g,156.0,kcal,656.0,kJ
04104420228122,Alnatura GmbH,Rote Linsen Burger 160G gekühlt,"Zutaten: Rote Linsen* 28 %, Kürbis*, Maispaniermehl*, Mango Chutney* 9 % (Mango*, Rohrohrzucker*, Wasser, Mangopüree*, Weißweinessig*, Zitronensaft*, Maisstärke*, Meersalz, Peperoni* rot, Peperoncini*, Knoblauch*, Kurkuma*), Sonnenblumenkerne*, Kartoffeln*, Zwiebeln*, Kartoffelflocken*, Karotten*, Sonnenblumenöl*, Zwiebelpulver geröstet*, Gewürze*, Speisesalz, Rauchsalz (Speisesalz, Rauch) *aus biologischer Landwirtschaft. Kann Spuren von Gluten, Soja, Mandel, Cashewnuss, Senf und Sesam enthalten.",,,veg. Spezialitäten,160,,Rote Linsen Burger 160G gekühlt,12.0,1.3,560.0,28.0,9.1,5.4,8.6,273,8.6,g,5.4,g,0.5599999999999999,g,1.3,g,273,kcal,12.0,g,1.3,g,28.0,g,5.4,g,9.1,g,8.6,g,1.4,g,273.0,kcal,1139.0,kJ
04104420228153,Alnatura GmbH,Black Bean-Cashew Burger 160g,"Zutaten: Schwarze Bohnen* 26%, Paprika* 15%, Kartoffeln* 13%, Maispaniermehl*, Zwiebeln* 7%, CASHEWNÜSSE* 6%, Tomaten* 6%, Buchweizenmehl*, Sonnenblumenöl*, Tomatenmark* zweifach konzentriert 3 %, Mais* 2%, Petersilie*, Rauchsalz (Speisesalz, Rauch), Knoblauch*, Gewürze*, Oregano* *aus biologischer Landwirtschaft. Kann Spuren von Gluten, Soja, Mandel, Senf und Sesam enthalten.",,,veg. Spezialitäten,160,,Black Bean-Cashew Burger 160g,13.0,1.5,480.0,23.0,7.4,1.3,6.8,251,6.8,g,1.3,g,0.48,g,1.5,g,251,kcal,13.0,g,1.5,g,23.0,g,1.3,g,7.4,g,6.8,g,1.2,g,251.0,kcal,1047.0,kJ
04104420228184,Alnatura GmbH,Falafel 200g,"Zutaten: Kichererbsen* 42 %, Gemüse* 37 % (Zucchini*, Zwiebeln*), Kichererbsenmehl* 16 %, Sonnenblumenöl*, Petersilie*, Speisesalz, Gewürze*, Koriander* *aus biologischer Landwirtschaft
Kann Spuren von Gluten, Soja, Mandel, Cashewnuss, Senf und Sesam enthalten.",,,Suppen,200,,Falafel 200g,9.0,1.2,440.00000000000006,19.0,8.1,1.9,9.2,210,9.2,g,1.9,g,0.44000000000000006,g,1.2,g,210,kcal,9.0,g,1.2,g,19.0,g,1.9,g,8.1,g,9.2,g,1.1,g,210.0,kcal,877.0,kJ
04104420228214,Alnatura GmbH,Toscana Bällchen 200G,"Zutaten: Gemüse* 36 % (Tomaten* 16 %, Paprika* 13 %, Zwiebeln* 7%), Vollkornreis* 30 %, Maispaniermehl*, Maismehl*, Wasser, Tomatenmark* zweifach konzentriert, Sonnenblumenöl*, Sonnenblumenkerne*, Speisesalz, Gewürze*, Olivenöl* *aus biologischer Landwirtschaft. Kann Spuren von Gluten, Soja, Mandel, Cashewnuss, Senf und Sesam enthalten.",,,veg. Spezialitäten,200,,Toscana Bällchen 200G,7.9,1.1,520.0,28.0,3.6,2.4,3.9,206,3.9,g,2.4,g,0.52,g,1.1,g,206,kcal,7.9,g,1.1,g,28.0,g,2.4,g,3.6,g,3.9,g,1.3,g,206.0,kcal,863.0,kJ
04104420228245,Alnatura GmbH,Margarine im Block 250G,"Zutaten: Wasser, Kokosöl* (33%), Sheabutter* (21%), Sonnenblumenöl*, Emulgator: Sonnebnlumenlecithin*, Karottensaft*, Zitronensaft*, Meersalz, Zitronenöl* *aus biologischer Landwirtschaft.",,,Pflanzliche Fette,250,,Margarine im Block 250G,60.0,42.0,80.0,0.5,0.5,0.5,0.5,540,0.5,g,0.5,g,0.08,g,42.0,g,540,kcal,60.0,g,42.0,g,0.5,g,0.5,g,0.5,g,0.5,g,0.2,g,540.0,kcal,2220.0,kJ
04104420228276,Alnatura GmbH,Karotten-Kartoffel-Sticks (TK) 400G,"Zutaten: Karotten* (51%), Kartoffeln*, Kartoffelflocken*, SESAM*, Zwiebeln*, Wasser, Sonnenblumenöl*, Speisesalz, Gewürze* *aus biologischer Landwirtschaft. Kann Spuren von Gluten, Soja und Senf enthalten.",,,Halb/Fertigprod TK,400,,Karotten-Kartoffel-Sticks (TK) 400G,19.0,2.4,400.0,16.0,5.7,3.3,5.2,267,5.2,g,3.3,g,0.4,g,2.4,g,267,kcal,19.0,g,2.4,g,16.0,g,3.3,g,5.7,g,5.2,g,1.0,g,267.0,kcal,1109.0,kJ
04104420228313,Alnatura GmbH,Mini-Falafel (TK) 220G,"Zutaten: Kichererbsen* 42%, Zucchini* 22%, Zwiebeln* 15%, Kichererbsenmehl* 15 %, Sonnenblumenöl*, Petersilie*, Speisesalz, Gewürze*, Koriander* *aus biologischer Landwirtschaft
Kann Spuren von Gluten, Soja, Mandel, Cashewnuss, Senf und Sesam enthalten.",,,Halb/Fertigprod TK,220,,Mini-Falafel (TK) 220G,9.9,1.3,440.00000000000006,19.0,9.3,2.0,9.6,222,9.6,g,2.0,g,0.44000000000000006,g,1.3,g,222,kcal,9.9,g,1.3,g,19.0,g,2.0,g,9.3,g,9.6,g,1.1,g,222.0,kcal,927.0,kJ
04104420228597,Alnatura GmbH,Vanille Eiscreme (TK) 500ML,"Zutaten: ENTRAHMTE MILCH*, SAHNE* 34%, Rohrohrzucker*, EIGELB*, Glukosesirup*, MAGERMILCHPULVER*, Stabilisator: Johannisbrotkernmehl*, Bourbonvanilleextrakt*, Bourbon-Vanilleschoten* gemahlen *aus biologischer Landwirtschaft. Kann Spuren von Gluten, Erdnuss, Soja, Mandel und anderen Nüssen enthalten.",,,Speiseeis TK,320,,Vanille Eiscreme (TK) 500ML,12.0,6.8,56.00000000000001,22.0,0.5,20.0,3.9,212,3.9,g,20.0,g,0.05600000000000001,g,6.8,g,212,kcal,12.0,g,6.8,g,22.0,g,20.0,g,0.5,g,3.9,g,0.14,g,212.0,kcal,884.0,kJ
04104420228627,Alnatura GmbH,Schoko Eiscreme (TK) 500ML,"Zutaten: ENTRAHMTE MILCH*, SAHNE* 34%, Rohrohrzucker*, Kakaopulver* stark entölt 4%, EIGELB*, Glukosesirup*, MAGERMILCHPULVER*, Stabilisator: Johannisbrotkernmehl* *aus biologischer Landwirtschaft. Kann Spuren von Gluten, Erdnuss, Soja, Mandel und anderen Nüssen enthalten.",,,Speiseeis TK,320,,Schoko Eiscreme (TK) 500ML,12.0,7.1,44.0,21.0,1.4,18.0,4.2,212,4.2,g,18.0,g,0.044,g,7.1,g,212,kcal,12.0,g,7.1,g,21.0,g,18.0,g,1.4,g,4.2,g,0.11,g,212.0,kcal,884.0,kJ
04104420228733,Alnatura GmbH,Ras el Hanout 60G,"Zutaten: Koriander*, Bockshornklee*, Paprika*, Kurkuma*, Kreuzkümmel*, Ceylon-Zimt*, Pfeffer*, Anis*, Nelken*, Ingwer*, Knoblauch*, Chili*, Sternanis*, Lavendelblüten*, Rosenblüten*, Muskatnuss*, Kardamom* *aus biologischer Landwirtschaft. Kann Spuren von Sellerie und Senf enthalten.",,,Gewürz/Kräutermisch,60,,Ras el Hanout 60G,,,,,,,,,,g,,g,,g,,g,,kcal,,g,,g,,g,,g,,g,,g,,g,,kcal,,kJ
04104420228795,Alnatura GmbH,Gewürzgurken ungesüßt 670G,"Zutaten: Gurken*, Wasser, Branntweinessig*, Meersalz, Dill*, SENFKÖRNER*, Gewürze* (Zwiebeln*, Koriander*, Fenchel*, Pfeffer*), Festigungsmittel: Calciumcitrat, Gewürzextrakte* *aus biologischer Landwirtschaft.",,,Sauerkonserven,670,,Gewürzgurken ungesüßt 670G,0.5,0.1,600.0,2.2,1.0,1.0,0.6,13,0.6,g,1.0,g,0.6,g,0.1,g,13,kcal,0.5,g,0.1,g,2.2,g,1.0,g,1.0,g,0.6,g,1.5,g,13.0,kcal,56.0,kJ
04104420228832,Alnatura GmbH,Cornichons ungesüßt 330g,"Zutaten: Gurken*, Wasser, Branntweinessig*, Meersalz, Dill*, SENFKÖRNER*, Gewürze* (Zwiebeln*, Koriander*, Fenchel*, Pfeffer*), Gewürzextrakte* *aus biologischer Landwirtschaft.",,,Sauerkonserven,330,,Cornichons ungesüßt 330g,0.5,0.1,600.0,2.2,1.0,1.0,0.6,13,0.6,g,1.0,g,0.6,g,0.1,g,13,kcal,0.5,g,0.1,g,2.2,g,1.0,g,1.0,g,0.6,g,1.5,g,13.0,kcal,56.0,kJ
04104420228894,Alnatura GmbH,Braune Kichererbsen 400G,"Zutaten: Braune Kichererbsen*, Wasser, Meersalz *aus biologischer Landwirtschaft.",,,Gemüsekonserven,400,,Braune Kichererbsen 400G,3.0,0.4,252.0,16.0,4.8,0.5,6.6,127,6.6,g,0.5,g,0.252,g,0.4,g,127,kcal,3.0,g,0.4,g,16.0,g,0.5,g,4.8,g,6.6,g,0.63,g,127.0,kcal,534.0,kJ
04104420228986,Alnatura GmbH,"Zitronensaft 0,75L",Zutaten: Zitronensaft* *aus biologischer Landwirtschaft.,,,Obstsäfte mono,775,,"Zitronensaft 0,75L",0.5,0.1,4.0,3.0,0.5,3.0,0.5,30,0.5,g,3.0,g,0.004,g,0.1,g,30,kcal,0.5,g,0.1,g,3.0,g,3.0,g,0.5,g,0.5,g,0.01,g,30.0,kcal,129.0,kJ
04104420229617,Alnatura GmbH,Tellerlinsen 400G,"Zutaten: Linsen grün-braun* *aus biologischer Landwirtschaft
Kann Spuren von Gluten, Soja, Mandel, Nüssen und Sesam enthalten.",,,Hülsenfrüchte/Saaten,400,,Tellerlinsen 400G,0.5,0.1,4.0,36.0,28.0,4.2,21.0,284,21.0,g,4.2,g,0.004,g,0.1,g,284,kcal,0.5,g,0.1,g,36.0,g,4.2,g,28.0,g,21.0,g,0.01,g,284.0,kcal,1193.0,kJ
04104420229648,Alnatura GmbH,Veganes Zwiebelschmalz 150 g,"Zutaten: Palmöl* 76%, Sonnenblumenöl*, Röstzwiebeln* 3,5 %, Äpfel* getrocknet 3,5 %, Apfelsaftkonzentrat*, Meersalz, Sojasauce* getrocknet (SOJABOHNEN*, Reismehl*, Meersalz, Aspergillus oryzae), SELLERIEPULVER*, Tomatenmark*, Zwiebelpulver*, Zitronensaftkonzentrat* *aus biologischer Landwirtschaft",,,Fleischersatz Aufstr,150,,Veganes Zwiebelschmalz 150 g,86.0,39.0,800.0,5.0,1.0,3.7,1.1,800,1.1,g,3.7,g,0.8,g,39.0,g,800,kcal,86.0,g,39.0,g,5.0,g,3.7,g,1.0,g,1.1,g,2.0,g,800.0,kcal,3294.0,kJ
04104420229679,Alnatura GmbH,Weidemilch Süßrahmbutter 250G,,,,Butter,250,,Weidemilch Süßrahmbutter 250G,82.0,50.0,8.0,0.6,0.5,0.6,0.5,742,0.5,g,0.6,g,0.008,g,50.0,g,742,kcal,82.0,g,50.0,g,0.6,g,0.6,g,0.5,g,0.5,g,0.02,g,742.0,kcal,3051.0,kJ
04104420229709,Alnatura GmbH,Weidemilch Sauerrahmbutter 250G,,,,Butter,250,,Weidemilch Sauerrahmbutter 250G,82.0,50.0,8.0,0.6,0.5,0.6,0.5,742,0.5,g,0.6,g,0.008,g,50.0,g,742,kcal,82.0,g,50.0,g,0.6,g,0.6,g,0.5,g,0.5,g,0.02,g,742.0,kcal,3051.0,kJ
04104420229761,Alnatura GmbH,Hummus Natur 180g,"Zutaten: Wasser, Kichererbsen* gekocht 31 %, Sonnenblumenöl*, Zitronensaft* aus Zitronensaftkonzentrat*, SESAMMUS*, Knoblauch*, Speisesalz, Agavendicksaft*, Paprika*, Pfeffer*, Kreuzkümmel* *aus biologischer Landwirtschaft
Kann Spuren von Erdnuss enthalten.",,,Hülsenfr bas. Aufstr,180,,Hummus Natur 180g,24.0,2.2,480.0,7.7,3.1,2.5,3.8,268,3.8,g,2.5,g,0.48,g,2.2,g,268,kcal,24.0,g,2.2,g,7.7,g,2.5,g,3.1,g,3.8,g,1.2,g,268.0,kcal,1108.0,kJ
04104420229792,Alnatura GmbH,Hummus Feige Dattel 180G,"Zutaten: Wasser, Kichererbsen* gekocht 24 %, Sonnenblumenöl*, Feigen* 12%, Zitronensaft* aus Zitronensaftkonzentrat*, Datteln* getrocknet 4% (Datteln*, Reismehl*), SESAMMUS*, Feigen* getrocknet 2% (Feigen*, Reismehl*), Speisesalz, Gewürzmischung Ras el Hanout* (Koriander*, Ingwer*, Kumin*, Kurkuma*, Pfeffer*, Zimt*, Kardamom*, Lorbeer*, Muskat*, Nelken*), Paprika*, Pfeffer*, Cayennepfeffer* *aus biologischer Landwirtschaft
Kann Spuren von Gluten, Erdnuss und Senf enthalten",,,Hülsenfr bas. Aufstr,180,,Hummus Feige Dattel 180G,19.0,1.8,480.0,11.0,3.3,4.8,3.4,235,3.4,g,4.8,g,0.48,g,1.8,g,235,kcal,19.0,g,1.8,g,11.0,g,4.8,g,3.3,g,3.4,g,1.2,g,235.0,kcal,974.0,kJ
04104420229822,Alnatura GmbH,Hummus Sonnentomate 180g,"Zutaten: Kichererbsen* gekocht 31 %, Wasser, Sonnenblumenöl*, Tomatenmark* einfach konzentriert 9 %, Tomaten* getrocknet 7,2 %, Tomaten* 7 %, Zwiebeln*, Zitronensaft* aus Zitronensaftkonzentrat*, TAHIN* (SESAMMUS*), Apfelsaftkonzentrat*, Speisesalz, Gewürze* *aus biologischer Landwirtschaft. Kann Spuren von Erdnuss enthalten.",,,Hülsenfr bas. Aufstr,180,,Hummus Sonnentomate 180g,13.0,1.3,480.0,9.8,3.9,4.2,4.5,182,4.5,g,4.2,g,0.48,g,1.3,g,182,kcal,13.0,g,1.3,g,9.8,g,4.2,g,3.9,g,4.5,g,1.2,g,182.0,kcal,755.0,kJ
04104420229860,Alnatura GmbH,Fruchtriegel Kakao 30G,"Zutaten: Datteln* 57,5 %, CASHEWNÜSSE* 26 %, Kakaobohnensplitter* geröstet, stark entöltes Kakaopulver* *aus biologischer Landwirtschaft
Kann Spuren von Mandel, Haselnuss, Walnuss, Paranuss und Macadamianuss enthalten.",,,Fruchtschnitte,30,,Fruchtriegel Kakao 30G,18.0,5.1,28.000000000000004,48.0,11.0,41.0,9.0,412,9.0,g,41.0,g,0.028000000000000004,g,5.1,g,412,kcal,18.0,g,5.1,g,48.0,g,41.0,g,11.0,g,9.0,g,0.07,g,412.0,kcal,1723.0,kJ
04104420229891,Alnatura GmbH,Kürbis-Risotto mit Karotten 220g,"Zutaten: Kürbis* 26%, Wasser, Rote Linsen** gekocht 19% (Wasser, Rote Linsen**), Vollkornreis** gekocht 18% (Wasser, Vollkornreis**), Karotten* 14%, SCHLAGSAHNE* 1%, Rapsöl* 0,8% *aus Demeter Bio-Landbau (Anteil: 82%) **aus biologischer Landwirtschaft",,,Juniormenü,220,,Kürbis-Risotto mit Karotten 220g,1.4,0.3,8.0,7.7,1.7,1.9,1.9,54,1.9,g,1.9,g,0.008,g,0.3,g,54,kcal,1.4,g,0.3,g,7.7,g,1.9,g,1.7,g,1.9,g,0.02,g,54.0,kcal,229.0,kJ
04104420230194,Alnatura GmbH,Hafer Natur vegan 400g,"Zutaten: HAFERDRINK* (Wasser, HAFER* 11%), Kokosfett*, Maisstärke*, Verdickungsmittel: Guarkernmehl*, Milchsäurebakterienkulturen *aus biologischer Landwirtschaft.",,,veganer Joghurtersat,400,,Hafer Natur vegan 400g,5.3,4.6,20.0,13.0,0.5,4.0,0.5,101,0.5,g,4.0,g,0.02,g,4.6,g,101,kcal,5.3,g,4.6,g,13.0,g,4.0,g,0.5,g,0.5,g,0.05,g,101.0,kcal,421.0,kJ
04104420230224,Alnatura GmbH,Kichererbsen 330g,"Zutaten: Kichererbsen*, Wasser, Meersalz *aus biologischer Landwirtschaft",,,Gemüsekonserven,330,,Kichererbsen 330g,2.7,0.5,140.0,15.0,4.0,0.5,9.0,128,9.0,g,0.5,g,0.13999999999999999,g,0.5,g,128,kcal,2.7,g,0.5,g,15.0,g,0.5,g,4.0,g,9.0,g,0.35,g,128.0,kcal,540.0,kJ
04104420230408,Alnatura GmbH,ALN Mehrwegdeckel (2 ST),,,,HW Haushalt,26,,ALN Mehrwegdeckel (2 ST),,,,,,,,,,g,,g,,g,,g,,kcal,,g,,g,,g,,g,,g,,g,,g,,kcal,,kJ
04104420230460,Alnatura GmbH,Schlemmerfilet Bordelaise (TK) 320g,"Zutaten: Seelachsfilet 71%, WEIZENMEHL*, Wasser, BUTTER*, Sonnenblumenöl*, Zwiebeln*, Kräuter* 1,1% (Petersilie*, Dill*), Maisstärke*, Speisesalz, Rohrzucker*, Knoblauch*, Pastinakenpulver*, Hefe*, Kurkuma* *aus biologischer Landwirtschaft. 22% der Zutaten stammen aus biologischer Landwirtschaft. PL-EKO-006
Kann Spuren von Soja, Sellerie und Senf enthalten.",,,Fisch/Meeresfrü TK,320,,Schlemmerfilet Bordelaise (TK) 320g,8.4,2.9,288.0,7.0,0.5,0.8,14.0,160,14.0,g,0.8,g,0.288,g,2.9,g,160,kcal,8.4,g,2.9,g,7.0,g,0.8,g,0.5,g,14.0,g,0.72,g,160.0,kcal,668.0,kJ
04104420230538,Alnatura GmbH,Salatkerne Mix 100G,"Zutaten: Sonnenblumenkerne* 50 %, Kürbiskerne* 20 %, SOJAKERNE* geröstet 13 %, CASHEWSTÜCKE* 12 %, Pinienkerne* 5 %, Meersalz *aus biologischer Landwirtschaft. Kann Spuren von Gluten, Erdnuss und anderen Nüssen enthalten.",,,Ölsaaten & Samen,100,,Salatkerne Mix 100G,45.0,6.5,227.99999999999997,12.0,6.9,1.9,29.0,583,29.0,g,1.9,g,0.22799999999999998,g,6.5,g,583,kcal,45.0,g,6.5,g,12.0,g,1.9,g,6.9,g,29.0,g,0.57,g,583.0,kcal,2417.0,kJ
04104420230613,Alnatura GmbH,Lachs Filets mit Haut (TK) 160G,Zutaten: Atlantischer LACHS* (Salmo salar) *aus biologischer Aquakultur,,,Fisch/Meeresfrü TK,160,,Lachs Filets mit Haut (TK) 160G,13.0,2.3,32.0,0.5,0.5,0.5,21.0,201,21.0,g,0.5,g,0.032,g,2.3,g,201,kcal,13.0,g,2.3,g,0.5,g,0.5,g,0.5,g,21.0,g,0.08,g,201.0,kcal,838.0,kJ
04104420230644,Alnatura GmbH,Lachs Filet (TK) 160G,Zutaten: Atlantischer LACHS* (Salmo salar) *aus biologischer Aquakultur,,,Fisch/Meeresfrü TK,160,,Lachs Filet (TK) 160G,13.0,2.3,32.0,0.5,0.5,0.5,21.0,201,21.0,g,0.5,g,0.032,g,2.3,g,201,kcal,13.0,g,2.3,g,0.5,g,0.5,g,0.5,g,21.0,g,0.08,g,201.0,kcal,838.0,kJ
04104420230798,Alnatura GmbH,Leinsamen Brot 500G,"Zutaten: ROGGENVOLLKORNSCHROT* 55%, Wasser, Leinsamen* 6%, Meersalz, Hefe* *aus biologischer Landwirtschaft
Kann Spuren von Milch, Nüssen und Sesam enthalten.",,,Brot SB,500,,Leinsamen Brot 500G,3.0,0.4,400.0,31.0,11.0,2.8,5.2,194,5.2,g,2.8,g,0.4,g,0.4,g,194,kcal,3.0,g,0.4,g,31.0,g,2.8,g,11.0,g,5.2,g,1.0,g,194.0,kcal,814.0,kJ
04104420230835,Alnatura GmbH,Westfälischer Pumpernickel 250g,"Zutaten: ROGGENVOLLKORNSCHROT* 60%, Wasser, Rübensirup*, Malzextrakt (GERSTE)*, Meersalz, Hefe* *aus biologischer Landwirtschaft
Kann Spuren von Milch, Nüssen und Sesam enthalten.",,,Brot SB,250,,Westfälischer Pumpernickel 250g,1.6,0.6,440.00000000000006,33.0,8.7,6.3,5.0,184,5.0,g,6.3,g,0.44000000000000006,g,0.6,g,184,kcal,1.6,g,0.6,g,33.0,g,6.3,g,8.7,g,5.0,g,1.1,g,184.0,kcal,775.0,kJ
04104420230866,Alnatura GmbH,Eiweißbrot 250g,"Zutaten: Wasser, ROGGENVOLLKORNMEHL* 20%, WEIZENEIWEIß* 13%, Leinsamen* 10%, SOJASCHROT* 10%, SOJAMEHL* 4%, Apfelessig*, Sonnenblumenkerne* 2%, WEIZENKLEIE*, Apfelfaser* Meersalz, Hefe* *aus biologischer Landwirtschaft
Kann Spuren von Mandel, Nüssen und Sesam enthalten.",,,Brot SB,250,,Eiweißbrot 250g,10.0,1.0,400.0,14.0,11.0,1.7,20.0,248,20.0,g,1.7,g,0.4,g,1.0,g,248,kcal,10.0,g,1.0,g,14.0,g,1.7,g,11.0,g,20.0,g,1.0,g,248.0,kcal,1036.0,kJ
04104420230903,Alnatura GmbH,Dinkelmehl Type 1050 1.000G,Zutaten: DINKELMEHL*¹ Type 1050 *aus biologischer Landwirtschaft ¹DINKEL IST EINE WEIZENART. Kann Spuren von Soja und Lupine enthalten.,,,ausgemahlene Mehle,1000,,Dinkelmehl Type 1050 1.000G,1.8,0.3,4.0,67.0,5.2,1.4,12.0,343,12.0,g,1.4,g,0.004,g,0.3,g,343,kcal,1.8,g,0.3,g,67.0,g,1.4,g,5.2,g,12.0,g,0.01,g,343.0,kcal,1451.0,kJ
04104420230934,Alnatura GmbH,Weizenkleie grob 250G,"Zutaten: WEIZENKLEIE* *aus biologischer Landwirtschaft
Kann Spuren von Soja und Sesam enthalten.",,,Kleie,250,,Weizenkleie grob 250G,4.7,0.8,4.0,18.0,45.0,3.3,16.0,268,16.0,g,3.3,g,0.004,g,0.8,g,268,kcal,4.7,g,0.8,g,18.0,g,3.3,g,45.0,g,16.0,g,0.01,g,268.0,kcal,1112.0,kJ
04104420230972,Alnatura GmbH,Kichererbsen 400G,"Zutaten: Kichererbsen*, Wasser, Meersalz *aus biologischer Landwirtschaft.",,,Gemüsekonserven,400,,Kichererbsen 400G,2.6,0.3,140.0,16.0,4.8,0.5,6.6,123,6.6,g,0.5,g,0.13999999999999999,g,0.3,g,123,kcal,2.6,g,0.3,g,16.0,g,0.5,g,4.8,g,6.6,g,0.35,g,123.0,kcal,515.0,kJ
04104420231016,Alnatura GmbH,"Weißburgunder 0,75l",,,,Weißweine D,750,,"Weißburgunder 0,75l",,,,,,,,,,g,,g,,g,,g,,kcal,,g,,g,,g,,g,,g,,g,,g,,kcal,,kJ
04104420231054,Alnatura GmbH,*Nuss Lebkuchen 125G*,"Zutaten: HASELNÜSSE* 27 %, Rohrohrzucker*, Zartbitterschokolade* 14 % (Rohrohrzucker*, Kakaomasse*, Kakaobutter*), Invertzuckersirup*, WEIZENMEHL*, Glukose-Fruktose-Sirup*, DINKELMEHL*¹, Orangenschale*, Zitronenschale*, Honig*, Gewürze* (Zimt*, Muskat*, Nelken*, Kardamom*, Piment*, Macis*, Ingwer*), Rohrzucker*, HÜHNEREIEIWEIßPULVER*, Meersalz, Backtriebmittel: Ammoniumhydrogencarbonat; Zitronensaftkonzentrat* *aus biologischer Landwirtschaft ¹DINKEL IST EINE WEIZENART. Kann Spuren von Milch, Mandel und Pistazie enthalten.",,,Weihn. Zwidu süß,125,,*Nuss Lebkuchen 125G*,23.0,4.8,72.0,55.0,4.0,46.0,6.3,460,6.3,g,46.0,g,0.072,g,4.8,g,460,kcal,23.0,g,4.8,g,55.0,g,46.0,g,4.0,g,6.3,g,0.18,g,460.0,kcal,1925.0,kJ
04104420231177,Alnatura GmbH,"*Btl. Adventskalendertee 42,65G*","Zutaten: 1. Mediterrane Kräuter Kräuterteemischung • Zutaten: Zitronengras*, Basilikum*, Zitronenthymian*, Orangenblätter*, Salbei*, Rosmarin*, Thymian*, Lavendelblüten* 2. Grüner Tee Ingwer Lemon Kräuterteemischung mit Ingwer und 30 % Grünem Tee • Zutaten: Zitronengras*, Grüner Tee*, Ingwer* 3. Ingwer Kurkuma mit Koriandersamen Gewürzteemischung • Zutaten: Ingwer* 28%, Kurkuma* 27%, Koriandersamen* 25%, Galgant*, Süßholz* 4. Pfefferminz Tee • Zutaten: Pfefferminze** 5. Fenchel Anis Kümmel Tee• Zutaten: Fenchel* 40 %, Anis* 40 %, Kümmel* 20% 6. Ingwer Tee • Zutaten: Ingwer** 7. Hagebutten Tee mit Hibiskus • Zutaten: Hagebutte* 60%, Hibiskus* 40% 8. Brennnessel Tee mit Zitronengras • Zutaten: Brennnessel* 90%, Zitronengras* 10% 9. Grüner Tee Sencha • Zutaten: Grüner Tee* 10. Innere Kraft Kräuterteemischung mit Ingwer • Zutaten: Zitronengras*, Ingwer* 25 %, Zitronenverbene*, Pfefferminze*, Süßholz*, Zitronenschale* 11. Milde Früchte Früchteteemischung • Zutaten: Apfel*, Hagebutte*, Honigbusch*, Hibiskus*, Süßholz*, Rote Bete* 12. Kurkuma Zimt Gewürz-Kräuterteemischung • Zutaten: Kurkuma* 54 %, Ceylon-Zimt* 25 %, Zitronengras*, Süßholz*, Pfeffer* 13. Grüner Tee Jasmin • Zutaten: Grüner Tee* 14. Fenchel Tee • Zutaten: Fenchel* 15. Salbei Tee • Zutaten: Salbei* 16. Sweet Chai Kräuter- und Gewürzteemischung • Zutaten: Honigbusch*, Ceylon-Zimt*, Fenchel*, Rooibos*, Süßholz*, Süße Brombeerblätter*, Ingwer*, Kardamom*, Pfeffer*, Nelke* 17. Guten Abend Tee Kräuterteemischung • Zutaten: Melisse*, Salbei*, Kamille*, Lavendel*, Hopfen* 18. Schwarzer Tee • Zutaten: Schwarzer Tee** 19. Bergkräuter Kräuterteemischung • Zutaten: GRÜNES HAFERKRAUT*, Zitronenmelisse*, Pfefferminze*, Holunderblüten*, Orangenblätter*, Schafgarbenkraut*, Apfelminze*, Brombeerblätter*, Löwenzahnkraut*, Lindenblüten*, Spitzwegerich* 20. Kamillen Tee • Zutaten: Kamille** 21. Schlaf schön mit Haferkraut und Lindenblüten Kräuterteemischung • Zutaten: GRÜNES HAFERKRAUT* 22%, Melisse*, Kamille*, Zitronengras*, Lindenblüten* 8%, Orangenschale*, Lavendelblüten*, Hopfen* 22. Earl Grey Schwarzer Tee aromatisiert mit ätherischen Ölen • Zutaten: Schwarzer Tee*, ätherisches Öl aus Bergamotte*, ätherisches Öl aus Zitronenschale* 23. Kräuter Kräuterteemischung • Zutaten: Pfefferminze*, Zitronengras*, Zitronenmelisse*, Erdbeerblätter*, Hagebutte*, Kamille*, Brombeerblätter* 24. Dreierlei Minze Kräuterteemischung • Zutaten: Nanaminze*, Pfefferminze*, Apfelminze* *aus biologischer Landwirtschaft **aus Demeter Bio-Landbau",,,Weihn. Warmgetränke,42.65,,"*Btl. Adventskalendertee 42,65G*",0.0,0.0,0.0,0.0,0.0,0.0,0.0,0,0.0,g,0.0,g,0.0,g,0.0,g,0,kcal,0.0,g,0.0,g,0.0,g,0.0,g,0.0,g,0.0,g,0.0,g,0.0,kcal,0.0,kJ
04104420231214,Alnatura GmbH,Orangensaft 1L,Zutaten: Orangensaft* *aus biologischer Landwirtschaft,,,Obstsäfte mono,1051,,Orangensaft 1L,0.5,0.1,4.0,10.0,0.5,8.4,0.7,43,0.7,g,8.4,g,0.004,g,0.1,g,43,kcal,0.5,g,0.1,g,10.0,g,8.4,g,0.5,g,0.7,g,0.01,g,43.0,kcal,182.0,kJ
04104420231337,Alnatura GmbH,Pistazien 125G,"Zutaten: PISTAZIEN* 98,2 %, Meersalz 1,8 % *aus biologischer Landwirtschaft. Kann Spuren von Erdnuss, Soja, Milch, Mandel, anderen Nüssen, Sellerie, Senf und Sesam enthalten.",,,salzige Nüsse/Kerne,125,,Pistazien 125G,52.0,6.1,720.0,12.0,11.0,3.1,21.0,622,21.0,g,3.1,g,0.72,g,6.1,g,622,kcal,52.0,g,6.1,g,12.0,g,3.1,g,11.0,g,21.0,g,1.8,g,622.0,kcal,2573.0,kJ
04104420231498,Alnatura GmbH,Hirtenkäse 150g,"Zutaten: MILCH*, Speisesalz, Milchsäurekulturen, mikrobielles Lab *aus biologischer Landwirtschaft.",,,Salzlakenkäse,150,,Hirtenkäse 150g,22.0,15.0,1200.0,0.5,0.5,0.5,19.0,274,19.0,g,0.5,g,1.2,g,15.0,g,274,kcal,22.0,g,15.0,g,0.5,g,0.5,g,0.5,g,19.0,g,3.0,g,274.0,kcal,1137.0,kJ
04104420231542,Alnatura GmbH,Himbeeressig 250ML,"Zutaten: Himbeeressig* 97 %, Himbeersaftkonzentrat* 3 % *aus biologischer Landwirtschaft.",,,Fruchtessige,256,,Himbeeressig 250ML,0.5,0.1,4.0,3.1,0.5,2.9,0.5,27,0.5,g,2.9,g,0.004,g,0.1,g,27,kcal,0.5,g,0.1,g,3.1,g,2.9,g,0.5,g,0.5,g,0.01,g,27.0,kcal,118.0,kJ
04104420231658,Alnatura GmbH,Linsenwaffeln 100G,"Zutaten: Linsenmehl* 99,5 %, Meersalz *aus biologischer Landwirtschaft
Kann Spuren von Soja enthalten.",,,Reis/Getreidewaffeln,100,,Linsenwaffeln 100G,1.0,0.2,200.0,58.0,5.4,1.5,27.0,360,27.0,g,1.5,g,0.2,g,0.2,g,360,kcal,1.0,g,0.2,g,58.0,g,1.5,g,5.4,g,27.0,g,0.5,g,360.0,kcal,1525.0,kJ
04104420231696,Alnatura GmbH,Haselnusseis vegan 500ML (TK),"Zutaten: HAFERDRINK*, fermentiert 70 % (Wasser,VOLLKORNHAFERMEHL* 24%), Haselnuss-Nougatcreme* 8 % (HASELNÜSSE* 44 %, Rohrohrzucker*, Rapsöl*, stark entöltes Kakaopulver* 10 %, Emulgator: Sonnenblumenlecithin*), Rohrohrzucker*, HASELNUSSMARK* 5%, Glukosesirup*, Ackerbohnenprotein*, Erbsenprotein*, Stabilisatoren: Johannisbrotkernmehl*, Guarkernmehl*; Emulgator: Sonnenblumenlecithin* *aus biologischer Landwirtschaft. Kann Spuren von Ei, Erdnuss, Soja, Milch, Mandel und anderen Nüssen enthalten.",,,Speiseeis TK,360,,Haselnusseis vegan 500ML (TK),8.0,0.8,8.0,28.0,2.1,22.0,4.4,206,4.4,g,22.0,g,0.008,g,0.8,g,206,kcal,8.0,g,0.8,g,28.0,g,22.0,g,2.1,g,4.4,g,0.02,g,206.0,kcal,864.0,kJ
04104420231917,Alnatura GmbH,Mozzarella di bufala campana 220g,"Zutaten: BÜFFELMILCH* pasteurisiert, Milchsäurekulturen, Meersalz, tierisches Lab *aus biologischer Landwirtschaft",,,anderer Käse,220,,Mozzarella di bufala campana 220g,24.0,16.0,320.0,0.7,0.5,0.7,15.0,279,15.0,g,0.7,g,0.32,g,16.0,g,279,kcal,24.0,g,16.0,g,0.7,g,0.7,g,0.5,g,15.0,g,0.8,g,279.0,kcal,1155.0,kJ
04104420232006,Alnatura GmbH,"Gerste, Kichererbsen, Linsen 250g","Zutaten: GERSTE* vorgegart 42% (Wasser, GERSTE*), Linsen* vorgegart 27% (Wasser, Linsen*), Kichererbsen* vorgegart 27% (Wasser, Kichererbsen*), Sonnenblumenöl*, Meersalz *aus biologischer Landwirtschaft
Kann Spuren von Milch und Sellerie enthalten.",,,halbfertige Produkte,250,,"Gerste, Kichererbsen, Linsen 250g",4.3,0.5,320.0,22.0,5.8,1.0,7.1,167,7.1,g,1.0,g,0.32,g,0.5,g,167,kcal,4.3,g,0.5,g,22.0,g,1.0,g,5.8,g,7.1,g,0.8,g,167.0,kcal,700.0,kJ
04104420232044,Alnatura GmbH,"Roter Quinoa, Bulgur, Langkornreis","Zutaten: roter Quinoa* 34% (roter Quinoa*, Wasser), BULGUR* (HARTWEIZEN) vorgegart 31%, Langkornreis* vorgegart 30% (Wasser, Langkornreis*), Sonnenblumenöl*, Meersalz *aus biologischer Landwirtschaft. Kann Spuren von Milch und Sellerie enthalten.",,,Gemüsekonserven,250,,"Roter Quinoa, Bulgur, Langkornreis",5.1,0.9,280.0,26.0,2.2,0.7,3.3,168,3.3,g,0.7,g,0.27999999999999997,g,0.9,g,168,kcal,5.1,g,0.9,g,26.0,g,0.7,g,2.2,g,3.3,g,0.7,g,168.0,kcal,704.0,kJ
04104420232167,Alnatura GmbH,Flammkuchen Käse Lauch (TK) 275G,"Zutaten: WEIZENMEHL*, Wasser, CRÈME FRAÎCHE* 12%, KÄSE* 15% (EDAMER¹* 7,3%, FRANKENDAMMER SCHNITTKÄSE¹* 7,3%), Lauch* 7,8%, Zwiebeln* 3,9 %, Rapsöl*, WEIZENSTÄRKE*, Hefe*, natives Olivenöl extra*, Rübenzucker*, Speisesalz, Pfeffer* *aus biologischer Landwirtschaft ¹hergestellt mit mikrobiellem Lab
Kann Spuren von Sellerie enthalten.",,,Pizza TK,275,,Flammkuchen Käse Lauch (TK) 275G,8.3,4.5,520.0,31.0,1.9,2.3,7.8,234,7.8,g,2.3,g,0.52,g,4.5,g,234,kcal,8.3,g,4.5,g,31.0,g,2.3,g,1.9,g,7.8,g,1.3,g,234.0,kcal,982.0,kJ
04104420232198,Alnatura GmbH,Popcornmais 500G,"Zutaten: Popcornmais* *aus Demeter Bio-Landbau. Kann Spuren von Gluten, Soja, Milch, Mandel, Nüssen, Sesam und Lupine enthalten.",,,Getreide ganz Natur,500,,Popcornmais 500G,3.8,0.6,8.0,64.0,9.7,1.4,8.7,344,8.7,g,1.4,g,0.008,g,0.6,g,344,kcal,3.8,g,0.6,g,64.0,g,1.4,g,9.7,g,8.7,g,0.02,g,344.0,kcal,1454.0,kJ
04104420232273,Alnatura GmbH,Kakao-Rooibos mit Vanille Btl. 20x2,"Zutaten: Kakaoschalen* 50%, Rooibos* 22%, Zimt*, Anis*, Süßholz*, Vanilleschote* gemahlen *aus biologischer Landwirtschaft",,,Kräutertee im Beutel,40,,Kakao-Rooibos mit Vanille Btl. 20x2,,,,,,,,,,g,,g,,g,,g,,kcal,,g,,g,,g,,g,,g,,g,,g,,kcal,,kJ
04104420232310,Alnatura GmbH,"Apfel Nana-Minze&Blüten Btl.20x1,5G","Zutaten: Apfel* 45 %, Nana-Minze* 25 %, Fenchel*, Holunderbeeren*, Holunderblüten* 5 %, Ringelblumen*, Vanilleschote* gemahlen *aus biologischer Landwirtschaft",,,Kräutertee im Beutel,30,,"Apfel Nana-Minze&Blüten Btl.20x1,5G",,,,,,,,,,g,,g,,g,,g,,kcal,,g,,g,,g,,g,,g,,g,,g,,kcal,,kJ
04104420232570,Alnatura GmbH,"Ingwer Limette Tee Btl. 20x1,75g 35","Zutaten: Apfel* 40 %, Ingwer* 33 %, Süße Brombeerblätter*, Limette* 8 %, Zitronengrasöl* *aus biologischer Landwirtschaft",,,Kräutertee im Beutel,35,,"Ingwer Limette Tee Btl. 20x1,75g 35",,,,,,,,,,g,,g,,g,,g,,kcal,,g,,g,,g,,g,,g,,g,,g,,kcal,,kJ
04104420232617,Alnatura GmbH,Kurkuma Orange Tee Btl. 20x2g 40G,"Zutaten: Kurkuma* 41 %, Apfel* 40 %, Ingwer*, weißer Hibiskus* 5 %, Orangenöl* 2,5 %, Steviablätter* *aus biologischer Landwirtschaft",,,Gewürztee im Beutel,40,,Kurkuma Orange Tee Btl. 20x2g 40G,,,,,,,,,,g,,g,,g,,g,,kcal,,g,,g,,g,,g,,g,,g,,g,,kcal,,kJ
04104420232785,Alnatura GmbH,Reisvollkornmehl 500G,"Zutaten: Reisvollkornmehl* *aus biologischer Landwirtschaft
Kann Spuren von Soja und Lupine enthalten.",,,Spezialmehle,500,,Reisvollkornmehl 500G,2.2,0.6,12.0,74.0,2.2,0.6,7.8,351,7.8,g,0.6,g,0.012,g,0.6,g,351,kcal,2.2,g,0.6,g,74.0,g,0.6,g,2.2,g,7.8,g,0.03,g,351.0,kcal,1490.0,kJ
04104420232846,Alnatura GmbH,Joghurt Reiswaffeln 100G,"Zutaten: Joghurtüberzug* 60 % (Rohrzucker*, Kakaobutter*, MAGERMILCHJOGHURTPULVER* 9 %, VOLLMILCHPULVER*), Vollkornreis* 40 % *aus biologischer Landwirtschaft
Kann Spuren von Soja, Nüssen und Sesam enthalten.",,,Reis/Getr waffel süß,100,,Joghurt Reiswaffeln 100G,26.0,15.0,36.0,62.0,1.4,31.0,6.6,511,6.6,g,31.0,g,0.036,g,15.0,g,511,kcal,26.0,g,15.0,g,62.0,g,31.0,g,1.4,g,6.6,g,0.09,g,511.0,kcal,2139.0,kJ
04104420232884,Alnatura GmbH,Reiswaffeln Jogh. Erdbeer 100G,"Zutaten: Joghurt-Erdbeer-Überzug* 60 % (Rohrzucker*, Kakaobutter*, MAGERMILCHJOGHURTPULVER* 8,6 %, VOLLMILCHPULVER*, Erdbeerpulver* 2 %, Rotes Johannisbeerpulver*, Emulgator: Lecithin*), Vollkornreis* 40 % *aus biologischer Landwirtschaft
Kann Spuren von Soja, Nüssen und Sesam enthalten.",,,Reis/Getr waffel süß,100,,Reiswaffeln Jogh. Erdbeer 100G,25.0,14.0,44.0,63.0,1.8,32.0,6.6,507,6.6,g,32.0,g,0.044,g,14.0,g,507,kcal,25.0,g,14.0,g,63.0,g,32.0,g,1.8,g,6.6,g,0.11,g,507.0,kcal,2123.0,kJ
04104420232921,Alnatura GmbH,Apfel-Pfirsich-Banane 190G,"Zutaten: Äpfel* 74%, Pfirsiche* 19%, Bananen* 7% *aus biologisch-dynamischem Landbau (Anteil: 100%)",,,Obst,190,,Apfel-Pfirsich-Banane 190G,0.4,0.1,4.0,11.0,1.8,10.5,0.4,53,0.4,g,10.5,g,0.004,g,0.1,g,53,kcal,0.4,g,0.1,g,11.0,g,10.5,g,1.8,g,0.4,g,0.01,g,53.0,kcal,223.0,kJ
04104420232969,Alnatura GmbH,"Stilltee Btl. 20x1,75g 35G","Zutaten: Anis* 33%, Fenchel* 30%, Kümmel* 30%, Melisse** 3,5%, Zitronenverbene** 2%, Lavendelblüten** 1,5% *aus Demeter Bio-Landbau **aus biologischer Landwirtschaft",,,Still/Schwangers.tee,35,,"Stilltee Btl. 20x1,75g 35G",0.1,0.1,4.0,0.1,0.1,0.1,0.1,0,0.1,g,0.1,g,0.004,g,0.1,g,0,kcal,0.1,g,0.1,g,0.1,g,0.1,g,0.1,g,0.1,g,0.01,g,0.0,kcal,0.0,kJ
04104420233041,Alnatura GmbH,Fruchteis Himbeere 4 Stück,"Zutaten: Himbeerpüree* 56%, Wasser, Apfelsaftkonzentrat*, Wasser, Stabilisator: Johannisbrotkernmehl* *aus biologischer Landwirtschaft.",,,Speiseeis TK,196,,Fruchteis Himbeere 4 Stück,0.5,0.1,4.0,21.0,1.0,20.0,0.5,86,0.5,g,20.0,g,0.004,g,0.1,g,86,kcal,0.5,g,0.1,g,21.0,g,20.0,g,1.0,g,0.5,g,0.01,g,86.0,kcal,365.0,kJ
04104420233072,Alnatura GmbH,Fruchteis Mango 4 Stück,"Zutaten: Mangopüree* 62%, Wasser, Apfelsaftkonzentrat*, Stabilisator: Johannisbrotkernmehl* *aus biologischer Landwirtschaft.",,,Speiseeis TK,196,,Fruchteis Mango 4 Stück,0.5,0.1,4.0,21.0,1.1,21.0,0.5,82,0.5,g,21.0,g,0.004,g,0.1,g,82,kcal,0.5,g,0.1,g,21.0,g,21.0,g,1.1,g,0.5,g,0.01,g,82.0,kcal,349.0,kJ
04104420233331,Alnatura GmbH,Kaffee gemahlen 500G,,,,Kaffee gemahlen,500,,Kaffee gemahlen 500G,,,,,,,,,,g,,g,,g,,g,,kcal,,g,,g,,g,,g,,g,,g,,g,,kcal,,kJ
04104420233416,Alnatura GmbH,Griechischer Grillkäse 180G,"Zutaten: SCHAFMILCH* 80%, ZIEGENMILCH* 18%, Meersalz, tierisches Lab *aus biologischer Landwirtschaft.",,,Salzlakenkäse,180,,Griechischer Grillkäse 180G,29.0,20.0,880.0000000000001,0.5,0.5,0.5,22.0,349,22.0,g,0.5,g,0.8800000000000001,g,20.0,g,349,kcal,29.0,g,20.0,g,0.5,g,0.5,g,0.5,g,22.0,g,2.2,g,349.0,kcal,1447.0,kJ
04104420233447,Alnatura GmbH,Quarkalternative aus Soja 400G,"Zutaten: Soja Drink* 99% (Wasser, SOJABOHNEN* geschält 13%), Verdickungsmittel: Pektin, Milchsäurebakterienkulturen *aus biologischer Landwirtschaft",,,veganer Joghurtersat,400,,Quarkalternative aus Soja 400G,3.3,0.5,44.0,0.5,0.5,0.5,5.7,53,5.7,g,0.5,g,0.044,g,0.5,g,53,kcal,3.3,g,0.5,g,0.5,g,0.5,g,0.5,g,5.7,g,0.11,g,53.0,kcal,219.0,kJ
04104420233836,Alnatura GmbH,Erdbeere-Apfel Porridge 190G,"Zutaten: Entrahmte Milch* 49 % (Wasser, MAGERMILCHPULVER* 10 %), Wasser, Erdbeeren* 8 %, Äpfel* 4 %, HAFERVOLLKORNFLOCKEN* grob gemahlen 3 %, HAFERVOLLKORNFLOCKEN* 3 %, Reisstärke** 3 %, SCHLAGSAHNE* 2 %, Thiamin (Vitamin B1) *aus Demeter Bio-Landbau (90%) **aus biologischer Landwirtschaft.",,,Weiße Linie,190,,Erdbeere-Apfel Porridge 190G,1.0,0.4,32.0,8.8,0.8,3.4,2.4,55,2.4,g,3.4,g,0.032,g,0.4,g,55,kcal,1.0,g,0.4,g,8.8,g,3.4,g,0.8,g,2.4,g,0.08,g,55.0,kcal,234.0,kJ
04104420233959,Alnatura GmbH,Granatapfelkerne (TK) 300G,Zutaten: Granatapfelkerne* *aus biologischer Landwirtschaft,,,Obst TK,300,,Granatapfelkerne (TK) 300G,0.6,0.1,4.0,17.0,2.3,16.0,0.7,81,0.7,g,16.0,g,0.004,g,0.1,g,81,kcal,0.6,g,0.1,g,17.0,g,16.0,g,2.3,g,0.7,g,0.01,g,81.0,kcal,342.0,kJ
04104420234062,Alnatura GmbH,Mandeln geröstet & ungesalzen 150G,"Zutaten: MANDELN* geröstet *aus biologischer Landwirtschaft. Kann Spuren von Erdnuss, Milch und anderen Nüssen 
enthalten.",,,Nüsse & Kerne mono,150,,Mandeln geröstet & ungesalzen 150G,54.0,4.0,4.0,5.4,14.0,3.7,22.0,624,22.0,g,3.7,g,0.004,g,4.0,g,624,kcal,54.0,g,4.0,g,5.4,g,3.7,g,14.0,g,22.0,g,0.01,g,624.0,kcal,2576.0,kJ
04104420234109,Alnatura GmbH,Nuss-Mix geröstet & ungesalzen 150G,"Zutaten: CASHEWNÜSSE* geröstet 40%, MANDELN* geröstet 40%, HASELNUSSKERNE* geröstet 20% *aus biologischer Landwirtschaft. Kann Spuren von Erdnuss, Milch und anderen Nüssen 
enthalten.",,,Nusskernmischung,150,,Nuss-Mix geröstet & ungesalzen 150G,51.0,5.9,8.0,17.0,8.2,6.0,20.0,623,20.0,g,6.0,g,0.008,g,5.9,g,623,kcal,51.0,g,5.9,g,17.0,g,6.0,g,8.2,g,20.0,g,0.02,g,623.0,kcal,2582.0,kJ
04104420234307,Alnatura GmbH,Steinsalz 250G,Zutaten: Speisesalz unraffiniert,,,Salze mono,250,,Steinsalz 250G,,,,,,,,,,g,,g,,g,,g,,kcal,,g,,g,,g,,g,,g,,g,,g,,kcal,,kJ
04104420234345,Alnatura GmbH,Steinsalz 500G,Zutaten: Speisesalz unraffiniert,,,Salze mono,500,,Steinsalz 500G,,,,,,,,,,g,,g,,g,,g,,kcal,,g,,g,,g,,g,,g,,g,,g,,kcal,,kJ
04104420234383,Alnatura GmbH,Cashew Drink Natur 1L,"Zutaten: Wasser, CASHEWNÜSSE* 6,5 %, Meersalz *aus biologischer Landwirtschaft
Kann Spuren von Soja, Mandel und anderen Nüssen enthalten.",,,Nussdrinks,1005,,Cashew Drink Natur 1L,3.2,0.8,40.0,1.3,0.5,0.5,1.3,39,1.3,g,0.5,g,0.04,g,0.8,g,39,kcal,3.2,g,0.8,g,1.3,g,0.5,g,0.5,g,1.3,g,0.1,g,39.0,kcal,163.0,kJ
04104420234529,Alnatura GmbH,5-Korn-Getreidebrei 250G,"Zutaten: HAFERVOLLKORNMEHL* 30 %, DINKELVOLLKORNMEHL*¹ 20 %, GERSTENVOLLKORNMEHL** 20 %, WEIZENVOLLKORNMEHL* 16 %, ROGGENVOLLKORNMEHL** 14 %, Thiamin (Vitamin B1) *aus Demeter Bio-Landbau (66 %) **aus biologischer Landwirtschaft ¹Dinkel ist eine WEIZENART",220,GRM,Getreidebreie,250,,5-Korn-Getreidebrei 250G,4.4,2.4,48.0,18.0,2.2,4.9,5.6,138,5.6,g,4.9,g,0.048,g,2.4,g,138,kcal,4.4,g,2.4,g,18.0,g,4.9,g,2.2,g,5.6,g,0.12,g,138.0,kcal,582.0,kJ
04104420234598,Alnatura GmbH,Mini Brezeln ohne Aufstreusalz 100G,"Zutaten: WEIZENMEHL*, Palmöl*, GERSTENMALZEXTRAKT*, Speisesalz, Säureregulator: Natriumhydroxid *aus biologischer Landwirtschaft
Kann Spuren von Sesam enthalten.",,,Laugengebäck,100,,Mini Brezeln ohne Aufstreusalz 100G,3.7,1.5,880.0000000000001,74.0,5.6,1.9,11.0,385,11.0,g,1.9,g,0.8800000000000001,g,1.5,g,385,kcal,3.7,g,1.5,g,74.0,g,1.9,g,5.6,g,11.0,g,2.2,g,385.0,kcal,1627.0,kJ
04104420234635,Alnatura GmbH,Geflügel Salami 80G,"Zutaten: Putenfleisch*, Geflügelfett (Hähnchen*, Pute*), Speisesalz, Konservierungsstoff: Natriumnitrit, DEXTROSE*, färbendes Lebensmittel: Rote Beetepulver*, Antioxidationsmittel: Ascorbinsäure, Gewürze*, Buchenholzrauch *aus biologischer Landwirtschaft 100g Geflügelsalami werden aus 107g Putenfleisch hergestellt.",,,Geflügelwurst,80,,Geflügel Salami 80G,21.0,6.8,1200.0,1.4,0.5,0.5,22.0,283,22.0,g,0.5,g,1.2,g,6.8,g,283,kcal,21.0,g,6.8,g,1.4,g,0.5,g,0.5,g,22.0,g,3.0,g,283.0,kcal,1175.0,kJ
04104420234666,Alnatura GmbH,Hafer-Kakao-Kekse 125G,"Zutaten: HAFERVOLLKORNMEHL* 59 %, Bananenflocken* 19 %, Palmöl*, Maisstärke*, Kakaopulver* 2,3 %, Backtriebmittel: Natriumhydrogencarbonat (Natron), Säuerungsmittel: Monokaliumtartrat (Reinweinstein) *aus biologischer Landwirtschaft. Kann Spuren von Ei, Soja, Milch, Mandel, Nüssen, Sellerie und Sesam enthalten.",,,Knabberprodukte,125,,Hafer-Kakao-Kekse 125G,20.6,9.0,36.0,58.3,6.3,12.9,7.7,462,7.7,g,12.9,g,0.036,g,9.0,g,462,kcal,20.6,g,9.0,g,58.3,g,12.9,g,6.3,g,7.7,g,0.09,g,462.0,kcal,1935.0,kJ
04104420234857,Alnatura GmbH,Tomatenstücke in der Dose 400G,"Zutaten: Tomaten* geschält und gestückelt, Tomatensaft*, Säureregulator: Zitronensäure *aus biologischer Landwirtschaft.",,,Dosentomaten,400,,Tomatenstücke in der Dose 400G,0.5,0.1,12.0,4.8,0.8,4.4,1.0,25,1.0,g,4.4,g,0.012,g,0.1,g,25,kcal,0.5,g,0.1,g,4.8,g,4.4,g,0.8,g,1.0,g,0.03,g,25.0,kcal,105.0,kJ
04104420234987,Alnatura GmbH,Mais 330g,"Zutaten: Mais*, Wasser, Speisesalz *aus biologischer Landwirtschaft",,,Gemüsekonserven,330,,Mais 330g,1.6,0.2,140.0,13.0,1.7,7.1,2.4,79,2.4,g,7.1,g,0.13999999999999999,g,0.2,g,79,kcal,1.6,g,0.2,g,13.0,g,7.1,g,1.7,g,2.4,g,0.35,g,79.0,kcal,335.0,kJ
04104420235359,Alnatura GmbH,Kräuter-Meersalz Dose 200G,"Zutaten: Meersalz* unraffiniert, Lauch*, SELLERIEBLÄTTER*, Petersilie*, Liebstöckel*, Majoran*, Basilikum*, Fenchel*, Zwiebel*, Pastinake*, Karotte*, Schnittlauch*, SELLERIEKNOLLE*, Chili* *aus biologischer Landwirtschaft
Kann Spuren von Senf enthalten.",,,Salze m Beimischung,200,,Kräuter-Meersalz Dose 200G,0.7,0.1,33600.0,5.8,3.3,5.0,2.5,46,2.5,g,5.0,g,33.6,g,0.1,g,46,kcal,0.7,g,0.1,g,5.8,g,5.0,g,3.3,g,2.5,g,84.0,g,46.0,kcal,193.0,kJ
04104420235397,Alnatura GmbH,Rote Bete ungesüßt 330g,"Zutaten: Rote Bete*, Branntweinessig*, Meersalz, Kümmel*, Nelke*, Gewürzextrakte* *aus biologischer Landwirtschaft",,,Sauerkonserven,330,,Rote Bete ungesüßt 330g,0.5,0.1,168.0,5.2,1.1,4.1,0.8,28,0.8,g,4.1,g,0.16799999999999998,g,0.1,g,28,kcal,0.5,g,0.1,g,5.2,g,4.1,g,1.1,g,0.8,g,0.42,g,28.0,kcal,119.0,kJ
04104420235472,Alnatura GmbH,"Weidemilch Joghurt Natur 0,3% 500G",,,,Jog natur Becher,500,,"Weidemilch Joghurt Natur 0,3% 500G",0.5,0.5,80.0,6.4,0.5,6.4,5.5,48,5.5,g,6.4,g,0.08,g,0.5,g,48,kcal,0.5,g,0.5,g,6.4,g,6.4,g,0.5,g,5.5,g,0.2,g,48.0,kcal,202.0,kJ
04104420235540,Alnatura GmbH,Grissini Olivenöl 110G,"Zutaten: WEIZENMEHL* Type 812 (86%), Olivenöl* 6,9%, Hefe**, Meersalz, Oregano**, Paprikapulver** *aus Demeter Bio-Landbau **aus biologischer Landwirtschaft. Kann Spuren von Ei, Milch, Nüssen und Sesam enthalten.",,,Salzgebäck,110,,Grissini Olivenöl 110G,9.4,1.5,720.0,71.0,5.0,0.6,11.0,423,11.0,g,0.6,g,0.72,g,1.5,g,423,kcal,9.4,g,1.5,g,71.0,g,0.6,g,5.0,g,11.0,g,1.8,g,423.0,kcal,1782.0,kJ
04104420235779,Alnatura GmbH,Bergbauern Süßrahmbutter 250G,,,,Butter,250,,Bergbauern Süßrahmbutter 250G,82.0,49.0,4.0,0.7,0.5,0.7,0.7,744,0.7,g,0.7,g,0.004,g,49.0,g,744,kcal,82.0,g,49.0,g,0.7,g,0.7,g,0.5,g,0.7,g,0.01,g,744.0,kcal,3058.0,kJ
04104420235809,Alnatura GmbH,"(CH) Olivenöl 0,5 L","Kann Spuren von Erdnuss, Mandel, Nüssen und Sesam enthalten.",,,Olivenöle,460,,"(CH) Olivenöl 0,5 L",92.0,15.0,4.0,0.5,0.5,0.5,0.5,828,0.5,g,0.5,g,0.004,g,15.0,g,828,kcal,92.0,g,15.0,g,0.5,g,0.5,g,0.5,g,0.5,g,0.01,g,828.0,kcal,3404.0,kJ
04104420235922,Alnatura GmbH,"Sonnenblumenöl nativ 0,5L","Kann Spuren von Erdnuss, Mandel, Nüssen und Sesam enthalten.",,,Saatenöle,460,,"Sonnenblumenöl nativ 0,5L",92.0,9.2,4.0,0.5,0.5,0.5,0.5,828,0.5,g,0.5,g,0.004,g,9.2,g,828,kcal,92.0,g,9.2,g,0.5,g,0.5,g,0.5,g,0.5,g,0.01,g,828.0,kcal,3404.0,kJ
04104420235960,Alnatura GmbH,"Rapsöl nativ 0,5L",,,,Saatenöle,460,,"Rapsöl nativ 0,5L",92.0,6.4,4.0,0.5,0.5,0.5,0.5,828,0.5,g,0.5,g,0.004,g,6.4,g,828,kcal,92.0,g,6.4,g,0.5,g,0.5,g,0.5,g,0.5,g,0.01,g,828.0,kcal,3404.0,kJ
04104420236097,Alnatura GmbH,Hafer-Dinkel-Herzen 125G,"Zutaten: HAFERVOLLKORNMEHL* 33 %, DINKELMEHL*¹ Type 1050 (33 %), Agavendicksaft* 16 %, Maisstärke*, Palmöl*, Himbeerflocken* 4 % (Himbeerpüree* getrocknet 45 %, WEIZENMEHL* Type 550), Säuerungsmittel: Monokaliumtartrat, Backtriebmittel: Natriumhydrogencarbonat, Thiamin (Vitamin B1) *aus biologischer Landwirtschaft ¹Dinkel ist eine WEIZENART
Kann Spuren von Ei, Soja, Milch, Mandel, Nüssen, Sellerie und Sesam enthalten.",,,Knabberprodukte,125,,Hafer-Dinkel-Herzen 125G,14.6,5.9,115.99999999999999,67.0,4.0,13.0,8.6,442,8.6,g,13.0,g,0.11599999999999999,g,5.9,g,442,kcal,14.6,g,5.9,g,67.0,g,13.0,g,4.0,g,8.6,g,0.29,g,442.0,kcal,1857.0,kJ
04104420236127,Alnatura GmbH,Zartbitter Knusper Müsli 500G,"Zutaten: HAFERVOLLKORNFLOCKEN* 65 %, Zartbitterschokolade* 12 % (Kakaomasse*, Rohrohrzucker*, Kakaobutter*), GERSTENVOLLKORNFLOCKEN* 9,9 %, Rohrohrzucker*, WEIZEN* gepufft 2,5 %, stark entöltes Kakaopulver* 2,3 %, Cornflakes* 1,6 % (Mais*, Trennmittel: Lecithin*), Sonnenblumenöl*, Reissirup*, Überzugsmittel: Gummi arabicum*, Meersalz *aus biologischer Landwirtschaft
Kann Spuren von Ei, Soja, Milch, Mandel, Nüssen und Sesam enthalten.",,,Müslis,500,,Zartbitter Knusper Müsli 500G,11.0,4.1,20.0,58.0,10.0,9.5,12.0,399,12.0,g,9.5,g,0.02,g,4.1,g,399,kcal,11.0,g,4.1,g,58.0,g,9.5,g,10.0,g,12.0,g,0.05,g,399.0,kcal,1677.0,kJ
04104420236165,Alnatura GmbH,Vollmilch Schokolade 100G,"Zutaten: Rohrohrzucker*, VOLLMILCHPULVER*, Kakaobutter*, Kakaomasse*, Bourbonvanilleschote* gemahlen *aus biologischer Landwirtschaft. Kann Spuren von Soja, Mandel und Haselnuss enthalten.",,,Schokoladentafeln VM,100,,Vollmilch Schokolade 100G,38.0,23.0,84.0,50.0,1.4,49.0,8.1,577,8.1,g,49.0,g,0.08399999999999999,g,23.0,g,577,kcal,38.0,g,23.0,g,50.0,g,49.0,g,1.4,g,8.1,g,0.21,g,577.0,kcal,2405.0,kJ
04104420236196,Alnatura GmbH,Hafer Drink Vanille 1L,"Zutaten: Wasser, HAFERVOLLKORN* 11 %, Sonnenblumenöl*, Bourbonvanilleextrakt*, Meersalz *aus biologischer Landwirtschaft",,,Getreidedrinks,1000,,Hafer Drink Vanille 1L,1.4,0.5,52.0,6.0,0.5,5.2,0.6,39,0.6,g,5.2,g,0.052000000000000005,g,0.5,g,39,kcal,1.4,g,0.5,g,6.0,g,5.2,g,0.5,g,0.6,g,0.13,g,39.0,kcal,164.0,kJ
04104420236332,Alnatura GmbH,Zimt Knusper Müsli 500G,"Zutaten: Zimt-Crunchy* 46% (HAFERVOLLKORNFLOCKEN*, Rübenzucker*, WEIZENVOLLKORNFLOCKEN*, Sonnenblumenöl*, Reissirup*, Ceylon-Zimt* gemahlen, Kardamom* gemahlen), HAFERVOLLKORNFLOCKEN*, Äpfel* getrocknet 5,3%, DINKELVOLLKORNFLOCKEN*¹, GERSTENFLAKES*, Ceylon-Zimt* gemahlen *aus biologischer Landwirtschaft ¹Dinkel ist eine WEIZENART
Kann Spuren von Ei, Soja, Milch, Mandel, Nüssen und Sesam enthalten.",,,Müslis,500,,Zimt Knusper Müsli 500G,9.8,1.4,4.0,62.0,9.5,13.0,11.0,399,11.0,g,13.0,g,0.004,g,1.4,g,399,kcal,9.8,g,1.4,g,62.0,g,13.0,g,9.5,g,11.0,g,0.01,g,399.0,kcal,1680.0,kJ
04104420236370,Alnatura GmbH,Dinkelvollkornmehl 1.000G,"Zutaten: DINKELVOLLKORNMEHL*¹ *aus Demeter Bio-Landbau ¹Dinkel ist eine WEIZENART
Kann Spuren von Soja und Lupine enthalten.",,,Vollkornmehle,1000,,Dinkelvollkornmehl 1.000G,2.6,0.2,4.0,64.0,8.4,1.7,14.0,352,14.0,g,1.7,g,0.004,g,0.2,g,352,kcal,2.6,g,0.2,g,64.0,g,1.7,g,8.4,g,14.0,g,0.01,g,352.0,kcal,1489.0,kJ
04104420236417,Alnatura GmbH,Roggenvollkornmehl 1.000G,"Zutaten: ROGGENVOLLKORNMEHL* *aus Demeter Bio-Landbau
Kann Spuren von Soja und Lupine enthalten.",,,Vollkornmehle,1000,,Roggenvollkornmehl 1.000G,2.1,0.3,4.0,62.0,15.0,0.9,8.2,330,8.2,g,0.9,g,0.004,g,0.3,g,330,kcal,2.1,g,0.3,g,62.0,g,0.9,g,15.0,g,8.2,g,0.01,g,330.0,kcal,1391.0,kJ
04104420236462,Alnatura GmbH,Mais 500g im Pfandglas,"Zutaten: Mais*, Wasser, Meersalz * aus Demeter Bio-Landbau.",,,Gemüsekonserven,500,,Mais 500g im Pfandglas,2.6,0.4,160.0,9.2,2.8,4.2,3.1,78,3.1,g,4.2,g,0.16,g,0.4,g,78,kcal,2.6,g,0.4,g,9.2,g,4.2,g,2.8,g,3.1,g,0.4,g,78.0,kcal,328.0,kJ
04104420236493,Alnatura GmbH,Kidney Bohnen 500g im Pfandglas,"Zutaten: Kidney Bohnen*, Wasser, Meersalz *aus biologischem Anbau.",,,Gemüsekonserven,500,,Kidney Bohnen 500g im Pfandglas,0.5,0.1,200.0,9.1,9.0,0.5,5.5,76,5.5,g,0.5,g,0.2,g,0.1,g,76,kcal,0.5,g,0.1,g,9.1,g,0.5,g,9.0,g,5.5,g,0.5,g,76.0,kcal,320.0,kJ
04104420236523,Alnatura GmbH,Kichererbsen 500g im Pfandglas,"Zutaten: Kichererbsen*, Wasser, Meersalz *aus Demeter Bio-Landbau",,,Gemüsekonserven,500,,Kichererbsen 500g im Pfandglas,2.7,0.5,240.0,15.0,4.4,0.4,9.9,129,9.9,g,0.4,g,0.24,g,0.5,g,129,kcal,2.7,g,0.5,g,15.0,g,0.4,g,4.4,g,9.9,g,0.6,g,129.0,kcal,543.0,kJ
04104420236646,Alnatura GmbH,Dinkel Sticks Sesam & Schwarzkümmel,"Zutaten: DINKELMEHL*¹ 64 %, GERSTENMEHL* 18 %, Sonnenblumenöl*, SESAM* 7 %, Meersalz, Hefe**, Schwarzkümmel**, Kräuter der Provence**, Koriander**, Kurkuma**, Chili** *aus Demeter Bio-Landbau **aus biologischer Landwirtschaft ¹Dinkel ist eine WEIZENART
Kann Spuren von Milch, Mandel und Haselnuss enthalten.",,,Salzgebäck,150,,Dinkel Sticks Sesam & Schwarzkümmel,15.0,2.4,840.0,62.0,7.0,0.5,12.0,445,12.0,g,0.5,g,0.8400000000000001,g,2.4,g,445,kcal,15.0,g,2.4,g,62.0,g,0.5,g,7.0,g,12.0,g,2.1,g,445.0,kcal,1869.0,kJ
04104420236745,Alnatura GmbH,Bowl nach indischer Art 250g,"Zutaten: Reis* vorgegart 27 % (Wasser, Reis*), Linsen* vorgegart 23 % (Linsen*, Wasser), Wasser, Kokosmilch* (Kokosextrakt*, Wasser), Sonnenblumenöl*, Weißweinessig*, Tomaten*, Karotten*, Karottensaft*, CURRY* (Koriandersamen*, Ingwer*, Kurkuma*, Knoblauch*, Pfeffer*, Petersilie*, Fenchel*, Kümmel*, Bockshornkleesamen*, Muskatnuss*, Paprika*, Chili*), Verdickungsmittel: Gummi arabicum*, Zwiebeln*, Apfelsaftkonzentrat*, Meersalz *aus biologischer Landwirtschaft. Kann Spuren von Gluten, Milch und Sellerie enthalten.",,,halbfertige Produkte,250,,Bowl nach indischer Art 250g,5.7,1.4,400.0,19.0,6.1,5.6,4.9,159,4.9,g,5.6,g,0.4,g,1.4,g,159,kcal,5.7,g,1.4,g,19.0,g,5.6,g,6.1,g,4.9,g,1.0,g,159.0,kcal,666.0,kJ
04104420236783,Alnatura GmbH,Bowl nach mexikanischer Art 250G,"Zutaten: Quinoa* vorgegart 32 % (Wasser, Quinoa*), Reis* vorgegart 30 % (Wasser, Reis*), Bohnen* vorgegart 13 % (Wasser, Bohnen*), Mais*, Zwiebeln*, Tomaten*, Karotten*, Gemüsepaprika*, Weißweinessig*, Karottensaft*, Gewürze* (Paprika*, Chili*, Kurkuma*, Pfeffer*), Meersalz, Sonnenblumenöl*, Knoblauchpulver*, Maisstärke*, Verdickungsmittel: Johannisbrotkernmehl* *aus biologischer Landwirtschaft
Kann Spuren von Gluten, Milch und Sellerie enthalten.",,,halbfertige Produkte,250,,Bowl nach mexikanischer Art 250G,2.0,0.3,400.0,22.0,3.7,3.8,4.7,132,4.7,g,3.8,g,0.4,g,0.3,g,132,kcal,2.0,g,0.3,g,22.0,g,3.8,g,3.7,g,4.7,g,1.0,g,132.0,kcal,558.0,kJ
04104420236875,Alnatura GmbH,Erdbeere-Himb.-Apfel 190G,"Zutaten: Äpfel* 86 %, Erdbeeren* 9 %, Himbeeren** 5 %, *aus biologisch-dynamischem Landbau **aus biologischer Landwirtschaft.",,,Obst,190,,Erdbeere-Himb.-Apfel 190G,0.5,0.2,4.0,11.0,2.1,9.6,0.4,54,0.4,g,9.6,g,0.004,g,0.2,g,54,kcal,0.5,g,0.2,g,11.0,g,9.6,g,2.1,g,0.4,g,0.01,g,54.0,kcal,229.0,kJ
04104420236912,Alnatura GmbH,Lasagne 250G,"Zutaten: HARTWEIZENGRIEß* * aus biologischer Landwirtschaft. Kann Spuren von Soja, Senf und Lupine enthalten.",,,Lasagnenudeln,250,,Lasagne 250G,1.5,0.5,4.0,71.0,3.5,3.2,11.0,349,11.0,g,3.2,g,0.004,g,0.5,g,349,kcal,1.5,g,0.5,g,71.0,g,3.2,g,3.5,g,11.0,g,0.01,g,349.0,kcal,1478.0,kJ
04104420236943,Alnatura GmbH,Penne 500g,"Zutaten: HARTWEIZENGRIEß* * aus biologischer Landwirtschaft. Kann Spuren von Soja, Senf, Lupine enthalten.",,,kurze Nudeln,500,,Penne 500g,1.2,0.3,4.0,71.0,3.5,3.2,12.0,350,12.0,g,3.2,g,0.004,g,0.3,g,350,kcal,1.2,g,0.3,g,71.0,g,3.2,g,3.5,g,12.0,g,0.01,g,350.0,kcal,1483.0,kJ
04104420236974,Alnatura GmbH,Spaghetti Vollkorn 500G,"Zutaten: VOLLKORN-HARTWEIZENGRIEß* *aus biologischer Landwirtschaft
Kann Spuren von Soja, Senf und Lupine enthalten.",,,lange Nudeln,500,,Spaghetti Vollkorn 500G,2.0,0.3,4.0,65.0,8.0,3.5,13.0,346,13.0,g,3.5,g,0.004,g,0.3,g,346,kcal,2.0,g,0.3,g,65.0,g,3.5,g,8.0,g,13.0,g,0.01,g,346.0,kcal,1465.0,kJ
04104420237001,Alnatura GmbH,Spaghetti 500G,"Zutaten: HARTWEIZENGRIEß* *aus biologischer Landwirtschaft. Kann Spuren von Soja, Senf und Lupine enthalten.",,,lange Nudeln,500,,Spaghetti 500G,1.2,0.3,4.0,71.0,3.5,3.2,12.0,350,12.0,g,3.2,g,0.004,g,0.3,g,350,kcal,1.2,g,0.3,g,71.0,g,3.2,g,3.5,g,12.0,g,0.01,g,350.0,kcal,1483.0,kJ
04104420237117,Alnatura GmbH,Zimt Flakes 250G,"Zutaten: Cornflakes* 84 % (Mais*, Trennmittel: Lecithin*), Kokosblütenzucker* 8,6 %, Rübenzucker*, Ceylon-Zimt* gemahlen 3,4 % *aus biologischer Landwirtschaft
Kann Spuren von Gluten, Ei, Soja, Milch, Mandel, Nüssen und Sesam enthalten.",,,Flakes,250,,Zimt Flakes 250G,0.9,0.2,12.0,85.0,4.6,12.0,5.8,381,5.8,g,12.0,g,0.012,g,0.2,g,381,kcal,0.9,g,0.2,g,85.0,g,12.0,g,4.6,g,5.8,g,0.03,g,381.0,kcal,1614.0,kJ
04104420237155,Alnatura GmbH,Kakao Knusper Reis 250G,"Zutaten: Vollkornreis* gepufft 76%, Dattelsaftkonzentrat* 10%, Rübenzucker*, stark entöltes Kakaopulver* 6,5% *aus biologischer Landwirtschaft. Kann Spuren von Gluten, Ei, Soja, Milch, Mandel, Nüssen und Sesam enthalten",,,gepufftes Getreide,250,,Kakao Knusper Reis 250G,3.0,1.1,12.0,78.0,4.2,15.0,8.0,379,8.0,g,15.0,g,0.012,g,1.1,g,379,kcal,3.0,g,1.1,g,78.0,g,15.0,g,4.2,g,8.0,g,0.03,g,379.0,kcal,1607.0,kJ
04104420237216,Alnatura GmbH,BBQ Burger 180G,"Zutaten: VOLLKORNHAFERFLOCKEN* 38%, Kidneybohnen* 28%, VOLLKORNDINKELGRIEß*¹ 20%, Paprikapulver* geräuchert (Paprika*, Rauch), GRÜNKERNFLOCKEN*¹ 2,8%, Salz geräuchert (Salz, Rauch), Zwiebeln*, Gemüsepaprika*, Karotten*, Sonnenblumenöl*, Petersilie*, Knoblauch*. Pfeffer*, Oregano*, Bohnenkraut*, Paprika*, Cayennepfeffer* *aus biologischer Landwirtschaft ¹Dinkel und Grünkern sind Urweizenarten. Kann Spuren von Ei, Soja, Milch, Sellerie und Senf enthalten.",,,Bratlinge Mischungen,180,,BBQ Burger 180G,6.3,0.8,440.00000000000006,25.0,6.7,1.4,7.9,202,7.9,g,1.4,g,0.44000000000000006,g,0.8,g,202,kcal,6.3,g,0.8,g,25.0,g,1.4,g,6.7,g,7.9,g,1.1,g,202.0,kcal,846.0,kJ
04104420237254,Alnatura GmbH,Hirse 500G,"Zutaten: Hirse* *aus biologischer Landwirtschaft. Kann Spuren von Gluten, Soja, Milch, Mandel, Cashewnuss und Sesam enthalten.",,,Getreide ganz Natur,500,,Hirse 500G,3.9,0.9,4.0,69.0,3.9,1.5,11.0,363,11.0,g,1.5,g,0.004,g,0.9,g,363,kcal,3.9,g,0.9,g,69.0,g,1.5,g,3.9,g,11.0,g,0.01,g,363.0,kcal,1536.0,kJ
04104420237292,Alnatura GmbH,Haselnuss Drink Natur 1L,,,,Nussdrinks,1000,,Haselnuss Drink Natur 1L,3.3,0.3,48.0,0.5,0.5,0.5,0.9,33,0.9,g,0.5,g,0.048,g,0.3,g,33,kcal,3.3,g,0.3,g,0.5,g,0.5,g,0.5,g,0.9,g,0.12,g,33.0,kcal,137.0,kJ
04104420237339,Alnatura GmbH,Kokosöl nativ 400ML,,,,sonstige Öle & Fette,368,,Kokosöl nativ 400ML,91.0,84.0,4.0,0.5,0.5,0.5,0.5,819,0.5,g,0.5,g,0.004,g,84.0,g,819,kcal,91.0,g,84.0,g,0.5,g,0.5,g,0.5,g,0.5,g,0.01,g,819.0,kcal,3367.0,kJ
04104420237414,Alnatura GmbH,Kokosöl neutral im Geschmack 400ML,,,,sonstige Öle & Fette,368,,Kokosöl neutral im Geschmack 400ML,91.0,84.0,4.0,0.5,0.5,0.5,0.5,819,0.5,g,0.5,g,0.004,g,84.0,g,819,kcal,91.0,g,84.0,g,0.5,g,0.5,g,0.5,g,0.5,g,0.01,g,819.0,kcal,3367.0,kJ
04104420237452,Alnatura GmbH,Dinkelspaghetti Linsen-Bolognese 25,"Zutaten: Wasser, rote Linsen** gekocht 21% (Wasser, rote Linsen**), Karotten* 19%, DINKELVOLLKORNSPAGHETTI* gekocht 15% (Wasser, DINKELVOLLKORNMEHL*¹), Tomatenmark** 2-fach konzentriert 7%, Lauch* 3%, Rapsöl* 1,8%, DINKELVOLLKORNMEHL*¹ 1%, Basilikum**, Oregano** *aus Demeter Bio-Landbau (Anteil: 71%) **aus biologischer Landwirtschaft ¹Dinkel ist eine WEIZENART
Kann Spuren von Ei enthalten",,,Kindermenü,250,,Dinkelspaghetti Linsen-Bolognese 25,1.9,0.2,12.0,8.0,1.8,2.1,2.7,64,2.7,g,2.1,g,0.012,g,0.2,g,64,kcal,1.9,g,0.2,g,8.0,g,2.1,g,1.8,g,2.7,g,0.03,g,64.0,kcal,267.0,kJ
04104420237490,Alnatura GmbH,Brat- und Backöl 750ML,,,,Saatenöle,690,,Brat- und Backöl 750ML,92.0,7.4,4.0,0.5,0.5,0.5,0.5,828,0.5,g,0.5,g,0.004,g,7.4,g,828,kcal,92.0,g,7.4,g,0.5,g,0.5,g,0.5,g,0.5,g,0.01,g,828.0,kcal,3404.0,kJ
04104420237537,,Wiener Würstchen 390G,"Zutaten: Schweinefleisch* 68%, Wasser, Rindfleisch* 9%, Meersalz, Gewürze* (Pfeffer*, Ingwer*, Muskat*, Paprika*, Kümmel*, Fenchel*, Knoblauch*, Kurkuma*, Zwiebeln*), Zitronenschale* gemahlen, Pastinake*, Stabilisator: Trinatriumcitrat, Zucker*, Natursaitling, Buchenholzrauch *aus biologischer Landwirtschaft. Kann Spuren von Senf enthalten.",,,Fleisch/Wurstkon,390,,Wiener Würstchen 390G,25.0,10.0,640.0,0.5,0.5,0.5,12.0,273,12.0,g,0.5,g,0.64,g,10.0,g,273,kcal,25.0,g,10.0,g,0.5,g,0.5,g,0.5,g,12.0,g,1.6,g,273.0,kcal,1129.0,kJ
04104420237575,Alnatura GmbH,Geflügel Würstchen 390G,"Zutaten: Putenfleisch* 50%, Wasser, Putenfett* 13%, Geflügelhaut* 12% (Pute* 50%, Hähnchen* 50%), Speisesalz, Gewürze* (Weißer Pfeffer*, Koriander*, Ingwer*, Knoblauch*, Paprika*, Zwiebeln*), Stabilisator: Natriumcitrat, Natursaitling, Buchenholzrauch *aus biologischer Landwirtschaft.",,,Fleisch/Wurstkon,390,,Geflügel Würstchen 390G,23.0,5.8,600.0,1.5,1.0,1.0,11.0,259,11.0,g,1.0,g,0.6,g,5.8,g,259,kcal,23.0,g,5.8,g,1.5,g,1.0,g,1.0,g,11.0,g,1.5,g,259.0,kcal,1072.0,kJ
04104420237698,Alnatura GmbH,Pizza Minis 80G,"Zutaten: WEIZENMEHL*, KÄSE* 20 % (MILCH*, Salz, tierisches Lab), Tomatensauce* 15% (Wasser, Tomatenmark* zweifach konzentriert, Wachsmaisstärke*, Zitronensaftkonzentrat*, Speisesalz), Sonnenblumenöl*, WEIZENSTÄRKE*, Gewürze* (Zwiebelpulver*, Knoblauchpulver*, Paprikapulver*, Pfeffer*), Meersalz, Kräuter* (Basilikum*, Oregano*, Thymian*), Hefe*, Backtriebmittel: Natriumhydrogencarbonat *aus biologischer Landwirtschaft. Kann Spuren von Sesam enthalten.",,,Salzgebäck,80,,Pizza Minis 80G,15.0,4.4,640.0,54.0,3.4,2.0,16.0,422,16.0,g,2.0,g,0.64,g,4.4,g,422,kcal,15.0,g,4.4,g,54.0,g,2.0,g,3.4,g,16.0,g,1.6,g,422.0,kcal,1772.0,kJ
04104420237735,Alnatura GmbH,Streichcreme mit Senf 180g,"Zutaten: Wasser, Sonnenblumenkerne* 21%, SENF* 19% (Wasser, SENFSAAT*, Branntweinessig*, Meersalz, Gewürze*, Kräuter*), Sonnenblumenöl*, Apfelsaftkonzentrat*, Zwiebeln*, Branntweinessig*, Meersalz, SENFSAAT*, Weißer Pfeffer*, Kurkuma* *aus biologischer Landwirtschaft.",,,Streichcremes,180,,Streichcreme mit Senf 180g,27.0,3.1,720.0,7.7,1.6,5.0,6.8,304,6.8,g,5.0,g,0.72,g,3.1,g,304,kcal,27.0,g,3.1,g,7.7,g,5.0,g,1.6,g,6.8,g,1.8,g,304.0,kcal,1258.0,kJ
04104420237773,Alnatura GmbH,Gemüseaufstrich Berglinse Tom. Bals,"Zutaten: Tomaten* 20 %, Paprika* rot 17 % , Zwiebeln* 16 %, Berglinsen* getrocknet 12 %, Sonnenblumenöl*, Wasser, Tomatenmark* zweifach konzentriert 4%, SENF* (Wasser, SENFSAAT*, Branntweinessig*, Meersalz, Gewürze*), Apfelsaftkonzentrat*, Balsamicoessig* weiß 1,8 % (Weißweinessig*, Traubenmostkonzentrat*), Zitronensaftkonzentrat*, Meersalz, Zwiebelpulver*, Knoblauchpulver*, Schwarzer Pfeffer* *aus biologischer Landwirtschaft",,,gemüsebas.Aufstriche,140,,Gemüseaufstrich Berglinse Tom. Bals,12.0,1.3,520.0,10.0,3.5,4.9,4.0,171,4.0,g,4.9,g,0.52,g,1.3,g,171,kcal,12.0,g,1.3,g,10.0,g,4.9,g,3.5,g,4.0,g,1.3,g,171.0,kcal,710.0,kJ
04104420237971,Alnatura GmbH,Kichererbsenwaffeln 100G,"Zutaten: Kichererbsenmehl* 69,7 %, Reismehl* 29,9 %, Meersalz *aus biologischer Landwirtschaft
Kann Spuren von Soja und Sesam enthalten.",,,Reis/Getreidewaffeln,100,,Kichererbsenwaffeln 100G,5.0,0.7,196.0,61.0,9.3,2.1,19.0,384,19.0,g,2.1,g,0.196,g,0.7,g,384,kcal,5.0,g,0.7,g,61.0,g,2.1,g,9.3,g,19.0,g,0.49,g,384.0,kcal,1619.0,kJ
04104420238053,Alnatura GmbH,Nuss & Frucht Kugeln 60G,"Zutaten: Datteln* getrocknet 39 %, Sultaninen* geölt 16 % (Sultaninen*, Sonnenblumenöl*), HASELNÜSSE* geröstet 10 %, MANDELMUS* 10 %, CASHEWNÜSSE* 9 %, HAFERFLOCKEN* glutenfrei 7 %, HASELNUSSMUS* 5 %, MANDELN* 2 %, Dattelsirup*, Meersalz *aus biologischer Landwirtschaft
Kann Spuren von Soja, Milch und anderen Nüssen enthalten.",,,Fruchtschnitte,60,,Nuss & Frucht Kugeln 60G,20.0,2.3,168.0,50.0,7.2,41.0,8.6,429,8.6,g,41.0,g,0.16799999999999998,g,2.3,g,429,kcal,20.0,g,2.3,g,50.0,g,41.0,g,7.2,g,8.6,g,0.42,g,429.0,kcal,1794.0,kJ
04104420238152,Alnatura GmbH,Focaccina Rosmarin (TK) 240G,"Zutaten: WEIZENMEHL* Type 550 (40 %), Wasser, HARTWEIZENGRIEß* 16 %, natives Olivenöl extra*, Meersalz, Rosmarin*, Hefe* *aus biologischer Landwirtschaft. Kann Spuren von Krebstier, Fisch, Milch, Walnuss, Cashewnuss, Sesam und Weichtier enthalten.",,,Pizza TK,240,,Focaccina Rosmarin (TK) 240G,5.4,0.9,680.0,40.1,2.2,0.9,6.3,239,6.3,g,0.9,g,0.6799999999999999,g,0.9,g,239,kcal,5.4,g,0.9,g,40.1,g,0.9,g,2.2,g,6.3,g,1.7,g,239.0,kcal,1006.0,kJ
04104420238244,Alnatura GmbH,Schoko Hafer Crunchy 750G,"Zutaten: HAFERVOLLKORNFLOCKEN* 54 %, Rohrohrzucker*, WEIZENVOLLKORNFLOCKEN* 9,8 %, Sonnenblumenöl*, Vollkornreismehl* extrudiert, stark entöltes Kakaopulver* 2,9 %, Kokosraspel* , Vollmilchschokolade* 1,2 % (Rohrohrzucker*, Kakaobutter* , VOLLMILCHPULVER*, Kakaomasse*), Zartbitterschokolade* 1,2 % (Kakaomasse* , Rohrohrzucker*, Kakaobutter*), Meersalz *aus biologischer Landwirtschaft
Kann Spuren von Soja, Mandel, Nüssen und Sesam enthalten.",,,Crunchys,750,,Schoko Hafer Crunchy 750G,14.0,3.2,48.0,64.0,8.6,21.0,10.0,439,10.0,g,21.0,g,0.048,g,3.2,g,439,kcal,14.0,g,3.2,g,64.0,g,21.0,g,8.6,g,10.0,g,0.12,g,439.0,kcal,1845.0,kJ
04104420238282,Alnatura GmbH,Dinkel Knabber Stangen 80G,"Zutaten: DINKELMEHL*¹ Type 630 (80%), DINKELVOLLKORNMEHL*¹ 10%, Sonnenblumenöl*, Hefe**, Fenchel** gemahlen, Thiamin (Vitamin B1) *aus Demeter Bio-Landbau **aus biologischer Landwirtschaft ¹DINKEL IST EINE WEIZENART
Kann Spuren von Soja, Milch, Mandel, Haselnuss, Paranuss, Senf, Sesam und Lupine enthalten.",,,Knabberprodukte,80,,Dinkel Knabber Stangen 80G,11.4,1.1,4.0,66.1,4.3,2.4,13.0,428,13.0,g,2.4,g,0.004,g,1.1,g,428,kcal,11.4,g,1.1,g,66.1,g,2.4,g,4.3,g,13.0,g,0.01,g,428.0,kcal,1801.0,kJ
04104420238466,Alnatura GmbH,Dinkel Spaghetti 500G,Zutaten: DINKELMEHL*¹ Type 812 *aus biologischer Landwirtschaft ¹DINKEL IST EINE WEIZENART. Kann Spuren von Ei und Soja enthalten.,,,lange Nudeln,500,,Dinkel Spaghetti 500G,1.7,0.4,4.0,72.0,2.8,2.7,11.0,357,11.0,g,2.7,g,0.004,g,0.4,g,357,kcal,1.7,g,0.4,g,72.0,g,2.7,g,2.8,g,11.0,g,0.01,g,357.0,kcal,1513.0,kJ
04104420238503,Alnatura GmbH,Dinkel Spaghettini 500G,Zutaten: DINKELMEHL*¹ Type 812*aus biologischer Landwirtschaft ¹DINKEL IST EINE URWEIZENART. Kann Spuren von Ei enthalten.,,,lange Nudeln,500,,Dinkel Spaghettini 500G,1.7,0.4,4.0,72.0,2.8,2.7,12.0,357,12.0,g,2.7,g,0.004,g,0.4,g,357,kcal,1.7,g,0.4,g,72.0,g,2.7,g,2.8,g,12.0,g,0.01,g,357.0,kcal,1513.0,kJ
04104420238589,Alnatura GmbH,Hafer Riegel Mango 60G,"Zutaten: HAFERVOLLKORNFLOCKEN* 51 %, Reissirup*, Mango getrocknet* 9,5 %, Sonnenblumenöl*, Apfelsaftkonzentrat*, Meersalz *aus biologischer Landwirtschaft
Kann Spuren von Ei, Soja, Milch, Mandel, Nüssen und Sesam enthalten.",,,Müsli-&Getr.Riegel,60,,Hafer Riegel Mango 60G,11.0,1.4,60.0,65.0,6.5,26.0,7.8,403,7.8,g,26.0,g,0.06,g,1.4,g,403,kcal,11.0,g,1.4,g,65.0,g,26.0,g,6.5,g,7.8,g,0.15,g,403.0,kcal,1697.0,kJ
04104420238633,Alnatura GmbH,Mildes Leinöl nativ 250ML,"Kann Spuren von Erdnuss, Mandel, Nüssen und Sesam enthalten.",,,Saatenöle,230,,Mildes Leinöl nativ 250ML,93.0,10.0,4.0,0.5,0.5,0.5,0.5,837,0.5,g,0.5,g,0.004,g,10.0,g,837,kcal,93.0,g,10.0,g,0.5,g,0.5,g,0.5,g,0.5,g,0.01,g,837.0,kcal,3441.0,kJ
04104420238664,Alnatura GmbH,Schlagsahne 200G,,,,Rahm und Sauerrahm,200,,Schlagsahne 200G,30.0,20.0,40.0,3.6,0.5,3.6,2.2,293,2.2,g,3.6,g,0.04,g,20.0,g,293,kcal,30.0,g,20.0,g,3.6,g,3.6,g,0.5,g,2.2,g,0.1,g,293.0,kcal,1209.0,kJ
04104420238695,Alnatura GmbH,Weidemilch Schmand 200G,,,,Rahm und Sauerrahm,200,,Weidemilch Schmand 200G,24.0,16.0,48.0,2.6,0.5,2.6,2.6,240,2.6,g,2.6,g,0.048,g,16.0,g,240,kcal,24.0,g,16.0,g,2.6,g,2.6,g,0.5,g,2.6,g,0.12,g,240.0,kcal,989.0,kJ
04104420238725,Alnatura GmbH,Datteln entsteint 400G,"Zutaten: Datteln* *aus biologischer Landwirtschaft
Kann Spuren von Erdnuss, Mandel und Nüssen enthalten.",,,Trockenfrüchte ganz,400,,Datteln entsteint 400G,0.5,0.1,16.0,66.0,8.1,62.0,2.1,289,2.1,g,62.0,g,0.016,g,0.1,g,289,kcal,0.5,g,0.1,g,66.0,g,62.0,g,8.1,g,2.1,g,0.04,g,289.0,kcal,1223.0,kJ
04104420238855,Alnatura GmbH,Streichcreme Toskana 180G,"Zutaten: Wasser, Sonnenblumenkerne* 22 %, Sonnenblumenöl* ölsäurereich, rote Paprika* 11 %, Apfelsaftkonzentrat*, Tomatenmark* zweifach konzentriert 3 %, Zucchini* 2 %, Auberginen* 2 %, Zitronensaftkonzentrat*, Speisesalz, Kartoffelstärke*, Knoblauch*, Apfelessig*, Kräuter* *aus biologischer Landwirtschaft",,,Streichcremes,180,,Streichcreme Toskana 180G,35.0,3.3,560.0,4.4,2.4,4.4,5.4,359,5.4,g,4.4,g,0.5599999999999999,g,3.3,g,359,kcal,35.0,g,3.3,g,4.4,g,4.4,g,2.4,g,5.4,g,1.4,g,359.0,kcal,1481.0,kJ
04104420238893,Alnatura GmbH,Streichcreme Aubergine 180G,"Zutaten: Sonnenblumenkerne* 19%, Auberginen* 16 %, Sonnenblumenöl* ölsäurereich, Apfelsaft* aus Apfelsaftkonzentrat*, Tomatenmark* einfach konzentriert, Zwiebeln*, Zitronensaft* aus Zitronensaftkonzentrat*, Wasser, Äpfel*, Olivenöl*, Paprika*, Speisesalz, Knoblauch*, Basilikum*, Oregano*, Rosmarin*, Pfeffer* *aus biologischer Landwirtschaft",,,Streichcremes,180,,Streichcreme Aubergine 180G,25.0,2.5,520.0,7.0,3.2,5.2,5.0,279,5.0,g,5.2,g,0.52,g,2.5,g,279,kcal,25.0,g,2.5,g,7.0,g,5.2,g,3.2,g,5.0,g,1.3,g,279.0,kcal,1155.0,kJ
04104420238930,Alnatura GmbH,Streichcreme Paprika-Chili 180G,"Zutaten: Wasser, Sonnenblumenöl* ölsäurereich, Sonnenblumenkerne* 21%, Paprika* 12 %, Tomatenmark* einfach konzentriert, Zwiebeln*, Apfelsaftkonzentrat*, Zitronensaftkonzentrat*, Speisesalz, Kartoffelstärke*, Knoblauch*, Apfelessig*, Peperoni*, Chili*, Kräuter*, Gewürze* * aus biologischer Landwirtschaft",,,Streichcremes,180,,Streichcreme Paprika-Chili 180G,35.0,3.3,440.00000000000006,5.5,1.9,3.5,4.5,359,4.5,g,3.5,g,0.44000000000000006,g,3.3,g,359,kcal,35.0,g,3.3,g,5.5,g,3.5,g,1.9,g,4.5,g,1.1,g,359.0,kcal,1480.0,kJ
04104420238978,Alnatura GmbH,Streichcreme Rote Bete Meerrettich 180G,"Zutaten: Rote Bete* 36 %, Sonnenblumenkerne* 20%, Sonnenblumenöl*, Zitronensaft* aus Zitronensaftkonzentrat*, Meerrettich* 7%, Wasser, Rote-Bete-Saftkonzentrat* 3,9 %, Branntweinessig*, Meersalz, Verdickungsmittel: Guarkernmehl* *aus biologischer Landwirtschaft",,,Streichcremes,180,,Streichcreme Rote Bete Meerrettich 180G,25.0,2.5,520.0,9.0,2.6,5.2,5.6,289,5.6,g,5.2,g,0.52,g,2.5,g,289,kcal,25.0,g,2.5,g,9.0,g,5.2,g,2.6,g,5.6,g,1.3,g,289.0,kcal,1194.0,kJ
04104420239012,Alnatura GmbH,Streichcreme Curry Mango Papaya 180,"Zutaten: Sonnenblumenöl* ölsäurereich, Sonnenblumenkerne* 20%, Wasser, Mango* 10%, Papayapüree* 10%, Zitronensaft* aus Zitronensaftkonzentrat*, Äpfel*, Apfelsaftkonzentrat*, Rohrohrzucker*, Currypulver*, Speisesalz, Apfelessig*, Kartoffelstärke*, SENFMEHL*, Gewürze* *aus biologischer Landwirtschaft",,,Streichcremes,180,,Streichcreme Curry Mango Papaya 180,33.0,3.0,520.0,7.7,3.6,5.5,5.3,356,5.3,g,5.5,g,0.52,g,3.0,g,356,kcal,33.0,g,3.0,g,7.7,g,5.5,g,3.6,g,5.3,g,1.3,g,356.0,kcal,1471.0,kJ
04104420239098,Alnatura GmbH,Streichcreme Tomate 180g,"Zutaten: Tomaten* 30 %, Sonnenblumenkerne* 20 %, Tomatenmark* einfach konzentriert 14 %, Sonnenblumenöl* ölsäurereich, Zwiebeln*, Wasser, Zitronensaft* aus Zitronensaftkonzentrat*, Tomatenpulver*, Agavendicksaft*, Tomatensaftkonzentrat*, Speisesalz, Knoblauch*, Kräuter* *aus biologischer Landwirtschaft",,,Streichcremes,180,,Streichcreme Tomate 180g,24.0,2.3,520.0,8.1,2.9,7.4,6.1,279,6.1,g,7.4,g,0.52,g,2.3,g,279,kcal,24.0,g,2.3,g,8.1,g,7.4,g,2.9,g,6.1,g,1.3,g,279.0,kcal,1153.0,kJ
04104420239265,Alnatura GmbH,*Joghurt Himbeer Mandeln 90G*,"Zutaten: Weiße Joghurtschokolade* 43 % (Kakaobutter*, Rohrohrzucker*, MAGERMILCHJOGHURTPULVER*, VOLLMILCHPULVER*), Vollmilchschokolade* 31 % (Rohrohrzucker*, Kakaobutter*, VOLLMILCHPULVER*, Kakaomasse*), MANDELN* geröstet 20 %, Himbeeren* gefriergetrocknet 2,6 %, Rohrohrzucker*, Kakaobutter* *aus biologischer Landwirtschaft. Kann Spuren von Gluten, Soja, anderen Nüssen und Sesam enthalten.",,,Ostern Zwidu süß,90,,*Joghurt Himbeer Mandeln 90G*,43.0,20.0,92.0,38.0,4.2,37.0,11.0,591,11.0,g,37.0,g,0.092,g,20.0,g,591,kcal,43.0,g,20.0,g,38.0,g,37.0,g,4.2,g,11.0,g,0.23,g,591.0,kcal,2458.0,kJ
04104420239302,Alnatura GmbH,Barista Erbse 1L,"Zutaten: Wasser, geschälte Erbsen* 9 %, Sonnenblumenöl*, Meersalz *aus biologischer Landwirtschaft",,,Hülsenfrüchtedrinks,1000,,Barista Erbse 1L,2.4,0.2,56.00000000000001,2.7,0.8,1.4,1.4,40,1.4,g,1.4,g,0.05600000000000001,g,0.2,g,40,kcal,2.4,g,0.2,g,2.7,g,1.4,g,0.8,g,1.4,g,0.14,g,40.0,kcal,165.0,kJ
04104420239340,Alnatura GmbH,Mais Chips natur 125G,"Zutaten: Maismehl* 77 %, Sonnenblumenöl*, Meersalz 0,8 % *aus biologischer Landwirtschaft. Kann Spuren von Soja enthalten.",,,Maischips,125,,Mais Chips natur 125G,22.0,2.2,320.0,63.0,4.0,0.8,6.7,485,6.7,g,0.8,g,0.32,g,2.2,g,485,kcal,22.0,g,2.2,g,63.0,g,0.8,g,4.0,g,6.7,g,0.8,g,485.0,kcal,2031.0,kJ
04104420239388,Alnatura GmbH,Mais Chips Paprika 125G,"Zutaten: Maismehl* 74 %, Sonnenblumenöl*, Würzzubereitung* (Salz, Paprika*, Knoblauch*, Zwiebel*, Rohrzucker*, Koriander*, Chili*, Bockshornklee*, Liebstöckelwurzel*) *aus biologischer Landwirtschaft. Kann Spuren von Soja enthalten.",,,Maischips,125,,Mais Chips Paprika 125G,22.0,2.2,520.0,63.0,4.0,1.5,6.7,485,6.7,g,1.5,g,0.52,g,2.2,g,485,kcal,22.0,g,2.2,g,63.0,g,1.5,g,4.0,g,6.7,g,1.3,g,485.0,kcal,2031.0,kJ
04104420239425,Alnatura GmbH,Mais Röllchen milde Salsa 125G,"Zutaten: Maismehl* 70 %, Sonnenblumenöl*, Würzmischung* (Tomatenpulver*, Rohrzucker*, Speisesalz, Zwiebelpulver*, Paprikapulver*, Knoblauchpulver*, Schwarzer Pfeffer*, Paprikaextrakt*, Chilipulver*) *aus biologischer Landwirtschaft. Kann Spuren von Soja enthalten.",,,Maischips,125,,Mais Röllchen milde Salsa 125G,26.0,2.6,520.0,59.0,4.0,2.0,6.0,502,6.0,g,2.0,g,0.52,g,2.6,g,502,kcal,26.0,g,2.6,g,59.0,g,2.0,g,4.0,g,6.0,g,1.3,g,502.0,kcal,2099.0,kJ
04104420239463,Alnatura GmbH,Speisequarkzubereitung Magerstufe 5,"Zutaten: SPEISEQUARK* Magerstufe, JOGHURT* mild, AUS ENTRAHMTER MILCH* *aus Demeter Bio-Landbau.",,,Jog natur Glas,500,,Speisequarkzubereitung Magerstufe 5,0.5,0.2,68.0,3.9,0.5,3.9,9.7,54,9.7,g,3.9,g,0.068,g,0.2,g,54,kcal,0.5,g,0.2,g,3.9,g,3.9,g,0.5,g,9.7,g,0.17,g,54.0,kcal,231.0,kJ
04104420239524,Alnatura GmbH,Gartengemüse mit Reis & Huhn 190G,"Zutaten: Wasser, Karotten* 22%, Brokkoli* 15%, Fenchel* 10%, Hühnchenfleisch** 8%, Reisvollkornmehl** 5%, Rapsöl** 1,1% *aus Demeter Bio-Landbau **aus biologischer Landwirtschaft.",,,Babymenü,190,,Gartengemüse mit Reis & Huhn 190G,2.3,0.5,20.0,5.6,1.6,1.8,2.7,57,2.7,g,1.8,g,0.02,g,0.5,g,57,kcal,2.3,g,0.5,g,5.6,g,1.8,g,1.6,g,2.7,g,0.05,g,57.0,kcal,239.0,kJ
04104420239647,Alnatura GmbH,Nuss Dattel Fruchtschnitte 75G,"Zutaten: HASELNÜSSE* 32 %, Datteln* getrocknet 30 %, Reissirup*, MANDELN* 10%, Oblaten* (WEIZENMEHL*, Kartoffelstärke*), Sonnenblumenöl* *aus biologischer Landwirtschaft. Kann Spuren von Cashewnuss enthalten.",,,Fruchtschnitte,75,,Nuss Dattel Fruchtschnitte 75G,27.0,2.1,12.0,45.0,5.6,35.0,7.4,464,7.4,g,35.0,g,0.012,g,2.1,g,464,kcal,27.0,g,2.1,g,45.0,g,35.0,g,5.6,g,7.4,g,0.03,g,464.0,kcal,1935.0,kJ
04104420239685,Alnatura GmbH,*Zartbitter Hase 60G*,"Zutaten: Kakaomasse*, Rohrohrzucker*, Kakaobutter* *aus biologischer Landwirtschaft. Kann Spuren von Gluten, Soja, Milch, Mandel und Nüssen enthalten.",,,Ostern Zwidu süß,60,,*Zartbitter Hase 60G*,45.0,28.0,4.0,33.0,10.0,30.0,7.6,587,7.6,g,30.0,g,0.004,g,28.0,g,587,kcal,45.0,g,28.0,g,33.0,g,30.0,g,10.0,g,7.6,g,0.01,g,587.0,kcal,2435.0,kJ
04104420239760,Alnatura GmbH,Vanille Dessert vegan 125G,"Zutaten: Kokosmilch* 86% (Wasser, Kokosmark* 33%), Rübenzucker*, Tapiokastärke*, Kokosöl*, Bourbon-Vanilleextrakt*, Stabilisator: Johannisbrotkernmehl*, Apfelsaft*- und Karottensaftkonzentrat*, Bourbon-Vanilleschote* gemahlen *aus biologischer Landwirtschaft.",,,veganer Joghurtersat,125,,Vanille Dessert vegan 125G,9.2,7.7,4.0,14.0,1.4,8.5,0.8,145,0.8,g,8.5,g,0.004,g,7.7,g,145,kcal,9.2,g,7.7,g,14.0,g,8.5,g,1.4,g,0.8,g,0.01,g,145.0,kcal,603.0,kJ
04104420239791,Alnatura GmbH,Schoko Dessert vegan 125G,"Zutaten: Kokosmilch* 82% (Wasser, Kokosmark* 29%), Rübenzucker*, Tapiokastärke*, Schokolade* 3% (Kakaomasse*, Kakaobutter*, Rübenzucker*, Bourbon-Vanilleschoten* gemahlen), Kakaopulver stark entölt*, Vanilleextrakt*, Stabilisator: Johannisbrotkernmehl* *aus biologischer Landwirtschaft. Kann Spuren von Haselnuss, Erdnuss und Mandel enthalten.",,,veganer Joghurtersat,125,,Schoko Dessert vegan 125G,8.6,7.5,4.0,16.0,2.3,9.9,1.3,151,1.3,g,9.9,g,0.004,g,7.5,g,151,kcal,8.6,g,7.5,g,16.0,g,9.9,g,2.3,g,1.3,g,0.01,g,151.0,kcal,631.0,kJ
04104420239968,Alnatura GmbH,Dunkle Nuss Schokolade 100G,"Zutaten: Kakaomasse*, Rohrzucker*, HASELNÜSSE* 26 %, Kakaobutter* *aus biologischer Landwirtschaft. Kann Spuren von Soja, Milch und Mandel enthalten.",,,Schokotafeln Dunkel,100,,Dunkle Nuss Schokolade 100G,46.0,19.0,4.0,35.0,7.8,30.0,8.0,602,8.0,g,30.0,g,0.004,g,19.0,g,602,kcal,46.0,g,19.0,g,35.0,g,30.0,g,7.8,g,8.0,g,0.01,g,602.0,kcal,2495.0,kJ
04104420239999,Alnatura GmbH,Veganes Hack 100G,"Zutaten: Erbsenproteinkonzentrat* (80%), Ackerbohnenproteinkonzentrat* (19 %), Salz *aus biologischer Landwirtschaft. Kann Spuren von Gluten, Soja, Milch, Mandel, Nüssen, Sesam und Lupine enthalten.",,,Sojaprodukte,100,,Veganes Hack 100G,1.3,0.3,152.0,4.7,4.7,0.9,17.0,108,17.0,g,0.9,g,0.152,g,0.3,g,108,kcal,1.3,g,0.3,g,4.7,g,0.9,g,4.7,g,17.0,g,0.38,g,108.0,kcal,455.0,kJ
04104420240087,Alnatura GmbH,Fettuccine 500G,"Zutaten: HARTWEIZENGRIEß* *aus biologischer Landwirtschaft
Kann Spuren von Soja und Senf enthalten.",,,lange Nudeln,500,,Fettuccine 500G,1.5,0.4,4.0,71.0,3.0,2.6,13.0,356,13.0,g,2.6,g,0.004,g,0.4,g,356,kcal,1.5,g,0.4,g,71.0,g,2.6,g,3.0,g,13.0,g,0.01,g,356.0,kcal,1508.0,kJ
04104420240124,Alnatura GmbH,Volanti 500g,"Zutaten: HARTWEIZENGRIEß* *aus biologischer Landwirtschaft
Kann Spuren von Soja und Senf enthalten.",,,kurze Nudeln,500,,Volanti 500g,1.5,0.4,4.0,71.0,3.0,2.6,13.0,356,13.0,g,2.6,g,0.004,g,0.4,g,356,kcal,1.5,g,0.4,g,71.0,g,2.6,g,3.0,g,13.0,g,0.01,g,356.0,kcal,1508.0,kJ
04104420240315,Alnatura GmbH,"Weide Joghurt Nat. 3,7% 500G Voll",,,,Jog natur Glas,500,,"Weide Joghurt Nat. 3,7% 500G Voll",3.7,2.5,68.0,5.4,0.5,5.4,4.3,72,4.3,g,5.4,g,0.068,g,2.5,g,72,kcal,3.7,g,2.5,g,5.4,g,5.4,g,0.5,g,4.3,g,0.17,g,72.0,kcal,302.0,kJ
04104420240346,Alnatura GmbH,"Weide Joghurt Nat. 1,5% 500G Voll",,,,Jog natur Glas,500,,"Weide Joghurt Nat. 1,5% 500G Voll",1.5,1.0,76.0,6.2,0.5,6.2,5.2,59,5.2,g,6.2,g,0.076,g,1.0,g,59,kcal,1.5,g,1.0,g,6.2,g,6.2,g,0.5,g,5.2,g,0.19,g,59.0,kcal,249.0,kJ
04104420240377,Alnatura GmbH,Gemüsepfanne Asia (TK) 450g,"Zutaten: Paprika* 21%, Romanobohnen* 21%, Karotten* 14%, Weißkohl* 13%, Mungobohnenkeime* 11%, Wasser, Champignons* 6%, Sojasauce* 3% (Wasser, SOJABOHNEN*, WEIZEN*, Meersalz), Sonnenblumenöl*, Maisstärke*, Knoblauch*, Ingwer* kandiert 0,3% (Ingwer*, Wasser, Rohrzucker*), Rohrohrzucker*, Meersalz, Paprikapulver*, Cayennepfeffer* *aus biologischer Landwirtschaft
Kann Spuren von Krebstier, Ei, Fisch, Milch, Sellerie, Senf und Weichtier enthalten.",,,Halb/Fertigprod TK,450,,Gemüsepfanne Asia (TK) 450g,0.9,0.1,252.0,4.7,2.2,3.1,1.6,38,1.6,g,3.1,g,0.252,g,0.1,g,38,kcal,0.9,g,0.1,g,4.7,g,3.1,g,2.2,g,1.6,g,0.63,g,38.0,kcal,158.0,kJ
04104420240407,Alnatura GmbH,Fusilli 500G,"Zutaten: HARTWEIZENGRIEß* *aus biologischer Landwirtschaft
Kann Spuren von Soja und Senf enthalten.",,,kurze Nudeln,500,,Fusilli 500G,1.5,0.4,4.0,71.0,3.0,2.6,13.0,356,13.0,g,2.6,g,0.004,g,0.4,g,356,kcal,1.5,g,0.4,g,71.0,g,2.6,g,3.0,g,13.0,g,0.01,g,356.0,kcal,1508.0,kJ
04104420240438,Alnatura GmbH,Vollkorn Farfalle 500G,"Zutaten: VOLLKORN-HARTWEIZENGRIEß* *aus biologischer Landwirtschaft
Kann Spuren von Soja und Senf enthalten.",,,kurze Nudeln,500,,Vollkorn Farfalle 500G,2.2,0.4,8.0,66.0,8.3,2.5,13.0,352,13.0,g,2.5,g,0.008,g,0.4,g,352,kcal,2.2,g,0.4,g,66.0,g,2.5,g,8.3,g,13.0,g,0.02,g,352.0,kcal,1491.0,kJ
04104420240469,Alnatura GmbH,Linguine 500G,"Zutaten: HARTWEIZENGRIEß* *aus biologischer Landwirtschaft
Kann Spuren von Soja, Senf und Lupine enthalten.",,,lange Nudeln,500,,Linguine 500G,1.4,0.3,4.0,67.0,3.2,3.6,13.0,339,13.0,g,3.6,g,0.004,g,0.3,g,339,kcal,1.4,g,0.3,g,67.0,g,3.6,g,3.2,g,13.0,g,0.01,g,339.0,kcal,1437.0,kJ
04104420240490,Alnatura GmbH,Vollkorn Pipe Rigate 500g,"Zutaten: VOLLKORN-HARTWEIZENGRIEß* *aus biologischer Landwirtschaft
Kann Spuren von Soja und Senf enthalten.",,,kurze Nudeln,500,,Vollkorn Pipe Rigate 500g,2.2,0.4,8.0,66.0,8.3,2.5,13.0,352,13.0,g,2.5,g,0.008,g,0.4,g,352,kcal,2.2,g,0.4,g,66.0,g,2.5,g,8.3,g,13.0,g,0.02,g,352.0,kcal,1491.0,kJ
04104420240537,Alnatura GmbH,Vollkorn Mini Penne 500g,"Zutaten: VOLLKORN-HARTWEIZENGRIEß* *aus biologischer Landwirtschaft
Kann Spuren von Soja und Senf enthalten.",,,kurze Nudeln,500,,Vollkorn Mini Penne 500g,2.2,0.4,4.0,68.0,8.3,3.4,12.0,356,12.0,g,3.4,g,0.004,g,0.4,g,356,kcal,2.2,g,0.4,g,68.0,g,3.4,g,8.3,g,12.0,g,0.01,g,356.0,kcal,1508.0,kJ
04104420240742,Alnatura GmbH,Dinkel Eierwaffeln 165G,"Zutaten: EIER* 32 %, Rohrzucker*, Rapsöl*, DINKELMEHL*¹ 22 %, LUPINENMEHL*, MAGERMILCHPULVER*, Meersalz, Bourbonvanilleextrakt*, Emulgator: Lecithin* *aus biologischer Landwirtschaft ¹ Dinkel ist eine WEIZENART
Kann Spuren von Erdnuss, Mandel, Haselnuss, Walnuss, Cashewnuss, Pecannuss, Paranuss, Pistazie und Macadamianuss enthalten.",,,Aufbackwaren süß,165,,Dinkel Eierwaffeln 165G,28.0,4.5,280.0,45.0,3.2,34.0,8.8,474,8.8,g,34.0,g,0.27999999999999997,g,4.5,g,474,kcal,28.0,g,4.5,g,45.0,g,34.0,g,3.2,g,8.8,g,0.7,g,474.0,kcal,1976.0,kJ
04104420240780,Alnatura GmbH,Apfelmark Johannis- & Himbeere 360G,"Zutaten: Äpfel* 83 %, Schwarze Johannisbeeren* 11 %, Himbeeren* 6 % *aus biologischer Landwirtschaft",,,"Muse, Marke, Pürees",360,,Apfelmark Johannis- & Himbeere 360G,0.5,0.1,4.0,11.0,2.2,11.0,0.5,53,0.5,g,11.0,g,0.004,g,0.1,g,53,kcal,0.5,g,0.1,g,11.0,g,11.0,g,2.2,g,0.5,g,0.01,g,53.0,kcal,225.0,kJ
04104420240810,Alnatura GmbH,Apfelmark m. Birne 360G,"Zutaten: Äpfel* 60%, Birnen* 40% *aus biologischer Landwirtschaft.",,,"Muse, Marke, Pürees",360,,Apfelmark m. Birne 360G,0.5,0.1,4.0,12.0,2.2,11.0,0.5,54,0.5,g,11.0,g,0.004,g,0.1,g,54,kcal,0.5,g,0.1,g,12.0,g,11.0,g,2.2,g,0.5,g,0.01,g,54.0,kcal,227.0,kJ
04104420240841,Alnatura GmbH,Dinkel Käse Sticks 80G,"Zutaten: DINKELMEHL*¹ Type 630 (64%), GOUDA* gerieben 15%, DINKELVOLLKORNMEHL*¹ 13%, Sonnenblumenöl*, Hefe*, Meersalz, Kümmel* gemahlen *aus biologischer Landwirtschaft ¹Dinkel ist eine WEIZENART
Kann Spuren von Soja, Mandel, Haselnuss, Paranuss, Senf, Sesam und Lupine enthalten.",,,Knabberprodukte,80,,Dinkel Käse Sticks 80G,13.0,4.5,396.0,53.0,3.5,0.7,19.0,412,19.0,g,0.7,g,0.396,g,4.5,g,412,kcal,13.0,g,4.5,g,53.0,g,0.7,g,3.5,g,19.0,g,0.99,g,412.0,kcal,1733.0,kJ
04104420240940,Alnatura GmbH,Kokos Cuisine 200ml,"Zutaten: Kokosmilch* 70% (Kokosextrakt* 60%, Wasser), Wasser, Verdickungsmittel: Guarkernmehl*, Johannisbrotkernmehl*, Meersalz *aus biologischer Landwirtschaft. Kann Spuren von Soja, Mandel und Nüssen enthalten.",,,Kokosprodukte,200,,Kokos Cuisine 200ml,13.0,12.0,44.0,2.1,0.5,1.4,1.1,130,1.1,g,1.4,g,0.044,g,12.0,g,130,kcal,13.0,g,12.0,g,2.1,g,1.4,g,0.5,g,1.1,g,0.11,g,130.0,kcal,535.0,kJ
04104420241008,Alnatura GmbH,Edamame (TK) 270G,Zutaten: SOJABOHNEN* *aus biologischer Landwirtschaft.,,,Gemüse TK,270,,Edamame (TK) 270G,4.7,2.2,4.0,8.6,4.8,2.5,10.0,126,10.0,g,2.5,g,0.004,g,2.2,g,126,kcal,4.7,g,2.2,g,8.6,g,2.5,g,4.8,g,10.0,g,0.01,g,126.0,kcal,529.0,kJ
04104420241176,Alnatura GmbH,Hafer Cuisine 200ml,"Zutaten: Wasser, HAFERVOLLKORN* 9 %, Sonnenblumenöl* 7 %, Verdickungsmittel: Johannisbrotkernmehl*, Guarkernmehl*; Meersalz *aus biologischer Landwirtschaft
Kann Spuren von Soja, Mandel und Nüssen enthalten.",,,Getreide-/Nussprod.,200,,Hafer Cuisine 200ml,7.5,0.9,40.0,6.2,0.6,1.0,0.7,96,0.7,g,1.0,g,0.04,g,0.9,g,96,kcal,7.5,g,0.9,g,6.2,g,1.0,g,0.6,g,0.7,g,0.1,g,96.0,kcal,400.0,kJ
04104420241213,Alnatura GmbH,Classic & Mandel Eis (TK) 440ML,"Zutaten: Mandel: MILCH*entrahmt, Vollmilchschokolade* 30 % (Rohrzucker*, Kakaobutter*, VOLLMILCHPULVER*, Kakaomasse*, BUTTERREINFETT*, Emulgator: Lecithin*), SAHNE* 17 %, Rohrohrzucker*, MANDELN* geröstet 5,8 %, EIGELB*, Glukosesirup*, MAGERMILCHPULVER*, Stabilisator: Johannisbrotkernmehl*, Bourbonvanilleextrakt*, Bourbonvanilleschote* gemahlen * aus biologischer Landwirtschaft Classic: MILCH* entrahmt, Vollmilchschokolade* 30 % (Rohrzucker*, Kakaomasse*, Kakaobutter*, VOLLMILCHPULVER*, BUTTERREINFETT*, Emulgator: Lecithin*), SAHNE* 18 %, Rohrohrzucker*, EIGELB*, Glukosesirup*, MAGERMILCHPULVER*, Stabilisator: Johannisbrotkernmehl*, Bourbonvanilleextrakt*, Bourbonvanilleschote* gemahlen * aus biologischer Landwirtschaft. Classic: Kann Spuren von Gluten, Erdnuss, Soja, Mandel und Nüssen enthalten.
Mandel: Kann Spuren von Gluten, Erdnuss, Soja und anderen Nüssen enthalten.",,,Speiseeis TK,302,,Classic & Mandel Eis (TK) 440ML,25.0,13.0,56.00000000000001,28.0,1.2,20.0,5.3,361,5.3,g,20.0,g,0.05600000000000001,g,13.0,g,361,kcal,25.0,g,13.0,g,28.0,g,20.0,g,1.2,g,5.3,g,0.14,g,361.0,kcal,1501.0,kJ
04104420241244,Alnatura GmbH,Bulgur 500G,"Zutaten: BULGUR* (HARTWEIZEN*) *aus biologischer Landwirtschaft
Kann Spuren von Soja, Senf und Lupine enthalten.",,,Getreideerzeugnisse,500,,Bulgur 500G,1.8,0.3,12.0,67.0,7.5,0.8,12.0,348,12.0,g,0.8,g,0.012,g,0.3,g,348,kcal,1.8,g,0.3,g,67.0,g,0.8,g,7.5,g,12.0,g,0.03,g,348.0,kcal,1471.0,kJ
04104420241275,Alnatura GmbH,Couscous 500G,"Zutaten: Couscous* (HARTWEIZENVOLLKORNGRIEß*) *aus biologischer Landwirtschaft
Kann Spuren von Soja und Senf enthalten.",,,Getreideerzeugnisse,500,,Couscous 500G,2.4,0.5,4.0,66.0,8.8,1.9,12.0,351,12.0,g,1.9,g,0.004,g,0.5,g,351,kcal,2.4,g,0.5,g,66.0,g,1.9,g,8.8,g,12.0,g,0.01,g,351.0,kcal,1485.0,kJ
04104420241305,Alnatura GmbH,Quinoa bunt 500g,"Zutaten: Quinoa* weiß 60 %, Quinoa* rot 25 %, Quinoa* schwarz 15 % * aus biologischer Landwirtschaft
Kann Spuren von Gluten, Soja, Mandel, Cashewnuss und Sesam enthalten.",,,Getreide ganz Natur,500,,Quinoa bunt 500g,6.5,0.8,12.0,61.0,8.2,4.4,13.0,371,13.0,g,4.4,g,0.012,g,0.8,g,371,kcal,6.5,g,0.8,g,61.0,g,4.4,g,8.2,g,13.0,g,0.03,g,371.0,kcal,1564.0,kJ
04104420241336,Alnatura GmbH,Baby Dinkel Zwieback 200G,"Zutaten: DINKELMEHL*¹ Type 630 (94%), natives Olivenöl extra**, Hefe**, Thiamin (Vitamin B1) *aus Demeter Bio-Landbau **aus biologischer Landwirtschaft ¹Dinkel ist eine Weizenart. Kann Spuren von Soja, Milch, Senf, Sesam und Lupine enthalten.",,,Knabberprodukte,200,,Baby Dinkel Zwieback 200G,6.6,1.2,4.0,70.4,4.2,3.3,12.0,397,12.0,g,3.3,g,0.004,g,1.2,g,397,kcal,6.6,g,1.2,g,70.4,g,3.3,g,4.2,g,12.0,g,0.01,g,397.0,kcal,1679.0,kJ
04104420241374,Alnatura GmbH,*Bunte Winternudeln 250G*,"Zutaten: HARTWEIZENGRIEß*, Tomatenpulver* 1%, Spinatpulver* 1% *aus biologischer Landwirtschaft. Kann Spuren von Ei, Soja und Senf enthalten.",,,kurze Nudeln,250,,*Bunte Winternudeln 250G*,1.7,0.4,4.0,72.0,3.3,3.6,12.0,358,12.0,g,3.6,g,0.004,g,0.4,g,358,kcal,1.7,g,0.4,g,72.0,g,3.6,g,3.3,g,12.0,g,0.01,g,358.0,kcal,1517.0,kJ
04104420241411,Alnatura GmbH,Bauernhof Nudeln 250G,"Zutaten: HARTWEIZENGRIEß* *aus biologischer Landwirtschaft
Kann Spuren von Ei, Soja und Senf enthalten.",,,kurze Nudeln,250,,Bauernhof Nudeln 250G,1.7,0.4,4.0,72.0,3.3,3.6,12.0,358,12.0,g,3.6,g,0.004,g,0.4,g,358,kcal,1.7,g,0.4,g,72.0,g,3.6,g,3.3,g,12.0,g,0.01,g,358.0,kcal,1517.0,kJ
04104420241497,Alnatura GmbH,Weizenmehl Type 405 1.000G,"Zutaten: WEIZENMEHL* Type 405 *aus Demeter Bio-Landbau
Kann Spuren von Soja und Lupine enthalten.",,,ausgemahlene Mehle,1000,,Weizenmehl Type 405 1.000G,1.0,0.2,4.0,72.0,4.0,0.7,11.0,349,11.0,g,0.7,g,0.004,g,0.2,g,349,kcal,1.0,g,0.2,g,72.0,g,0.7,g,4.0,g,11.0,g,0.01,g,349.0,kcal,1480.0,kJ
04104420241527,Alnatura GmbH,Weizenmehl Type 1050 1.000G,"Zutaten: WEIZENMEHL* Type 1050 *aus Demeter Bio-Landbau
Kann Spuren von Soja und Lupinen enthalten.",,,ausgemahlene Mehle,1000,,Weizenmehl Type 1050 1.000G,1.8,0.3,4.0,67.0,5.2,1.4,12.0,343,12.0,g,1.4,g,0.004,g,0.3,g,343,kcal,1.8,g,0.3,g,67.0,g,1.4,g,5.2,g,12.0,g,0.01,g,343.0,kcal,1455.0,kJ
04104420241565,Alnatura GmbH,Kichererbsen Couscous 400G,"Zutaten: Kichererbsenmehl* *aus biologischer Landwirtschaft
Kann Spuren von Gluten, Soja und Senf enthalten.",,,Getreideerzeugnisse,400,,Kichererbsen Couscous 400G,6.3,1.1,8.0,52.0,9.1,3.3,21.0,367,21.0,g,3.3,g,0.008,g,1.1,g,367,kcal,6.3,g,1.1,g,52.0,g,3.3,g,9.1,g,21.0,g,0.02,g,367.0,kcal,1547.0,kJ
04104420241596,Alnatura GmbH,Dinkel Couscous 400G,"Zutaten: DINKELVOLLKORNMEHL*¹ *aus biologischer Landwirtschaft ¹Dinkel ist eine WEIZENART
Kann Spuren von Soja und Senf enthalten.",,,Getreideerzeugnisse,400,,Dinkel Couscous 400G,2.8,0.6,4.0,62.0,9.2,2.3,13.0,344,13.0,g,2.3,g,0.004,g,0.6,g,344,kcal,2.8,g,0.6,g,62.0,g,2.3,g,9.2,g,13.0,g,0.01,g,344.0,kcal,1452.0,kJ
04104420241671,Alnatura GmbH,Taboulé 200G,"Zutaten: COUSCOUS (HARTWEIZENGRIEß)* 87 %, Tomaten* getrocknet, Karotten* getrocknet, Meersalz, Zwiebeln* getrocknet, Petersilie*, Minze*, Koriander*, Pfeffer* weiß, Sonnenblumenöl*, Zitronenöl* *aus biologischer Landwirtschaft. Kann Spuren von Soja, Milch, Mandel, Cashewnuss, Senf und Sesam enthalten.",,,halbfertige Produkte,200,,Taboulé 200G,0.7,0.1,444.00000000000006,21.0,3.5,1.4,4.3,115,4.3,g,1.4,g,0.44400000000000006,g,0.1,g,115,kcal,0.7,g,0.1,g,21.0,g,1.4,g,3.5,g,4.3,g,1.11,g,115.0,kcal,484.0,kJ
04104420241749,Alnatura GmbH,Pizza Grillgemüse Hummus (TK) 350G,"Zutaten: DINKELMEHL*¹ Type 630 (28%), Paprika* gegrillt 6,7%, Zucchini* gegrillt 5,9%, Auberginen* gegrillt 4,2%, Zwiebel* gegrillt 2,7%, Knoblauchöl* (natives Olivenöl extra*, Knoblauch*), Oregano*, Tomaten* passiert 20 %, Wasser, Hefevorteig* (DINKELMEHL*¹ 5,5%, Wasser, Hefe*), Hummus* 4,1 % (Kichererbsen* gegart 61 %, Olivenöl*, Sonnenblumenöl*, SESAMMUS* 3%, Agavendicksaft*, Zitronensaftkonzentrat*, Petersilie*, Knoblauch*, Meersalz, Kreuzkümmel*, Paprika*), natives Olivenöl extra*, Meersalz, Hefe* *aus biologischer Landwirtschaft ¹DINKEL IST EINE WEIZENART. Kann Spuren von Krebstier, Fisch, Milch, Walnuss, Cashewnuss und Weichtier enthalten.",,,Pizza TK,350,,Pizza Grillgemüse Hummus (TK) 350G,3.6,0.5,440.00000000000006,25.0,1.9,2.3,5.2,157,5.2,g,2.3,g,0.44000000000000006,g,0.5,g,157,kcal,3.6,g,0.5,g,25.0,g,2.3,g,1.9,g,5.2,g,1.1,g,157.0,kcal,662.0,kJ
04104420241770,Alnatura GmbH,Pizza Büffelmozzarella (TK) 315G,"Zutaten: DINKELMEHL*¹ Type 630 (30 %), Tomaten*, passiert 21%, Wasser, Mozzarella di Bufala Campana g.u.* 11 % (BÜFFELMILCH* pasteurisiert, MILCHSÄUREKULTUREN*, Meersalz, tierisches Lab), Hefevorteig* (DINKELMEHL* ¹ 6%, Wasser, Hefe*), Kirschtomaten* 8,6%, Meersalz, natives Olivenöl extra*, Hefe* *aus biologischer Landwirtschaft ¹DINKEL IST EINE WEIZENART. Kann Spuren von Krebstier, Fisch, Walnuss, Cashewnuss, Sesam und Weichtier enthalten.",,,Pizza TK,315,,Pizza Büffelmozzarella (TK) 315G,4.3,2.0,480.0,26.0,1.7,1.8,6.7,173,6.7,g,1.8,g,0.48,g,2.0,g,173,kcal,4.3,g,2.0,g,26.0,g,1.8,g,1.7,g,6.7,g,1.2,g,173.0,kcal,729.0,kJ
04104420241800,Alnatura GmbH,Pizza Thunfisch (TK) 350G,"Zutaten: WEIZENMEHL*, Tomaten* passiert 19%, Wasser, THUNFISCH (Katsuwonus pelamis) 13%, MOZZARELLA* 10% (MILCH* pasteurisiert, mikrobielles Lab, Speisesalz, Starterkulturen), Hefevorteig* (WEIZENMEHL*, Wasser, Hefe*), Zwiebeln* 4,6%, natives Olivenöl extra*, Meersalz, Hefe*, Pfeffer* *aus biologischer Landwirtschaft. 66 % der Zutaten stammen aus biologischer Landwirtschaft. DE-ÖKO-003
Kann Spuren von Krebstier, Walnuss, Cashewnuss, Sesam und Weichtier enthalten.",,,Pizza TK,350,,Pizza Thunfisch (TK) 350G,3.6,2.0,520.0,25.0,1.5,1.6,9.0,171,9.0,g,1.6,g,0.52,g,2.0,g,171,kcal,3.6,g,2.0,g,25.0,g,1.6,g,1.5,g,9.0,g,1.3,g,171.0,kcal,723.0,kJ
04104420241848,Alnatura GmbH,"Leinsamen, geschrotet 200G","Kann Spuren von Gluten, Erdnuss, Mandel, Nüssen und Sesam enthalten.",,,Ölsaaten & Samen,200,,"Leinsamen, geschrotet 200G",43.0,5.3,60.0,3.0,26.0,1.0,22.0,539,22.0,g,1.0,g,0.06,g,5.3,g,539,kcal,43.0,g,5.3,g,3.0,g,1.0,g,26.0,g,22.0,g,0.15,g,539.0,kcal,2224.0,kJ
04104420241886,Alnatura GmbH,Leinsamen geschrotet 400G,"Kann Spuren von Gluten, Erdnuss, Mandel, Nüssen und Sesam enthalten.",,,Ölsaaten & Samen,400,,Leinsamen geschrotet 400G,43.0,5.3,60.0,3.0,26.0,1.0,22.0,539,22.0,g,1.0,g,0.06,g,5.3,g,539,kcal,43.0,g,5.3,g,3.0,g,1.0,g,26.0,g,22.0,g,0.15,g,539.0,kcal,2224.0,kJ
04104420241923,Alnatura GmbH,"Goldleinsamen, geschrotet 200G","Zutaten: Goldleinsamen* *aus biologischer Landwirtschaft. Kann Spuren von Gluten, Erdnuss, Mandel, Nüssen und Sesam enthalten.",,,Ölsaaten & Samen,200,,"Goldleinsamen, geschrotet 200G",43.0,4.7,60.0,1.0,31.0,0.9,20.0,533,20.0,g,0.9,g,0.06,g,4.7,g,533,kcal,43.0,g,4.7,g,1.0,g,0.9,g,31.0,g,20.0,g,0.15,g,533.0,kcal,2196.0,kJ
04104420241961,Alnatura GmbH,Goldleinsamen 500G,"Kann Spuren von Gluten, Erdnuss, Mandel, Nüssen und Sesam enthalten.",,,Ölsaaten & Samen,500,,Goldleinsamen 500G,43.0,4.7,60.0,1.0,31.0,0.9,20.0,533,20.0,g,0.9,g,0.06,g,4.7,g,533,kcal,43.0,g,4.7,g,1.0,g,0.9,g,31.0,g,20.0,g,0.15,g,533.0,kcal,2196.0,kJ
04104420242005,Alnatura GmbH,Leinsamen Pflaume und Dattel 200g,,,,Ölsaaten & Samen,200,,Leinsamen Pflaume und Dattel 200g,31.0,3.6,48.0,14.0,28.0,10.0,17.0,459,17.0,g,10.0,g,0.048,g,3.6,g,459,kcal,31.0,g,3.6,g,14.0,g,10.0,g,28.0,g,17.0,g,0.12,g,459.0,kcal,1897.0,kJ
04104420242043,Alnatura GmbH,Tomatensauce Ricotta 350ML,"Zutaten: Tomaten* 61%, Tomatenmark* zweifach konzentriert 11%, Wasser, MOLKENEIWEIßKÄSE RICOTTA* 7%, Zwiebeln*, PECORINO-KÄSE*, Rohrohrzucker*, Maisstärke*, PARMIGIANO REGGIANO DOP*, natives Olivenöl extra*, Meersalz, Basilikum*, Zitronensaftkonzentrat* *aus biologischer Landwirtschaft
Kann Spuren von Soja, Cashewnuss und Sellerie enthalten.",,,Tomatensoßen,375,,Tomatensauce Ricotta 350ML,3.3,1.5,400.0,6.9,1.2,5.5,3.4,73,3.4,g,5.5,g,0.4,g,1.5,g,73,kcal,3.3,g,1.5,g,6.9,g,5.5,g,1.2,g,3.4,g,1.0,g,73.0,kcal,307.0,kJ
04104420242081,Alnatura GmbH,Apfelrotkohl 400g,"Zutaten: Rotkohl* 60 %, Wasser, Apfelstücke* 13 %, Rotweinessig* 5 % (enthält SULFITE), Rübenzucker* 2,5 %, Maisstärke*, Meersalz, Gewürze (Zimt, Nelken, Lorbeer) *aus biologischer Landwirtschaft",,,Sauerkonserven,400,,Apfelrotkohl 400g,0.5,0.1,440.00000000000006,8.4,2.0,6.6,1.1,43,1.1,g,6.6,g,0.44000000000000006,g,0.1,g,43,kcal,0.5,g,0.1,g,8.4,g,6.6,g,2.0,g,1.1,g,1.1,g,43.0,kcal,181.0,kJ
04104420242128,Alnatura GmbH,Mildes Sauerkraut 400g,"Zutaten: Weißkohl* 70%, Wasser, Zwiebeln* 5%, Rübenzucker* 2%, Meersalz, Maisstärke* *aus biologischer Landwirtschaft.",,,Sauerkonserven,400,,Mildes Sauerkraut 400g,0.5,0.1,480.0,4.1,1.6,3.0,1.1,27,1.1,g,3.0,g,0.48,g,0.1,g,27,kcal,0.5,g,0.1,g,4.1,g,3.0,g,1.6,g,1.1,g,1.2,g,27.0,kcal,116.0,kJ
04104420242258,Alnatura GmbH,Ziegen Heumilch Camembert 100G,"Zutaten: ZIEGENMILCH* pasteurisiert, Speisesalz, mikrobielles Lab, Schimmelkulturen *aus biologischer Landwirtschaft.",,,Weichkäse,100,,Ziegen Heumilch Camembert 100G,26.0,18.0,680.0,0.5,0.5,0.5,22.0,322,22.0,g,0.5,g,0.6799999999999999,g,18.0,g,322,kcal,26.0,g,18.0,g,0.5,g,0.5,g,0.5,g,22.0,g,1.7,g,322.0,kcal,1336.0,kJ
04104420242326,Alnatura GmbH,Kakaobutter 100g,,,,Backzutaten,100,,Kakaobutter 100g,100.0,68.0,4.0,0.5,0.5,0.5,0.5,900,0.5,g,0.5,g,0.004,g,68.0,g,900,kcal,100.0,g,68.0,g,0.5,g,0.5,g,0.5,g,0.5,g,0.01,g,900.0,kcal,3700.0,kJ
04104420242494,Alnatura GmbH,Hafer Doppelkeks Nougat 330G,"Zutaten: HAFERVOLLKORNMEHL* 22 %, WEIZENMEHL* Type 550, Rübenzucker*, Palmöl*, Nussnougat* 9,8 % (Rohrohrzucker*, HASELNUSSKERNE*, Kakaobutter*, Kakaomasse*), Maisstärke*, stark entöltes Kakaopulver*, Backtriebmittel: Natriumhydrogencarbonat, Meersalz, Bourbonvanille* gemahlen *aus biologischer Landwirtschaft
Kann Spuren von Ei, Soja, Milch, Mandel und Paranuss enthalten.",,,Kekse,330,,Hafer Doppelkeks Nougat 330G,24.0,10.0,200.0,63.0,3.3,27.0,6.3,500,6.3,g,27.0,g,0.2,g,10.0,g,500,kcal,24.0,g,10.0,g,63.0,g,27.0,g,3.3,g,6.3,g,0.5,g,500.0,kcal,2093.0,kJ
04104420242531,Alnatura GmbH,Stieleis Classic Vegan 4 Stück 440M,"Zutaten: Fermentierte Haferzubereitung* 49 % (Wasser, VOLLKORNHAFERMEHL* 2,4 %), Zartbitterschokolade* 24 % (Kakaobutter*, Kakaomasse*, Rohrzucker*, Emulgator: Lecithin*), Glukosesirup*, Rohrohrzucker*, MANDELÖL*, Sonnenblumenprotein*, Emulgator: Lecithin*, Stabilisatoren: Johannisbrotkernmehl*, Guarkernmehl*; Bourbonvanilleextrakt*, färbendes Lebensmittel: Karottenkonzentrat*, Apfelkonzentrat*, Bourbonvanilleschote* gemahlen, Speisesalz *aus biologischer Landwirtschaft. Kann Spuren von Ei, Erdnuss, Soja, Milch und anderen Nüssen enthalten.",,,Speiseeis TK,340,,Stieleis Classic Vegan 4 Stück 440M,19.0,9.1,16.0,27.0,2.7,19.0,2.6,295,2.6,g,19.0,g,0.016,g,9.1,g,295,kcal,19.0,g,9.1,g,27.0,g,19.0,g,2.7,g,2.6,g,0.04,g,295.0,kcal,1228.0,kJ
04104420242562,Alnatura GmbH,Stieleis Classic Vegan 1 Stück 110M,"Zutaten: Fermentierte Haferzubereitung* 49 % (Wasser, VOLLKORNHAFERMEHL* 2,4 %), Zartbitterschokolade* 24 % (Kakaobutter*, Kakaomasse*, Rohrzucker*, Emulgator: Lecithin*), Glukosesirup*, Rohrohrzucker*, MANDELÖL*, Sonnenblumenprotein*, Emulgator: Lecithin*, Stabilisatoren: Johannisbrotkernmehl*, Guarkernmehl*; Bourbonvanilleextrakt*, färbendes Lebensmittel: Karottenkonzentrat*, Apfelkonzentrat*, Bourbonvanilleschote* gemahlen, Speisesalz *aus biologischer Landwirtschaft. Kann Spuren von Ei, Erdnuss, Soja, Milch und anderen Nüssen enthalten.",,,Kleineis TK,85,,Stieleis Classic Vegan 1 Stück 110M,15.0,7.0,12.0,21.0,2.1,15.0,2.0,231,2.0,g,15.0,g,0.012,g,7.0,g,231,kcal,15.0,g,7.0,g,21.0,g,15.0,g,2.1,g,2.0,g,0.03,g,231.0,kcal,963.0,kJ
04104420242630,Alnatura GmbH,Streichcreme für Kinder 180G,"Zutaten: Wasser, Karotten* 20 %, Zucchini*, Tomatenmark* einfach konzentriert 13 %, Sonnenblumenkerne* 9 %, Rapsöl*, Zitronensaft* aus Zitronensaftkonzentrat*, Kartoffelstärke*, Karotten* getrocknet 2 %, Tomatenpulver*, Speisesalz, Gewürze*, Kräuter* *aus biologischer Landwirtschaft",,,Streichcremes,180,,Streichcreme für Kinder 180G,13.0,1.3,296.0,7.7,2.2,4.6,3.0,164,3.0,g,4.6,g,0.296,g,1.3,g,164,kcal,13.0,g,1.3,g,7.7,g,4.6,g,2.2,g,3.0,g,0.74,g,164.0,kcal,681.0,kJ
04104420242722,Alnatura GmbH,Ratatouille mit Kartoffeln 220G,"Zutaten: Wasser, Karotten* 21 %, Kartoffeln* 21 %, rote Linsen** gekocht 16 % (Wasser, rote Linsen**), Zucchini* 5 %, Tomatenmark** 2-fach konzentriert 5 %, Auberginen** 4 %, rote Paprika** 3 %, Rapsöl* 1,2 % *aus Demeter Bio-Landbau (Anteil: 76 %) **aus biologischer Landwirtschaft",,,Juniormenü,220,,Ratatouille mit Kartoffeln 220G,1.3,0.1,12.0,7.4,2.1,2.4,1.9,53,1.9,g,2.4,g,0.012,g,0.1,g,53,kcal,1.3,g,0.1,g,7.4,g,2.4,g,2.1,g,1.9,g,0.03,g,53.0,kcal,223.0,kJ
04104420242760,Alnatura GmbH,Classic Eis am Stiel (TK) 110ML,"Zutaten: ENTRAHMTE MILCH*, Vollmilchschokolade* 30 % (Rohrzucker*, Kakaomasse*, Kakaobutter*, VOLLMILCHPULVER*, BUTTERREINFETT*, Emulgator: Lecithin*), SAHNE* 18 %, Rohrohrzucker*, EIGELB*, Glukosesirup*, MAGERMILCHPULVER*, Stabilisator: Johannisbrotkernmehl*, Bourbonvanilleextrakt*, Bourbonvanilleschote* gemahlen *aus biologischer Landwirtschaft. Kann Spuren von Gluten, Erdnuss, Soja, Mandel und Nüssen enthalten.",,,Kleineis TK,75,,Classic Eis am Stiel (TK) 110ML,15.0,9.1,24.0,18.0,1.3,17.0,3.3,223,3.3,g,17.0,g,0.024,g,9.1,g,223,kcal,15.0,g,9.1,g,18.0,g,17.0,g,1.3,g,3.3,g,0.06,g,223.0,kcal,928.0,kJ
04104420242791,Alnatura GmbH,Mandel Eis am Stiel (TK) 110ML,"Zutaten: MILCH* entrahmt, Vollmilchschokolade* 30 % (Rohrzucker*, Kakaobutter*, VOLLMILCHPULVER*, Kakaomasse*, BUTTERREINFETT*, Emulgator: Lecithin*), SAHNE* 17 %, Rohrohrzucker*, MANDELN* geröstet 5,8 %, EIGELB*, Glukosesirup*, MAGERMILCHPULVER*, Stabilisator: Johannisbrotkernmehl*, Bourbonvanilleextrakt*, Bourbonvanilleschote* gemahlen *aus biologischer Landwirtschaft. Kann Spuren von Gluten, Erdnuss, Soja und anderen Nüssen enthalten.",,,Kleineis TK,77,,Mandel Eis am Stiel (TK) 110ML,17.0,9.1,40.0,20.0,0.8,18.0,3.7,249,3.7,g,18.0,g,0.04,g,9.1,g,249,kcal,17.0,g,9.1,g,20.0,g,18.0,g,0.8,g,3.7,g,0.1,g,249.0,kcal,1038.0,kJ
04104420242869,Alnatura GmbH,Speckwürfel 80G,"Zutaten: Schweinefleisch*, Steinsalz, Gewürze*, Rübenzucker*, Reifekulturen, Buchenholzrauch *aus biologischer Landwirtschaft
Kann Spuren von Senf enthalten.",,,Schinken und Speck,80,,Speckwürfel 80G,26.0,12.0,1920.0,2.0,,0.5,22.0,330,22.0,g,0.5,g,1.92,g,12.0,g,330,kcal,26.0,g,12.0,g,2.0,g,0.5,g,,g,22.0,g,4.8,g,330.0,kcal,1370.0,kJ
04104420242937,Alnatura GmbH,Vegane Lyoner Classic 80G,"Zutaten: Wasser, Sonnenblumenöl*, Erbsenprotein* 6 %, Verdickungsmittel: Xanthan; Johannisbrotkernmehl*, Zwiebeln*, Speisesalz, Hefeextrakt*, Gewürze*, färbendes Gemüsesaftkonzentrat* (Rettich*, Karotte*) *aus biologischer Landwirtschaft. Kann Spuren von Gluten, Soja, Sellerie und Senf enthalten.",,,veg. Wurstersatz,80,,Vegane Lyoner Classic 80G,11.0,1.0,800.0,6.1,5.0,2.5,4.9,153,4.9,g,2.5,g,0.8,g,1.0,g,153,kcal,11.0,g,1.0,g,6.1,g,2.5,g,5.0,g,4.9,g,2.0,g,153.0,kcal,634.0,kJ
04104420242968,Alnatura GmbH,Vegane Lyoner Paprika 80G,"Zutaten: Wasser, Paprika* 15 %, Sonnenblumenöl*, Erbsenprotein* 6%, Verdickungsmittel: Xanthan; Johannisbrotkernmehl*, Speisesalz, Zwiebeln*, Gewürze*, Hefeextrakt*, färbendes Gemüsesaftkonzentrat* (Rettich*, Karotte*) *aus biologischer Landwirtschaft. Kann Spuren von Gluten, Soja, Sellerie und Senf enthalten.",,,veg. Wurstersatz,80,,Vegane Lyoner Paprika 80G,11.0,1.0,800.0,5.5,6.1,2.5,4.6,152,4.6,g,2.5,g,0.8,g,1.0,g,152,kcal,11.0,g,1.0,g,5.5,g,2.5,g,6.1,g,4.6,g,2.0,g,152.0,kcal,628.0,kJ
04104420243033,Alnatura GmbH,Weidemilch Buttermilch 500G,,,,Sauermilch,500,,Weidemilch Buttermilch 500G,0.5,0.3,56.00000000000001,4.0,0.5,4.0,3.5,35,3.5,g,4.0,g,0.05600000000000001,g,0.3,g,35,kcal,0.5,g,0.3,g,4.0,g,4.0,g,0.5,g,3.5,g,0.14,g,35.0,kcal,146.0,kJ
04104420243101,Alnatura GmbH,Tilsiter 125G,"Zutaten: MILCH*, Speisesalz, mikrobielles Lab, Käsereikulturen *aus biologischer Landwirtschaft",,,Käse in Scheiben,125,,Tilsiter 125G,28.0,17.0,600.0,0.5,0.5,0.5,28.0,364,28.0,g,0.5,g,0.6,g,17.0,g,364,kcal,28.0,g,17.0,g,0.5,g,0.5,g,0.5,g,28.0,g,1.5,g,364.0,kcal,1512.0,kJ
04104420243347,Alnatura GmbH,Weidemilch Buttermilch 500G,,,,Sauermilch,500,,Weidemilch Buttermilch 500G,0.6,0.4,48.0,4.7,0.5,4.7,3.4,38,3.4,g,4.7,g,0.048,g,0.4,g,38,kcal,0.6,g,0.4,g,4.7,g,4.7,g,0.5,g,3.4,g,0.12,g,38.0,kcal,160.0,kJ
04104420243781,Alnatura GmbH,Mie Nudeln 250G,"Zutaten: WEIZENMEHL*, HARTWEIZENGRIEß* *aus biologischer Landwirtschaft. Kann Spuren von Ei und Soja enthalten.",,,Wok- & Mie Nudeln,250,,Mie Nudeln 250G,1.1,0.3,4.0,78.0,2.6,1.5,11.0,371,11.0,g,1.5,g,0.004,g,0.3,g,371,kcal,1.1,g,0.3,g,78.0,g,1.5,g,2.6,g,11.0,g,0.01,g,371.0,kcal,1575.0,kJ
04104420243965,Alnatura GmbH,Spaghetti 500G,"Zutaten: HARTWEIZENGRIEß* *aus biologischer Landwirtschaft
Kann Spuren von Soja und Senf enthalten.",,,lange Nudeln,500,,Spaghetti 500G,1.5,0.4,4.0,71.0,3.0,2.6,13.0,356,13.0,g,2.6,g,0.004,g,0.4,g,356,kcal,1.5,g,0.4,g,71.0,g,2.6,g,3.0,g,13.0,g,0.01,g,356.0,kcal,1508.0,kJ
04104420244092,Alnatura GmbH,Chiasamen 200G,"Kann Spuren von Gluten, Soja, Mandel, Cashewnuss und Sesam enthalten.",,,Ölsaaten & Samen,200,,Chiasamen 200G,33.0,3.4,20.0,2.0,35.0,0.6,22.0,463,22.0,g,0.6,g,0.02,g,3.4,g,463,kcal,33.0,g,3.4,g,2.0,g,0.6,g,35.0,g,22.0,g,0.05,g,463.0,kcal,1909.0,kJ
04104420244160,Alnatura GmbH,Pizza Margherita (TK) 300G,"Zutaten: WEIZENMEHL*, Tomatenpüree* 27%, KÄSE* 17% (EDAMER¹* 12%, MOZZARELLA¹* schnittfest 5%), Wasser, Tomatenwürfel* 3,3%, Rapsöl*, Hefe*, Rübenzucker*, Speisesalz, natives Olivenöl extra*, WEIZENSTÄRKE*, Zwiebelpulver*, Petersilie*, Basilikum*, Knoblauchpulver*, Oregano*, Rosmarin* *aus biologischer Landwirtschaft ¹hergestellt mit mikrobiellem Lab
Kann Spuren von Sellerie enthalten.",,,Pizza TK,300,,Pizza Margherita (TK) 300G,5.9,2.6,480.0,33.0,2.1,3.1,8.7,224,8.7,g,3.1,g,0.48,g,2.6,g,224,kcal,5.9,g,2.6,g,33.0,g,3.1,g,2.1,g,8.7,g,1.2,g,224.0,kcal,944.0,kJ
04104420244191,Alnatura GmbH,Pizza Vegetale (TK) 340G,"Zutaten: WEIZENMEHL*, Tomatenpüree* 23%, Wasser, KÄSE* 10% (EDAMER¹* 5,1%, FRANKENDAMMER SCHNITTKÄSE¹* 5,1%), Mais* 3,8%, Paprika* 3,8%, Spinat* 3,8%, Tomatenwürfel* 3,8%, Zwiebeln* 3,8%, Rapsöl*, Hefe*, Rübenzucker*, Speisesalz, natives Olivenöl extra*, WEIZENSTÄRKE*, Zwiebelpulver*, Basilikum*, Knoblauchpulver*, Oregano*, Petersilie*, Rosmarin* *aus biologischer Landwirtschaft ¹hergestellt mit mikrobiellem Lab
Kann Spuren von Sellerie enthalten.",,,Pizza TK,340,,Pizza Vegetale (TK) 340G,5.2,2.3,392.0,28.0,2.5,3.2,7.6,194,7.6,g,3.2,g,0.392,g,2.3,g,194,kcal,5.2,g,2.3,g,28.0,g,3.2,g,2.5,g,7.6,g,0.98,g,194.0,kcal,818.0,kJ
04104420244221,Alnatura GmbH,Brechbohnen (TK) 450G,"Zutaten: Brechbohnen* *aus biologischer Landwirtschaft
Kann Spuren von Sellerie enthalten.",,,Gemüse TK,450,,Brechbohnen (TK) 450G,0.5,0.1,4.0,3.4,3.0,1.5,1.9,27,1.9,g,1.5,g,0.004,g,0.1,g,27,kcal,0.5,g,0.1,g,3.4,g,1.5,g,3.0,g,1.9,g,0.01,g,27.0,kcal,114.0,kJ
04104420244252,Alnatura GmbH,Pizza Salami (TK) 320G,"Zutaten: WEIZENMEHL*, Tomatenpüree*, MOZZARELLA¹* schnittfest 13%, Salami* 9,4% (Schweinefleisch*, Rindfleisch*, Speck*, Speisesalz, Gewürze*, Dextrose*, Antioxidationsmittel: Ascorbinsäure; Gewürzextrakte*, Maltodextrin*, Konservierungsstoff: Natriumnitrit; Rauch), Wasser, Zwiebeln* 4,7%, Rapsöl*, Hefe*, Rübenzucker*, Speisesalz, natives Olivenöl extra*, WEIZENSTÄRKE*, Zwiebelpulver* 0,2%, Petersilie*, Basilikum*, Knoblauchpulver*, Oregano*, Rosmarin* *aus biologischer Landwirtschaft ¹hergestellt mit mikrobiellem Lab
Kann Spuren von Sellerie und Senf enthalten.",,,Pizza TK,320,,Pizza Salami (TK) 320G,8.1,3.2,520.0,30.0,2.2,3.0,9.6,236,9.6,g,3.0,g,0.52,g,3.2,g,236,kcal,8.1,g,3.2,g,30.0,g,3.0,g,2.2,g,9.6,g,1.3,g,236.0,kcal,991.0,kJ
04104420244368,Alnatura GmbH,Fagioli Borlotti 500G,,,,Hülsenfrüchte/Saaten,500,,Fagioli Borlotti 500G,1.1,0.2,12.0,46.0,15.0,3.4,21.0,308,21.0,g,3.4,g,0.012,g,0.2,g,308,kcal,1.1,g,0.2,g,46.0,g,3.4,g,15.0,g,21.0,g,0.03,g,308.0,kcal,1300.0,kJ
04104420244429,Alnatura GmbH,*Zimtsterne 100G*,"Zutaten: HASELNÜSSE* 25 %, MANDELN* 25 %, Rohrohrzucker*, Feigen-Fruchtzubereitung* (Rübenzucker*, Wasser, Feigen* getrocknet, Zitronensaftkonzentrat*), WEIZENMEHL*, Rübenzucker*, HÜHNEREIEIWEIß*, Zimt*, Honig*, Meersalz *aus biologischer Landwirtschaft. Kann Spuren von Milch und anderen Nüssen enthalten.",,,Weihn. Zwidu süß,100,,*Zimtsterne 100G*,29.0,2.0,28.000000000000004,44.0,6.8,35.0,11.0,495,11.0,g,35.0,g,0.028000000000000004,g,2.0,g,495,kcal,29.0,g,2.0,g,44.0,g,35.0,g,6.8,g,11.0,g,0.07,g,495.0,kcal,2062.0,kJ
04104420244467,Alnatura GmbH,*Kokosmakronen Zartbitter 100G*,"Zutaten: Kokosraspel* 38 %, Invertzuckersirup*, Rohrohrzucker*, Zartbitterschokolade* 12 % (Kakaomasse*, Rohrzucker*, Kakaobutter*), Glukosesirup*, HÜHNEREIEIWEIßPULVER*, WEIZENSTÄRKE*, WEIZENMEHL*, Backtriebmittel: Ammoniumhydrogencarbonat *aus biologischer Landwirtschaft. Kann Spuren von Milch, Mandel, Haselnuss und Pistazie enthalten.",,,Weihn. Zwidu süß,100,,*Kokosmakronen Zartbitter 100G*,30.0,25.0,16.0,45.0,7.1,40.0,5.2,485,5.2,g,40.0,g,0.016,g,25.0,g,485,kcal,30.0,g,25.0,g,45.0,g,40.0,g,7.1,g,5.2,g,0.04,g,485.0,kcal,2020.0,kJ
04104420244504,Alnatura GmbH,Hafer Alge Drink 1L,"Zutaten: Wasser, HAFERVOLLKORN* 11 %, Sonnenblumenöl*, Alge (Lithothamnium calcareum)** 0,4 %, Meersalz *aus biologischer Landwirtschaft **aus ökologischer Wildsammlung",,,Getreidedrinks,1025,,Hafer Alge Drink 1L,1.4,0.2,52.0,6.0,0.5,5.2,0.6,39,0.6,g,5.2,g,0.052000000000000005,g,0.2,g,39,kcal,1.4,g,0.2,g,6.0,g,5.2,g,0.5,g,0.6,g,0.13,g,39.0,kcal,164.0,kJ
04104420244627,Alnatura GmbH,Ganze Tomaten 400G,"Zutaten: Tomaten* geschält, Tomatensaft* *aus biologischer Landwirtschaft.",,,Dosentomaten,400,,Ganze Tomaten 400G,0.0,0.0,8.0,4.6,1.1,3.7,1.4,26,1.4,g,3.7,g,0.008,g,0.0,g,26,kcal,0.0,g,0.0,g,4.6,g,3.7,g,1.1,g,1.4,g,0.02,g,26.0,kcal,111.0,kJ
04104420244665,Alnatura GmbH,Tomatenstücke Kräuter 400G,"Zutaten: Tomaten* geschält und gestückelt, Tomatensaft*, Basilikum*, Oregano*, Säureregulator: Zitronensäure *aus biologischer Landwirtschaft.",,,Dosentomaten,400,,Tomatenstücke Kräuter 400G,0.0,0.0,12.0,4.8,1.7,4.4,1.0,26,1.0,g,4.4,g,0.012,g,0.0,g,26,kcal,0.0,g,0.0,g,4.8,g,4.4,g,1.7,g,1.0,g,0.03,g,26.0,kcal,109.0,kJ
04104420244702,Alnatura GmbH,Pflaumen 540G,"Zutaten: Pflaumen*, Wasser, Rübenzucker* *aus biologischer Landwirtschaft",,,St Obstkonserven,540,,Pflaumen 540G,0.5,0.1,4.0,16.0,1.6,15.0,0.5,67,0.5,g,15.0,g,0.004,g,0.1,g,67,kcal,0.5,g,0.1,g,16.0,g,15.0,g,1.6,g,0.5,g,0.01,g,67.0,kcal,285.0,kJ
04104420244986,Alnatura GmbH,Haselnuss-Dattel Creme 240g,"Zutaten: HASELNÜSSE* geröstet 59%, Dattelpulver* 36%, Kakaopulver* 5% *aus biologischer Landwirtschaft
Kann Spuren von Erdnuss, Mandel, Walnuss, Cashewnuss, Paranuss, Pistazie und Sesam enthalten.",,,Schoko/NussAufstrich,240,,Haselnuss-Dattel Creme 240g,39.0,4.3,4.0,29.0,15.0,28.0,13.0,549,13.0,g,28.0,g,0.004,g,4.3,g,549,kcal,39.0,g,4.3,g,29.0,g,28.0,g,15.0,g,13.0,g,0.01,g,549.0,kcal,2277.0,kJ
04104420245280,Alnatura GmbH,Dinkel Vollkorn Spaghetti 500G,Zutaten: DINKELVOLLKORNMEHL*¹ *aus biologischer Landwirtschaft ¹DINKEL IST EINE WEIZENART. Kann Spuren von Ei und Soja enthalten.,,,lange Nudeln,500,,Dinkel Vollkorn Spaghetti 500G,2.4,0.4,4.0,62.0,11.0,3.3,13.0,344,13.0,g,3.3,g,0.004,g,0.4,g,344,kcal,2.4,g,0.4,g,62.0,g,3.3,g,11.0,g,13.0,g,0.01,g,344.0,kcal,1452.0,kJ
04104420245396,Alnatura GmbH,"Orangensaft mit Fruchtfleisch 0,75L","Zutaten: Orangensaft*, Orangenfruchtfleisch* *aus biologischer Landwirtschaft",,,Obstsäfte mono,817,,"Orangensaft mit Fruchtfleisch 0,75L",0.5,0.1,4.0,9.4,0.5,9.4,0.7,40,0.7,g,9.4,g,0.004,g,0.1,g,40,kcal,0.5,g,0.1,g,9.4,g,9.4,g,0.5,g,0.7,g,0.01,g,40.0,kcal,172.0,kJ
04104420245600,Alnatura GmbH,Bratwürstchen aus Seitan 140G,"Zutaten: Seitan* 81% (Wasser, WEIZENEIWEIß*), Sonnenblumenöl*, Zwiebeln*, Hefeextrakt*, Speisesalz, Gewürze*, WEIZENSTÄRKE*, Verdickungsmittel: Agar-Agar*, Guarkernmehl*, Johannisbrotkernmehl* *aus biologischer Landwirtschaft
Kann Spuren von Soja, Sellerie und Senf enthalten.",,,veg. Wurstersatz,140,,Bratwürstchen aus Seitan 140G,13.0,1.3,600.0,5.1,2.9,1.3,23.0,235,23.0,g,1.3,g,0.6,g,1.3,g,235,kcal,13.0,g,1.3,g,5.1,g,1.3,g,2.9,g,23.0,g,1.5,g,235.0,kcal,982.0,kJ
04104420245631,Alnatura GmbH,Apfel-Birne mit Dinkelgrieß 190G,"Zutaten: Äpfel* 55 %, Birnen* 20 %, Wasser, DINKELGRIEß*¹ 5 % *aus Demeter Bio-Landbau (Anteil: 100 %) ¹ Dinkel ist eine WEIZENART",,,Obst & Getreide,190,,Apfel-Birne mit Dinkelgrieß 190G,0.3,0.0,4.0,11.9,1.8,8.2,0.7,54,0.7,g,8.2,g,0.004,g,0.0,g,54,kcal,0.3,g,0.0,g,11.9,g,8.2,g,1.8,g,0.7,g,0.01,g,54.0,kcal,229.0,kJ
04104420245730,Alnatura GmbH,Frankfurter aus Seitan 100g,"Zutaten: Seitan* 81% (Wasser, WEIZENEIWEIß*), Sonnenblumenöl*, Zwiebeln*, Hefeextrakt*, Speisesalz, Gewürze*, färbendes Gemüsesaftkonzentrat* (Rettich*, Karotte*), WEIZENSTÄRKE*, Verdickungsmittel: Agar-Agar*, Guarkernmehl*, Johannisbrotkernmehl*; Agavenpulver*, Säuerungsmittel: Milchsäure; Buchenholzrauch *aus biologischer Landwirtschaft
Kann Spuren von Soja, Sellerie und Senf enthalten.",,,veg. Wurstersatz,100,,Frankfurter aus Seitan 100g,11.0,1.2,680.0,5.6,4.2,1.6,29.0,246,29.0,g,1.6,g,0.6799999999999999,g,1.2,g,246,kcal,11.0,g,1.2,g,5.6,g,1.6,g,4.2,g,29.0,g,1.7,g,246.0,kcal,1029.0,kJ
04104420245761,Alnatura GmbH,"""Salami"" aus Seitan 80g","Zutaten: SEITAN* 79% (Wasser, WEIZENEIWEIß*), Sonnenblumenöl*, Paprika* 3,4%, Hefeextrakt*, Gewürze* (ENTHÄLT SELLERIE* UND SENF*), Speisesalz, Zwiebeln*, Verdickungsmittel: Guarkernmehl*, Johannisbrotkernmehl*; WEIZENSTÄRKE* *aus biologischer Landwirtschaft. Kann Spuren von Soja enthalten.",,,veg. Wurstersatz,80,,"""Salami"" aus Seitan 80g",11.0,1.2,760.0,5.4,4.7,2.2,30.0,250,30.0,g,2.2,g,0.76,g,1.2,g,250,kcal,11.0,g,1.2,g,5.4,g,2.2,g,4.7,g,30.0,g,1.9,g,250.0,kcal,1046.0,kJ
04104420245815,Alnatura GmbH,Geflügellyoner 80G,"Zutaten: Geflügelfleisch* (Pute*, Hähnchen*) 74 %, Wasser, Geflügelfett* (Pute*, Hähnchen*) 3 %, Salz, DEXTROSE*, Gewürze*, Stabilisator: Natriumcitrate; Antioxidationsmittel: Ascorbinsäure; Konservierungsstoff: Natriumnitrit *aus biologischer Landwirtschaft.",,,Geflügelwurst,80,,Geflügellyoner 80G,15.0,4.4,880.0000000000001,0.5,,0.5,13.0,185,13.0,g,0.5,g,0.8800000000000001,g,4.4,g,185,kcal,15.0,g,4.4,g,0.5,g,0.5,g,,g,13.0,g,2.2,g,185.0,kcal,776.0,kJ
04104420246003,Alnatura GmbH,Buchweizenmehl 500G,"Zutaten: Buchweizenvollkornmehl* *aus biologischer Landwirtschaft
Kann Spuren von Soja und Lupine enthalten.",,,Spezialmehle,500,,Buchweizenmehl 500G,1.7,0.4,4.0,71.0,3.7,0.5,9.8,346,9.8,g,0.5,g,0.004,g,0.4,g,346,kcal,1.7,g,0.4,g,71.0,g,0.5,g,3.7,g,9.8,g,0.01,g,346.0,kcal,1466.0,kJ
04104420246270,Alnatura GmbH,Frische Flammkuchenböden 340G,"Zutaten: WEIZENMEHL*, Wasser, Rapsöl*, Speisesalz *aus biologischer Landwirtschaft.",,,Frische Teigwaren,340,,Frische Flammkuchenböden 340G,2.9,0.5,520.0,46.0,2.3,0.3,7.0,243,7.0,g,0.3,g,0.52,g,0.5,g,243,kcal,2.9,g,0.5,g,46.0,g,0.3,g,2.3,g,7.0,g,1.3,g,243.0,kcal,1027.0,kJ
04104420246447,Alnatura GmbH,Naturreis mit Wildreis 500G,"Zutaten: Naturreis Langkorn* 85 %, Wildreis* 15% *aus biologischer Landwirtschaft. Kann Spuren von Gluten, Soja, Milch, Mandel, Cashewnuss und Sesam enthalten.",,,Reis,500,,Naturreis mit Wildreis 500G,2.0,0.6,4.0,74.0,2.6,0.8,8.7,354,8.7,g,0.8,g,0.004,g,0.6,g,354,kcal,2.0,g,0.6,g,74.0,g,0.8,g,2.6,g,8.7,g,0.01,g,354.0,kcal,1499.0,kJ
04104420246515,Alnatura GmbH,Garnelen (TK) 225G,"Zutaten: GARNELEN* 98 %, Wasser, Meersalz *aus biologischer Aquakultur. Kann Spuren von Sulfiten enthalten.",,,Fisch/Meeresfrü TK,225,,Garnelen (TK) 225G,0.6,0.3,320.0,0.5,0.5,0.5,13.0,60,13.0,g,0.5,g,0.32,g,0.3,g,60,kcal,0.6,g,0.3,g,0.5,g,0.5,g,0.5,g,13.0,g,0.8,g,60.0,kcal,256.0,kJ
04104420246546,Alnatura GmbH,Ganze Nuss Schokolade 100G,"Zutaten: Rohrzucker*, HASELNÜSSE* 26%, VOLLMILCHPULVER*, Kakaobutter*, Kakaomasse*, Bourbonvanilleschote* gemahlen *aus biologischer Landwirtschaft. Kann Spuren von Gluten, Soja und Mandel enthalten.",,,Schokoladentafeln VM,100,,Ganze Nuss Schokolade 100G,44.0,19.0,60.0,39.0,3.0,37.0,10.0,598,10.0,g,37.0,g,0.06,g,19.0,g,598,kcal,44.0,g,19.0,g,39.0,g,37.0,g,3.0,g,10.0,g,0.15,g,598.0,kcal,2485.0,kJ
04104420246584,Alnatura GmbH,Ganze Mandel Schokolade 100G,"Zutaten: Rohrzucker*, VOLLMILCHPULVER*, Kakaobutter*, MANDELN* 20 %, Kakaomasse*, Meersalz 0,4 %, Bourbonvanilleschote* gemahlen *aus biologischer Landwirtschaft
Kann Spuren von Gluten, Soja und Haselnuss enthalten.",,,Schokoladentafeln VM,100,,Ganze Mandel Schokolade 100G,41.0,20.0,224.00000000000003,41.0,3.2,40.0,10.0,579,10.0,g,40.0,g,0.22400000000000003,g,20.0,g,579,kcal,41.0,g,20.0,g,41.0,g,40.0,g,3.2,g,10.0,g,0.56,g,579.0,kcal,2410.0,kJ
04104420246690,Alnatura GmbH,Hafer Drink ohne Zucker 1L,"Zutaten: Wasser, HAFERVOLLKORN* 9 %, Sonnenblumenöl*, Meersalz *aus biologischer Landwirtschaft",,,Getreidedrinks,1000,,Hafer Drink ohne Zucker 1L,1.8,0.3,48.0,5.6,1.1,0.5,0.8,44,0.8,g,0.5,g,0.048,g,0.3,g,44,kcal,1.8,g,0.3,g,5.6,g,0.5,g,1.1,g,0.8,g,0.12,g,44.0,kcal,184.0,kJ
04104420246744,Alnatura GmbH,Nuss Müsli 500G,"Zutaten: WEIZENVOLLKORNFLOCKEN* 33 %, ROGGENVOLLKORNFLOCKEN* 15 %, HAFERVOLLKORNFLOCKEN* 13 %, GERSTENVOLLKORNFLOCKEN* 11 %, Mandelkrokant* 8,8 % (MANDELN* 84 %, Rohrohrzucker*, Honig* 5%), HASELNÜSSE* geröstet 4,3 %, Cornflakes* (Mais*, Trennmittel: Lecithin*), MANDELN* geröstet 2,6 %, Honig* 2,5%, CASHEWNÜSSE* geröstet 2,3 %, Sonnenblumenkerne*, Buchweizen*, Sonnenblumenöl*, Rohrohrzucker*, Ceylon-Zimt* *aus biologischer Landwirtschaft. Kann Spuren von Soja, Milch, anderen Nüssen und Sesam enthalten.",,,Müslis,500,,Nuss Müsli 500G,12.0,1.3,4.0,54.0,10.0,5.9,12.0,392,12.0,g,5.9,g,0.004,g,1.3,g,392,kcal,12.0,g,1.3,g,54.0,g,5.9,g,10.0,g,12.0,g,0.01,g,392.0,kcal,1646.0,kJ
04104420246898,Alnatura GmbH,Kokosblütenzucker 250g,Zutaten: Kokosblütenzucker* *aus biologischer Landwirtschaft,,,Zucker,250,,Kokosblütenzucker 250g,0.5,0.2,164.0,94.0,0.5,90.0,1.3,381,1.3,g,90.0,g,0.16399999999999998,g,0.2,g,381,kcal,0.5,g,0.2,g,94.0,g,90.0,g,0.5,g,1.3,g,0.41,g,381.0,kcal,1620.0,kJ
04104420246973,Alnatura GmbH,*Praliné Variation 103G*,"Zutaten: Haselnussnougat: Nussnougat* 55 % (Rohrohrzucker, HASELNUSSKERNE* 42 %, Kakaobutter*, Kakaomasse*), Vollmilchschokolade* 45 % (Rohrzucker*, Kakaobutter*, VOLLMILCHPULVER* 23 %, Kakaomasse*, Bourbonvanille* gemahlen) Kakao: 37 % mindestens in der Vollmilchschokolade Mandelnougat: Mandelnougat* 55 % (Rohrohrzucker*, MANDELN* 44 %, Kakaobutter*), Zartbitterschokolade* 45 % (Rohrzucker*, Kakaomasse*, Kakaobutter*) Kakao: 55 % mindestens in der Zartbitterschokolade Vanilletrüffel: Zartbitterschokolade* 45 % (Rohrzucker*, Kakaomasse*, Kakaobutter*), weiße Schokolade* (Rohrzucker*, Kakaobutter*, VOLLMILCHPULVER*), BUTTERREINFETT*, Bourbonvanilleextraktpulver*, Bourbonvanille* gemahlen Kakao: 55 % mindestens in der Zartbitterschokolade *aus biologischer Landwirtschaft. Haselnussnougat: Kann Spuren von Ei, Soja, Mandel und anderen Nüssen enthalten. Mandelnougat: Kann Spuren von Ei, Soja, Milch, Haselnuss und anderen Nüssen enthalten. Vanilletrüffel: Kann Spuren von Ei, Soja, Mandel, Haselnuss und anderen Nüssen enthalten.",,,Ostern Zwidu süß,103,,*Praliné Variation 103G*,41.0,19.0,24.0,46.0,4.2,45.0,6.6,588,6.6,g,45.0,g,0.024,g,19.0,g,588,kcal,41.0,g,19.0,g,46.0,g,45.0,g,4.2,g,6.6,g,0.06,g,588.0,kcal,2445.0,kJ
04104420247031,Alnatura GmbH,Mini Karamellwaffeln 150G,"Zutaten: Glukosesirup* 34 %, WEIZENMEHL*, Rohrzucker*, Palmöl*, Karamellzuckersirup* 4 %, SOJAMEHL*, MAGERMILCHPULVER*, WEIZENKLEIE*, VOLLEIPULVER*, Backtriebmittel: Natriumcarbonat, Meersalz, Bourbonvanillezucker* (Zucker*, Bourbonvanilleschote* gemahlen), Zimt* *aus biologischer Landwirtschaft
Kann Spuren von Erdnüssen und Nüssen enthalten.",,,Waffeln,150,,Mini Karamellwaffeln 150G,15.0,7.1,200.0,68.0,1.2,41.0,4.9,429,4.9,g,41.0,g,0.2,g,7.1,g,429,kcal,15.0,g,7.1,g,68.0,g,41.0,g,1.2,g,4.9,g,0.5,g,429.0,kcal,1804.0,kJ
04104420247079,Alnatura GmbH,Fruchtaufstrich Aprikose 420G,"Zutaten: Aprikosen* (Marillen*) 55 %, Rübenzucker*, Geliermittel: Pektin, Zitronensaftkonzentrat* *aus biologischer Landwirtschaft",,,Fruchtaufstriche,420,,Fruchtaufstrich Aprikose 420G,0.5,0.1,8.0,46.0,1.5,46.0,0.5,187,0.5,g,46.0,g,0.008,g,0.1,g,187,kcal,0.5,g,0.1,g,46.0,g,46.0,g,1.5,g,0.5,g,0.02,g,187.0,kcal,794.0,kJ
04104420247215,Alnatura GmbH,Praliné Noir 100G,"Zutaten: Kakaomasse*, Rohrohrzucker*, HASELNÜSSE*, Kakaobutter*, Glukosesirup*, Wasser, Emulgator: SOJALECITHIN* *aus biologischer Landwirtschaft
Kann Spuren von Milch, Mandel und Pistazie enthalten.",,,Confiserie,100,,Praliné Noir 100G,37.0,17.0,32.0,40.0,8.3,37.0,7.9,541,7.9,g,37.0,g,0.032,g,17.0,g,541,kcal,37.0,g,17.0,g,40.0,g,37.0,g,8.3,g,7.9,g,0.08,g,541.0,kcal,2250.0,kJ
04104420247314,Alnatura GmbH,Hafer Porridge Rote Beeren 500g,,,,Breie,500,,Hafer Porridge Rote Beeren 500g,5.5,1.0,8.0,61.0,9.6,13.0,11.0,357,11.0,g,13.0,g,0.008,g,1.0,g,357,kcal,5.5,g,1.0,g,61.0,g,13.0,g,9.6,g,11.0,g,0.02,g,357.0,kcal,1504.0,kJ
04104420247543,Alnatura GmbH,Soja Schnetzel fein 150G,"Zutaten: SOJAMEHL* teilentfettet und texturiert *aus biologischer Landwirtschaft
Kann Spuren von Gluten, Milch, Mandel, Nüssen und Sesam enthalten.",,,Sojaprodukte,150,,Soja Schnetzel fein 150G,7.5,1.6,8.0,14.0,15.0,6.2,50.0,354,50.0,g,6.2,g,0.008,g,1.6,g,354,kcal,7.5,g,1.6,g,14.0,g,6.2,g,15.0,g,50.0,g,0.02,g,354.0,kcal,1486.0,kJ
04104420247659,Alnatura GmbH,Risotto Reis Ribe 500G,"Kann Spuren von Soja, Milch, Mandel, Cashewnuss und Sesam enthalten.",,,Reis,500,,Risotto Reis Ribe 500G,0.6,0.1,4.0,78.0,2.1,0.5,7.4,351,7.4,g,0.5,g,0.004,g,0.1,g,351,kcal,0.6,g,0.1,g,78.0,g,0.5,g,2.1,g,7.4,g,0.01,g,351.0,kcal,1491.0,kJ
04104420247772,Alnatura GmbH,Brokkoli (TK) 450g,Zutaten: Brokkoli* *aus biologischer Landwirtschaft. Kann Spuren von Sellerie enthalten.,,,Gemüse TK,450,,Brokkoli (TK) 450g,0.5,0.1,20.0,1.7,2.5,1.4,2.6,22,2.6,g,1.4,g,0.02,g,0.1,g,22,kcal,0.5,g,0.1,g,1.7,g,1.4,g,2.5,g,2.6,g,0.05,g,22.0,kcal,93.0,kJ
04104420247895,Alnatura GmbH,Streichcreme Gartenkräuter 180G,"Zutaten: Wasser, Sonnenblumenkerne* 28%, Sonnenblumenöl*, Gurken* 5%, Apfelsaftkonzentrat*, Schnittlauch* 2%, Apfelessig*, Zitronensaftkonzentrat*, Meersalz, Petersilie*, Basilikum*, Bärlauch*, Kartoffelstärke*, Zwiebeln* *aus biologischer Landwirtschaft",,,Streichcremes,180,,Streichcreme Gartenkräuter 180G,30.0,3.4,520.0,6.7,2.0,3.0,7.6,331,7.6,g,3.0,g,0.52,g,3.4,g,331,kcal,30.0,g,3.4,g,6.7,g,3.0,g,2.0,g,7.6,g,1.3,g,331.0,kcal,1369.0,kJ
04104420248632,Alnatura GmbH,Falafel 170G,"Zutaten: Kichererbsenschrot* 56 %, Kichererbsenmehl* 35 %, Zwiebeln*, Meersalz, Petersilie*, Koriander*, Kreuzkümmel*, weißer Pfeffer*, Knoblauchpulver* *aus biologischer Landwirtschaft
Kann Spuren von Soja, Mandel, Nüssen, Sellerie, Senf, Sesam und Lupine enthalten.",,,Bratlinge Mischungen,170,,Falafel 170G,2.3,0.4,364.0,17.0,6.0,1.8,7.1,129,7.1,g,1.8,g,0.364,g,0.4,g,129,kcal,2.3,g,0.4,g,17.0,g,1.8,g,6.0,g,7.1,g,0.91,g,129.0,kcal,543.0,kJ
04104420248823,Alnatura GmbH,"Olivenöl 0,5L",,,,Olivenöle,458,,"Olivenöl 0,5L",92.0,14.0,4.0,0.5,0.5,0.5,0.5,828,0.5,g,0.5,g,0.004,g,14.0,g,828,kcal,92.0,g,14.0,g,0.5,g,0.5,g,0.5,g,0.5,g,0.01,g,828.0,kcal,3404.0,kJ
04104420248861,Alnatura GmbH,Mungobohnen 500G,"Kann vereinzelt Sojabohnen enthalten. Kann Spuren von Gluten, Mandel, Cashewnuss und Sesam enthalten.",,,Hülsenfrüchte/Saaten,500,,Mungobohnen 500G,1.5,0.4,4.0,42.0,18.0,3.2,24.0,314,24.0,g,3.2,g,0.004,g,0.4,g,314,kcal,1.5,g,0.4,g,42.0,g,3.2,g,18.0,g,24.0,g,0.01,g,314.0,kcal,1322.0,kJ
04104420249059,Alnatura GmbH,Grober Linsenaufstrich 135G,"Zutaten: Wasser, grüne Linsen* 20 %, Sonnenblumenöl*, Zwiebeln* 8 %, Sonnenblumenkerne*, Röstzwiebeln* 6 % (Zwiebeln*, Sonnenblumenöl*), Tomatenmark*, Meersalz, Knoblauch*, SELLERIE*, Kardamom*, Majoran*, Muskat*, Pfeffer*, Piment* *aus biologischer Landwirtschaft",,,Fleischersatz Aufstr,135,,Grober Linsenaufstrich 135G,20.0,2.3,680.0,10.0,5.5,3.0,5.7,254,5.7,g,3.0,g,0.6799999999999999,g,2.3,g,254,kcal,20.0,g,2.3,g,10.0,g,3.0,g,5.5,g,5.7,g,1.7,g,254.0,kcal,1051.0,kJ
04104420249097,Alnatura GmbH,Feiner Linsenaufstrich 135G,"Zutaten: Wasser, Sonnenblumenöl*, rote Linsen* 13%, Sonnenblumenkerne*, Tofu* geräuchert (SOJABOHNEN*, Wasser, Gerinnungsmittel: Magnesiumchlorid, Buchenholzrauch), Zwiebeln*, Tomatenmark*, Röstzwiebeln* (Zwiebeln*, Sonnenblumenöl*), Meersalz, Schnittlauch*, Maisstärke*, Champignons*, SELLERIE*, Knoblauch*, Kardamom*, Muskat*, Pfeffer*, Majoran*, Koriander*, Ingwer*, Piment* *aus biologischer Landwirtschaft",,,Fleischersatz Aufstr,135,,Feiner Linsenaufstrich 135G,20.0,2.4,560.0,7.9,3.3,2.1,6.1,243,6.1,g,2.1,g,0.5599999999999999,g,2.4,g,243,kcal,20.0,g,2.4,g,7.9,g,2.1,g,3.3,g,6.1,g,1.4,g,243.0,kcal,1004.0,kJ
04104420249189,Alnatura GmbH,"Vegetarische Soja Bolognese 0,35L","Zutaten: Tomatenmark* einfach konzentriert 46%, Tomaten* passiert 13%, Zwiebeln* 6,8%, Karotten* 6,7%, Paprika* 5,7%, Zucchini* 5,7 %, SOJAEIWEIßERZEUGNIS* 4%, Lauch* 4%, Sonnenblumenöl*, Sojasauce* (Wasser, SOJABOHNEN*, Salz), Zitronensaftkonzentrat*, Maisstärke*, Meersalz, Basilikum*, Knoblauch*, Thymian*, Paprika*, Oregano*, Pfeffer* *aus biologischer Landwirtschaft",,,Tomatensoßen,375,,"Vegetarische Soja Bolognese 0,35L",2.8,0.3,340.0,9.1,1.9,6.1,3.9,81,3.9,g,6.1,g,0.33999999999999997,g,0.3,g,81,kcal,2.8,g,0.3,g,9.1,g,6.1,g,1.9,g,3.9,g,0.85,g,81.0,kcal,340.0,kJ
04104420249226,Alnatura GmbH,Apfel Beeren Reiswaffeln 35G,"Zutaten: Reis* gepufft 88,5%, Apfelsaftkonzentrat* 9,9%, Heidelbeersaftkonzentrat* 0,7%, Erdbeersaftkonzentrat* 0,5%, Himbeersaftkonzentrat* 0,4%, Thiamin (Vitamin B1) *aus biologischer Landwirtschaft. Kann Spuren von Soja, Milch und Sesam enthalten.",,,Knabberprodukte,35,,Apfel Beeren Reiswaffeln 35G,0.7,0.2,12.0,81.0,0.8,6.9,7.2,361,7.2,g,6.9,g,0.012,g,0.2,g,361,kcal,0.7,g,0.2,g,81.0,g,6.9,g,0.8,g,7.2,g,0.03,g,361.0,kcal,1532.0,kJ
04104420249318,Alnatura GmbH,Brotchips Knoblauch & Kräuter 100G,"Zutaten: WEIZENMEHL*, Sonnenblumenöl*, Rübenzucker*, Speisesalz, Hefe*, Knoblauchpulver*, Chilipulver*, Petersilie*, Schnittlauch*, Rosmarin* *aus biologischer Landwirtschaft. Kann Spuren von Soja, Milch, Senf, Sesam und Lupine enthalten.",,,Salzgebäck,100,,Brotchips Knoblauch & Kräuter 100G,14.0,1.4,760.0,60.0,2.5,4.5,11.0,415,11.0,g,4.5,g,0.76,g,1.4,g,415,kcal,14.0,g,1.4,g,60.0,g,4.5,g,2.5,g,11.0,g,1.9,g,415.0,kcal,1745.0,kJ
04104420249356,Alnatura GmbH,Brotchips Mediterrane Paprika 100G,"Zutaten: WEIZENMEHL*, Sonnenblumenöl*, Rübenzucker*, Paprika*, Speisesalz, Hefe*, Rosmarin*, Oregano*, Chilipulver*, Paprikapulver* geräuchert (Paprika*, Rauch) *aus biologischer Landwirtschaft. Kann Spuren von Soja, Milch, Senf, Sesam und Lupine enthalten.",,,Salzgebäck,100,,Brotchips Mediterrane Paprika 100G,14.0,1.4,760.0,60.0,2.5,4.5,11.0,415,11.0,g,4.5,g,0.76,g,1.4,g,415,kcal,14.0,g,1.4,g,60.0,g,4.5,g,2.5,g,11.0,g,1.9,g,415.0,kcal,1745.0,kJ
04104420249875,Alnatura GmbH,Gelbe Linsen 500G,"Zutaten: Gelbe Linsen* *aus biologischer Landwirtschaft
Kann Spuren von Gluten, Erdnuss, Soja, Mandel, Nüssen und Sesam enthalten.",,,Hülsenfrüchte/Saaten,500,,Gelbe Linsen 500G,2.2,0.4,12.0,52.0,6.7,2.1,27.0,349,27.0,g,2.1,g,0.012,g,0.4,g,349,kcal,2.2,g,0.4,g,52.0,g,2.1,g,6.7,g,27.0,g,0.03,g,349.0,kcal,1478.0,kJ
04104420249967,Alnatura GmbH,Chiasamen 500g,"Kann Spuren von Gluten, Erdnuss, Soja, Mandel, Nüssen und Sesam enthalten.",,,Ölsaaten & Samen,500,,Chiasamen 500g,33.0,4.1,0.0,5.5,28.0,1.0,23.0,466,23.0,g,1.0,g,0.0,g,4.1,g,466,kcal,33.0,g,4.1,g,5.5,g,1.0,g,28.0,g,23.0,g,0.0,g,466.0,kcal,1925.0,kJ
04104420250062,Alnatura GmbH,Reisflocken 250G,"Zutaten: Reismehl*, Thiamin (Vitamin B1) *aus biologischer Landwirtschaft.",220,GRM,Getreidebreie,250,,Reisflocken 250G,3.7,2.2,44.0,21.5,0.3,4.7,4.9,140,4.9,g,4.7,g,0.044,g,2.2,g,140,kcal,3.7,g,2.2,g,21.5,g,4.7,g,0.3,g,4.9,g,0.11,g,140.0,kcal,588.0,kJ
04104420250192,Alnatura GmbH,Tortellini Gemüse semi frisch 250G,"Zutaten: Teig 74 %: HARTWEIZENGRIEß*, Wasser; Füllung 26 %: Wasser, Paniermehl* (WEIZENMEHL*, Hefe*), Kartoffelflocken*, Sonnenblumenöl*, Gemüse* getrocknet 6,5% (Zwiebeln* getrocknet, Karotten* getrocknet, Lauch* getrocknet, SELLERIE* getrocknet, Spinat* getrocknet), Meersalz, Emulgator: SOJALECITHIN*, Knoblauch*, Bohnenkraut*, Pfeffer* *aus biologischer Landwirtschaft
Kann Spuren von Milch enthalten.",,,gefüllte Nudeln,250,,Tortellini Gemüse semi frisch 250G,4.3,0.5,396.0,55.0,2.7,2.3,9.1,301,9.1,g,2.3,g,0.396,g,0.5,g,301,kcal,4.3,g,0.5,g,55.0,g,2.3,g,2.7,g,9.1,g,0.99,g,301.0,kcal,1270.0,kJ
04104420250239,Alnatura GmbH,Tortellini Käse semi frisch 250G,"Zutaten: Teig 74 %: HARTWEIZENGRIEß*, Wasser; Füllung 26 %: Käse* 40 % (SCHAFSKÄSE* 75 %, MOLKENKÄSE RICOTTA* 25 %), Paniermehl* (WEIZENMEHL*, Hefe*), Wasser, MILCHPULVER*, Sonnenblumenöl*, Meersalz, Emulgator: SOJALECITHIN*, Pfeffer* *aus biologischer Landwirtschaft
Kann Spuren von Sellerie enthalten.",,,gefüllte Nudeln,250,,Tortellini Käse semi frisch 250G,5.1,2.8,440.00000000000006,51.0,3.8,2.5,11.0,302,11.0,g,2.5,g,0.44000000000000006,g,2.8,g,302,kcal,5.1,g,2.8,g,51.0,g,2.5,g,3.8,g,11.0,g,1.1,g,302.0,kcal,1273.0,kJ
04104420250277,Alnatura GmbH,Dinkel Tortelloni Ricotta 250G,"Zutaten: Teig 74 %: DINKELGRIEß*¹, Wasser; Füllung 26 %: KÄSE* 50 % (MOLKENKÄSE RICOTTA* 50 %, BERGKÄSE*, SCHAFSKÄSE*), Paniermehl* (DINKELMEHL*¹, Hefe), MILCHPULVER*, Kartoffelflocken*, Spinat* getrocknet 6 %, Sonnenblumenöl*, Wasser, Meersalz, Gewürze* (Knoblauch*, Basilikum*, Pfeffer*), Emulgator: SOJALECITHIN *aus biologischer Landwirtschaft ¹Dinkel ist eine WEIZENART
Kann Spuren von Sellerie enthalten.",,,gefüllte Nudeln,250,,Dinkel Tortelloni Ricotta 250G,6.0,2.8,344.0,49.0,3.1,1.9,13.0,308,13.0,g,1.9,g,0.344,g,2.8,g,308,kcal,6.0,g,2.8,g,49.0,g,1.9,g,3.1,g,13.0,g,0.86,g,308.0,kcal,1301.0,kJ
04104420250314,Alnatura GmbH,Brokkoli (TK) 300G,Zutaten: Brokkoli* *aus biologischer Landwirtschaft.,,,Gemüse TK,300,,Brokkoli (TK) 300G,0.5,0.1,20.0,2.6,3.3,1.5,3.6,31,3.6,g,1.5,g,0.02,g,0.1,g,31,kcal,0.5,g,0.1,g,2.6,g,1.5,g,3.3,g,3.6,g,0.05,g,31.0,kcal,132.0,kJ
04104420250345,Alnatura GmbH,Passierte Tomaten 500G,"Zutaten: Tomaten*, Säureregulator: Zitronensäure *aus biologischer Landwirtschaft",,,Tomatenmark/Passata,500,,Passierte Tomaten 500G,0.5,0.1,8.0,4.7,1.0,3.8,1.6,27,1.6,g,3.8,g,0.008,g,0.1,g,27,kcal,0.5,g,0.1,g,4.7,g,3.8,g,1.0,g,1.6,g,0.02,g,27.0,kcal,115.0,kJ
04104420250383,Alnatura GmbH,"Frische Kuh&Kalb Heumilch 3,8% 1L V",,,,Frischmilch,1030,,"Frische Kuh&Kalb Heumilch 3,8% 1L V",3.8,2.4,52.0,4.8,0.5,4.8,3.3,67,3.3,g,4.8,g,0.052000000000000005,g,2.4,g,67,kcal,3.8,g,2.4,g,4.8,g,4.8,g,0.5,g,3.3,g,0.13,g,67.0,kcal,278.0,kJ
04104420250529,Alnatura GmbH,Rübenzucker 500g,Zutaten: Rübenzucker* *aus biologischer Landwirtschaft,,,Zucker,500,,Rübenzucker 500g,0.5,0.1,4.0,97.0,0.5,97.0,0.5,388,0.5,g,97.0,g,0.004,g,0.1,g,388,kcal,0.5,g,0.1,g,97.0,g,97.0,g,0.5,g,0.5,g,0.01,g,388.0,kcal,1649.0,kJ
04104420250680,Alnatura GmbH,Tofu Hack vegan 180G,"Zutaten: Tofu* frittiert 93% (SOJABOHNEN*, Wasser, Sonnenblumenöl*, Koagulationsmittel: Magnesiumchlorid, Calciumsulfat), Tofu* geräuchert 3% (SOJABOHNEN*, Wasser, Koagulationsmittel: Magnesiumchlorid, Calciumsulfat; Buchenholzrauch), GERSTENMALZEXTRAKT*, Meersalz, Pfeffer* *aus biologischer Landwirtschaft.",,,Tofu und Seitan,180,,Tofu Hack vegan 180G,18.0,2.9,372.0,1.5,1.0,0.8,21.0,254,21.0,g,0.8,g,0.372,g,2.9,g,254,kcal,18.0,g,2.9,g,1.5,g,0.8,g,1.0,g,21.0,g,0.93,g,254.0,kcal,1057.0,kJ
04104420250710,Alnatura GmbH,Saaten Mischung 250G,"Zutaten: Sonnenblumenkerne* 45 %, Kürbiskerne* 25 %, SESAM* ungeschält 15 %, Leinsamen* 15 % *aus biologischer Landwirtschaft. Kann Spuren von Gluten, Erdnuss und Soja enthalten.",,,Ölsaaten & Samen,250,,Saaten Mischung 250G,46.0,6.2,16.0,7.4,12.0,0.3,29.0,584,29.0,g,0.3,g,0.016,g,6.2,g,584,kcal,46.0,g,6.2,g,7.4,g,0.3,g,12.0,g,29.0,g,0.04,g,584.0,kcal,2417.0,kJ
04104420250918,Alnatura GmbH,"Caffè Crema, ganze Bohne 1.000G",,,,Kaffee ganze Bohne,1000,,"Caffè Crema, ganze Bohne 1.000G",,,,,,,,,,g,,g,,g,,g,,kcal,,g,,g,,g,,g,,g,,g,,g,,kcal,,kJ
04104420250956,Alnatura GmbH,Caffè Crema Pads 126G,,,,Kaffeepads,126,,Caffè Crema Pads 126G,,,,,,,,,,g,,g,,g,,g,,kcal,,g,,g,,g,,g,,g,,g,,g,,kcal,,kJ
04104420251380,Alnatura GmbH,Remoulade 250ML,"Zutaten: Sonnenblumenöl*, Gewürzgurken* 18% (Gurken*, Branntweinessig*, Rohrohrzucker*, Meersalz), Wasser, Eigelb* gesalzen 5,5% (EIGELB*, Meersalz), Rübenzucker*, Senf* (Wasser, Branntweinessig*, SENFSAAT*, Meersalz, Rohrohrzucker*, Kurkuma*), Branntweinessig*, Zwiebeln*, Meersalz, Knoblauch*, Zitronensaftkonzentrat*, Schnittlauch*, Petersilie* *aus biologischer Landwirtschaft",,,Mayonnaisen,250,,Remoulade 250ML,62.0,7.6,560.0,3.9,0.6,3.4,1.3,580,1.3,g,3.4,g,0.5599999999999999,g,7.6,g,580,kcal,62.0,g,7.6,g,3.9,g,3.4,g,0.6,g,1.3,g,1.4,g,580.0,kcal,2387.0,kJ
04104420251441,Alnatura GmbH,Apfel-Rotkohl (TK) 450G,"Zutaten: Rotkohl* 67 %, Wasser, Äpfel* 8 %, Rohrohrzucker*, Apfelsaft* 4 % aus Apfelsaftkonzentrat*, Apfelessig*, Kartoffelstärke*, Aceto Balsamico di Modena g.g.A.* (Weinessig*, Traubenmostkonzentrat*), Meersalz, Sonnenblumenöl*, Gewürze*, Reismehl*, Pastinaken*, Olivenöl*, Karotten* *aus biologischer Landwirtschaft. Kann Spuren von Gluten und Milch enthalten.",,,Gemüse TK,450,,Apfel-Rotkohl (TK) 450G,0.7,0.1,316.0,9.6,2.0,8.0,1.2,54,1.2,g,8.0,g,0.316,g,0.1,g,54,kcal,0.7,g,0.1,g,9.6,g,8.0,g,2.0,g,1.2,g,0.79,g,54.0,kcal,226.0,kJ
04104420251533,Alnatura GmbH,Schoko Butterkeks Zartbitter 130G,"Zutaten: Zartbitterschokolade* 48 % (Rohrohrzucker*, Kakaomasse*, Kakaobutter*), WEIZENMEHL*, Rohrohrzucker*, BUTTER* 5,5 %, WEIZENSTÄRKE*, MAGERMILCHPULVER*, WEIZENGRIEß*, Meersalz, Backtriebmittel: Ammoniumhydrogencarbonat, Natriumhydrogencarbonat; Vanilleextrakt* *aus biologischer Landwirtschaft
Kann Spuren von Ei, Mandel, Haselnuss und Sesam enthalten.",,,Kekse,130,,Schoko Butterkeks Zartbitter 130G,25.0,15.0,168.0,61.0,4.5,33.0,6.5,504,6.5,g,33.0,g,0.16799999999999998,g,15.0,g,504,kcal,25.0,g,15.0,g,61.0,g,33.0,g,4.5,g,6.5,g,0.42,g,504.0,kcal,2109.0,kJ
04104420251601,Alnatura GmbH,Ceylon Zimtstangen 6ST,Zutaten: Ceylon-Zimtstangen* *aus biologischer Landwirtschaft,,,Gewürze mono,25.5,,Ceylon Zimtstangen 6ST,,,,,,,,,,g,,g,,g,,g,,kcal,,g,,g,,g,,g,,g,,g,,g,,kcal,,kJ
04104420251779,Alnatura GmbH,Weizenbrötchen 350G,"Zutaten: WEIZENMEHL*, Wasser, Meersalz, Hefe*, ROGGENMEHL* *aus biologischer Landwirtschaft. Kann Spuren von Ei, Soja, Milch, Mandeln, Haselnuss, Walnuss und Sesam enthalten.",,,Feinbackw Kuchen TK,350,,Weizenbrötchen 350G,0.8,0.2,480.0,54.0,2.7,0.8,8.3,262,8.3,g,0.8,g,0.48,g,0.2,g,262,kcal,0.8,g,0.2,g,54.0,g,0.8,g,2.7,g,8.3,g,1.2,g,262.0,kcal,1110.0,kJ
04104420251809,Alnatura GmbH,Körnerbrötchen 350G,"Zutaten: Wasser, WEIZENMEHL*, WEIZENVOLLKORNSCHROT* fein, Sonnenblumenkerne* 8%, ROGGENMEHL*, ROGGENVOLLKORNMEHL*, Leinsamen* 4%, HAFERFLOCKEN*, ROGGENVOLLKORNSCHROT* grob, SOJASCHROT*, Hefe*, MALZBACKMITTEL* (WEIZENMALZMEHL*, WEIZENGLUTEN*, WEIZENMEHL*, Rübenzucker*, Acerolapulver*), Meersalz *aus biologischer Landwirtschaft. Kann Spuren von Ei, Milch, Mandeln, Haselnuss, Walnuss und Sesam enthalten.",,,Feinbackw Kuchen TK,350,,Körnerbrötchen 350G,6.6,0.8,560.0,41.0,5.6,1.2,9.3,272,9.3,g,1.2,g,0.5599999999999999,g,0.8,g,272,kcal,6.6,g,0.8,g,41.0,g,1.2,g,5.6,g,9.3,g,1.4,g,272.0,kcal,1144.0,kJ
04104420251830,Alnatura GmbH,Laugenbrezeln 350G,"Zutaten: WEIZENMEHL*, Wasser, MALZBACKMITTEL* (WEIZENMALZMEHL*, WEIZENGLUTEN*, WEIZENMEHL*, Rübenzucker*, Acerolapulver*), Sonnenblumenöl*, ROGGENMEHL*, Meersalz, Hefe*, Säureregulator: Natriumhydroxid *aus biologischer Landwirtschaft. Kann Spuren von Ei, Soja, Milch, Mandeln, Haselnuss, Walnuss und Sesam enthalten.",,,Feinbackw Kuchen TK,350,,Laugenbrezeln 350G,3.1,0.4,632.0,56.0,3.1,1.4,9.2,295,9.2,g,1.4,g,0.632,g,0.4,g,295,kcal,3.1,g,0.4,g,56.0,g,1.4,g,3.1,g,9.2,g,1.58,g,295.0,kcal,1284.0,kJ
04104420251885,Alnatura GmbH,Quitte Birne Fruchtmark 360G,"Zutaten: Quitten* 45%, Birnen* 35%, Bananen* 20% *aus biologischer Landwirtschaft",,,"Muse, Marke, Pürees",360,,Quitte Birne Fruchtmark 360G,0.5,0.1,4.0,12.0,4.1,10.0,0.7,61,0.7,g,10.0,g,0.004,g,0.1,g,61,kcal,0.5,g,0.1,g,12.0,g,10.0,g,4.1,g,0.7,g,0.01,g,61.0,kcal,255.0,kJ
04104420251892,Alnatura GmbH,Grieß Milchbrei 250G,"Zutaten: WEIZENVOLLKORNMEHL* 56 %, VOLLMILCHPULVER* 31 %, MAGERMILCHPULVER* 13 %, Calciumcarbonat, Thiamin (Vitamin B1), Vitamin A, Vitamin D *aus biologischer Landwirtschaft
Kann Spuren von Soja und Lupine enthalten.",220,GRM,Milchbreie,250,,Grieß Milchbrei 250G,3.4,1.9,52.0,19.3,2.0,6.6,6.7,139,6.7,g,6.6,g,0.052000000000000005,g,1.9,g,139,kcal,3.4,g,1.9,g,19.3,g,6.6,g,2.0,g,6.7,g,0.13,g,139.0,kcal,584.0,kJ
04104420251939,Alnatura GmbH,Dinkel Getreidebrei 250G,"Zutaten: DINKELVOLLKORNMEHL*¹, Thiamin (Vitamin B1) *aus biologischer Landwirtschaft ¹Dinkel ist eine WEIZENART
Kann Spuren von Soja, Milch, Senf und Lupine enthalten.",220,GRM,Getreidebreie,250,,Dinkel Getreidebrei 250G,4.1,2.3,48.0,18.3,1.7,4.8,6.2,138,6.2,g,4.8,g,0.048,g,2.3,g,138,kcal,4.1,g,2.3,g,18.3,g,4.8,g,1.7,g,6.2,g,0.12,g,138.0,kcal,582.0,kJ
04104420251977,Alnatura GmbH,Hafer Beeren Porridge 250G,"Zutaten: HAFERVOLLKORNFLOCKEN* 69%, HAFERVOLLKORNMEHL* 19%, Rosinen* zerkleinert und geölt 9% (Rosinen*, Sonnenblumenöl*), Erdbeerpulver* gefriergetrocknet 1,4%, Himbeerpulver* gefriergetrocknet 1%, Heidelbeerpulver* gefriergetrocknet 0,6%, Thiamin (Vitamin B1) *aus biologischer Landwirtschaft
Kann Spuren von Soja, Milch, Mandel, Nüssen und Lupine enthalten.",125,GRM,Cerealien,250,,Hafer Beeren Porridge 250G,5.2,2.2,4.0,23.4,2.3,7.0,6.7,172,6.7,g,7.0,g,0.004,g,2.2,g,172,kcal,5.2,g,2.2,g,23.4,g,7.0,g,2.3,g,6.7,g,0.01,g,172.0,kcal,723.0,kJ
04104420252011,Alnatura GmbH,Hafer Milchbrei 250G,"Zutaten: HAFERVOLLKORNMEHL* 61%, VOLLMILCHPULVER* 29%, MAGERMILCHPULVER* 10%, Calciumcarbonat, Thiamin (Vitamin B1), Vitamin A, Vitamin D *aus biologischer Landwirtschaft
Kann Spuren von Soja und Lupine enthalten.",220,GRM,Milchbreie,250,,Hafer Milchbrei 250G,4.3,2.0,52.0,20.4,0.9,6.0,6.4,148,6.4,g,6.0,g,0.052000000000000005,g,2.0,g,148,kcal,4.3,g,2.0,g,20.4,g,6.0,g,0.9,g,6.4,g,0.13,g,148.0,kcal,622.0,kJ
04104420252073,Alnatura GmbH,Chili Sin Carne 400G,"Zutaten: Tomaten* 31%, Wasser, Kidneybohnen* 17%, Kartoffeln* 8%, Mais*, Karotten*, Paprika*, Zwiebeln*, SELLERIE*, SOJAMEHL* teilentfettet und texturiert 1,7%, Maisstärke*, Traubensaftkonzentrat*, Meersalz, Sonnenblumenöl*, Rauchsalz (Meersalz, Buchenholzrauch), Chili*, Paprika edelsüß*, Petersilie*, Knoblauch* , Koriander*, Lorbeerblatt*, Zimt*, Liebstockwurzel*, Kreuzkümmel* *aus biologischer Landwirtschaft. Kann Spuren von Gluten und Sesam enthalten.",,,Fertig Kons veg.,400,,Chili Sin Carne 400G,0.9,0.1,440.00000000000006,9.6,3.8,3.2,3.8,70,3.8,g,3.2,g,0.44000000000000006,g,0.1,g,70,kcal,0.9,g,0.1,g,9.6,g,3.2,g,3.8,g,3.8,g,1.1,g,70.0,kcal,294.0,kJ
04104420252264,Alnatura GmbH,"*Weißer Glühwein 0,75L*","Zutaten: Wein (Bio Trauben, Säureregulatoren: Weinsäure (L(+)-), Antioxidantien: SULFITE), Bio-Rübenzucker, Bio Gewürzextrakt ENTHÄLT SULFITE",,,Weih. Alk. Getränke,750,,"*Weißer Glühwein 0,75L*",,,,7.7,,7.3,,87,,g,7.3,g,,g,,g,87,kcal,,g,,g,7.7,g,7.3,g,,g,,g,,g,87.0,kcal,362.0,kJ
04104420252400,Alnatura GmbH,Frischecreme Kräuter 150g,"Zutaten: Mandelzubereitung* 65% (Wasser, MANDELN* 10%) Kokosfett* 29%, Schnittlauch*, Petersilie*, Speisesalz, Zitronensaftkonzentrat*, Knoblauch* getrocknet, Pfeffer*, Verdickungsmittel: Johannisbrotkernmehl* *aus biologischer Landwirtschaft
Kann Spuren von Gluten, Soja, Walnuss, Sellerie, Senf und Sesam enthalten.",,,vegane Aufstriche,150,,Frischecreme Kräuter 150g,35.0,25.0,364.0,1.3,1.9,0.9,2.2,333,2.2,g,0.9,g,0.364,g,25.0,g,333,kcal,35.0,g,25.0,g,1.3,g,0.9,g,1.9,g,2.2,g,0.91,g,333.0,kcal,1370.0,kJ
04104420252431,Alnatura GmbH,Frischecreme Natur 150g,"Zutaten: Mandelzubereitung* 68% (Wasser, MANDELN* 11%), Kokosfett* 30 %, Speisesalz, Zitronensaftkonzentrat*, Verdickungsmittel: Johannisbrotkernmehl* *aus biologischer Landwirtschaft
Kann Spuren von Gluten, Soja, Walnuss, Sellerie, Senf und Sesam enthalten.",,,vegane Aufstriche,150,,Frischecreme Natur 150g,35.0,26.0,364.0,1.0,1.9,0.7,2.1,331,2.1,g,0.7,g,0.364,g,26.0,g,331,kcal,35.0,g,26.0,g,1.0,g,0.7,g,1.9,g,2.1,g,0.91,g,331.0,kcal,1363.0,kJ
04104420252462,Alnatura GmbH,Hummus frische Minze 150g,"Zutaten: Kichererbsen* 41%, Wasser, SESAMMUS*, Sonnenblumenöl*, SESAMÖL* geröstet, Minze* 1%, Kräuter*, Maisstärke*, Zitronensaftkonzentrat*, Speisesalz, Knoblauch* getrocknet, Gewürze*, Verdickungsmittel: Johannisbrotkernmehl* *aus biologischer Landwirtschaft
Kann Spuren von Gluten, Soja, Mandel, Walnuss, Sellerie und Senf enthalten",,,vegane Aufstriche,150,,Hummus frische Minze 150g,20.0,2.7,356.0,10.0,3.7,0.7,5.9,251,5.9,g,0.7,g,0.356,g,2.7,g,251,kcal,20.0,g,2.7,g,10.0,g,0.7,g,3.7,g,5.9,g,0.89,g,251.0,kcal,1040.0,kJ
04104420252493,Alnatura GmbH,Hummus Classic 150G,"Zutaten: Kichererbsen* 38%, Wasser, SESAMMUS*, Sonnenblumenöl*, SESAMÖL* geröstet, Maisstärke*, Speisesalz, Zitronensaftkonzentrat*, Knoblauch* getrocknet, Gewürze*, Verdickungsmittel: Johannisbrotkernmehl* *aus biologischer Landwirtschaft
Kann Spuren von Gluten, Soja, Mandel, Walnuss, Sellerie und Senf enthalten.",,,vegane Aufstriche,150,,Hummus Classic 150G,21.0,3.0,376.0,8.4,3.5,0.6,5.7,252,5.7,g,0.6,g,0.376,g,3.0,g,252,kcal,21.0,g,3.0,g,8.4,g,0.6,g,3.5,g,5.7,g,0.94,g,252.0,kcal,1045.0,kJ
04104420252523,Alnatura GmbH,Hummus gegrillte Paprika 150g,"Zutaten: Kichererbsen* 46%, Wasser, Sonnenblumenöl*, SESAMMUS*, Paprika* gegrillt 7%, Paprika* 6%, Maisstärke*, Speisesalz, Zitronensaftkonzentrat*, Gewürze*, Knoblauch* getrocknet, Verdickungsmittel: Johannisbrotkernmehl* *aus biologischer Landwirtschaft
Kann Spuren von Gluten, Soja, Mandel, Walnuss, Sellerie und Senf enthalten.",,,vegane Aufstriche,150,,Hummus gegrillte Paprika 150g,20.0,2.7,360.0,11.0,4.1,1.2,5.7,255,5.7,g,1.2,g,0.36,g,2.7,g,255,kcal,20.0,g,2.7,g,11.0,g,1.2,g,4.1,g,5.7,g,0.9,g,255.0,kcal,1057.0,kJ
04104420252554,Alnatura GmbH,Hummus getrocknete Tomate 150g,"Zutaten: Kichererbsen* 41%, Wasser, Sonnenblumenöl*, SESAMMUS*, Tomaten* getrocknet und gesalzen 5% (Tomaten* getrocknet 92 %, Meersalz 8 %), Tomaten* 4 % (Tomatenstücke*, Tomatensaft*), Maisstärke*, Speisesalz, Zwiebeln* getrocknet, Rübenzucker*, Zitronensaftkonzentrat*, Knoblauch* getrocknet, Gewürze*, Verdickungsmittel: Johannisbrotkernmehl* *aus biologischer Landwirtschaft
Kann Spuren von Gluten, Soja, Mandel, Walnuss, Sellerie und Senf enthalten.",,,vegane Aufstriche,150,,Hummus getrocknete Tomate 150g,20.0,2.7,376.0,13.0,4.1,3.3,6.1,265,6.1,g,3.3,g,0.376,g,2.7,g,265,kcal,20.0,g,2.7,g,13.0,g,3.3,g,4.1,g,6.1,g,0.94,g,265.0,kcal,1098.0,kJ
04104420252608,Alnatura GmbH,Honigwaffeln 175G,"Zutaten: Glukosesirup* 33 %, WEIZENMEHL*, Palmöl*, Getreidesirup* 12 % (Mais*, GERSTENMALZ*), Honig* 8 %, WEIZENKLEIE*, Backtriebmittel: Natriumcarbonat, SOJAMEHL*, VOLLEIPULVER*, Meersalz, Zimt* *aus biologischer Landwirtschaft
Kann Spuren von Erdnuss, Milch und Nüssen enthalten.",,,Waffeln,175,,Honigwaffeln 175G,18.0,8.4,560.0,62.0,1.3,34.0,4.0,429,4.0,g,34.0,g,0.5599999999999999,g,8.4,g,429,kcal,18.0,g,8.4,g,62.0,g,34.0,g,1.3,g,4.0,g,1.4,g,429.0,kcal,1798.0,kJ
04104420252882,Alnatura GmbH,Gemüse m. Kartoffeln und Kokosmilch,"Zutaten: Wasser, Karotten* 26%, rote Linsen** gekocht 13% (Wasser, rote Linsen**), Kartoffeln* 12%, rote Paprika** 3%, Kürbis* 3%, Lauch* 3%, Maismehl* 3%, Kokosmilch** 3% (Kokosextrakt** 65%, Wasser), Tomatenmark** 2-fach konzentriert 2%, Rapsöl* 0,7%, Koriander**, Petersilie** *aus Demeter Bio-Landbau (Anteil: 81%) **aus biologischer Landwirtschaft",,,Kindermenü,250,,Gemüse m. Kartoffeln und Kokosmilch,1.5,0.6,12.0,7.5,2.2,2.2,1.8,55,1.8,g,2.2,g,0.012,g,0.6,g,55,kcal,1.5,g,0.6,g,7.5,g,2.2,g,2.2,g,1.8,g,0.03,g,55.0,kcal,231.0,kJ
04104420253056,Alnatura GmbH,Black Tiger Garnelen (TK) 180g,"Zutaten: GARNELEN* 98 %, Wasser, Meersalz *aus biologischer Aquakultur
Kann Spuren von Sulfit enthalten",,,Fisch/Meeresfrü TK,180,,Black Tiger Garnelen (TK) 180g,0.6,0.2,200.0,0.5,0.5,0.5,15.0,65,15.0,g,0.5,g,0.2,g,0.2,g,65,kcal,0.6,g,0.2,g,0.5,g,0.5,g,0.5,g,15.0,g,0.5,g,65.0,kcal,277.0,kJ
04104420253087,Alnatura GmbH,Apfel-Pfirsich mit 3-Korn 190g,"Zutaten: Äpfel* 42%, Wasser, Pfirsiche* 18%, Bananen* 4%, WEIZENVOLLKORNFLOCKEN* grob gemahlen 3%, DINKELVOLLKORNFLOCKEN*^1 grob gemahlen 2%, HAFERVOLLKORNFLOCKEN* grob gemahlen 1%, Zitronensaft* / *aus Demeter Bio-Landbau (Anteil: 100%) / ^1 Dinkel ist eine Weizenart",,,Obst & Getreide,190,,Apfel-Pfirsich mit 3-Korn 190g,0.4,0.1,4.0,10.5,1.9,6.5,1.1,54,1.1,g,6.5,g,0.004,g,0.1,g,54,kcal,0.4,g,0.1,g,10.5,g,6.5,g,1.9,g,1.1,g,0.01,g,54.0,kcal,227.0,kJ
04104420253162,Alnatura GmbH,Blattspinat (TK) 450G,Zutaten: Blattspinat* *aus biologischer Landwirtschaft,,,Gemüse TK,450,,Blattspinat (TK) 450G,0.5,0.1,20.0,0.6,2.0,0.5,2.5,17,2.5,g,0.5,g,0.02,g,0.1,g,17,kcal,0.5,g,0.1,g,0.6,g,0.5,g,2.0,g,2.5,g,0.05,g,17.0,kcal,72.0,kJ
04104420253285,Alnatura GmbH,Soja Schnetzel grob 150G,"Zutaten: SOJAMEHL* teilentfettet und texturiert *aus biologischer Landwirtschaft
Kann Spuren von Gluten, Milch, Mandel, Nüssen und Sesam enthalten.",,,Sojaprodukte,150,,Soja Schnetzel grob 150G,7.5,1.6,8.0,14.0,15.0,6.2,50.0,354,50.0,g,6.2,g,0.008,g,1.6,g,354,kcal,7.5,g,1.6,g,14.0,g,6.2,g,15.0,g,50.0,g,0.02,g,354.0,kcal,1486.0,kJ
04104420253346,Alnatura GmbH,Buchweizenflocken 350G,"Zutaten: Buchweizenflocken* *aus biologischer Landwirtschaft
Kann Spuren von Soja, Senf und Lupine enthalten.",,,Flocken/Flockenmisch,350,,Buchweizenflocken 350G,2.7,0.5,4.0,71.0,3.6,0.5,12.0,364,12.0,g,0.5,g,0.004,g,0.5,g,364,kcal,2.7,g,0.5,g,71.0,g,0.5,g,3.6,g,12.0,g,0.01,g,364.0,kcal,1540.0,kJ
04104420253377,Alnatura GmbH,Edelbitter Schokolade 80G,"Zutaten: Kakaomasse*, Rohrohrzucker*, Kakaobutter* *aus biologischer Landwirtschaft
Kann Spuren von Soja, Milch, Mandel und Haselnuss enthalten.",,,Schokotafeln Dunkel,80,,Edelbitter Schokolade 80G,53.0,32.0,12.0,18.0,14.0,11.0,9.2,614,9.2,g,11.0,g,0.012,g,32.0,g,614,kcal,53.0,g,32.0,g,18.0,g,11.0,g,14.0,g,9.2,g,0.03,g,614.0,kcal,2535.0,kJ
04104420253414,Alnatura GmbH,Sesam ungeschält 200G,"Zutaten: SESAM* *aus Demeter Bio-Landbau
Kann Spuren von Gluten enthalten.",,,Ölsaaten & Samen,200,,Sesam ungeschält 200G,55.0,8.5,4.0,1.6,13.0,1.2,22.0,615,22.0,g,1.2,g,0.004,g,8.5,g,615,kcal,55.0,g,8.5,g,1.6,g,1.2,g,13.0,g,22.0,g,0.01,g,615.0,kcal,2540.0,kJ
04104420253445,Alnatura GmbH,Abendbrei Hafer-Dinkel 190g,"Zutaten: MAGERMILCH* 61 %, Wasser, HAFERVOLLKORNFLOCKEN* grob gemahlen 4%, DINKELGRIEß*¹ 2%, DINKELVOLLKORNMEHL*¹ 1,5 %, Rapsöl* 1,3 %, Reisgrieß*, Thiamin (Vitamin B1) *aus biologischer Landwirtschaft ¹ Dinkel ist eine WEIZENART
Kann Spuren von Soja und Lupine enthalten.",,,Weiße Linie,190,,Abendbrei Hafer-Dinkel 190g,1.7,0.2,32.0,8.5,0.6,3.0,3.0,63,3.0,g,3.0,g,0.032,g,0.2,g,63,kcal,1.7,g,0.2,g,8.5,g,3.0,g,0.6,g,3.0,g,0.08,g,63.0,kcal,263.0,kJ
04104420253476,Alnatura GmbH,Dinkel Butterkekse 125g,"Zutaten: DINKELMEHL*¹ Type 630 (50 %), DINKELVOLLKORNSCHROT*¹ 22%, Dattelmus* 14%, BUTTER** 13%, Backtriebmittel: Natriumhydrogencarbonat, Thiamin (Vitamin B1) *aus Demeter Bio-Landbau (86%) **aus biologischer Landwirtschaft ¹ Dinkel ist eine WEIZENART
Kann Spuren von Soja, Mandel, Haselnuss, Senf, Sesam und Lupine enthalten.",,,Knabberprodukte,125,,Dinkel Butterkekse 125g,12.2,7.5,32.0,58.3,5.0,9.8,9.8,392,9.8,g,9.8,g,0.032,g,7.5,g,392,kcal,12.2,g,7.5,g,58.3,g,9.8,g,5.0,g,9.8,g,0.08,g,392.0,kcal,1649.0,kJ
04104420253551,Alnatura GmbH,Hirse-Getreidebrei 250G,"Zutaten: Hirsevollkornmehl*, Thiamin (Vitamin B1) *aus biologischer Landwirtschaft
Kann Spuren von Senf enthalten.",220,GRM,Getreidebreie,250,,Hirse-Getreidebrei 250G,4.6,2.4,52.0,19.9,0.7,4.8,5.6,145,5.6,g,4.8,g,0.052000000000000005,g,2.4,g,145,kcal,4.6,g,2.4,g,19.9,g,4.8,g,0.7,g,5.6,g,0.13,g,145.0,kcal,609.0,kJ
04104420253582,Alnatura GmbH,Kürbiskerne 200G,"Zutaten: Kürbiskerne* *aus biologischer Landwirtschaft
Kann Spuren von Gluten, Soja, Mandel, Nüssen und Sesam enthalten.",,,Ölsaaten & Samen,200,,Kürbiskerne 200G,48.0,8.9,4.0,1.3,6.3,1.3,37.0,598,37.0,g,1.3,g,0.004,g,8.9,g,598,kcal,48.0,g,8.9,g,1.3,g,1.3,g,6.3,g,37.0,g,0.01,g,598.0,kcal,2478.0,kJ
04104420253629,Alnatura GmbH,Sesam ungeschält 400G,"Zutaten: SESAM* *aus biologischer Landwirtschaft
Kann Spuren von Gluten enthalten.",,,Ölsaaten & Samen,400,,Sesam ungeschält 400G,50.0,7.6,44.0,10.0,11.0,0.5,21.0,596,21.0,g,0.5,g,0.044,g,7.6,g,596,kcal,50.0,g,7.6,g,10.0,g,0.5,g,11.0,g,21.0,g,0.11,g,596.0,kcal,2465.0,kJ
04104420253667,Alnatura GmbH,Spaghetti Quadrati 500G,"Zutaten: HARTWEIZENGRIEß* *aus biologischer Landwirtschaft
Kann Spuren von Soja und Senf enthalten.",,,lange Nudeln,500,,Spaghetti Quadrati 500G,1.5,0.4,4.0,71.0,2.6,4.3,12.0,351,12.0,g,4.3,g,0.004,g,0.4,g,351,kcal,1.5,g,0.4,g,71.0,g,4.3,g,2.6,g,12.0,g,0.01,g,351.0,kcal,1487.0,kJ
04104420253704,Alnatura GmbH,Mezzi Rigatoni 500G,"Zutaten: HARTWEIZENGRIEß* *aus biologischer Landwirtschaft
Kann Spuren von Soja und Senf enthalten.",,,kurze Nudeln,500,,Mezzi Rigatoni 500G,1.5,0.4,4.0,71.0,3.0,2.6,13.0,356,13.0,g,2.6,g,0.004,g,0.4,g,356,kcal,1.5,g,0.4,g,71.0,g,2.6,g,3.0,g,13.0,g,0.01,g,356.0,kcal,1508.0,kJ
04104420253742,Alnatura GmbH,Voll Drink 1L,"Zutaten: Wasser, HAFERVOLLKORN* 3,5%, SOJABOHNEN* 2,9 %, Kokosextrakt* 2,4 %, Sonnenblumenöl*, Meersalz, Bourbonvanilleextrakt* *aus biologischer Landwirtschaft",,,Drink Mischungen,1031,,Voll Drink 1L,3.2,1.0,80.0,3.4,0.5,1.5,1.5,48,1.5,g,1.5,g,0.08,g,1.0,g,48,kcal,3.2,g,1.0,g,3.4,g,1.5,g,0.5,g,1.5,g,0.2,g,48.0,kcal,202.0,kJ
04104420253827,Alnatura GmbH,Müsli Riegel Schoko 150G,"Zutaten: HAFERFLOCKEN* 20%, Glukosesirup*, Zartbitterschokoladentropfen* 18%, (Rohrzucker*, Kakaomasse*, Kakaobutter*), Reissirup*, Getreidemehl* extrudiert mit Kakaopulver* (WEIZENMEHL*, Reismehl*, Rübenzucker*, Kakaopulver* stark entölt, MAGERMILCHPULVER*, Meersalz), Mais* gewalzt, Sonnenblumenöl*, DINKELWEIZENFLOCKEN*¹, Kakaopulver* stark entölt, Vanilleextrakt*, Meersalz, WEIZENMEHL* *aus biologischer Landwirtschaft ¹DINKEL IST EINE WEIZENART
Kann Spuren von Soja, Mandel, Haselnuss, Walnuss, Cashewnuss, Pecannuss, Paranuss, Pistazie und Macadamianuss enthalten.",,,Müsli-&Getr.Riegel,150,,Müsli Riegel Schoko 150G,14.0,4.4,64.0,65.0,4.7,21.0,6.2,420,6.2,g,21.0,g,0.064,g,4.4,g,420,kcal,14.0,g,4.4,g,65.0,g,21.0,g,4.7,g,6.2,g,0.16,g,420.0,kcal,1766.0,kJ
04104420253865,Alnatura GmbH,Hafercookies 250G,"Zutaten: HAFERVOLLKORNFLOCKEN* 43 %, WEIZENVOLLKORNMEHL*, Rübenzucker*, Sonnenblumenöl*, GERSTENMALZEXTRAKT*, Backtriebmittel: Ammoniumcarbonat, Natriumcarbonat; Meersalz *aus biologischer Landwirtschaft
Kann Spuren von Ei, Soja, Milch, Mandel, Nüssen und Senf enthalten.",,,Kekse,250,,Hafercookies 250G,20.0,1.6,260.0,62.0,6.4,18.0,7.0,469,7.0,g,18.0,g,0.26,g,1.6,g,469,kcal,20.0,g,1.6,g,62.0,g,18.0,g,6.4,g,7.0,g,0.65,g,469.0,kcal,1964.0,kJ
04104420253896,Alnatura GmbH,Abendbrei Grießbrei pur 190G,"Zutaten: MAGERMILCH* 60%, Wasser, WEIZENGRIEß* 5,5%, SAHNE* 3%, WEIZENVOLLKORNMEHL* 2,5%, WEIZENVOLLKORNFLOCKEN* grob gemahlen 1,5%, Rapsöl* 0,7%, Thiamin (Vitamin B1) *aus biologischer Landwirtschaft
Kann Spuren von Soja und Lupine enthalten.",,,Weiße Linie,190,,Abendbrei Grießbrei pur 190G,1.8,0.7,32.0,8.8,1.3,3.0,3.1,66,3.1,g,3.0,g,0.032,g,0.7,g,66,kcal,1.8,g,0.7,g,8.8,g,3.0,g,1.3,g,3.1,g,0.08,g,66.0,kcal,279.0,kJ
04104420253926,Alnatura GmbH,Abendbrei Mehrkornbrei 190G,"Zutaten: MAGERMILCH* 61%, Wasser, WEIZENVOLLKORNFLOCKEN* grob gemahlen 3,5%, DINKELVOLLKORNMEHL*¹ 2,5%, Rapsöl* 1,7%, WEIZENVOLLKORNMEHL* 1,5%, HAFERVOLLKORNFLOCKEN* grob gemahlen 1,5%, Reisgrieß*, Thiamin (Vitamin B1) *aus biologischer Landwirtschaft ¹Dinkel ist eine WEIZENART
Kann Spuren von Soja und Lupine enthalten.",,,Weiße Linie,190,,Abendbrei Mehrkornbrei 190G,1.9,0.2,32.0,9.3,1.1,3.0,3.2,69,3.2,g,3.0,g,0.032,g,0.2,g,69,kcal,1.9,g,0.2,g,9.3,g,3.0,g,1.1,g,3.2,g,0.08,g,69.0,kcal,292.0,kJ
04104420253957,Alnatura GmbH,Paranusskerne 200G,"Zutaten: PARANUSSKERNE* *aus biologischer Landwirtschaft
Kann Spuren von Gluten, Erdnuss, Soja, Mandel, anderen Nüssen und Sesam enthalten.",,,Nüsse & Kerne mono,200,,Paranusskerne 200G,67.0,17.0,12.0,2.7,7.9,2.1,17.0,698,17.0,g,2.1,g,0.012,g,17.0,g,698,kcal,67.0,g,17.0,g,2.7,g,2.1,g,7.9,g,17.0,g,0.03,g,698.0,kcal,2877.0,kJ
04104420254077,Alnatura GmbH,Berglinsen 400G,"Zutaten: Berglinsen* *aus biologischer Landwirtschaft
Kann Spuren von Gluten, Erdnuss, Soja, Mandel, Nüssen und Sesam enthalten.",,,Hülsenfrüchte/Saaten,400,,Berglinsen 400G,1.7,0.5,12.0,53.0,11.0,2.4,25.0,349,25.0,g,2.4,g,0.012,g,0.5,g,349,kcal,1.7,g,0.5,g,53.0,g,2.4,g,11.0,g,25.0,g,0.03,g,349.0,kcal,1477.0,kJ
04104420254107,Alnatura GmbH,Rote Linsen 400G,"Zutaten: Rote Linsen* *aus biologischer Landwirtschaft
Kann Spuren von Gluten, Erdnuss, Soja, Mandel, Nüssen und Sesam enthalten.",,,Hülsenfrüchte/Saaten,400,,Rote Linsen 400G,2.6,0.6,12.0,55.0,5.2,2.3,27.0,362,27.0,g,2.3,g,0.012,g,0.6,g,362,kcal,2.6,g,0.6,g,55.0,g,2.3,g,5.2,g,27.0,g,0.03,g,362.0,kcal,1532.0,kJ
04104420254183,Alnatura GmbH,Sticks Rote Bete & Meersalz 100G,"Zutaten: DINKELMEHL*¹ 65 %, Kartoffelflocken*, Sonnenblumenöl*, Rote-Bete-Saftkonzentrat* 7,7 %, Meersalz 1,9 % *aus biologischer Landwirtschaft ¹Dinkel ist eine WEIZENART
Kann Spuren von Ei, Milch, Mandel und Nüssen enthalten.",,,Salzgebäck,100,,Sticks Rote Bete & Meersalz 100G,13.0,1.3,800.0,71.0,3.7,5.2,9.9,448,9.9,g,5.2,g,0.8,g,1.3,g,448,kcal,13.0,g,1.3,g,71.0,g,5.2,g,3.7,g,9.9,g,2.0,g,448.0,kcal,1886.0,kJ
04104420254220,Alnatura GmbH,Sticks Thymian & Meersalz 100G,"Zutaten: DINKELMEHL*¹ 68 %, Kartoffelflocken*, Sonnenblumenöl*, Meersalz 1,9 %, Thymian 0,7 %* *aus biologischer Landwirtschaft ¹Dinkel ist eine WEIZENART
Kann Spuren von Ei, Milch, Mandel und Nüssen enthalten.",,,Salzgebäck,100,,Sticks Thymian & Meersalz 100G,14.0,1.4,840.0,70.0,3.7,1.1,9.9,453,9.9,g,1.1,g,0.8400000000000001,g,1.4,g,453,kcal,14.0,g,1.4,g,70.0,g,1.1,g,3.7,g,9.9,g,2.1,g,453.0,kcal,1906.0,kJ
04104420254305,Alnatura GmbH,Hirse 1.000G,"Zutaten: Hirse* *aus biologischer Landwirtschaft
Kann Spuren von Gluten, Soja, Milch, Mandel, Nüssen, Sellerie und Sesam enthalten.",,,Getreide ganz Natur,1000,,Hirse 1.000G,3.9,0.9,4.0,69.0,3.9,1.6,11.0,363,11.0,g,1.6,g,0.004,g,0.9,g,363,kcal,3.9,g,0.9,g,69.0,g,1.6,g,3.9,g,11.0,g,0.01,g,363.0,kcal,1536.0,kJ
04104420254411,Alnatura GmbH,Knusper Gebäck 150G,"Zutaten: SESAM* 19 %, HAFERFLOCKEN* 15 %, Kürbiskerne* 15 %, CASHEWNÜSSE* 15 %, Korinthen* 12 %, Rübenzucker*, Maltodextrin*, Palmöl*, Honig*, MAGERMILCHPULVER*, Emulgator: Lecithin* *aus biologischer Landwirtschaft
Kann Spuren von Ei, Erdnuss, Soja, Mandel, Haselnuss, Walnuss, Pistazie und Lupine enthalten.",,,Kekse,150,,Knusper Gebäck 150G,29.0,7.1,12.0,42.0,6.0,21.0,16.0,505,16.0,g,21.0,g,0.012,g,7.1,g,505,kcal,29.0,g,7.1,g,42.0,g,21.0,g,6.0,g,16.0,g,0.03,g,505.0,kcal,2107.0,kJ
04104420254510,Alnatura GmbH,Brat Olivenöl 750ML,"Zutaten: Olivenöl* raffiniert 80 %, Olivenöl* nativ 20 % *aus biologischer Landwirtschaft",,,Olivenöle,688,,Brat Olivenöl 750ML,92.0,16.0,4.0,0.5,0.5,0.5,0.5,828,0.5,g,0.5,g,0.004,g,16.0,g,828,kcal,92.0,g,16.0,g,0.5,g,0.5,g,0.5,g,0.5,g,0.01,g,828.0,kcal,3404.0,kJ
04104420254558,Alnatura GmbH,Grill- und Pfannenkäse 180G,"Zutaten: KUHMILCH*, SCHAFMILCH*, ZIEGENMILCH*, Speisesalz, mikrobielles Lab, Minze* *aus biologischer Landwirtschaft",,,Salzlakenkäse,180,,Grill- und Pfannenkäse 180G,28.0,20.0,880.0000000000001,1.5,0.5,1.4,20.0,338,20.0,g,1.4,g,0.8800000000000001,g,20.0,g,338,kcal,28.0,g,20.0,g,1.5,g,1.4,g,0.5,g,20.0,g,2.2,g,338.0,kcal,1402.0,kJ
04104420254626,Alnatura GmbH,Haferflocken Feinblatt 1.000G,"Zutaten: HAFERVOLLKORNFLOCKEN* *aus Demeter Bio-Landbau
Kann Spuren von Soja, Senf und Lupine enthalten.",,,Flocken/Flockenmisch,1000,,Haferflocken Feinblatt 1.000G,6.7,1.1,4.0,60.0,9.7,0.8,13.0,372,13.0,g,0.8,g,0.004,g,1.1,g,372,kcal,6.7,g,1.1,g,60.0,g,0.8,g,9.7,g,13.0,g,0.01,g,372.0,kcal,1567.0,kJ
04104420254657,Alnatura GmbH,Haferflocken Großblatt 1.000G,"Zutaten: HAFERVOLLKORNFLOCKEN* *aus Demeter Bio-Landbau
Kann Spuren von Soja, Senf und Lupine enthalten.",,,Flocken/Flockenmisch,1000,,Haferflocken Großblatt 1.000G,6.7,1.1,4.0,60.0,9.7,0.8,13.0,372,13.0,g,0.8,g,0.004,g,1.1,g,372,kcal,6.7,g,1.1,g,60.0,g,0.8,g,9.7,g,13.0,g,0.01,g,372.0,kcal,1567.0,kJ
04104420254688,Alnatura GmbH,Erdnussflips Linse & Kichererbse 75G,"Zutaten: Linsen* 41 %, Kichererbsen* 27 %, Erdnussmus* 25 % (ERDNÜSSE* geröstet), Sonnenblumenöl*, Meersalz *aus biologischer Landwirtschaft",,,sonstige Chips/Flips,75,,Erdnussflips Linse & Kichererbse 75G,20.0,3.7,560.0,31.0,19.0,1.6,22.0,430,22.0,g,1.6,g,0.5599999999999999,g,3.7,g,430,kcal,20.0,g,3.7,g,31.0,g,1.6,g,19.0,g,22.0,g,1.4,g,430.0,kcal,1793.0,kJ
04104420254756,Alnatura GmbH,Dinkel Crunchy 750G,"Zutaten: DINKELVOLLKORNFLOCKEN*¹ 64%, Rohrohrzucker*, Sonnenblumenöl*, Maissirup*, DINKELVOLLKORNMEHL*¹ 3,6%, Vollkornreismehl* extrudiert, Meersalz *aus biologischer Landwirtschaft ¹Dinkel ist eine WEIZENART
Kann Spuren von Soja, Milch, Mandel, Nüssen und Sesam enthalten.",,,Crunchys,750,,Dinkel Crunchy 750G,13.0,0.7,64.0,66.0,6.2,18.0,11.0,437,11.0,g,18.0,g,0.064,g,0.7,g,437,kcal,13.0,g,0.7,g,66.0,g,18.0,g,6.2,g,11.0,g,0.16,g,437.0,kcal,1840.0,kJ
04104420254862,Alnatura GmbH,Weidemilch Buttermilch 1000G,,,,Sauermilch,1000,,Weidemilch Buttermilch 1000G,0.6,0.4,48.0,4.7,0.5,4.7,3.4,38,3.4,g,4.7,g,0.048,g,0.4,g,38,kcal,0.6,g,0.4,g,4.7,g,4.7,g,0.5,g,3.4,g,0.12,g,38.0,kcal,160.0,kJ
04104420254893,Alnatura GmbH,Schoko Maiswaffeln VM 65G,"Zutaten: Vollmilchschokolade* 59 % (Rohrzucker*, Kakaobutter*, VOLLMILCHPULVER*, Kakaomasse*, Vanilleextrakt*), Mais* 41 % *aus biologischer Landwirtschaft
Kann Spuren von Soja, Mandel, Haselnuss und Sesam enthalten.",,,Reis/Getr waffel süß,65,,Schoko Maiswaffeln VM 65G,24.0,15.0,48.0,63.0,2.0,27.0,7.2,501,7.2,g,27.0,g,0.048,g,15.0,g,501,kcal,24.0,g,15.0,g,63.0,g,27.0,g,2.0,g,7.2,g,0.12,g,501.0,kcal,2097.0,kJ
04104420254930,Alnatura GmbH,Schoko Maiswaffeln ZB 65G,"Zutaten: Zartbitterschokolade* 59 % (Rohrzucker*, Kakaomasse*, Kakaobutter*), Mais* 41 % *aus biologischer Landwirtschaft
Kann Spuren von Soja, Milch, Mandel, Haselnuss und Sesam enthalten.",,,Reis/Getr waffel süß,65,,Schoko Maiswaffeln ZB 65G,24.0,14.0,4.0,63.0,4.2,26.0,5.6,499,5.6,g,26.0,g,0.004,g,14.0,g,499,kcal,24.0,g,14.0,g,63.0,g,26.0,g,4.2,g,5.6,g,0.01,g,499.0,kcal,2088.0,kJ
04104420255005,Alnatura GmbH,Erdnuss-Dattel-Kakao Creme 250G,"Zutaten: Dattelsirup* 56%, ERDNÜSSE* geröstet 43%, fettarmes Kakaopulver* *aus biologischer Landwirtschaft
Kann Spuren von Soja, Mandel, Haselnuss, Cashewnuss und Pistazie enthalten.",,,Schoko/NussAufstrich,250,,Erdnuss-Dattel-Kakao Creme 250G,21.0,4.2,44.0,41.0,4.5,39.0,13.0,414,13.0,g,39.0,g,0.044,g,4.2,g,414,kcal,21.0,g,4.2,g,41.0,g,39.0,g,4.5,g,13.0,g,0.11,g,414.0,kcal,1731.0,kJ
04104420255210,Alnatura GmbH,Dinkelmehl Type 1050 1.000G,"Zutaten: DINKELMEHL*¹ Type 1050 *aus biologischer Landwirtschaft ¹Dinkel ist eine WEIZENART
Kann Spuren von Soja und Lupine enthalten.",,,ausgemahlene Mehle,1000,,Dinkelmehl Type 1050 1.000G,1.9,0.4,4.0,68.0,5.1,1.0,12.0,347,12.0,g,1.0,g,0.004,g,0.4,g,347,kcal,1.9,g,0.4,g,68.0,g,1.0,g,5.1,g,12.0,g,0.01,g,347.0,kcal,1471.0,kJ
04104420255227,Alnatura GmbH,Weizenvollkornmehl 1.000G,"Zutaten: WEIZENVOLLKORNMEHL* *aus biologischer Landwirtschaft
Kann Spuren von Soja und Lupine enthalten.",,,Vollkornmehle,1000,,Weizenvollkornmehl 1.000G,2.4,0.3,4.0,60.0,13.0,0.7,11.0,332,11.0,g,0.7,g,0.004,g,0.3,g,332,kcal,2.4,g,0.3,g,60.0,g,0.7,g,13.0,g,11.0,g,0.01,g,332.0,kcal,1400.0,kJ
04104420255296,Alnatura GmbH,Dinkel gepufft ungesüßt 170G,"Zutaten: DINKEL*¹ gepufft *aus biologischer Landwirtschaft ¹Dinkel ist eine WEIZENART
Kann vereinzelt Sojabohnen enthalten. Kann Spuren von Mandel, Cashewnuss, Senf, Sesam und Lupine enthalten.",,,gepufftes Getreide,170,,Dinkel gepufft ungesüßt 170G,3.0,0.6,4.0,64.0,10.0,0.8,13.0,355,13.0,g,0.8,g,0.004,g,0.6,g,355,kcal,3.0,g,0.6,g,64.0,g,0.8,g,10.0,g,13.0,g,0.01,g,355.0,kcal,1500.0,kJ
04104420255340,Alnatura GmbH,Kurkuma Shot 250ML,"Zutaten: Apfelsaft*, Orangensaft* 15 %, Mangomark* 15 %, Acerolakirschmark*, Traubensaft* weiß, Ingwersaft* 8 %, Kurkumasaft* 5 %, Zitronensaft* aus Zitronensaftkonzentrat*, Pfeffer* weiß *aus biologischer Landwirtschaft",,,Obstsäfte Mischungen,261,,Kurkuma Shot 250ML,0.5,0.1,4.0,10.0,0.5,10.0,0.5,40,0.5,g,10.0,g,0.004,g,0.1,g,40,kcal,0.5,g,0.1,g,10.0,g,10.0,g,0.5,g,0.5,g,0.01,g,40.0,kcal,170.0,kJ
04104420255388,Alnatura GmbH,Ingwer Shot 250ML,"Zutaten: Apfelsaft* 46 %, Traubensaft* weiß, Acerolakirschmark*, Grapefruitsaft* 10 %, Ingwersaft* 8 %, Zitronensaft*, Zitronensaft* aus Zitronensaftkonzentrat* *aus biologischer Landwirtschaft",,,Obstsäfte Mischungen,261,,Ingwer Shot 250ML,0.5,0.1,4.0,10.0,0.5,10.0,0.5,40,0.5,g,10.0,g,0.004,g,0.1,g,40,kcal,0.5,g,0.1,g,10.0,g,10.0,g,0.5,g,0.5,g,0.01,g,40.0,kcal,170.0,kJ
04104420255531,Alnatura GmbH,Blaumohn 200G,"Kann Spuren von Gluten, Soja, Milch, Mandel, Nüssen, Senf, Sesam und Lupine enthalten.",,,Backzutaten,200,,Blaumohn 200G,42.0,4.9,12.0,4.2,21.0,0.5,24.0,533,24.0,g,0.5,g,0.012,g,4.9,g,533,kcal,42.0,g,4.9,g,4.2,g,0.5,g,21.0,g,24.0,g,0.03,g,533.0,kcal,2201.0,kJ
04104420255562,Alnatura GmbH,Maiswaffel natur 110G,"Zutaten: Mais* *aus biologischer Landwirtschaft
Kann Spuren von Sesam enthalten.",,,Reis/Getreidewaffeln,110,,Maiswaffel natur 110G,1.4,0.5,4.0,85.0,1.7,0.2,7.0,384,7.0,g,0.2,g,0.004,g,0.5,g,384,kcal,1.4,g,0.5,g,85.0,g,0.2,g,1.7,g,7.0,g,0.01,g,384.0,kcal,1629.0,kJ
04104420255609,Alnatura GmbH,"Johannisbeer Nektar 0,75L","Zutaten: Wasser, Schwarzer Johannisbeersaft* 25 %, Rübenzucker* *aus biologischer Landwirtschaft",,,Obstsäfte Mischungen,780,,"Johannisbeer Nektar 0,75L",0.5,0.1,4.0,7.7,0.5,7.7,0.5,31,0.5,g,7.7,g,0.004,g,0.1,g,31,kcal,0.5,g,0.1,g,7.7,g,7.7,g,0.5,g,0.5,g,0.01,g,31.0,kcal,131.0,kJ
04104420255838,Alnatura GmbH,Dinkel wie Reis 400G,"Zutaten: DINKEL*¹ *aus Demeter Bio-Landbau. ¹Dinkel ist eine WEIZENART.
Kann Spuren von Sesam enthalten.",,,Getreideerzeugnisse,400,,Dinkel wie Reis 400G,1.8,0.3,4.0,66.0,8.0,0.5,10.0,336,10.0,g,0.5,g,0.004,g,0.3,g,336,kcal,1.8,g,0.3,g,66.0,g,0.5,g,8.0,g,10.0,g,0.01,g,336.0,kcal,1423.0,kJ
04104420255906,Alnatura GmbH,Amaranth 500G,"Zutaten: Amaranth* *aus biologischer Landwirtschaft
Kann Spuren von Gluten, Soja, Mandel, Cashew, Senf, Sesam und Lupine enthalten.",,,Getreide ganz Natur,500,,Amaranth 500G,6.7,1.9,16.0,64.0,8.8,1.1,14.0,390,14.0,g,1.1,g,0.016,g,1.9,g,390,kcal,6.7,g,1.9,g,64.0,g,1.1,g,8.8,g,14.0,g,0.04,g,390.0,kcal,1644.0,kJ
04104420255944,Alnatura GmbH,Kokos Snack pur 100G,"Zutaten: Kokos* *aus biologischer Landwirtschaft
Kann Spuren von Erdnuss, Mandel und Nüssen enthalten.",,,Tro Früchte verarb,100,,Kokos Snack pur 100G,61.0,52.0,100.0,15.0,14.0,5.9,6.8,664,6.8,g,5.9,g,0.1,g,52.0,g,664,kcal,61.0,g,52.0,g,15.0,g,5.9,g,14.0,g,6.8,g,0.25,g,664.0,kcal,2740.0,kJ
04104420256019,Alnatura GmbH,Hafer Riegel Erdbeere 60G,"Zutaten: HAFERVOLLKORNFLOCKEN* 55 %, Reissirup*, Sonnenblumenöl*, Apfelsaftkonzentrat*, Erdbeerstücke* gefriergetrocknet 3 %, Meersalz *aus biologischer Landwirtschaft
Kann Spuren von Ei, Soja, Milch, Mandel, Nüssen und Sesam enthalten.",,,Müsli-&Getr.Riegel,60,,Hafer Riegel Erdbeere 60G,12.0,1.3,72.0,64.0,6.3,22.0,8.1,409,8.1,g,22.0,g,0.072,g,1.3,g,409,kcal,12.0,g,1.3,g,64.0,g,22.0,g,6.3,g,8.1,g,0.18,g,409.0,kcal,1720.0,kJ
04104420256040,Alnatura GmbH,Apfelmark m. Aprikose 360G,"Zutaten: Äpfel* 75 %, Aprikosen* 25 % *aus biologischer Landwirtschaft",,,"Muse, Marke, Pürees",360,,Apfelmark m. Aprikose 360G,0.5,0.1,4.0,12.0,1.7,11.0,0.5,54,0.5,g,11.0,g,0.004,g,0.1,g,54,kcal,0.5,g,0.1,g,12.0,g,11.0,g,1.7,g,0.5,g,0.01,g,54.0,kcal,227.0,kJ
04104420256071,Alnatura GmbH,Kindereis Vanille Schoko (TK) 4 St,"Zutaten: Entrahmte MILCH*, SAHNE* 34 %, Rohrohrzucker*, EIGELB*, Glukosesirup*, fettarmes Kakaopulver* 1,7 %, MAGERMILCHPULVER*, Stabilisator: Johannisbrotkernmehl*, Bourbonvanilleextrakt*, Bourbonvanilleschoten* gemahlen *aus biologischer Landwirtschaft
Kann Spuren von Gluten, Erdnuss, Soja, Mandel und Nüssen enthalten.",,,Speiseeis TK,172,,Kindereis Vanille Schoko (TK) 4 St,12.0,7.0,44.0,20.0,0.7,17.0,3.8,205,3.8,g,17.0,g,0.044,g,7.0,g,205,kcal,12.0,g,7.0,g,20.0,g,17.0,g,0.7,g,3.8,g,0.11,g,205.0,kcal,854.0,kJ
04104420256149,Alnatura GmbH,Junge Erbsen (TK) 450G,Zutaten: Erbsen* *aus biologischer Landwirtschaft,,,Gemüse TK,450,,Junge Erbsen (TK) 450G,0.8,0.2,4.0,10.0,4.9,4.5,5.7,80,5.7,g,4.5,g,0.004,g,0.2,g,80,kcal,0.8,g,0.2,g,10.0,g,4.5,g,4.9,g,5.7,g,0.01,g,80.0,kcal,336.0,kJ
04104420256262,Alnatura GmbH,Jasmin Reis 500G,"Kann Spuren von Soja, Mandel, Cashewnuss und Sesam enthalten.",,,Reis,500,,Jasmin Reis 500G,0.6,0.1,4.0,78.0,2.1,0.5,7.4,351,7.4,g,0.5,g,0.004,g,0.1,g,351,kcal,0.6,g,0.1,g,78.0,g,0.5,g,2.1,g,7.4,g,0.01,g,351.0,kcal,1491.0,kJ
04104420256569,Alnatura GmbH,Hafer&Frucht Apfel-Erdbeere 138G,"Zutaten: HAFERVOLLKORNFLOCKEN* 54 %, Apfelsaftkonzentrat* 23 %, Sonnenblumenöl*, Erdbeeren* getrocknet 6,7 %, Apfelpüreekonzentrat* 5,1 %, Erdbeersaftkonzentrat* 2 % *aus biologischer Landwirtschaft
Kann Spuren von Soja, Milch, Mandel und Nüssen enthalten.",,,Riegel,138,,Hafer&Frucht Apfel-Erdbeere 138G,14.0,1.8,20.0,57.0,6.8,24.0,7.9,399,7.9,g,24.0,g,0.02,g,1.8,g,399,kcal,14.0,g,1.8,g,57.0,g,24.0,g,6.8,g,7.9,g,0.05,g,399.0,kcal,1676.0,kJ
04104420256606,Alnatura GmbH,Kindereis Vanille Schoko (TK) 1 St,"Zutaten: Entrahmte MILCH*, SAHNE* 34 %, Rohrohrzucker*, EIGELB*, Glukosesirup*, fettarmes Kakaopulver* 1,7 %, MAGERMILCHPULVER*, Stabilisator: Johannisbrotkernmehl*, Bourbonvanilleextrakt*, Bourbonvanilleschoten* gemahlen *aus biologischer Landwirtschaft
Kann Spuren von Gluten, Erdnuss, Soja, Mandeln und Nüssen enthalten.",,,Kleineis TK,43,,Kindereis Vanille Schoko (TK) 1 St,7.7,4.6,32.0,13.0,0.5,12.0,2.5,131,2.5,g,12.0,g,0.032,g,4.6,g,131,kcal,7.7,g,4.6,g,13.0,g,12.0,g,0.5,g,2.5,g,0.08,g,131.0,kcal,548.0,kJ
04104420256637,Alnatura GmbH,Weizenmehl Type 550 1.000G,"Zutaten: WEIZENMEHL* Type 550 *aus biologischer Landwirtschaft
Kann Spuren von Soja und Lupine enthalten.",,,ausgemahlene Mehle,1000,,Weizenmehl Type 550 1.000G,1.1,0.2,4.0,72.0,3.5,1.1,11.0,349,11.0,g,1.1,g,0.004,g,0.2,g,349,kcal,1.1,g,0.2,g,72.0,g,1.1,g,3.5,g,11.0,g,0.01,g,349.0,kcal,1480.0,kJ
04104420256675,Alnatura GmbH,Dinkelmehl Type 630 1.000G,"Zutaten: DINKELMEHL*¹ Type 630 *aus biologischer Landwirtschaft ¹Dinkel ist eine WEIZENART
Kann Spuren von Soja und Lupine enthalten.",,,ausgemahlene Mehle,1000,,Dinkelmehl Type 630 1.000G,1.3,0.2,4.0,69.0,3.7,0.8,12.0,343,12.0,g,0.8,g,0.004,g,0.2,g,343,kcal,1.3,g,0.2,g,69.0,g,0.8,g,3.7,g,12.0,g,0.01,g,343.0,kcal,1455.0,kJ
04104420256712,Alnatura GmbH,Linseneintopf 400G,"Zutaten: Wasser, Linsen* 24%, Kartoffeln* 9%, Karotten* 9%, Zwiebeln*, SELLERIE* 2,5%, Tomatenmark*, Meersalz, Maisstärke*, Sonnenblumenöl*, Verdickungsmittel: Guarkernmehl*, Petersilie*, Zwiebelpulver*, Knoblauchpulver*, Schabzigerklee* *aus biologischer Landwirtschaft
Kann Spuren von Gluten, Soja, Senf und Sesam enthalten.",,,Fertig Kons veg.,400,,Linseneintopf 400G,0.8,0.1,440.00000000000006,8.6,3.6,1.3,3.4,63,3.4,g,1.3,g,0.44000000000000006,g,0.1,g,63,kcal,0.8,g,0.1,g,8.6,g,1.3,g,3.6,g,3.4,g,1.1,g,63.0,kcal,264.0,kJ
04104420256750,Alnatura GmbH,Erbseneintopf vegetarisch 400G,"Zutaten: Wasser, Erbsen* 26%, Kartoffeln* 10%, Karotten* 8%, Zwiebeln*, Meersalz, SELLERIE*, Maisstärke*, Sonnenblumenöl*, Spinatpulver*, Petersilie*, Bohnenkraut*, Pfeffer* *aus biologischer Landwirtschaft
Kann Spuren von Gluten, Soja und Sesam enthalten.",,,Fertig Kons veg.,400,,Erbseneintopf vegetarisch 400G,0.7,0.1,400.0,8.9,2.7,1.2,3.4,62,3.4,g,1.2,g,0.4,g,0.1,g,62,kcal,0.7,g,0.1,g,8.9,g,1.2,g,2.7,g,3.4,g,1.0,g,62.0,kcal,259.0,kJ
04104420256873,Alnatura GmbH,Knabber Eulen 100G,"Zutaten: WEIZENMEHL*, Palmöl*, Rübenzucker*, Meersalz, GERSTENMALZEXTRAKT*, Hefe*, Backtriebmittel: Natriumhydrogencarbonat, Säureregulator: Natriumhydroxid *aus biologischer Landwirtschaft
Kann Spuren von Ei, Milch, Mandel, Haselnuss, Pistazie und Sesam enthalten.",,,Salzgebäck,100,,Knabber Eulen 100G,13.0,6.0,1000.0,68.0,3.9,2.6,9.2,434,9.2,g,2.6,g,1.0,g,6.0,g,434,kcal,13.0,g,6.0,g,68.0,g,2.6,g,3.9,g,9.2,g,2.5,g,434.0,kcal,1825.0,kJ
04104420256910,Alnatura GmbH,Gemüseravioli 400G,"Zutaten: Tomatensauce 55 %: Tomatenmark* einfach konzentriert 30 %, Wasser, Karotten* 13 %, Tomaten* 10 %, Zucchini* 4,5 %, Traubensaftkonzentrat*, Mais* 3,2 %, Erbsen* 2,7 %, Meersalz, SELLERIE*, Maisstärke*, Gewürze*, Basilikum*; Ravioli gekocht 45 %: Wasser, HARTWEIZENGRIEß*, Kartoffelflocken*, Gemüsemischung* 1,7 %, (Karotten*, Pastinaken*, Zwiebeln*, Tomaten*, Paprika*), Paniermehl* (WEIZENMEHL*, Speisesalz, Hefe*), Sonnenblumenöl*, WEIZENGLUTEN*, Gemüsebrühe* (Meersalz, Karotten*, Pastinaken*, Zwiebeln*, Tomaten*, Paprika*, Lauch*, Kräuter*, Gewürze*), Spinat*, Gewürze*, Tomatenpulver* *aus biologischer Landwirtschaft",,,Fertig Kons veg.,400,,Gemüseravioli 400G,0.8,0.1,440.00000000000006,12.0,1.1,3.3,2.2,67,2.2,g,3.3,g,0.44000000000000006,g,0.1,g,67,kcal,0.8,g,0.1,g,12.0,g,3.3,g,1.1,g,2.2,g,1.1,g,67.0,kcal,281.0,kJ
04104420256958,Alnatura GmbH,Gemüseaufstrich Aubergine Bergkäse,"Zutaten: Aubergine* 16%, Zucchini* 15%, Wasser, Sonnenblumenkerne*, Sonnenblumenöl*, Tomaten* 8%, Tomatenmark*, Aubergine* gegrillt 6 %, Zwiebeln* 5 %, Hartkäse* 3,8% (MILCH*, Käsereikulturen, mikrobielles Lab, Salz ), Apfelsaftkonzentrat*, Maisstärke*, Zitronensaftkonzentrat*, Meersalz, Knoblauch*, Oregano*, Pfeffer*, Basilikum*, Rosmarin* *aus biologischer Landwirtschaft",,,gemüsebas.Aufstriche,135,,Gemüseaufstrich Aubergine Bergkäse,15.0,2.4,356.0,7.8,1.6,3.9,4.9,189,4.9,g,3.9,g,0.356,g,2.4,g,189,kcal,15.0,g,2.4,g,7.8,g,3.9,g,1.6,g,4.9,g,0.89,g,189.0,kcal,784.0,kJ
04104420256989,Alnatura GmbH,Gemüseaufstrich Antipasti Feta 135G,"Zutaten: Zucchini* 17%, Tomatenmark*, Wasser, Paprika* rot 10%, Sonnenblumenöl*, Sonnenblumenkerne*, Aubergine* 8%, Tomaten* 6%, Feta* 4% (SCHAFMILCH*, Meersalz, Milchsäurekulturen, mikrobielles Lab), Zwiebeln* 3,8%, Apfeldicksaft*, Maisstärke*, Meersalz, Apfelessig*, Knoblauch*, Zitronensaftkonzentrat*, Basilikum*, Paprika edelsüß*, Zwiebelpulver*, Pfeffer* schwarz, Thymian*, Rosmarin*, Oregano*, Chili* *aus biologischer Landwirtschaft",,,gemüsebas.Aufstriche,135,,Gemüseaufstrich Antipasti Feta 135G,14.0,2.1,520.0,6.8,1.9,4.0,3.9,173,3.9,g,4.0,g,0.52,g,2.1,g,173,kcal,14.0,g,2.1,g,6.8,g,4.0,g,1.9,g,3.9,g,1.3,g,173.0,kcal,715.0,kJ
04104420257016,Alnatura GmbH,Rinder Bratwürstchen 160G,"Zutaten: Rindfleisch* 87 %, Sonnenblumenöl* 10 %, Speisesalz, Gewürze*, Dextrose*, Schafsaitling *aus biologischer Landwirtschaft
Kann Spuren von Sellerie und Senf enthalten.",,,Brühwurst,160,,Rinder Bratwürstchen 160G,21.0,8.4,720.0,1.0,1.0,1.0,17.0,263,17.0,g,1.0,g,0.72,g,8.4,g,263,kcal,21.0,g,8.4,g,1.0,g,1.0,g,1.0,g,17.0,g,1.8,g,263.0,kcal,1091.0,kJ
04104420257047,Alnatura GmbH,Rindersalami 160G,"Zutaten: Rindfleisch*, Pökelsteinsalz (Steinsalz, Konservierungsstoff: Natriumnitrit), Speisesalz, Gewürze*, Rübenzucker*, Reifekulturen, Buchenholzrauch *aus biologischer Landwirtschaft",,,Salami,160,,Rindersalami 160G,31.0,13.0,1560.0,0.5,0.5,0.5,19.0,355,19.0,g,0.5,g,1.56,g,13.0,g,355,kcal,31.0,g,13.0,g,0.5,g,0.5,g,0.5,g,19.0,g,3.9,g,355.0,kcal,1470.0,kJ
04104420257078,Alnatura GmbH,Wiener Würstchen Rind 200G,"Zutaten: Rindfleisch* 63 %, Wasser, Rapsöl* 14 %, Gewürze*, Meersalz, Pökelsteinsalz (Steinsalz, Konservierungsstoff: Natriumnitrit), Stabilisator: Natriumcitrate; Zucker*, Antioxidationsmittel: Ascorbinsäure; Schafsaitling, Buchenholzrauch *aus biologischer Landwirtschaft",,,Brühwurst,200,,Wiener Würstchen Rind 200G,20.0,3.2,960.0,0.6,0.7,0.5,14.0,240,14.0,g,0.5,g,0.96,g,3.2,g,240,kcal,20.0,g,3.2,g,0.6,g,0.5,g,0.7,g,14.0,g,2.4,g,240.0,kcal,994.0,kJ
04104420257108,Alnatura GmbH,Dinkel Hafer Crunchy 375G,,,,Crunchys,375,,Dinkel Hafer Crunchy 375G,15.0,1.4,115.99999999999999,67.0,6.4,16.0,9.5,454,9.5,g,16.0,g,0.11599999999999999,g,1.4,g,454,kcal,15.0,g,1.4,g,67.0,g,16.0,g,6.4,g,9.5,g,0.29,g,454.0,kcal,1907.0,kJ
04104420257146,Alnatura GmbH,Hafer Crunchy 750G,"Zutaten: HAFERVOLLKORNFLOCKEN* 68 %, Vollrohrzucker*, Sonnenblumenöl*, Reissirup*, Kokosraspel*, WEIZENVOLLKORNFLOCKEN* 4 %, Reisextrudat* (Reismehl*, GERSTENMALZMEHL*, Meersalz), Meersalz *aus biologischer Landwirtschaft
Kann Spuren von Erdnuss, Milch, Mandel, Nüssen und Sesam enthalten.",,,Crunchys,750,,Hafer Crunchy 750G,16.0,3.8,112.00000000000001,62.0,8.0,14.0,9.6,446,9.6,g,14.0,g,0.11200000000000002,g,3.8,g,446,kcal,16.0,g,3.8,g,62.0,g,14.0,g,8.0,g,9.6,g,0.28,g,446.0,kcal,1873.0,kJ
04104420257184,Alnatura GmbH,Kokos Hafer Crunchy 375G,"Zutaten: HAFERVOLLKORNFLOCKEN* 70 %, Rübenzucker* 12 %, Reissirup*, Sonnenblumenöl*, Kokoschips* 5,6 %, Kokosraspel* 5 %, Meersalz *aus biologischer Landwirtschaft
Kann Spuren von Erdnuss, Milch, Mandel, Nüssen und Sesam enthalten.",,,Crunchys,375,,Kokos Hafer Crunchy 375G,19.0,7.7,88.0,60.0,8.4,16.0,9.0,464,9.0,g,16.0,g,0.088,g,7.7,g,464,kcal,19.0,g,7.7,g,60.0,g,16.0,g,8.4,g,9.0,g,0.22,g,464.0,kcal,1943.0,kJ
04104420257221,Alnatura GmbH,Nuss Hafer Crunchy 375g,"Zutaten: HAFERVOLLKORNFLOCKEN* 58 %, Reissirup* 25 %, HASELNÜSSE* 8 %, Sonnenblumenöl*, MANDELN* 3,5 %, Reis* gepufft, CASHEWNÜSSE* 2,9 %, Kokosraspel*, Meersalz *aus biologischer Landwirtschaft
Kann Spuren von Erdnuss, Milch, Pecannuss und Sesam enthalten.",,,Crunchys,375,,Nuss Hafer Crunchy 375g,22.0,2.7,88.0,59.0,7.2,15.0,9.6,486,9.6,g,15.0,g,0.088,g,2.7,g,486,kcal,22.0,g,2.7,g,59.0,g,15.0,g,7.2,g,9.6,g,0.22,g,486.0,kcal,2034.0,kJ
04104420257269,Alnatura GmbH,Waldbeere Hafer Crunchy 375G,"Zutaten: HAFERVOLLKORNFLOCKEN* 72 %, Sonnenblumenöl*, Rohrohrzucker*, Maissirup*, Reisextrudat* (Reismehl*, GERSTENMALZMEHL*, Meersalz), Wald-/Erdbeermischung* gefriergetrocknet 2,5 % (Himbeere*, Heidelbeere*, Erdbeere*, Brombeere*), Meersalz *aus biologischer Landwirtschaft
Kann Spuren von Erdnuss, Milch, Mandel, Nüssen und Sesam enthalten.",,,Crunchys,375,,Waldbeere Hafer Crunchy 375G,18.0,1.9,64.0,63.0,7.9,17.0,9.7,469,9.7,g,17.0,g,0.064,g,1.9,g,469,kcal,18.0,g,1.9,g,63.0,g,17.0,g,7.9,g,9.7,g,0.16,g,469.0,kcal,1965.0,kJ
04104420257306,Alnatura GmbH,Zartbitter Hafer Crunchy 375G,"Zutaten: HAFERVOLLKORNFLOCKEN* 66 %, Rohrohrzucker*, Sonnenblumenöl*, Zartbitterschokolade* 4,9 % (Kakaomasse*, Rohrohrzucker*, Kakaobutter*), Kakaopulver* 4 %, Reisextrudat* (Reismehl*, GERSTENMALZMEHL*, Meersalz), Kokosraspeln*, Meersalz *aus biologischer Landwirtschaft
Kann Spuren von Erdnuss, Milch, Mandel, Nüssen und Sesam enthalten.",,,Crunchys,375,,Zartbitter Hafer Crunchy 375G,18.0,3.8,72.0,61.0,8.6,20.0,9.9,463,9.9,g,20.0,g,0.072,g,3.8,g,463,kcal,18.0,g,3.8,g,61.0,g,20.0,g,8.6,g,9.9,g,0.18,g,463.0,kcal,1940.0,kJ
04104420257344,Alnatura GmbH,Pesto Rosso 130G,"Zutaten: Tomatenmark* zweifach konzentriert 33%, natives Olivenöl extra* 17%, Sonnenblumenöl* 17%; Tomaten* getrocknet, gesalzen, rehydriert 13% (Tomaten* getrocknet, Wasser, Meersalz); CASHEWNÜSSE* 5,7%, PECORINO-KÄSE* 5,5%, Basilikum* 3,8%, Pinienkerne* 3,4%, Apfelessig*, Knoblauch*, Meersalz *aus biologischer Landwirtschaft",,,Pesti,130,,Pesto Rosso 130G,31.0,4.5,919.9999999999999,7.7,4.5,5.6,6.5,345,6.5,g,5.6,g,0.9199999999999999,g,4.5,g,345,kcal,31.0,g,4.5,g,7.7,g,5.6,g,4.5,g,6.5,g,2.3,g,345.0,kcal,1424.0,kJ
04104420257382,Alnatura GmbH,Fruchtaufstrich Wildheidelbeere 250,"Zutaten: Heidelbeeren* 55 %, Rübenzucker*, Geliermittel: Pektin, Zitronensaftkonzentrat* *aus biologischer Landwirtschaft",,,Fruchtaufstriche,250,,Fruchtaufstrich Wildheidelbeere 250,0.5,0.1,4.0,45.0,2.3,45.0,0.5,185,0.5,g,45.0,g,0.004,g,0.1,g,185,kcal,0.5,g,0.1,g,45.0,g,45.0,g,2.3,g,0.5,g,0.01,g,185.0,kcal,783.0,kJ
04104420257429,Alnatura GmbH,Fruchtaufstrich Süße Orange 250G,"Zutaten: Orangen* 55 %, Rübenzucker*, Geliermittel: Pektin, Zitronensaftkonzentrat* *aus biologischer Landwirtschaft",,,Fruchtaufstriche,250,,Fruchtaufstrich Süße Orange 250G,0.5,0.1,8.0,46.0,1.3,46.0,0.6,189,0.6,g,46.0,g,0.008,g,0.1,g,189,kcal,0.5,g,0.1,g,46.0,g,46.0,g,1.3,g,0.6,g,0.02,g,189.0,kcal,803.0,kJ
04104420257467,Alnatura GmbH,Erdbeeren gefriergetrocknet 20G,"Zutaten: Erdbeeren* *aus biologischer Landwirtschaft
Kann Spuren von Gluten, Erdnuss, Soja, Mandel, Nüssen und Sesam enthalten.",,,Tro Früchte verarb,20,,Erdbeeren gefriergetrocknet 20G,2.2,0.2,4.0,67.0,19.0,49.0,6.7,353,6.7,g,49.0,g,0.004,g,0.2,g,353,kcal,2.2,g,0.2,g,67.0,g,49.0,g,19.0,g,6.7,g,0.01,g,353.0,kcal,1486.0,kJ
04104420257498,Alnatura GmbH,Himbeeren gefriergetrocknet 20G,"Zutaten: Himbeeren* *aus biologischer Landwirtschaft
Kann Spuren von Gluten, Erdnuss, Soja, Mandel, Nüssen und Sesam enthalten.",,,Trockenfrüchte ganz,20,,Himbeeren gefriergetrocknet 20G,5.4,0.6,4.0,39.0,42.0,26.0,7.8,320,7.8,g,26.0,g,0.004,g,0.6,g,320,kcal,5.4,g,0.6,g,39.0,g,26.0,g,42.0,g,7.8,g,0.01,g,320.0,kcal,1331.0,kJ
04104420257528,Alnatura GmbH,Farfalle 500G,"Zutaten: HARTWEIZENGRIEß* *aus biologischer Landwirtschaft
Kann Spuren von Soja, Senf und Lupine enthalten.",,,kurze Nudeln,500,,Farfalle 500G,1.4,0.3,4.0,67.0,3.2,3.6,13.0,339,13.0,g,3.6,g,0.004,g,0.3,g,339,kcal,1.4,g,0.3,g,67.0,g,3.6,g,3.2,g,13.0,g,0.01,g,339.0,kcal,1437.0,kJ
04104420257603,Alnatura GmbH,Gewürzgurken 670G,"Zutaten: Gurken*, Branntweinessig*, Zucker*, Meersalz, SENFKÖRNER*, Zwiebeln*, Dill*, Paprika*, Pfefferkörner*, Piment* *aus biologischer Landwirtschaft",,,Sauerkonserven,670,,Gewürzgurken 670G,0.5,0.1,440.00000000000006,6.5,1.5,6.2,1.1,33,1.1,g,6.2,g,0.44000000000000006,g,0.1,g,33,kcal,0.5,g,0.1,g,6.5,g,6.2,g,1.5,g,1.1,g,1.1,g,33.0,kcal,141.0,kJ
04104420257641,Alnatura GmbH,Cornichons 330G,"Zutaten: Gurken*, Branntweinessig*, Zucker*, Meersalz, SENFKÖRNER*, Zwiebeln*, Dill*, Paprika*, Pfefferkörner*, Piment* *aus biologischer Landwirtschaft",,,Sauerkonserven,330,,Cornichons 330G,0.5,0.2,480.0,5.5,0.5,5.5,0.9,26,0.9,g,5.5,g,0.48,g,0.2,g,26,kcal,0.5,g,0.2,g,5.5,g,5.5,g,0.5,g,0.9,g,1.2,g,26.0,kcal,109.0,kJ
04104420257740,Alnatura GmbH,"Weide Jog. Stracc. 3,8% 500G Voll","Zutaten: JOGHURT mild*, Rübenzucker*, Schokostückchen* 2% (Kakaomasse*, Kakaobutter*, Rübenzucker*), Stärke*, Verdickungsmittel: Johannisbrotkernmehl*, Zitronensaftkonzentrat*, Bourbonvanilleextrakt* *aus biologischer Landwirtschaft",,,Fruchtjog Glas,500,,"Weide Jog. Stracc. 3,8% 500G Voll",3.1,2.0,36.0,12.0,0.5,12.0,4.3,93,4.3,g,12.0,g,0.036,g,2.0,g,93,kcal,3.1,g,2.0,g,12.0,g,12.0,g,0.5,g,4.3,g,0.09,g,93.0,kcal,392.0,kJ
04104420257771,Alnatura GmbH,Pasta Pfanne Tomate Spinat 450G(TK),"Zutaten: Nudeln* gegart 37 % (Wasser, HARTWEIZENGRIEß*), Wasser, Blattspinat* 10 %, Cocktailtomaten* 10 %, SCHLAGSAHNE* 3,3 %, gelbe Karotten* 3 %, Karotten* 3 %, GOUDA* 2,4 %, MAGERMILCHPULVER* 1,5 %, Maisstärke*, Rapsöl*, BUTTER*, MILCHEIWEIß*, Meersalz, Gewürze*, Rübenzucker*, Knoblauchpüree* *aus biologischer Landwirtschaft
Kann Spuren von Ei, Soja und Senf enthalten.",,,Halb/Fertigprod TK,450,,Pasta Pfanne Tomate Spinat 450G(TK),3.1,1.4,292.0,16.0,1.4,1.4,3.4,108,3.4,g,1.4,g,0.292,g,1.4,g,108,kcal,3.1,g,1.4,g,16.0,g,1.4,g,1.4,g,3.4,g,0.73,g,108.0,kcal,456.0,kJ
04104420257801,Alnatura GmbH,Reis Pfanne Asiatische Art 450G(TK),"Zutaten: Gemüse in veränderlichen Gewichtsanteilen 56 % (Karotten*, Mungobohnenkeimlinge*, Erbsen*, Zwiebeln*, Paprika rot*, Porree*, Blumenkohl*), Reis* gegart und gewürzt 37 % (Wasser, Reis*, Salz, Kurkuma*), Wasser, Sojasauce* 2,2 % (Wasser, Salz, SOJABOHNEN*, WEIZENMEHL*), Rapsöl*, Ingwerpüree*, Knoblauchpüree*, Curry* (enthält SENFSAAT*), Maisstärke*, Meersalz, Rübenzucker* *aus biologischer Landwirtschaft",,,Halb/Fertigprod TK,450,,Reis Pfanne Asiatische Art 450G(TK),1.6,0.3,272.0,14.0,1.6,1.9,1.9,81,1.9,g,1.9,g,0.272,g,0.3,g,81,kcal,1.6,g,0.3,g,14.0,g,1.9,g,1.6,g,1.9,g,0.68,g,81.0,kcal,342.0,kJ
04104420257832,Alnatura GmbH,Weidemilch Sahnejoghurt griech. Art,,,,Jog natur Becher,400,,Weidemilch Sahnejoghurt griech. Art,10.0,6.6,44.0,3.3,0.5,3.3,3.2,119,3.2,g,3.3,g,0.044,g,6.6,g,119,kcal,10.0,g,6.6,g,3.3,g,3.3,g,0.5,g,3.2,g,0.11,g,119.0,kcal,494.0,kJ
04104420257863,Alnatura GmbH,Erdnuss Sauce 325ML,"Zutaten: Wasser, ERDNUSSMUS* 18 %, Kokosmilch* (Kokosnussextrakt*, Wasser), Zwiebeln*, Rübenzucker*, Tomatenmark* einfach konzentriert, Lupinenwürzsauce* 2 % (Wasser, SÜßLUPINEN*, Meersalz), Rapsöl*, Maisstärke*, Röstzwiebeln* (Zwiebeln*, Sonnenblumenöl*), Zitronensaftkonzentrat*, Meersalz, Knoblauch*, Ingwer*, Pfeffer*, Koriander*, Kreuzkümmel*, Chili* *aus biologischer Landwirtschaft",,,Kochsoßen nass,345,,Erdnuss Sauce 325ML,12.0,2.7,520.0,8.6,2.2,5.3,5.5,169,5.5,g,5.3,g,0.52,g,2.7,g,169,kcal,12.0,g,2.7,g,8.6,g,5.3,g,2.2,g,5.5,g,1.3,g,169.0,kcal,701.0,kJ
04104420257948,Alnatura GmbH,Kichererbsenmehl 400G,"Zutaten: Kichererbsenmehl* *aus biologischer Landwirtschaft
Kann Spuren von Soja, Senf und Lupine enthalten.",,,Spezialmehle,400,,Kichererbsenmehl 400G,5.9,1.1,24.0,44.0,16.0,2.4,19.0,337,19.0,g,2.4,g,0.024,g,1.1,g,337,kcal,5.9,g,1.1,g,44.0,g,2.4,g,16.0,g,19.0,g,0.06,g,337.0,kcal,1417.0,kJ
04104420257993,Alnatura GmbH,Mais-Amaranth Waffeln Rosmarin 115G,"Zutaten: Mais* 93,6 %, Amaranth* 4 %, Rosmarin* 2 %, Meersalz 0,4 % *aus biologischer Landwirtschaft
Kann Spuren von Soja und Lupine enthalten.",,,Reis/Getreidewaffeln,115,,Mais-Amaranth Waffeln Rosmarin 115G,4.1,0.7,160.0,73.0,7.2,0.7,9.5,381,9.5,g,0.7,g,0.16,g,0.7,g,381,kcal,4.1,g,0.7,g,73.0,g,0.7,g,7.2,g,9.5,g,0.4,g,381.0,kcal,1612.0,kJ
04104420258037,Alnatura GmbH,Apfel-Aprikose mit Hirse 190g,"Zutaten: Äpfel* 66 %, Aprikosen* 15 %, Wasser, Hirse** 4 % *aus Demeter Bio-Landbau (Anteil 95 %) **aus biologischer Landwirtschaft",,,Obst & Getreide,190,,Apfel-Aprikose mit Hirse 190g,0.6,0.2,4.0,11.6,2.1,8.0,0.8,59,0.8,g,8.0,g,0.004,g,0.2,g,59,kcal,0.6,g,0.2,g,11.6,g,8.0,g,2.1,g,0.8,g,0.01,g,59.0,kcal,250.0,kJ
04104420258105,Alnatura GmbH,Hafer & Saaten Toastbrötchen 350G,"Zutaten: Wasser, HAFERKERNE* 31%, Leinsamen*, HAFERFLOCKEN* 8 %, Apfelessig*, Sonnenblumenkerne*, Kürbiskerne*, Erbsenschrot*, Flohsamenschalen*, Speisesalz *aus biologischer Landwirtschaft
Kann Spuren von Soja und Sesam enthalten.",,,Toastbrot,350,,Hafer & Saaten Toastbrötchen 350G,13.0,1.8,388.0,25.0,8.3,0.8,11.0,278,11.0,g,0.8,g,0.388,g,1.8,g,278,kcal,13.0,g,1.8,g,25.0,g,0.8,g,8.3,g,11.0,g,0.97,g,278.0,kcal,1159.0,kJ
04104420258372,Alnatura GmbH,Haselnuss-Nougat-Creme 250G,"Zutaten: Rohrohrzucker*, HASELNÜSSE* 25 %, Palmöl*, Sonnenblumenöl*, stark entöltes Kakaopulver* 6,8 %, SÜßLUPINENMEHL*, Bourbonvanilleschote* gemahlen *aus biologischer Landwirtschaft
Kann Spuren von Erdnuss, Milch, Mandel, Cashewnuss, Pistazie, Macadamianuss und Sesam enthalten.",,,Schoko/NussAufstrich,250,,Haselnuss-Nougat-Creme 250G,50.0,13.0,4.0,33.0,6.5,31.0,8.6,629,8.6,g,31.0,g,0.004,g,13.0,g,629,kcal,50.0,g,13.0,g,33.0,g,31.0,g,6.5,g,8.6,g,0.01,g,629.0,kcal,2609.0,kJ
04104420258402,Alnatura GmbH,Erdnussmus fein ohne Salz 250G,"Zutaten: ERDNÜSSE* geröstet *aus biologischer Landwirtschaft
Kann Spuren von Milch, Mandel, Haselnuss, Cashewnuss, Pistazie, Macadamianuss, Sesam und Lupine enthalten.",,,Nussmuse,250,,Erdnussmus fein ohne Salz 250G,52.0,9.8,12.0,11.0,7.1,5.4,26.0,630,26.0,g,5.4,g,0.012,g,9.8,g,630,kcal,52.0,g,9.8,g,11.0,g,5.4,g,7.1,g,26.0,g,0.03,g,630.0,kcal,2610.0,kJ
04104420258433,Alnatura GmbH,Mandelmus weiß 250G,"Zutaten: MANDELN* geschält *aus biologischer Landwirtschaft
Kann Spuren von Erdnuss, Milch, Haselnuss, Cashewnuss, Pistazie, Macadamianuss, Sesam und Lupine enthalten.",,,Nussmuse,250,,Mandelmus weiß 250G,61.0,4.8,4.0,5.2,7.7,4.6,22.0,673,22.0,g,4.6,g,0.004,g,4.8,g,673,kcal,61.0,g,4.8,g,5.2,g,4.6,g,7.7,g,22.0,g,0.01,g,673.0,kcal,2781.0,kJ
04104420258464,Alnatura GmbH,Schoko-Nuss 500G,"Zutaten: HASELNÜSSE* 45 %, Rohrohrzucker*, Palmöl*, MAGERMILCHPULVER* 10 %, stark entöltes Kakaopulver* 4 %, Bourbonvanilleschote* gemahlen *aus biologischer Landwirtschaft
Kann Spuren von Erdnuss, Mandel, Cashewnuss, Pistazie, Macadamianuss, Sesam und Lupine enthalten.",,,Schoko/NussAufstrich,500,,Schoko-Nuss 500G,43.0,9.1,60.0,37.0,5.8,36.0,11.0,591,11.0,g,36.0,g,0.06,g,9.1,g,591,kcal,43.0,g,9.1,g,37.0,g,36.0,g,5.8,g,11.0,g,0.15,g,591.0,kcal,2453.0,kJ
04104420258501,Alnatura GmbH,Schoko-Nuss 250G,"Zutaten: HASELNÜSSE* 45 %, Rohrohrzucker*, Palmöl*, MAGERMILCHPULVER* 10 %, stark entöltes Kakaopulver* 4 %, Bourbonvanilleschote* gemahlen *aus biologischer Landwirtschaft
Kann Spuren von Erdnuss, Mandel, Cashewnuss, Pistazie, Macadamianuss, Sesam und Lupine enthalten.",,,Schoko/NussAufstrich,250,,Schoko-Nuss 250G,43.0,9.1,60.0,37.0,5.8,36.0,11.0,591,11.0,g,36.0,g,0.06,g,9.1,g,591,kcal,43.0,g,9.1,g,37.0,g,36.0,g,5.8,g,11.0,g,0.15,g,591.0,kcal,2453.0,kJ
04104420258532,Alnatura GmbH,Kokos-Mandel-Creme 250G,"Zutaten: Kokosraspel* 38 %, Palmöl*, Reisdrinkpulver*, MANDELN* 15 %, Rohrohrzucker*, Bourbonvanilleschote* gemahlen, Meersalz *aus biologischer Landwirtschaft
Kann Spuren von Erdnuss, Milch, Haselnuss, Cashewnuss, Pistazie, Macadamianuss, Sesam und Lupine enthalten.",,,Schoko/NussAufstrich,250,,Kokos-Mandel-Creme 250G,53.0,34.0,44.0,31.0,5.6,17.0,6.3,637,6.3,g,17.0,g,0.044,g,34.0,g,637,kcal,53.0,g,34.0,g,31.0,g,17.0,g,5.6,g,6.3,g,0.11,g,637.0,kcal,2640.0,kJ
04104420258563,Alnatura GmbH,Macadamia Creme 225G,"Zutaten: MACADAMIANÜSSE* geröstet 30 %, Palmöl*, MAGERMILCHPULVER*, Sonnenblumenöl*, Rohrohrzucker*, stark entöltes Kakaopulver* *aus biologischer Landwirtschaft
Kann Spuren von Erdnuss, Mandel, Haselnuss, Cashewnuss, Pistazie, Sesam und Lupine enthalten.",,,Schoko/NussAufstrich,225,,Macadamia Creme 225G,58.0,16.0,128.0,26.0,3.1,23.0,11.0,676,11.0,g,23.0,g,0.128,g,16.0,g,676,kcal,58.0,g,16.0,g,26.0,g,23.0,g,3.1,g,11.0,g,0.32,g,676.0,kcal,2800.0,kJ
04104420258600,Alnatura GmbH,Gebrannte Mandel 225G,,,,Schoko/NussAufstrich,225,,Gebrannte Mandel 225G,48.0,4.6,160.0,20.0,7.8,19.0,20.0,608,20.0,g,19.0,g,0.16,g,4.6,g,608,kcal,48.0,g,4.6,g,20.0,g,19.0,g,7.8,g,20.0,g,0.4,g,608.0,kcal,2518.0,kJ
04104420258648,Alnatura GmbH,Erdnussbutter Crunchy 250G,"Zutaten: ERDNÜSSE* geröstet 88 %, Palmöl*, Meersalz, Vollrohrzucker* *aus biologischer Landwirtschaft
Kann Spuren von Milch, Mandel, Haselnuss, Cashewnuss, Pistazie, Macadamianuss, Sesam und Lupine enthalten.",,,Schoko/NussAufstrich,250,,Erdnussbutter Crunchy 250G,56.0,15.0,396.0,11.0,6.2,5.7,23.0,652,23.0,g,5.7,g,0.396,g,15.0,g,652,kcal,56.0,g,15.0,g,11.0,g,5.7,g,6.2,g,23.0,g,0.99,g,652.0,kcal,2700.0,kJ
04104420258686,Alnatura GmbH,Hafercookies Schoko Vollmilch 200G,"Zutaten: VOLLKORNHAFERFLOCKEN* 30 %, Rübenzucker*, Palmöl*, Rohrzucker*, WEIZENVOLLKORNMEHL* 10 %, Kakaobutter*, VOLLMILCHPULVER*, Kakaomasse*, Invertzuckersirup*, Meersalz, Backtriebmittel: Natriumcarbonate, Zuckerrübensirup*, Emulgator: Lecithine*, Vanilleextrakt* *aus biologischer Landwirtschaft
Kann Spuren von Ei, Erdnuss, Soja, Mandel, Haselnuss, Walnuss, Cashewnuss, Pistazie, Sesam und Lupine enthalten.",,,Kekse,200,,Hafercookies Schoko Vollmilch 200G,24.0,12.0,276.0,58.0,6.3,31.0,7.3,490,7.3,g,31.0,g,0.27599999999999997,g,12.0,g,490,kcal,24.0,g,12.0,g,58.0,g,31.0,g,6.3,g,7.3,g,0.69,g,490.0,kcal,2050.0,kJ
04104420258723,Alnatura GmbH,Knusper Granola Kerne & Saaten 350G,"Zutaten: HAFERVOLLKORNFLOCKEN* 76 %, Dattelsirup* 14 %, Sonnenblumenöl*, Kürbiskerne*, Sonnenblumenkerne*, Leinsamen*, Quinoa* gepufft, DINKEL*¹ GEPUFFT *aus biologischer Landwirtschaft ¹Dinkel ist eine WEIZENART
Kann Spuren von Erdnuss, Milch, Mandel, Nüssen und Sesam enthalten.",,,Crunchys,350,,Knusper Granola Kerne & Saaten 350G,19.0,2.2,8.0,55.0,8.4,10.0,11.0,452,11.0,g,10.0,g,0.008,g,2.2,g,452,kcal,19.0,g,2.2,g,55.0,g,10.0,g,8.4,g,11.0,g,0.02,g,452.0,kcal,1892.0,kJ
04104420258761,Alnatura GmbH,Knusper Granola Beeren 350G,"Zutaten: HAFERVOLLKORNFLOCKEN* 78 %, Dattelsirup* 14 %, Sonnenblumenöl*, Kürbiskerne*, Quinoa* gepufft, Beeren* gefriergetrocknet 2,5 % (Himbeeren*, Heidelbeeren*, Erdbeeren*, Brombeeren*), Sonnenblumenkerne* *aus biologischer Landwirtschaft
Kann Spuren von Erdnuss, Milch, Mandel, Nüssen und Sesam enthalten.",,,Crunchys,350,,Knusper Granola Beeren 350G,17.0,2.1,8.0,56.0,8.5,11.0,11.0,438,11.0,g,11.0,g,0.008,g,2.1,g,438,kcal,17.0,g,2.1,g,56.0,g,11.0,g,8.5,g,11.0,g,0.02,g,438.0,kcal,1836.0,kJ
04104420258808,Alnatura GmbH,*Winter Dattel Konfekt Lebkucheng.,"Zutaten: Datteln* getrocknet 41 %, Marzipan* 28 % (MANDELN*, Rohrohrzucker*, Wasser, Invertzuckersirup*), Zartbitterschokolade* 20 % (Kakaomasse*, Rohrohrzucker*, Kakaobutter*), Orangeat* (Orangenschalen*, Glukose- Fruktose-Sirup*, Zitronensaft*), Zitronat* (Zitronenschalen*, Glukose-Fruktose-Sirup*, Zitronensaft*), HASELNUSSKERNE* geröstet, Dattelsaftkonzentrat* 1,6%, Gewürze* (Zimt*, Koriander*, Anis*, Nelken*, Ingwer*, Fenchel*, Piment*), Alkohol* 0,5 %, Rosenwasser* *aus biologischer Landwirtschaft
Kann Spuren von Gluten, Ei, Soja, Milch, anderen Nüssen und Sesam enthalten.",,,Weihn. Zwidu süß,100,,*Winter Dattel Konfekt Lebkucheng.,18.0,6.1,32.0,50.0,9.5,46.0,6.5,410,6.5,g,46.0,g,0.032,g,6.1,g,410,kcal,18.0,g,6.1,g,50.0,g,46.0,g,9.5,g,6.5,g,0.08,g,410.0,kcal,1714.0,kJ
04104420258839,Alnatura GmbH,Pistazienmus 180G,"Zutaten: PISTAZIEN* geröstet *aus biologischer Landwirtschaft
Kann Spuren von Erdnuss, Milch, Mandel und anderen Nüssen enthalten.",,,Nussmuse,180,,Pistazienmus 180G,48.0,6.1,4.0,12.0,9.1,6.2,25.0,598,25.0,g,6.2,g,0.004,g,6.1,g,598,kcal,48.0,g,6.1,g,12.0,g,6.2,g,9.1,g,25.0,g,0.01,g,598.0,kcal,2478.0,kJ
04104420258983,Alnatura GmbH,Knäcke Hafer & Saaten 225g,"Zutaten: HAFERVOLLKORNMEHL* 45 %, HAFERFLOCKEN* 13 %, Kürbiskerne* gehackt 13 %, SESAM* 10 %, Rapsöl*, Leinsamen* 2,5 %, Goldleinsamen* 2,5%, Sonnenblumenkerne* 2 %, Flohsamenschalen*, Speisesalz *aus biologischer Landwirtschaft
Kann Spuren von Soja und Milch enthalten.",,,Knäcke Snack,225,,Knäcke Hafer & Saaten 225g,25.0,3.6,368.0,42.0,12.0,0.9,16.0,481,16.0,g,0.9,g,0.368,g,3.6,g,481,kcal,25.0,g,3.6,g,42.0,g,0.9,g,12.0,g,16.0,g,0.92,g,481.0,kcal,2007.0,kJ
04104420259294,Alnatura GmbH,*Nougat Cashews 90G*,"Zutaten: Vollmilchschokolade* 38 % (Rohrohrzucker*, Kakaobutter*, VOLLMILCHPULVER*, Kakaomasse*), CASHEWNÜSSE* geröstet 35 %, NOUGAT* 24 % (Rohrohrzucker*, HASELNÜSSE* 38 %, Kakaomasse* Kakaobutter*), Rohrohrzucker* 3 % *aus biologischer Landwirtschaft
Kann Spuren von Gluten, Soja, Mandel, anderen Nüssen und Sesam enthalten.",,,Weihn. Zwidu süß,90,,*Nougat Cashews 90G*,40.0,15.0,40.0,44.0,3.5,37.0,9.8,582,9.8,g,37.0,g,0.04,g,15.0,g,582,kcal,40.0,g,15.0,g,44.0,g,37.0,g,3.5,g,9.8,g,0.1,g,582.0,kcal,2423.0,kJ
04104420259324,Alnatura GmbH,*Schoko Zimt Mandeln 100G*,"Zutaten: Vollmilchschokolade* 59 % (Rohrohrzucker*, Kakaobutter*, VOLLMILCHPULVER*, Kakaomasse*), MANDELN* geröstet 39 %, Rohrohrzucker*, Zimt*, Nelken*, Sternanis*, Muskat*, Kardamom* *aus biologischer Landwirtschaft
Kann Spuren von Gluten, Soja, anderen Nüssen und Sesam enthalten.",,,Weihn. Zwidu süß,100,,*Schoko Zimt Mandeln 100G*,46.0,17.0,52.0,32.0,6.7,32.0,12.0,603,12.0,g,32.0,g,0.052000000000000005,g,17.0,g,603,kcal,46.0,g,17.0,g,32.0,g,32.0,g,6.7,g,12.0,g,0.13,g,603.0,kcal,2504.0,kJ
04104420259393,Alnatura GmbH,Maxi Müsli 1.000G,"Zutaten: HAFERVOLLKORNFLOCKEN*, GERSTENVOLLKORNFLOCKEN*, WEIZENVOLLKORNFLOCKEN*, ROGGENVOLLKORNFLOCKEN*, Sultaninen* getrocknet und geölt (Sultaninen*, Sonnenblumenöl*), HASELNÜSSE* geröstet, Sonnenblumenkerne*, SESAM* geröstet, Buchweizen* geröstet, Leinsamen* *aus biologischer Landwirtschaft
Kann Spuren von Soja, Mandel und Cashewnuss enthalten.",,,Müslis,1000,,Maxi Müsli 1.000G,9.6,1.2,4.0,57.0,10.0,12.0,9.8,374,9.8,g,12.0,g,0.004,g,1.2,g,374,kcal,9.6,g,1.2,g,57.0,g,12.0,g,10.0,g,9.8,g,0.01,g,374.0,kcal,1571.0,kJ
04104420259652,Alnatura GmbH,Baby-Früchte-Tee Btl. 20x2G 40G,"Zutaten: Hagebutte* 42 %, Apfel* 37 %, Hibiskus* 7 %, Karotte*, Schwarze Johannisbeere* 5 %, Rote Bete* *aus biologischer Landwirtschaft",,,Warmgetränke,40,,Baby-Früchte-Tee Btl. 20x2G 40G,0.0,0.0,4.0,0.2,,0.2,0.0,1,0.0,g,0.2,g,0.004,g,0.0,g,1,kcal,0.0,g,0.0,g,0.2,g,0.2,g,,g,0.0,g,0.01,g,1.0,kcal,3.0,kJ
04104420259690,Alnatura GmbH,Fruchteis Mango 4 Stk 184ml (TK),"Zutaten: Mangopüree* 62 %, Wasser, Traubensaftkonzentrat*, Stabilisator: Johannisbrotkernmehl* *aus biologischer Landwirtschaft",,,Speiseeis TK,196,,Fruchteis Mango 4 Stk 184ml (TK),0.5,0.1,4.0,19.0,1.1,19.0,0.5,78,0.5,g,19.0,g,0.004,g,0.1,g,78,kcal,0.5,g,0.1,g,19.0,g,19.0,g,1.1,g,0.5,g,0.01,g,78.0,kcal,332.0,kJ
04104420259720,Alnatura GmbH,"Fruchteis Mango 1 Stück, 46 ml (TK)","Zutaten: Mangopüree* 62 %, Wasser, Traubensaftkonzentrat*, Stabilisator: Johannisbrotkernmehl* *aus biologischer Landwirtschaft",,,Kleineis TK,49,,"Fruchteis Mango 1 Stück, 46 ml (TK)",0.5,0.1,4.0,19.0,1.1,19.0,0.5,78,0.5,g,19.0,g,0.004,g,0.1,g,78,kcal,0.5,g,0.1,g,19.0,g,19.0,g,1.1,g,0.5,g,0.01,g,78.0,kcal,332.0,kJ
04104420259751,Alnatura GmbH,Fruchteis Himb. 4 Stk 184ml (TK),"Zutaten: Himbeerpüree* 56 %, Traubensaftkonzentrat*, Wasser, Stabilisator: Johannisbrotkernmehl* *aus biologischer Landwirtschaft",,,Speiseeis TK,196,,Fruchteis Himb. 4 Stk 184ml (TK),0.5,0.1,4.0,18.0,2.7,18.0,1.0,81,1.0,g,18.0,g,0.004,g,0.1,g,81,kcal,0.5,g,0.1,g,18.0,g,18.0,g,2.7,g,1.0,g,0.01,g,81.0,kcal,345.0,kJ
04104420259782,Alnatura GmbH,"Fruchteis Himbeere 1 Stk, 46 ml","Zutaten: Himbeerpüree* 56 %, Traubensaftkonzentrat*, Wasser, Stabilisator: Johannisbrotkernmehl* *aus biologischer Landwirtschaft",,,Kleineis TK,49,,"Fruchteis Himbeere 1 Stk, 46 ml",0.5,0.1,4.0,18.0,2.7,18.0,1.0,81,1.0,g,18.0,g,0.004,g,0.1,g,81,kcal,0.5,g,0.1,g,18.0,g,18.0,g,2.7,g,1.0,g,0.01,g,81.0,kcal,345.0,kJ
04104420259812,Alnatura GmbH,Dattelsirup 180ML,,,,Sirupe/Malze/Melasse,250,,Dattelsirup 180ML,0.5,0.1,132.0,69.0,1.9,64.0,1.2,285,1.2,g,64.0,g,0.132,g,0.1,g,285,kcal,0.5,g,0.1,g,69.0,g,64.0,g,1.9,g,1.2,g,0.33,g,285.0,kcal,1209.0,kJ
04104420259850,Alnatura GmbH,Bowl nach mediterraner Art 250G,"Zutaten: Wasser, Tomaten*, DINKEL*¹ 11 %, Kichererbsen* rehydriert 10 % (Kichererbsen*, Wasser), Tomatenpüree* (Tomatenpüree*, Meersalz), Naturreis Langkorn* vorgegart 10 % (Naturreis Langkorn*, Wasser), Paprika* gegrillt 9,5 %, Auberginen* 9,5 %, natives Olivenöl extra*, Meersalz, Basilikum*, Zwiebeln*, Thymian*, Oregano*, Knoblauch* *aus biologischer Landwirtschaft ¹Dinkel ist eine WEIZENART.
Kann Spuren von Soja und Sellerie enthalten.",,,halbfertige Produkte,250,,Bowl nach mediterraner Art 250G,3.0,0.4,340.0,20.0,2.7,2.8,4.3,130,4.3,g,2.8,g,0.33999999999999997,g,0.4,g,130,kcal,3.0,g,0.4,g,20.0,g,2.8,g,2.7,g,4.3,g,0.85,g,130.0,kcal,546.0,kJ
04104420259928,Alnatura GmbH,*Dominosteine 125G*,"Zutaten: Apfelfruchtfüllung* 38% (Apfelmark* 18 %, Rohrohrzucker*, Glukosesirup*, Invertzuckersirup*, Geliermittel: Pektin, Säureregulator: Weinsäure(L+)), Zartbitterschokolade* 23 % (Kakaomasse*, Rohrohrzucker*, Kakaobutter*), Rohrohrzucker*, Marzipan* 11% (MANDELN* 48%, Rohrohrzucker*, Wasser, Invertzuckersirup*), WEIZENMEHL*, Blütenhonig*, Glukosesirup*, Invertzuckersirup*, Zuckerrübensirup*, Rapsöl*, Gewürze*, WEIZENSTÄRKE*, Maisstärke*, HARTWEIZENGRIEß*, Säuerungsmittel: Monokaliumtartrat, Milchsäure; Backtriebmittel: Kaliumcarbonat, Natriumbicarbonat *aus biologischer Landwirtschaft
Kann Spuren von Ei, Soja, Milch, Haselnuss und Pistazie enthalten.",,,Weihn. Zwidu süß,125,,*Dominosteine 125G*,13.0,5.8,40.0,65.0,3.4,50.0,4.9,403,4.9,g,50.0,g,0.04,g,5.8,g,403,kcal,13.0,g,5.8,g,65.0,g,50.0,g,3.4,g,4.9,g,0.1,g,403.0,kcal,1697.0,kJ
04104420259980,Alnatura GmbH,Rote Bete Saft milchsauer vergoren,Zutaten: Rote Bete Saft* Milchsauer vergoren *aus biologischer Landwirtschaft,,,Gemüsesäfte mono,519.5,,Rote Bete Saft milchsauer vergoren,0.5,0.1,52.0,9.2,0.5,9.2,1.0,41,1.0,g,9.2,g,0.052000000000000005,g,0.1,g,41,kcal,0.5,g,0.1,g,9.2,g,9.2,g,0.5,g,1.0,g,0.13,g,41.0,kcal,173.0,kJ
04104420260016,Alnatura GmbH,Hirsebällchen 75G,"Zutaten: Hirse*, Meersalz *aus biologischer Landwirtschaft
Kann Spuren von Erdnuss enthalten.",,,sonstige Chips/Flips,75,,Hirsebällchen 75G,4.0,0.9,92.0,73.0,4.2,1.2,12.0,384,12.0,g,1.2,g,0.092,g,0.9,g,384,kcal,4.0,g,0.9,g,73.0,g,1.2,g,4.2,g,12.0,g,0.23,g,384.0,kcal,1627.0,kJ
04104420260139,Alnatura GmbH,Hafer Drink Natur 1L,"Zutaten: Wasser, HAFERVOLLKORN* 11 %, Sonnenblumenöl*, Meersalz *aus biologischer Landwirtschaft
Kann Spuren von Erdnuss, Soja, Mandel, Nüssen und Sesam enthalten.",,,Getreidedrinks,1000,,Hafer Drink Natur 1L,1.4,0.2,52.0,6.0,0.5,5.2,0.6,39,0.6,g,5.2,g,0.052000000000000005,g,0.2,g,39,kcal,1.4,g,0.2,g,6.0,g,5.2,g,0.5,g,0.6,g,0.13,g,39.0,kcal,164.0,kJ
04104420260177,Alnatura GmbH,Himalaya Basmati Reis 1KG,"Kann Spuren von Soja, Mandel, Cashewnuss und Sesam enthalten.",,,Reis,1000,,Himalaya Basmati Reis 1KG,1.2,0.3,12.0,75.0,2.2,0.5,8.6,350,8.6,g,0.5,g,0.012,g,0.3,g,350,kcal,1.2,g,0.3,g,75.0,g,0.5,g,2.2,g,8.6,g,0.03,g,350.0,kcal,1483.0,kJ
04104420260214,Alnatura GmbH,Langkorn Reis parboiled 1KG,"Kann Spuren von Soja, Mandel, Cashewnuss und Sesam enthalten.",,,Reis,1000,,Langkorn Reis parboiled 1KG,0.8,0.3,8.0,77.0,1.5,0.5,7.0,346,7.0,g,0.5,g,0.008,g,0.3,g,346,kcal,0.8,g,0.3,g,77.0,g,0.5,g,1.5,g,7.0,g,0.02,g,346.0,kcal,1470.0,kJ
04104420260252,Alnatura GmbH,Himalaya Basmati Reis 500G,"Kann Spuren von Soja, Mandel, Cashewnuss und Sesam enthalten.",,,Reis,500,,Himalaya Basmati Reis 500G,1.2,0.3,12.0,75.0,2.2,0.5,8.6,350,8.6,g,0.5,g,0.012,g,0.3,g,350,kcal,1.2,g,0.3,g,75.0,g,0.5,g,2.2,g,8.6,g,0.03,g,350.0,kcal,1483.0,kJ
04104420260290,Alnatura GmbH,Himalaya Basmati Vollkorn Reis 500G,"Kann Spuren von Soja, Mandel, Cashewnuss und Sesam enthalten.",,,Reis,500,,Himalaya Basmati Vollkorn Reis 500G,3.2,0.9,4.0,71.0,3.8,0.7,9.3,358,9.3,g,0.7,g,0.004,g,0.9,g,358,kcal,3.2,g,0.9,g,71.0,g,0.7,g,3.8,g,9.3,g,0.01,g,358.0,kcal,1514.0,kJ
04104420260337,Alnatura GmbH,Reis Drink Natur 1L,"Zutaten: Wasser, Reis* 14 %, Sonnenblumenöl*, Meersalz *aus biologischer Landwirtschaft
Kann Spuren von Soja enthalten.",,,Reisdrinks,1036,,Reis Drink Natur 1L,1.1,0.1,32.0,9.9,0.5,7.1,0.5,50,0.5,g,7.1,g,0.032,g,0.1,g,50,kcal,1.1,g,0.1,g,9.9,g,7.1,g,0.5,g,0.5,g,0.08,g,50.0,kcal,209.0,kJ
04104420260467,Alnatura GmbH,Ingwersaft 200ML,"Zutaten: Ingwersaft* 95 %, Zitronensaft* *aus biologischer Landwirtschaft.",,,Gemüsesäfte mono,203.13,,Ingwersaft 200ML,0.5,0.1,4.0,2.6,0.5,2.6,0.5,10,0.5,g,2.6,g,0.004,g,0.1,g,10,kcal,0.5,g,0.1,g,2.6,g,2.6,g,0.5,g,0.5,g,0.01,g,10.0,kcal,44.0,kJ
04104420260580,Alnatura GmbH,Curry Dattel Creme 135G,"Zutaten: Wasser, Sonnenblumenöl*, Datteln* getrocknet 11%, CASHEWNÜSSE*, Sonnenblumenkerne*, Süßkartoffeln*, Tomatenmark* einfach konzentriert, Kokosmilch* (Kokosnussextrakt*, Wasser), Knoblauch*, Meersalz, Zitronensaftkonzentrat*, Currypulver*, Maisstärke*, Reismehl*, Paprika* edelsüß, Chili*, Kreuzkümmel* *aus biologischer Landwirtschaft",,,gemüsebas.Aufstriche,135,,Curry Dattel Creme 135G,21.0,3.1,480.0,12.0,1.9,8.9,2.8,254,2.8,g,8.9,g,0.48,g,3.1,g,254,kcal,21.0,g,3.1,g,12.0,g,8.9,g,1.9,g,2.8,g,1.2,g,254.0,kcal,1050.0,kJ
04104420260610,Alnatura GmbH,Tomaten Pistazien Creme 135G,"Zutaten: Wasser, Tomatenmark* einfach konzentriert 18%, Sonnenblumenöl*, Sonnenblumenkerne*, Tomaten* getrocknet 5%, PISTAZIEN* 4,3%, Basilikum*, Maisstärke*, Rübenzucker*, Zitronensaftkonzentrat*, Meersalz, Zwiebeln*, Knoblauch*, Pfeffer* *aus biologischer Landwirtschaft",,,gemüsebas.Aufstriche,135,,Tomaten Pistazien Creme 135G,26.0,3.0,400.0,7.1,2.0,3.0,5.2,287,5.2,g,3.0,g,0.4,g,3.0,g,287,kcal,26.0,g,3.0,g,7.1,g,3.0,g,2.0,g,5.2,g,1.0,g,287.0,kcal,1187.0,kJ
04104420260641,Alnatura GmbH,Speisestärke 250G,"Zutaten: Maisstärke* *aus biologischer Landwirtschaft
Kann Spuren von Soja, Mandel, Nüssen, Senf, Sesam und Lupine enthalten.",,,Backzutaten,250,,Speisestärke 250G,0.5,0.1,4.0,86.0,1.0,0.5,0.5,346,0.5,g,0.5,g,0.004,g,0.1,g,346,kcal,0.5,g,0.1,g,86.0,g,0.5,g,1.0,g,0.5,g,0.01,g,346.0,kcal,1470.0,kJ
04104420260696,Alnatura GmbH,"Pfefferminz Tee Btl. 20x1,5g 30G",Zutaten: Pfefferminze* *aus biologischer Landwirtschaft,,,Kräutertee im Beutel,30,,"Pfefferminz Tee Btl. 20x1,5g 30G",,,,,,,,,,g,,g,,g,,g,,kcal,,g,,g,,g,,g,,g,,g,,g,,kcal,,kJ
04104420260733,Alnatura GmbH,Rahmspinat (TK) 450G,"Zutaten: Spinat* 69 %, Wasser, SCHLAGSAHNE* 4,9 %, Sonnenblumenöl* , MAGERMILCHPULVER*, Meersalz, Reisstärke*, Kartoffelstärke*, Verdickungsmittel: Guarkernmehl*, Dextrose*, Gewürze* (Zwiebelpulver*, Muskatnuss*, Pfeffer*) *aus biologischer Landwirtschaft
Kann Spuren von Gluten enthalten.",,,Gemüse TK,450,,Rahmspinat (TK) 450G,3.5,1.3,260.0,2.1,2.0,1.3,2.6,54,2.6,g,1.3,g,0.26,g,1.3,g,54,kcal,3.5,g,1.3,g,2.1,g,1.3,g,2.0,g,2.6,g,0.65,g,54.0,kcal,225.0,kJ
04104420261020,Alnatura GmbH,Sesamöl nativ 250ML,,,,Saatenöle,230,,Sesamöl nativ 250ML,92.0,14.0,4.0,0.5,0.5,0.5,0.5,828,0.5,g,0.5,g,0.004,g,14.0,g,828,kcal,92.0,g,14.0,g,0.5,g,0.5,g,0.5,g,0.5,g,0.01,g,828.0,kcal,3404.0,kJ
04104420261136,Alnatura GmbH,Rote Bete Saft 1L,"Zutaten: Rote Bete Saft* 98 %, Zitronensaft* *aus biologischer Landwirtschaft",,,Gemüsesäfte mono,1005,,Rote Bete Saft 1L,0.5,0.1,8.0,6.8,0.5,6.8,0.5,27,0.5,g,6.8,g,0.008,g,0.1,g,27,kcal,0.5,g,0.1,g,6.8,g,6.8,g,0.5,g,0.5,g,0.02,g,27.0,kcal,116.0,kJ
04104420261327,Alnatura GmbH,"Kräuter Lavendel Tee Btl. 20x1,5g 30G","Zutaten: Kamille* 39 %, Fenchel* 31 %, Pfefferminze* 16 %, Süß- holz* 8 %, Salbei* 3 %, Thymian* 2 %, Lavendelöl* *aus biologischer Landwirtschaft",,,Kräutertee im Beutel,30,,"Kräuter Lavendel Tee Btl. 20x1,5g 30G",,,,,,,,,,g,,g,,g,,g,,kcal,,g,,g,,g,,g,,g,,g,,g,,kcal,,kJ
04104420261365,Alnatura GmbH,"Ingwer Minze Tee Btl. 20x1,5g 30G","Zutaten: Ingwer* 50 %, Pfefferminze* 35 %, Krauseminze* 15 % *aus biologischer Landwirtschaft",,,Kräutertee im Beutel,30,,"Ingwer Minze Tee Btl. 20x1,5g 30G",,,,,,,,,,g,,g,,g,,g,,kcal,,g,,g,,g,,g,,g,,g,,g,,kcal,,kJ
04104420261488,Alnatura GmbH,Honigwaffeln 175G,"Zutaten: WEIZENSIRUP* 38 %, WEIZENMEHL*, Palmöl*, Honig* 8 %, Wasser, Getreidesirup* 6 % (Mais*, GERSTENMALZ*), Rohrzucker*, SOJAMEHL*, Backtriebmittel: Natriumcarbonat; WEIZENKLEIE*, Emulgator: SOJALECITHIN*; Meersalz, Zimt* *aus biologischer Landwirtschaft
Kann Spuren von Erdnuss, Milch, Mandel und anderen Nüssen enthalten.",,,Waffeln,175,,Honigwaffeln 175G,19.0,9.1,320.0,65.0,0.8,40.0,4.1,449,4.1,g,40.0,g,0.32,g,9.1,g,449,kcal,19.0,g,9.1,g,65.0,g,40.0,g,0.8,g,4.1,g,0.8,g,449.0,kcal,1884.0,kJ
04104420261693,Alnatura GmbH,Rinderschinken 80G,"Zutaten: Rindfleisch* 95%, Steinsalz, Gewürze*, Rübenzucker*, Reifekulturen, Buchenholzrauch *aus biologischer Landwirtschaft
Kann Spuren von Senf enthalten.",,,Schinken und Speck,80,,Rinderschinken 80G,1.1,0.7,2000.0,2.0,0.5,0.5,35.0,158,35.0,g,0.5,g,2.0,g,0.7,g,158,kcal,1.1,g,0.7,g,2.0,g,0.5,g,0.5,g,35.0,g,5.0,g,158.0,kcal,670.0,kJ
04104420262126,Alnatura GmbH,Caffè Crema Pads 126G,,,,Kaffeepads,126,,Caffè Crema Pads 126G,,,,,,,,,,g,,g,,g,,g,,kcal,,g,,g,,g,,g,,g,,g,,g,,kcal,,kJ
04250018790004,Bakenhus Biofleisch GmbH,Rinder Hackfleisch (TK) 250G,Zutaten: Rindfleisch*. *aus kontrolliert ökologischer Erzeugung,,,Fleisch TK,250,,Rinder Hackfleisch (TK) 250G,12.2,4.9,60.0,0.0,,0.0,19.4,188,19.4,g,0.0,g,0.06,g,4.9,g,188,kcal,12.2,g,4.9,g,0.0,g,0.0,g,,g,19.4,g,0.15,g,188.0,kcal,788.0,kJ
04260026019608,Alnatura GmbH,EPS 186-Pfandkiste Bruderhahn-Eier,,,,Pfandkiste für Bruderkükeneier,,,EPS 186-Pfandkiste Bruderhahn-Eier,,,,,,,,,,g,,g,,g,,g,,kcal,,g,,g,,g,,g,,g,,g,,g,,kcal,,kJ
04260100260056,Wildzeit,Pizza Tonno Piccante (TK) 350G,"Zutaten: WEIZENMEHL* 27%, Wasser, passierte Tomaten* 16% , ECHTER BONITO THUNFISCH****14% (Katsuwonus pelamis), MOZZARELLA* 11% (pasteurisierte MILCH*, mikrobielles Lab, Salz, Starterkulturen), Hefevorteig* (WEIZENMEHL* 5%, Wasser, Hefe*), gelbe Zwiebeln* 4%, Meersalz, natives Olivenöl extra*, Pfeffer*, Hefe*, Chilipulver* 0,04% *aus kontrolliert ökologischer Erzeugung, ****aus Wildfang",,,Pizza TK,350,,Pizza Tonno Piccante (TK) 350G,4.3,2.2,480.0,28.3,,1.5,9.8,194,9.8,g,1.5,g,0.48,g,2.2,g,194,kcal,4.3,g,2.2,g,28.3,g,1.5,g,,g,9.8,g,1.2,g,194.0,kcal,819.0,kJ
04260100261633,,Lasagne Bolognese (TK) 400G,"Zutaten: MILCH*, Fleischsoße 25 % [Gemüse* in veränderlichen Gewichtsanteilen (Karotten*, Zwiebeln*, SELLERIE*), passierte Tomaten*, Rindfleisch* 17 %, Tomatenmark*, Wasser, Sonnenblumenöl*, Rotwein* (enthält SULFITE), BUTTER*, Salz, Knoblauch*, Rosmarin*, Salbei*, Majoran*, schwarzer Pfeffer*, Thymian*, Chili*], HARTWEIZENGRIEß*, BUTTER*, WEIZENMEHL*, pasteurisiertes EI*, Sonnenblumenöl*, KÄSE*, Salz, Wasser, Muskat*. *aus kontrolliert ökologischer Erzeugung.",,,Halb/Fertigprod TK,400,,Lasagne Bolognese (TK) 400G,9.8,5.7,320.0,13.2,1.1,3.0,6.5,167,6.5,g,3.0,g,0.32,g,5.7,g,167,kcal,9.8,g,5.7,g,13.2,g,3.0,g,1.1,g,6.5,g,0.8,g,167.0,kcal,697.0,kJ
04260100261916,Bipolar,Lasagne Vegetariana (TK) 375G,"Zutaten: Béchamelsauce* 56 % (MILCH*, BUTTER*, WEIZENMEHL*, Sonnenblumenöl*, Salz, Muskatnuss*), Soja-Bolognese* 24 % (Wasser, passierte Tomaten*, Gemüse* in veränderlichen Gewichtsanteilen 13 % [Zwiebeln*, Karotten*, SELLERIE*], Tomatenmark*, SOJAPROTEIN* 6 %, ROTWEIN* [enthält SULFITE], natives Olivenöl extra*, Sonnenblumenöl*, Salz, Salbei*, Rosmarin*, Chili*, Oregano*, Majoran*, Thymian*, Knoblauch*, Pfeffer*), Pasta* 19 % (HARTWEIZENGRIESS*, EI*, Salz), KÄSE* 1% *aus kontrolliert ökologischer Erzeugung, Ohne tierisches Lab. 
Mögliche Spuren: KREBSTIERE, FISCH, PISTAZIE, CASHEW, HASELNUSS, SENF, WEICHTIERE.",,,Halb/Fertigprod TK,375,,Lasagne Vegetariana (TK) 375G,9.7,4.5,320.0,13.0,,2.4,6.0,164,6.0,g,2.4,g,0.32,g,4.5,g,164,kcal,9.7,g,4.5,g,13.0,g,2.4,g,,g,6.0,g,0.8,g,164.0,kcal,685.0,kJ
04260100263323,Bio cool,Kartoffel-Spinat-Auflauf (TK) 400G,"Zutaten: Kartoffeln* 24 %, Wasser, Spinat* 18 %, VOLLMILCH*, SAHNE* 7 %, KÄSE* 5,5 %, Sonnenblumenöl*, Maisstärke*, Zwiebeln*, Meersalz, Rohrohrzucker*, Gewürze*, Steinsalz, Kräuter*, Karotten*. * aus kontrolliert ökologischer Erzeugung 
Kann Spuren von Weizen und Sellerie enthalten.",,,Halb/Fertigprod TK,400,,Kartoffel-Spinat-Auflauf (TK) 400G,8.0,3.1,288.0,7.9,,1.5,2.9,118,2.9,g,1.5,g,0.288,g,3.1,g,118,kcal,8.0,g,3.1,g,7.9,g,1.5,g,,g,2.9,g,0.72,g,118.0,kcal,494.0,kJ
04262366594005,Alnatura GmbH,EPS 156-Pfandkiste Bruderhahn-Eier,,,,Pfandkiste für Bruderkükeneier,,,EPS 156-Pfandkiste Bruderhahn-Eier,,,,,,,,,,g,,g,,g,,g,,kcal,,g,,g,,g,,g,,g,,g,,g,,kcal,,kJ
"Die Global Trade Item Number (GTIN) ist der GS1-Schlüssel zur eindeutigen Identifizierung von Artikeln (auch von Um- oder Transportverpackungen). Unter einem Artikel versteht man ein Produkt oder eine Dienstleistung, für die eine Reihe von vordefinierten Informationen gesammelt werden und die an jedem beliebigem Punkt der Beschaffungskette mit einem Preis ausgezeichnet, bestellt oder in Rechnung gestellt werden können. (gtin)","Name der Partei (Firma, natürliche Person, o.ä.), der die Marke des Artikels gehört.","Artikelkurzbezeichnung, d.h. kurze, möglichst vollständige Produktbezeichnung. Sie dient der eindeutigen Identifizierung des Produkts mit seinen charakteristischen Merkmalen, u.a. am Point-of-Sale.","Auflistung der wesentlichen im Artikel enthaltenen Zutaten in absteigender Reihenfolge ihres Gewichtsanteils. Beispiel: Zutaten: Tomatenmark* (54 %), Wasser, Zwiebeln* (9 %), Sonnenblumenöl* (kaltgepresst, ungehärtet, unraffiniert), Maissirup*, Meersalz, Gewürze*. Hinweis: Der * (Stern) kennzeichnet Zutaten aus kontrolliert biologischem Anbau.","Angabe der Portionsgröße, auf die sich die Angabe pro Nährstoff bezieht. Beispiel: Pro 250 Gramm.",Maßeinheit der Portionsgröße.,"Die Funktionsbezeichnung beschreibt den regulären Gebrauch oder Nutzen des Artikels und ist ein Bestandteil der vollständigen Artikelbeschreibung. Beispiele für Funktionsbezeichnungen: Schokoriegel, Schokoladentafel, Nassfutter, Trockenfutter, Gesichtspflege, Tagescreme.",Das Nettogewicht meint das Gewicht des Artikels ohne Verpackung.,"Der Zielmarkt, der mit den angegebenen Kommunikationskanälen für den Kontakt verbunden ist, z.B. Kanada.","Artikelkurzbezeichnung, d.h. kurze, möglichst vollständige Produktbezeichnung. Sie dient der eindeutigen Identifizierung des Produkts mit seinen charakteristischen Merkmalen, u.a. am Point-of-Sale.",,,,,,,,Energiewert in Kilokalorien (kcal) bezogen auf die angegebene Bezugsgröße der Nährwertkennzeichnung.,,g,,g,,g,,g,Energiewert in Kilokalorien (kcal) bezogen auf die angegebene Bezugsgröße der Nährwertkennzeichnung.,kcal,,g,,g,,g,,g,,g,,g,,g,,kcal,,kJ
GDSN_GlobalTradeItemNumber[14 CHAR],GDSN_NameOfBrandOwner[200 CHAR],GDSN_DescriptionShort[40 CHAR],GDSN_DES_IngredientStatement[5000 CHAR],WSCE_DES_ServingSizeValue[10 CHAR],WSCE_DES_ServingSizeValueUOM[200 CHAR],GDSN_FunctionalName[35 CHAR],GDSN_Measurements_NetWeight[31 CHAR],GDSN_DES_ContactInformationTargetMarketCountryCode[200 CHAR],GDSN_DescriptionShort[40 CHAR],,,,,,,,WSCE_DES_CalorificValueKcal[16 CHAR],,g,,g,,g,,g,WSCE_DES_CalorificValueKcal[16 CHAR],kcal,,g,,g,,g,,g,,g,,g,,g,,kcal,,kJ
GTIN der Artikeleinheit,Markeninhaber: Name,Artikelkurzbezeichnung,Zutatenliste,Portionsgröße: Wert,Portionsgröße: Maßeinheit,Funktionsbezeichnung,Nettogewicht,Zielmarkt: Ländercode (Kontakt),Artikelkurzbezeichnung,,,,,,,,Energie [kcal],,g,,g,,g,,g,Energie [kcal],kcal,,g,,g,,g,,g,,g,,g,,g,,kcal,,kJ
Muss,Bedingt optional,Optional,Optional,Optional,Optional,Muss,Optional,Muss,Optional,,,,,,,,Optional,,g,,g,,g,,g,Optional,kcal,,g,,g,,g,,g,,g,,g,,g,,kcal,,kJ
Teil des GDSN Primärschlüssels GLN+GTIN+Zielmarkt.,,,,,,,,Teil des GDSN Primärschlüssels (GLN+GTIN+Zielmarkt),,,,,,,,,,,g,,g,,g,,g,,kcal,,g,,g,,g,,g,,g,,g,,g,,kcal,,kJ
